업종,시도,지역,연월,당월①,전월②,증감율(①/②),전년동월③,증감율(①/③)
쇼핑업,부산광역시,부산광역시 합계,202201,64928,64185,101.16,58776,110.47
여행/숙박업,부산광역시,부산광역시 합계,202201,2479,2472,100.28,2513,98.65
운송업,부산광역시,부산광역시 합계,202201,5460,5423,100.68,5234,104.32
식음료업,부산광역시,부산광역시 합계,202201,49681,49394,100.58,47630,104.31
의료웰니스업,부산광역시,부산광역시 합계,202201,26062,25944,100.45,24935,104.52
서비스업,부산광역시,부산광역시 합계,202201,30356,30098,100.86,28836,105.27
쇼핑업,부산광역시,중구,202201,2703,2681,100.82,2669,101.27
여행/숙박업,부산광역시,중구,202201,226,226,100.0,241,93.78
운송업,부산광역시,중구,202201,135,135,100.0,130,103.85
식음료업,부산광역시,중구,202201,2000,1990,100.5,2015,99.26
의료웰니스업,부산광역시,중구,202201,755,752,100.4,755,100.0
서비스업,부산광역시,중구,202201,538,537,100.19,530,101.51
쇼핑업,부산광역시,서구,202201,1654,1644,100.61,1581,104.62
여행/숙박업,부산광역시,서구,202201,66,66,100.0,71,92.96
운송업,부산광역시,서구,202201,155,153,101.31,158,98.1
식음료업,부산광역시,서구,202201,1407,1394,100.93,1382,101.81
의료웰니스업,부산광역시,서구,202201,748,750,99.73,740,101.08
서비스업,부산광역시,서구,202201,672,670,100.3,660,101.82
쇼핑업,부산광역시,동구,202201,2737,2704,101.22,2595,105.47
여행/숙박업,부산광역시,동구,202201,266,269,98.88,268,99.25
운송업,부산광역시,동구,202201,220,221,99.55,209,105.26
식음료업,부산광역시,동구,202201,1601,1592,100.57,1550,103.29
의료웰니스업,부산광역시,동구,202201,741,741,100.0,727,101.93
서비스업,부산광역시,동구,202201,736,736,100.0,711,103.52
쇼핑업,부산광역시,영도구,202201,1489,1480,100.61,1356,109.81
여행/숙박업,부산광역시,영도구,202201,98,95,103.16,81,120.99
운송업,부산광역시,영도구,202201,146,146,100.0,143,102.1
식음료업,부산광역시,영도구,202201,1454,1450,100.28,1419,102.47
의료웰니스업,부산광역시,영도구,202201,710,711,99.86,711,99.86
서비스업,부산광역시,영도구,202201,549,541,101.48,527,104.17
쇼핑업,부산광역시,부산진구,202201,8352,8280,100.87,7713,108.28
여행/숙박업,부산광역시,부산진구,202201,340,339,100.29,351,96.87
운송업,부산광역시,부산진구,202201,487,486,100.21,476,102.31
식음료업,부산광역시,부산진구,202201,6195,6155,100.65,5893,105.12
의료웰니스업,부산광역시,부산진구,202201,3543,3524,100.54,3316,106.85
서비스업,부산광역시,부산진구,202201,3349,3321,100.84,3235,103.52
쇼핑업,부산광역시,동래구,202201,4657,4629,100.6,4277,108.88
여행/숙박업,부산광역시,동래구,202201,194,194,100.0,201,96.52
운송업,부산광역시,동래구,202201,355,353,100.57,341,104.11
식음료업,부산광역시,동래구,202201,3841,3817,100.63,3689,104.12
의료웰니스업,부산광역시,동래구,202201,2381,2370,100.46,2278,104.52
서비스업,부산광역시,동래구,202201,2743,2718,100.92,2593,105.78
쇼핑업,부산광역시,남구,202201,4495,4438,101.28,4206,106.87
여행/숙박업,부산광역시,남구,202201,115,115,100.0,114,100.88
운송업,부산광역시,남구,202201,424,422,100.47,412,102.91
식음료업,부산광역시,남구,202201,3224,3214,100.31,3118,103.4
의료웰니스업,부산광역시,남구,202201,1869,1859,100.54,1803,103.66
서비스업,부산광역시,남구,202201,2007,1987,101.01,1920,104.53
쇼핑업,부산광역시,북구,202201,4280,4204,101.81,3636,117.71
여행/숙박업,부산광역시,북구,202201,108,107,100.93,110,98.18
운송업,부산광역시,북구,202201,273,274,99.64,261,104.6
식음료업,부산광역시,북구,202201,2929,2907,100.76,2801,104.57
의료웰니스업,부산광역시,북구,202201,1796,1793,100.17,1743,103.04
서비스업,부산광역시,북구,202201,1930,1922,100.42,1827,105.64
쇼핑업,부산광역시,해운대구,202201,7797,7697,101.3,6668,116.93
여행/숙박업,부산광역시,해운대구,202201,250,251,99.6,265,94.34
운송업,부산광역시,해운대구,202201,519,511,101.57,504,102.98
식음료업,부산광역시,해운대구,202201,5043,5002,100.82,4818,104.67
의료웰니스업,부산광역시,해운대구,202201,2993,2974,100.64,2844,105.24
서비스업,부산광역시,해운대구,202201,4092,4044,101.19,3806,107.51
쇼핑업,부산광역시,사하구,202201,4235,4170,101.56,3962,106.89
여행/숙박업,부산광역시,사하구,202201,94,94,100.0,93,101.08
운송업,부산광역시,사하구,202201,432,427,101.17,433,99.77
식음료업,부산광역시,사하구,202201,3862,3852,100.26,3738,103.32
의료웰니스업,부산광역시,사하구,202201,2203,2191,100.55,2141,102.9
서비스업,부산광역시,사하구,202201,2099,2090,100.43,2036,103.09
쇼핑업,부산광역시,금정구,202201,4105,4038,101.66,3751,109.44
여행/숙박업,부산광역시,금정구,202201,108,107,100.93,112,96.43
운송업,부산광역시,금정구,202201,395,395,100.0,382,103.4
식음료업,부산광역시,금정구,202201,3526,3511,100.43,3413,103.31
의료웰니스업,부산광역시,금정구,202201,1821,1822,99.95,1764,103.23
서비스업,부산광역시,금정구,202201,2115,2102,100.62,2073,102.03
쇼핑업,부산광역시,강서구,202201,2907,2874,101.15,2459,118.22
여행/숙박업,부산광역시,강서구,202201,69,70,98.57,60,115.0
운송업,부산광역시,강서구,202201,350,344,101.74,319,109.72
식음료업,부산광역시,강서구,202201,2556,2530,101.03,2355,108.54
의료웰니스업,부산광역시,강서구,202201,784,777,100.9,676,115.98
서비스업,부산광역시,강서구,202201,1582,1557,101.61,1404,112.68
쇼핑업,부산광역시,연제구,202201,3687,3645,101.15,3288,112.14
여행/숙박업,부산광역시,연제구,202201,132,131,100.76,136,97.06
운송업,부산광역시,연제구,202201,392,385,101.82,350,112.0
식음료업,부산광역시,연제구,202201,2951,2938,100.44,2863,103.07
의료웰니스업,부산광역시,연제구,202201,1717,1702,100.88,1637,104.89
서비스업,부산광역시,연제구,202201,2844,2816,100.99,2705,105.14
쇼핑업,부산광역시,수영구,202201,4281,4223,101.37,3855,111.05
여행/숙박업,부산광역시,수영구,202201,139,137,101.46,131,106.11
운송업,부산광역시,수영구,202201,287,284,101.06,279,102.87
식음료업,부산광역시,수영구,202201,3090,3063,100.88,2920,105.82
의료웰니스업,부산광역시,수영구,202201,1598,1591,100.44,1511,105.76
서비스업,부산광역시,수영구,202201,1929,1913,100.84,1834,105.18
쇼핑업,부산광역시,사상구,202201,4133,4105,100.68,3849,107.38
여행/숙박업,부산광역시,사상구,202201,149,149,100.0,157,94.9
운송업,부산광역시,사상구,202201,583,581,100.34,563,103.55
식음료업,부산광역시,사상구,202201,3032,3028,100.13,2966,102.23
의료웰니스업,부산광역시,사상구,202201,1325,1321,100.3,1299,102.0
서비스업,부산광역시,사상구,202201,1550,1537,100.85,1494,103.75
쇼핑업,부산광역시,기장군,202201,3413,3370,101.28,2907,117.41
여행/숙박업,부산광역시,기장군,202201,121,118,102.54,116,104.31
운송업,부산광역시,기장군,202201,290,289,100.35,259,111.97
식음료업,부산광역시,기장군,202201,2970,2951,100.64,2690,110.41
의료웰니스업,부산광역시,기장군,202201,1061,1049,101.14,967,109.72
서비스업,부산광역시,기장군,202201,1566,1552,100.9,1411,110.99
쇼핑업,부산광역시,부산광역시 합계,202202,65594,64928,101.03,59394,110.44
여행/숙박업,부산광역시,부산광역시 합계,202202,2475,2479,99.84,2508,98.68
운송업,부산광역시,부산광역시 합계,202202,5475,5460,100.27,5257,104.15
식음료업,부산광역시,부산광역시 합계,202202,49836,49681,100.31,47840,104.17
의료웰니스업,부산광역시,부산광역시 합계,202202,26203,26062,100.54,25047,104.62
서비스업,부산광역시,부산광역시 합계,202202,30542,30356,100.61,29006,105.3
쇼핑업,부산광역시,중구,202202,2718,2703,100.55,2674,101.65
여행/숙박업,부산광역시,중구,202202,224,226,99.12,239,93.72
운송업,부산광역시,중구,202202,137,135,101.48,135,101.48
식음료업,부산광역시,중구,202202,2004,2000,100.2,2018,99.31
의료웰니스업,부산광역시,중구,202202,762,755,100.93,754,101.06
서비스업,부산광역시,중구,202202,536,538,99.63,529,101.32
쇼핑업,부산광역시,서구,202202,1666,1654,100.73,1588,104.91
여행/숙박업,부산광역시,서구,202202,67,66,101.52,70,95.71
운송업,부산광역시,서구,202202,156,155,100.65,156,100.0
식음료업,부산광역시,서구,202202,1405,1407,99.86,1385,101.44
의료웰니스업,부산광역시,서구,202202,748,748,100.0,746,100.27
서비스업,부산광역시,서구,202202,670,672,99.7,662,101.21
쇼핑업,부산광역시,동구,202202,2770,2737,101.21,2604,106.37
여행/숙박업,부산광역시,동구,202202,263,266,98.87,268,98.13
운송업,부산광역시,동구,202202,222,220,100.91,214,103.74
식음료업,부산광역시,동구,202202,1605,1601,100.25,1551,103.48
의료웰니스업,부산광역시,동구,202202,743,741,100.27,727,102.2
서비스업,부산광역시,동구,202202,743,736,100.95,700,106.14
쇼핑업,부산광역시,영도구,202202,1508,1489,101.28,1361,110.8
여행/숙박업,부산광역시,영도구,202202,97,98,98.98,81,119.75
운송업,부산광역시,영도구,202202,146,146,100.0,140,104.29
식음료업,부산광역시,영도구,202202,1460,1454,100.41,1427,102.31
의료웰니스업,부산광역시,영도구,202202,712,710,100.28,714,99.72
서비스업,부산광역시,영도구,202202,551,549,100.36,533,103.38
쇼핑업,부산광역시,부산진구,202202,8447,8352,101.14,7803,108.25
여행/숙박업,부산광역시,부산진구,202202,340,340,100.0,349,97.42
운송업,부산광역시,부산진구,202202,488,487,100.21,476,102.52
식음료업,부산광역시,부산진구,202202,6206,6195,100.18,5917,104.88
의료웰니스업,부산광역시,부산진구,202202,3561,3543,100.51,3346,106.43
서비스업,부산광역시,부산진구,202202,3367,3349,100.54,3256,103.41
쇼핑업,부산광역시,동래구,202202,4728,4657,101.52,4301,109.93
여행/숙박업,부산광역시,동래구,202202,193,194,99.48,201,96.02
운송업,부산광역시,동래구,202202,357,355,100.56,339,105.31
식음료업,부산광역시,동래구,202202,3871,3841,100.78,3703,104.54
의료웰니스업,부산광역시,동래구,202202,2398,2381,100.71,2288,104.81
서비스업,부산광역시,동래구,202202,2762,2743,100.69,2610,105.82
쇼핑업,부산광역시,남구,202202,4543,4495,101.07,4210,107.91
여행/숙박업,부산광역시,남구,202202,113,115,98.26,117,96.58
운송업,부산광역시,남구,202202,423,424,99.76,415,101.93
식음료업,부산광역시,남구,202202,3236,3224,100.37,3134,103.25
의료웰니스업,부산광역시,남구,202202,1882,1869,100.7,1814,103.75
서비스업,부산광역시,남구,202202,2044,2007,101.84,1939,105.42
쇼핑업,부산광역시,북구,202202,4349,4280,101.61,3702,117.48
여행/숙박업,부산광역시,북구,202202,109,108,100.93,110,99.09
운송업,부산광역시,북구,202202,275,273,100.73,263,104.56
식음료업,부산광역시,북구,202202,2933,2929,100.14,2811,104.34
의료웰니스업,부산광역시,북구,202202,1801,1796,100.28,1749,102.97
서비스업,부산광역시,북구,202202,1930,1930,100.0,1840,104.89
쇼핑업,부산광역시,해운대구,202202,7877,7797,101.03,6744,116.8
여행/숙박업,부산광역시,해운대구,202202,251,250,100.4,262,95.8
운송업,부산광역시,해운대구,202202,521,519,100.39,502,103.78
식음료업,부산광역시,해운대구,202202,5058,5043,100.3,4834,104.63
의료웰니스업,부산광역시,해운대구,202202,3009,2993,100.53,2850,105.58
서비스업,부산광역시,해운대구,202202,4119,4092,100.66,3819,107.86
쇼핑업,부산광역시,사하구,202202,4263,4235,100.66,4019,106.07
여행/숙박업,부산광역시,사하구,202202,94,94,100.0,91,103.3
운송업,부산광역시,사하구,202202,430,432,99.54,434,99.08
식음료업,부산광역시,사하구,202202,3869,3862,100.18,3762,102.84
의료웰니스업,부산광역시,사하구,202202,2204,2203,100.05,2146,102.7
서비스업,부산광역시,사하구,202202,2104,2099,100.24,2037,103.29
쇼핑업,부산광역시,금정구,202202,4130,4105,100.61,3794,108.86
여행/숙박업,부산광역시,금정구,202202,108,108,100.0,112,96.43
운송업,부산광역시,금정구,202202,397,395,100.51,381,104.2
식음료업,부산광역시,금정구,202202,3543,3526,100.48,3434,103.17
의료웰니스업,부산광역시,금정구,202202,1830,1821,100.49,1774,103.16
서비스업,부산광역시,금정구,202202,2130,2115,100.71,2080,102.4
쇼핑업,부산광역시,강서구,202202,2950,2907,101.48,2500,118.0
여행/숙박업,부산광역시,강서구,202202,70,69,101.45,60,116.67
운송업,부산광역시,강서구,202202,352,350,100.57,323,108.98
식음료업,부산광역시,강서구,202202,2564,2556,100.31,2363,108.51
의료웰니스업,부산광역시,강서구,202202,796,784,101.53,681,116.89
서비스업,부산광역시,강서구,202202,1607,1582,101.58,1420,113.17
쇼핑업,부산광역시,연제구,202202,3709,3687,100.6,3348,110.78
여행/숙박업,부산광역시,연제구,202202,132,132,100.0,136,97.06
운송업,부산광역시,연제구,202202,390,392,99.49,354,110.17
식음료업,부산광역시,연제구,202202,2949,2951,99.93,2875,102.57
의료웰니스업,부산광역시,연제구,202202,1733,1717,100.93,1642,105.54
서비스업,부산광역시,연제구,202202,2855,2844,100.39,2740,104.2
쇼핑업,부산광역시,수영구,202202,4309,4281,100.65,3916,110.04
여행/숙박업,부산광역시,수영구,202202,139,139,100.0,133,104.51
운송업,부산광역시,수영구,202202,288,287,100.35,277,103.97
식음료업,부산광역시,수영구,202202,3109,3090,100.61,2935,105.93
의료웰니스업,부산광역시,수영구,202202,1611,1598,100.81,1516,106.27
서비스업,부산광역시,수영구,202202,1931,1929,100.1,1845,104.66
쇼핑업,부산광역시,사상구,202202,4153,4133,100.48,3855,107.73
여행/숙박업,부산광역시,사상구,202202,149,149,100.0,157,94.9
운송업,부산광역시,사상구,202202,585,583,100.34,567,103.17
식음료업,부산광역시,사상구,202202,3035,3032,100.1,2984,101.71
의료웰니스업,부산광역시,사상구,202202,1327,1325,100.15,1302,101.92
서비스업,부산광역시,사상구,202202,1554,1550,100.26,1504,103.32
쇼핑업,부산광역시,기장군,202202,3471,3413,101.7,2969,116.91
여행/숙박업,부산광역시,기장군,202202,122,121,100.83,116,105.17
운송업,부산광역시,기장군,202202,291,290,100.34,264,110.23
식음료업,부산광역시,기장군,202202,2989,2970,100.64,2707,110.42
의료웰니스업,부산광역시,기장군,202202,1069,1061,100.75,975,109.64
서비스업,부산광역시,기장군,202202,1583,1566,101.09,1427,110.93
쇼핑업,부산광역시,부산광역시 합계,202203,66344,65594,101.14,59956,110.65
여행/숙박업,부산광역시,부산광역시 합계,202203,2484,2475,100.36,2512,98.89
운송업,부산광역시,부산광역시 합계,202203,5502,5475,100.49,5296,103.89
식음료업,부산광역시,부산광역시 합계,202203,50049,49836,100.43,48206,103.82
의료웰니스업,부산광역시,부산광역시 합계,202203,26367,26203,100.63,25177,104.73
서비스업,부산광역시,부산광역시 합계,202203,30769,30542,100.74,29209,105.34
쇼핑업,부산광역시,중구,202203,2751,2718,101.21,2684,102.5
여행/숙박업,부산광역시,중구,202203,226,224,100.89,240,94.17
운송업,부산광역시,중구,202203,137,137,100.0,138,99.28
식음료업,부산광역시,중구,202203,2006,2004,100.1,2021,99.26
의료웰니스업,부산광역시,중구,202203,769,762,100.92,754,101.99
서비스업,부산광역시,중구,202203,537,536,100.19,528,101.7
쇼핑업,부산광역시,서구,202203,1685,1666,101.14,1601,105.25
여행/숙박업,부산광역시,서구,202203,67,67,100.0,70,95.71
운송업,부산광역시,서구,202203,152,156,97.44,154,98.7
식음료업,부산광역시,서구,202203,1409,1405,100.28,1382,101.95
의료웰니스업,부산광역시,서구,202203,752,748,100.53,747,100.67
서비스업,부산광역시,서구,202203,677,670,101.04,666,101.65
쇼핑업,부산광역시,동구,202203,2803,2770,101.19,2612,107.31
여행/숙박업,부산광역시,동구,202203,264,263,100.38,269,98.14
운송업,부산광역시,동구,202203,228,222,102.7,212,107.55
식음료업,부산광역시,동구,202203,1608,1605,100.19,1563,102.88
의료웰니스업,부산광역시,동구,202203,745,743,100.27,726,102.62
서비스업,부산광역시,동구,202203,746,743,100.4,710,105.07
쇼핑업,부산광역시,영도구,202203,1525,1508,101.13,1382,110.35
여행/숙박업,부산광역시,영도구,202203,100,97,103.09,80,125.0
운송업,부산광역시,영도구,202203,144,146,98.63,140,102.86
식음료업,부산광역시,영도구,202203,1460,1460,100.0,1430,102.1
의료웰니스업,부산광역시,영도구,202203,712,712,100.0,716,99.44
서비스업,부산광역시,영도구,202203,560,551,101.63,537,104.28
쇼핑업,부산광역시,부산진구,202203,8501,8447,100.64,7854,108.24
여행/숙박업,부산광역시,부산진구,202203,342,340,100.59,352,97.16
운송업,부산광역시,부산진구,202203,492,488,100.82,479,102.71
식음료업,부산광역시,부산진구,202203,6246,6206,100.64,5975,104.54
의료웰니스업,부산광역시,부산진구,202203,3578,3561,100.48,3373,106.08
서비스업,부산광역시,부산진구,202203,3384,3367,100.5,3277,103.27
쇼핑업,부산광역시,동래구,202203,4793,4728,101.37,4368,109.73
여행/숙박업,부산광역시,동래구,202203,193,193,100.0,203,95.07
운송업,부산광역시,동래구,202203,355,357,99.44,344,103.2
식음료업,부산광역시,동래구,202203,3898,3871,100.7,3746,104.06
의료웰니스업,부산광역시,동래구,202203,2424,2398,101.08,2289,105.9
서비스업,부산광역시,동래구,202203,2790,2762,101.01,2630,106.08
쇼핑업,부산광역시,남구,202203,4569,4543,100.57,4183,109.23
여행/숙박업,부산광역시,남구,202203,114,113,100.88,113,100.88
운송업,부산광역시,남구,202203,426,423,100.71,415,102.65
식음료업,부산광역시,남구,202203,3247,3236,100.34,3130,103.74
의료웰니스업,부산광역시,남구,202203,1884,1882,100.11,1814,103.86
서비스업,부산광역시,남구,202203,2060,2044,100.78,1934,106.51
쇼핑업,부산광역시,북구,202203,4447,4349,102.25,3744,118.78
여행/숙박업,부산광역시,북구,202203,110,109,100.92,111,99.1
운송업,부산광역시,북구,202203,278,275,101.09,268,103.73
식음료업,부산광역시,북구,202203,2944,2933,100.38,2831,103.99
의료웰니스업,부산광역시,북구,202203,1812,1801,100.61,1763,102.78
서비스업,부산광역시,북구,202203,1943,1930,100.67,1857,104.63
쇼핑업,부산광역시,해운대구,202203,7954,7877,100.98,6878,115.64
여행/숙박업,부산광역시,해운대구,202203,250,251,99.6,264,94.7
운송업,부산광역시,해운대구,202203,528,521,101.34,504,104.76
식음료업,부산광역시,해운대구,202203,5072,5058,100.28,4884,103.85
의료웰니스업,부산광역시,해운대구,202203,3022,3009,100.43,2873,105.19
서비스업,부산광역시,해운대구,202203,4142,4119,100.56,3855,107.44
쇼핑업,부산광역시,사하구,202203,4323,4263,101.41,4028,107.32
여행/숙박업,부산광역시,사하구,202203,94,94,100.0,93,101.08
운송업,부산광역시,사하구,202203,431,430,100.23,436,98.85
식음료업,부산광역시,사하구,202203,3882,3869,100.34,3790,102.43
의료웰니스업,부산광역시,사하구,202203,2214,2204,100.45,2150,102.98
서비스업,부산광역시,사하구,202203,2129,2104,101.19,2051,103.8
쇼핑업,부산광역시,금정구,202203,4188,4130,101.4,3865,108.36
여행/숙박업,부산광역시,금정구,202203,108,108,100.0,111,97.3
운송업,부산광역시,금정구,202203,400,397,100.76,386,103.63
식음료업,부산광역시,금정구,202203,3556,3543,100.37,3456,102.89
의료웰니스업,부산광역시,금정구,202203,1842,1830,100.66,1786,103.14
서비스업,부산광역시,금정구,202203,2142,2130,100.56,2092,102.39
쇼핑업,부산광역시,강서구,202203,3016,2950,102.24,2533,119.07
여행/숙박업,부산광역시,강서구,202203,69,70,98.57,61,113.11
운송업,부산광역시,강서구,202203,355,352,100.85,329,107.9
식음료업,부산광역시,강서구,202203,2579,2564,100.59,2389,107.95
의료웰니스업,부산광역시,강서구,202203,806,796,101.26,695,115.97
서비스업,부산광역시,강서구,202203,1631,1607,101.49,1436,113.58
쇼핑업,부산광역시,연제구,202203,3729,3709,100.54,3372,110.59
여행/숙박업,부산광역시,연제구,202203,132,132,100.0,134,98.51
운송업,부산광역시,연제구,202203,393,390,100.77,361,108.86
식음료업,부산광역시,연제구,202203,2965,2949,100.54,2890,102.6
의료웰니스업,부산광역시,연제구,202203,1742,1733,100.52,1656,105.19
서비스업,부산광역시,연제구,202203,2866,2855,100.39,2750,104.22
쇼핑업,부산광역시,수영구,202203,4352,4309,101.0,3940,110.46
여행/숙박업,부산광역시,수영구,202203,139,139,100.0,133,104.51
운송업,부산광역시,수영구,202203,289,288,100.35,277,104.33
식음료업,부산광역시,수영구,202203,3125,3109,100.51,2959,105.61
의료웰니스업,부산광역시,수영구,202203,1624,1611,100.81,1523,106.63
서비스업,부산광역시,수영구,202203,1949,1931,100.93,1858,104.9
쇼핑업,부산광역시,사상구,202203,4176,4153,100.55,3887,107.44
여행/숙박업,부산광역시,사상구,202203,149,149,100.0,156,95.51
운송업,부산광역시,사상구,202203,587,585,100.34,569,103.16
식음료업,부산광역시,사상구,202203,3036,3035,100.03,3015,100.7
의료웰니스업,부산광역시,사상구,202203,1332,1327,100.38,1297,102.7
서비스업,부산광역시,사상구,202203,1562,1554,100.51,1513,103.24
쇼핑업,부산광역시,기장군,202203,3531,3471,101.73,3021,116.88
여행/숙박업,부산광역시,기장군,202203,123,122,100.82,116,106.03
운송업,부산광역시,기장군,202203,290,291,99.66,267,108.61
식음료업,부산광역시,기장군,202203,3016,2989,100.9,2745,109.87
의료웰니스업,부산광역시,기장군,202203,1092,1069,102.15,992,110.08
서비스업,부산광역시,기장군,202203,1594,1583,100.69,1448,110.08
쇼핑업,부산광역시,부산광역시 합계,202204,67180,66344,101.26,60666,110.74
여행/숙박업,부산광역시,부산광역시 합계,202204,2500,2484,100.64,2507,99.72
운송업,부산광역시,부산광역시 합계,202204,5515,5502,100.24,5295,104.15
식음료업,부산광역시,부산광역시 합계,202204,50306,50049,100.51,48398,103.94
의료웰니스업,부산광역시,부산광역시 합계,202204,26525,26367,100.6,25275,104.95
서비스업,부산광역시,부산광역시 합계,202204,30926,30769,100.51,29374,105.28
쇼핑업,부산광역시,중구,202204,2773,2751,100.8,2684,103.32
여행/숙박업,부산광역시,중구,202204,226,226,100.0,238,94.96
운송업,부산광역시,중구,202204,137,137,100.0,137,100.0
식음료업,부산광역시,중구,202204,2014,2006,100.4,2013,100.05
의료웰니스업,부산광역시,중구,202204,775,769,100.78,757,102.38
서비스업,부산광역시,중구,202204,546,537,101.68,524,104.2
쇼핑업,부산광역시,서구,202204,1716,1685,101.84,1610,106.58
여행/숙박업,부산광역시,서구,202204,67,67,100.0,70,95.71
운송업,부산광역시,서구,202204,153,152,100.66,153,100.0
식음료업,부산광역시,서구,202204,1418,1409,100.64,1388,102.16
의료웰니스업,부산광역시,서구,202204,756,752,100.53,747,101.2
서비스업,부산광역시,서구,202204,684,677,101.03,667,102.55
쇼핑업,부산광역시,동구,202204,2821,2803,100.64,2646,106.61
여행/숙박업,부산광역시,동구,202204,266,264,100.76,267,99.63
운송업,부산광역시,동구,202204,223,228,97.81,214,104.21
식음료업,부산광역시,동구,202204,1611,1608,100.19,1576,102.22
의료웰니스업,부산광역시,동구,202204,747,745,100.27,727,102.75
서비스업,부산광역시,동구,202204,748,746,100.27,706,105.95
쇼핑업,부산광역시,영도구,202204,1552,1525,101.77,1404,110.54
여행/숙박업,부산광역시,영도구,202204,100,100,100.0,82,121.95
운송업,부산광역시,영도구,202204,143,144,99.31,141,101.42
식음료업,부산광역시,영도구,202204,1463,1460,100.21,1438,101.74
의료웰니스업,부산광역시,영도구,202204,714,712,100.28,710,100.56
서비스업,부산광역시,영도구,202204,560,560,100.0,537,104.28
쇼핑업,부산광역시,부산진구,202204,8591,8501,101.06,7912,108.58
여행/숙박업,부산광역시,부산진구,202204,349,342,102.05,352,99.15
운송업,부산광역시,부산진구,202204,494,492,100.41,479,103.13
식음료업,부산광역시,부산진구,202204,6284,6246,100.61,6010,104.56
의료웰니스업,부산광역시,부산진구,202204,3602,3578,100.67,3402,105.88
서비스업,부산광역시,부산진구,202204,3405,3384,100.62,3292,103.43
쇼핑업,부산광역시,동래구,202204,4878,4793,101.77,4428,110.16
여행/숙박업,부산광역시,동래구,202204,194,193,100.52,205,94.63
운송업,부산광역시,동래구,202204,356,355,100.28,345,103.19
식음료업,부산광역시,동래구,202204,3919,3898,100.54,3767,104.04
의료웰니스업,부산광역시,동래구,202204,2435,2424,100.45,2305,105.64
서비스업,부산광역시,동래구,202204,2801,2790,100.39,2652,105.62
쇼핑업,부산광역시,남구,202204,4626,4569,101.25,4231,109.34
여행/숙박업,부산광역시,남구,202204,115,114,100.88,111,103.6
운송업,부산광역시,남구,202204,426,426,100.0,414,102.9
식음료업,부산광역시,남구,202204,3270,3247,100.71,3146,103.94
의료웰니스업,부산광역시,남구,202204,1891,1884,100.37,1816,104.13
서비스업,부산광역시,남구,202204,2073,2060,100.63,1947,106.47
쇼핑업,부산광역시,북구,202204,4539,4447,102.07,3807,119.23
여행/숙박업,부산광역시,북구,202204,110,110,100.0,115,95.65
운송업,부산광역시,북구,202204,279,278,100.36,272,102.57
식음료업,부산광역시,북구,202204,2958,2944,100.48,2847,103.9
의료웰니스업,부산광역시,북구,202204,1819,1812,100.39,1770,102.77
서비스업,부산광역시,북구,202204,1953,1943,100.51,1875,104.16
쇼핑업,부산광역시,해운대구,202204,8068,7954,101.43,6997,115.31
여행/숙박업,부산광역시,해운대구,202204,251,250,100.4,267,94.01
운송업,부산광역시,해운대구,202204,528,528,100.0,501,105.39
식음료업,부산광역시,해운대구,202204,5103,5072,100.61,4915,103.83
의료웰니스업,부산광역시,해운대구,202204,3044,3022,100.73,2873,105.95
서비스업,부산광역시,해운대구,202204,4158,4142,100.39,3887,106.97
쇼핑업,부산광역시,사하구,202204,4368,4323,101.04,4062,107.53
여행/숙박업,부산광역시,사하구,202204,94,94,100.0,94,100.0
운송업,부산광역시,사하구,202204,434,431,100.7,429,101.17
식음료업,부산광역시,사하구,202204,3894,3882,100.31,3785,102.88
의료웰니스업,부산광역시,사하구,202204,2226,2214,100.54,2149,103.58
서비스업,부산광역시,사하구,202204,2143,2129,100.66,2061,103.98
쇼핑업,부산광역시,금정구,202204,4203,4188,100.36,3893,107.96
여행/숙박업,부산광역시,금정구,202204,108,108,100.0,108,100.0
운송업,부산광역시,금정구,202204,398,400,99.5,387,102.84
식음료업,부산광역시,금정구,202204,3573,3556,100.48,3476,102.79
의료웰니스업,부산광역시,금정구,202204,1853,1842,100.6,1789,103.58
서비스업,부산광역시,금정구,202204,2155,2142,100.61,2094,102.91
쇼핑업,부산광역시,강서구,202204,3071,3016,101.82,2568,119.59
여행/숙박업,부산광역시,강서구,202204,68,69,98.55,60,113.33
운송업,부산광역시,강서구,202204,355,355,100.0,332,106.93
식음료업,부산광역시,강서구,202204,2610,2579,101.2,2415,108.07
의료웰니스업,부산광역시,강서구,202204,816,806,101.24,704,115.91
서비스업,부산광역시,강서구,202204,1649,1631,101.1,1449,113.8
쇼핑업,부산광역시,연제구,202204,3763,3729,100.91,3400,110.68
여행/숙박업,부산광역시,연제구,202204,135,132,102.27,128,105.47
운송업,부산광역시,연제구,202204,392,393,99.75,361,108.59
식음료업,부산광역시,연제구,202204,2975,2965,100.34,2892,102.87
의료웰니스업,부산광역시,연제구,202204,1760,1742,101.03,1667,105.58
서비스업,부산광역시,연제구,202204,2875,2866,100.31,2763,104.05
쇼핑업,부산광역시,수영구,202204,4419,4352,101.54,3998,110.53
여행/숙박업,부산광역시,수영구,202204,140,139,100.72,133,105.26
운송업,부산광역시,수영구,202204,290,289,100.35,275,105.45
식음료업,부산광역시,수영구,202204,3147,3125,100.7,2956,106.46
의료웰니스업,부산광역시,수영구,202204,1638,1624,100.86,1533,106.85
서비스업,부산광역시,수영구,202204,1952,1949,100.15,1869,104.44
쇼핑업,부산광역시,사상구,202204,4188,4176,100.29,3962,105.7
여행/숙박업,부산광역시,사상구,202204,150,149,100.67,153,98.04
운송업,부산광역시,사상구,202204,592,587,100.85,568,104.23
식음료업,부산광역시,사상구,202204,3042,3036,100.2,3014,100.93
의료웰니스업,부산광역시,사상구,202204,1334,1332,100.15,1305,102.22
서비스업,부산광역시,사상구,202204,1562,1562,100.0,1518,102.9
쇼핑업,부산광역시,기장군,202204,3603,3531,102.04,3062,117.67
여행/숙박업,부산광역시,기장군,202204,123,123,100.0,118,104.24
운송업,부산광역시,기장군,202204,298,290,102.76,270,110.37
식음료업,부산광역시,기장군,202204,3025,3016,100.3,2760,109.6
의료웰니스업,부산광역시,기장군,202204,1097,1092,100.46,998,109.92
서비스업,부산광역시,기장군,202204,1605,1594,100.69,1468,109.33
쇼핑업,부산광역시,부산광역시 합계,202205,68017,67180,101.25,61019,111.47
여행/숙박업,부산광역시,부산광역시 합계,202205,2508,2500,100.32,2487,100.84
운송업,부산광역시,부산광역시 합계,202205,5533,5515,100.33,5304,104.32
식음료업,부산광역시,부산광역시 합계,202205,50635,50306,100.65,48496,104.41
의료웰니스업,부산광역시,부산광역시 합계,202205,26708,26525,100.69,25355,105.34
서비스업,부산광역시,부산광역시 합계,202205,31133,30926,100.67,29420,105.82
쇼핑업,부산광역시,중구,202205,2802,2773,101.05,2681,104.51
여행/숙박업,부산광역시,중구,202205,222,226,98.23,238,93.28
운송업,부산광역시,중구,202205,138,137,100.73,136,101.47
식음료업,부산광역시,중구,202205,2030,2014,100.79,2015,100.74
의료웰니스업,부산광역시,중구,202205,778,775,100.39,756,102.91
서비스업,부산광역시,중구,202205,544,546,99.63,527,103.23
쇼핑업,부산광역시,서구,202205,1734,1716,101.05,1607,107.9
여행/숙박업,부산광역시,서구,202205,67,67,100.0,67,100.0
운송업,부산광역시,서구,202205,153,153,100.0,155,98.71
식음료업,부산광역시,서구,202205,1421,1418,100.21,1384,102.67
의료웰니스업,부산광역시,서구,202205,758,756,100.26,744,101.88
서비스업,부산광역시,서구,202205,689,684,100.73,668,103.14
쇼핑업,부산광역시,동구,202205,2857,2821,101.28,2638,108.3
여행/숙박업,부산광역시,동구,202205,272,266,102.26,268,101.49
운송업,부산광역시,동구,202205,225,223,100.9,218,103.21
식음료업,부산광역시,동구,202205,1620,1611,100.56,1570,103.18
의료웰니스업,부산광역시,동구,202205,755,747,101.07,727,103.85
서비스업,부산광역시,동구,202205,754,748,100.8,705,106.95
쇼핑업,부산광역시,영도구,202205,1574,1552,101.42,1401,112.35
여행/숙박업,부산광역시,영도구,202205,103,100,103.0,81,127.16
운송업,부산광역시,영도구,202205,145,143,101.4,143,101.4
식음료업,부산광역시,영도구,202205,1473,1463,100.68,1434,102.72
의료웰니스업,부산광역시,영도구,202205,714,714,100.0,708,100.85
서비스업,부산광역시,영도구,202205,559,560,99.82,543,102.95
쇼핑업,부산광역시,부산진구,202205,8709,8591,101.37,7952,109.52
여행/숙박업,부산광역시,부산진구,202205,349,349,100.0,346,100.87
운송업,부산광역시,부산진구,202205,499,494,101.01,479,104.18
식음료업,부산광역시,부산진구,202205,6323,6284,100.62,6033,104.81
의료웰니스업,부산광역시,부산진구,202205,3632,3602,100.83,3405,106.67
서비스업,부산광역시,부산진구,202205,3426,3405,100.62,3304,103.69
쇼핑업,부산광역시,동래구,202205,4939,4878,101.25,4430,111.49
여행/숙박업,부산광역시,동래구,202205,192,194,98.97,205,93.66
운송업,부산광역시,동래구,202205,359,356,100.84,347,103.46
식음료업,부산광역시,동래구,202205,3927,3919,100.2,3768,104.22
의료웰니스업,부산광역시,동래구,202205,2456,2435,100.86,2325,105.63
서비스업,부산광역시,동래구,202205,2828,2801,100.96,2655,106.52
쇼핑업,부산광역시,남구,202205,4672,4626,100.99,4242,110.14
여행/숙박업,부산광역시,남구,202205,114,115,99.13,110,103.64
운송업,부산광역시,남구,202205,429,426,100.7,416,103.12
식음료업,부산광역시,남구,202205,3290,3270,100.61,3163,104.02
의료웰니스업,부산광역시,남구,202205,1900,1891,100.48,1811,104.91
서비스업,부산광역시,남구,202205,2086,2073,100.63,1955,106.7
쇼핑업,부산광역시,북구,202205,4613,4539,101.63,3835,120.29
여행/숙박업,부산광역시,북구,202205,110,110,100.0,115,95.65
운송업,부산광역시,북구,202205,282,279,101.08,271,104.06
식음료업,부산광역시,북구,202205,2963,2958,100.17,2853,103.86
의료웰니스업,부산광역시,북구,202205,1827,1819,100.44,1776,102.87
서비스업,부산광역시,북구,202205,1959,1953,100.31,1880,104.2
쇼핑업,부산광역시,해운대구,202205,8193,8068,101.55,7124,115.01
여행/숙박업,부산광역시,해운대구,202205,255,251,101.59,261,97.7
운송업,부산광역시,해운대구,202205,529,528,100.19,504,104.96
식음료업,부산광역시,해운대구,202205,5140,5103,100.73,4888,105.16
의료웰니스업,부산광역시,해운대구,202205,3069,3044,100.82,2880,106.56
서비스업,부산광역시,해운대구,202205,4180,4158,100.53,3897,107.26
쇼핑업,부산광역시,사하구,202205,4430,4368,101.42,4050,109.38
여행/숙박업,부산광역시,사하구,202205,93,94,98.94,94,98.94
운송업,부산광역시,사하구,202205,434,434,100.0,429,101.17
식음료업,부산광역시,사하구,202205,3926,3894,100.82,3787,103.67
의료웰니스업,부산광역시,사하구,202205,2241,2226,100.67,2153,104.09
서비스업,부산광역시,사하구,202205,2162,2143,100.89,2061,104.9
쇼핑업,부산광역시,금정구,202205,4237,4203,100.81,3909,108.39
여행/숙박업,부산광역시,금정구,202205,108,108,100.0,109,99.08
운송업,부산광역시,금정구,202205,394,398,98.99,389,101.29
식음료업,부산광역시,금정구,202205,3589,3573,100.45,3475,103.28
의료웰니스업,부산광역시,금정구,202205,1862,1853,100.49,1794,103.79
서비스업,부산광역시,금정구,202205,2161,2155,100.28,2094,103.2
쇼핑업,부산광역시,강서구,202205,3109,3071,101.24,2611,119.07
여행/숙박업,부산광역시,강서구,202205,69,68,101.47,62,111.29
운송업,부산광역시,강서구,202205,357,355,100.56,336,106.25
식음료업,부산광역시,강서구,202205,2642,2610,101.23,2436,108.46
의료웰니스업,부산광역시,강서구,202205,829,816,101.59,712,116.43
서비스업,부산광역시,강서구,202205,1662,1649,100.79,1446,114.94
쇼핑업,부산광역시,연제구,202205,3810,3763,101.25,3422,111.34
여행/숙박업,부산광역시,연제구,202205,136,135,100.74,126,107.94
운송업,부산광역시,연제구,202205,390,392,99.49,355,109.86
식음료업,부산광역시,연제구,202205,2988,2975,100.44,2888,103.46
의료웰니스업,부산광역시,연제구,202205,1767,1760,100.4,1674,105.56
서비스업,부산광역시,연제구,202205,2890,2875,100.52,2770,104.33
쇼핑업,부산광역시,수영구,202205,4480,4419,101.38,4012,111.67
여행/숙박업,부산광역시,수영구,202205,139,140,99.29,134,103.73
운송업,부산광역시,수영구,202205,293,290,101.03,275,106.55
식음료업,부산광역시,수영구,202205,3184,3147,101.18,2986,106.63
의료웰니스업,부산광역시,수영구,202205,1656,1638,101.1,1543,107.32
서비스업,부산광역시,수영구,202205,1993,1952,102.1,1859,107.21
쇼핑업,부산광역시,사상구,202205,4217,4188,100.69,3992,105.64
여행/숙박업,부산광역시,사상구,202205,150,150,100.0,152,98.68
운송업,부산광역시,사상구,202205,592,592,100.0,568,104.23
식음료업,부산광역시,사상구,202205,3071,3042,100.95,3018,101.76
의료웰니스업,부산광역시,사상구,202205,1338,1334,100.3,1313,101.9
서비스업,부산광역시,사상구,202205,1565,1562,100.19,1521,102.89
쇼핑업,부산광역시,기장군,202205,3640,3603,101.03,3109,117.08
여행/숙박업,부산광역시,기장군,202205,125,123,101.63,116,107.76
운송업,부산광역시,기장군,202205,297,298,99.66,268,110.82
식음료업,부산광역시,기장군,202205,3048,3025,100.76,2798,108.93
의료웰니스업,부산광역시,기장군,202205,1108,1097,101.0,1011,109.59
서비스업,부산광역시,기장군,202205,1619,1605,100.87,1473,109.91
쇼핑업,부산광역시,부산광역시 합계,202206,68611,68017,100.87,61590,111.4
여행/숙박업,부산광역시,부산광역시 합계,202206,2502,2508,99.76,2486,100.64
운송업,부산광역시,부산광역시 합계,202206,5539,5533,100.11,5324,104.04
식음료업,부산광역시,부산광역시 합계,202206,50528,50635,99.79,48644,103.87
의료웰니스업,부산광역시,부산광역시 합계,202206,26762,26708,100.2,25438,105.2
서비스업,부산광역시,부산광역시 합계,202206,31151,31133,100.06,29486,105.65
쇼핑업,부산광역시,중구,202206,2812,2802,100.36,2677,105.04
여행/숙박업,부산광역시,중구,202206,220,222,99.1,237,92.83
운송업,부산광역시,중구,202206,140,138,101.45,138,101.45
식음료업,부산광역시,중구,202206,2019,2030,99.46,2012,100.35
의료웰니스업,부산광역시,중구,202206,777,778,99.87,756,102.78
서비스업,부산광역시,중구,202206,545,544,100.18,529,103.02
쇼핑업,부산광역시,서구,202206,1748,1734,100.81,1614,108.3
여행/숙박업,부산광역시,서구,202206,67,67,100.0,70,95.71
운송업,부산광역시,서구,202206,152,153,99.35,154,98.7
식음료업,부산광역시,서구,202206,1444,1421,101.62,1396,103.44
의료웰니스업,부산광역시,서구,202206,759,758,100.13,744,102.02
서비스업,부산광역시,서구,202206,692,689,100.44,669,103.44
쇼핑업,부산광역시,동구,202206,2891,2857,101.19,2633,109.8
여행/숙박업,부산광역시,동구,202206,274,272,100.74,271,101.11
운송업,부산광역시,동구,202206,225,225,100.0,219,102.74
식음료업,부산광역시,동구,202206,1618,1620,99.88,1580,102.41
의료웰니스업,부산광역시,동구,202206,754,755,99.87,726,103.86
서비스업,부산광역시,동구,202206,756,754,100.27,710,106.48
쇼핑업,부산광역시,영도구,202206,1586,1574,100.76,1416,112.01
여행/숙박업,부산광역시,영도구,202206,105,103,101.94,83,126.51
운송업,부산광역시,영도구,202206,146,145,100.69,142,102.82
식음료업,부산광역시,영도구,202206,1485,1473,100.81,1449,102.48
의료웰니스업,부산광역시,영도구,202206,718,714,100.56,711,100.98
서비스업,부산광역시,영도구,202206,558,559,99.82,540,103.33
쇼핑업,부산광역시,부산진구,202206,8772,8709,100.72,7991,109.77
여행/숙박업,부산광역시,부산진구,202206,348,349,99.71,342,101.75
운송업,부산광역시,부산진구,202206,499,499,100.0,477,104.61
식음료업,부산광역시,부산진구,202206,6284,6323,99.38,6037,104.09
의료웰니스업,부산광역시,부산진구,202206,3644,3632,100.33,3421,106.52
서비스업,부산광역시,부산진구,202206,3415,3426,99.68,3297,103.58
쇼핑업,부산광역시,동래구,202206,4963,4939,100.49,4463,111.2
여행/숙박업,부산광역시,동래구,202206,188,192,97.92,204,92.16
운송업,부산광역시,동래구,202206,356,359,99.16,347,102.59
식음료업,부산광역시,동래구,202206,3896,3927,99.21,3781,103.04
의료웰니스업,부산광역시,동래구,202206,2466,2456,100.41,2336,105.57
서비스업,부산광역시,동래구,202206,2841,2828,100.46,2644,107.45
쇼핑업,부산광역시,남구,202206,4735,4672,101.35,4281,110.6
여행/숙박업,부산광역시,남구,202206,115,114,100.88,110,104.55
운송업,부산광역시,남구,202206,430,429,100.23,420,102.38
식음료업,부산광역시,남구,202206,3289,3290,99.97,3169,103.79
의료웰니스업,부산광역시,남구,202206,1898,1900,99.89,1817,104.46
서비스업,부산광역시,남구,202206,2102,2086,100.77,1955,107.52
쇼핑업,부산광역시,북구,202206,4594,4613,99.59,3895,117.95
여행/숙박업,부산광역시,북구,202206,109,110,99.09,113,96.46
운송업,부산광역시,북구,202206,282,282,100.0,278,101.44
식음료업,부산광역시,북구,202206,2943,2963,99.33,2859,102.94
의료웰니스업,부산광역시,북구,202206,1826,1827,99.95,1776,102.82
서비스업,부산광역시,북구,202206,1951,1959,99.59,1892,103.12
쇼핑업,부산광역시,해운대구,202206,8276,8193,101.01,7269,113.85
여행/숙박업,부산광역시,해운대구,202206,255,255,100.0,259,98.46
운송업,부산광역시,해운대구,202206,531,529,100.38,506,104.94
식음료업,부산광역시,해운대구,202206,5132,5140,99.84,4909,104.54
의료웰니스업,부산광역시,해운대구,202206,3089,3069,100.65,2898,106.59
서비스업,부산광역시,해운대구,202206,4177,4180,99.93,3909,106.86
쇼핑업,부산광역시,사하구,202206,4471,4430,100.93,4073,109.77
여행/숙박업,부산광역시,사하구,202206,92,93,98.92,95,96.84
운송업,부산광역시,사하구,202206,429,434,98.85,432,99.31
식음료업,부산광역시,사하구,202206,3915,3926,99.72,3797,103.11
의료웰니스업,부산광역시,사하구,202206,2241,2241,100.0,2153,104.09
서비스업,부산광역시,사하구,202206,2158,2162,99.81,2066,104.45
쇼핑업,부산광역시,금정구,202206,4250,4237,100.31,3933,108.06
여행/숙박업,부산광역시,금정구,202206,103,108,95.37,109,94.5
운송업,부산광역시,금정구,202206,397,394,100.76,391,101.53
식음료업,부산광역시,금정구,202206,3585,3589,99.89,3479,103.05
의료웰니스업,부산광역시,금정구,202206,1857,1862,99.73,1798,103.28
서비스업,부산광역시,금정구,202206,2155,2161,99.72,2088,103.21
쇼핑업,부산광역시,강서구,202206,3184,3109,102.41,2644,120.42
여행/숙박업,부산광역시,강서구,202206,69,69,100.0,62,111.29
운송업,부산광역시,강서구,202206,356,357,99.72,334,106.59
식음료업,부산광역시,강서구,202206,2641,2642,99.96,2445,108.02
의료웰니스업,부산광역시,강서구,202206,837,829,100.97,719,116.41
서비스업,부산광역시,강서구,202206,1686,1662,101.44,1461,115.4
쇼핑업,부산광역시,연제구,202206,3859,3810,101.29,3467,111.31
여행/숙박업,부산광역시,연제구,202206,136,136,100.0,123,110.57
운송업,부산광역시,연제구,202206,398,390,102.05,356,111.8
식음료업,부산광역시,연제구,202206,2976,2988,99.6,2888,103.05
의료웰니스업,부산광역시,연제구,202206,1773,1767,100.34,1685,105.22
서비스업,부산광역시,연제구,202206,2885,2890,99.83,2769,104.19
쇼핑업,부산광역시,수영구,202206,4553,4480,101.63,4060,112.14
여행/숙박업,부산광역시,수영구,202206,140,139,100.72,136,102.94
운송업,부산광역시,수영구,202206,293,293,100.0,272,107.72
식음료업,부산광역시,수영구,202206,3188,3184,100.13,3005,106.09
의료웰니스업,부산광역시,수영구,202206,1651,1656,99.7,1545,106.86
서비스업,부산광역시,수영구,202206,1980,1993,99.35,1884,105.1
쇼핑업,부산광역시,사상구,202206,4237,4217,100.47,4014,105.56
여행/숙박업,부산광역시,사상구,202206,150,150,100.0,153,98.04
운송업,부산광역시,사상구,202206,589,592,99.49,570,103.33
식음료업,부산광역시,사상구,202206,3051,3071,99.35,3025,100.86
의료웰니스업,부산광역시,사상구,202206,1341,1338,100.22,1315,101.98
서비스업,부산광역시,사상구,202206,1568,1565,100.19,1522,103.02
쇼핑업,부산광역시,기장군,202206,3679,3640,101.07,3156,116.57
여행/숙박업,부산광역시,기장군,202206,127,125,101.6,116,109.48
운송업,부산광역시,기장군,202206,299,297,100.67,273,109.52
식음료업,부산광역시,기장군,202206,3062,3048,100.46,2813,108.85
의료웰니스업,부산광역시,기장군,202206,1113,1108,100.45,1016,109.55
서비스업,부산광역시,기장군,202206,1627,1619,100.49,1487,109.41
쇼핑업,부산광역시,부산광역시 합계,202207,69120,68613,100.74,62258,111.02
여행/숙박업,부산광역시,부산광역시 합계,202207,2503,2502,100.04,2495,100.32
운송업,부산광역시,부산광역시 합계,202207,5527,5539,99.78,5334,103.62
식음료업,부산광역시,부산광역시 합계,202207,50392,50527,99.73,48969,102.91
의료웰니스업,부산광역시,부산광역시 합계,202207,26820,26762,100.22,25541,105.01
서비스업,부산광역시,부산광역시 합계,202207,31243,31151,100.3,29662,105.33
쇼핑업,부산광역시,중구,202207,2870,2812,102.06,2688,106.77
여행/숙박업,부산광역시,중구,202207,218,220,99.09,235,92.77
운송업,부산광역시,중구,202207,140,140,100.0,139,100.72
식음료업,부산광역시,중구,202207,2015,2019,99.8,2021,99.7
의료웰니스업,부산광역시,중구,202207,782,777,100.64,754,103.71
서비스업,부산광역시,중구,202207,544,545,99.82,533,102.06
쇼핑업,부산광역시,서구,202207,1754,1748,100.34,1615,108.61
여행/숙박업,부산광역시,서구,202207,67,67,100.0,68,98.53
운송업,부산광역시,서구,202207,151,152,99.34,156,96.79
식음료업,부산광역시,서구,202207,1442,1444,99.86,1399,103.07
의료웰니스업,부산광역시,서구,202207,759,759,100.0,749,101.34
서비스업,부산광역시,서구,202207,686,689,99.56,672,102.08
쇼핑업,부산광역시,동구,202207,2911,2892,100.66,2646,110.02
여행/숙박업,부산광역시,동구,202207,277,274,101.09,269,102.97
운송업,부산광역시,동구,202207,223,225,99.11,216,103.24
식음료업,부산광역시,동구,202207,1617,1618,99.94,1589,101.76
의료웰니스업,부산광역시,동구,202207,755,754,100.13,726,103.99
서비스업,부산광역시,동구,202207,753,756,99.6,718,104.87
쇼핑업,부산광역시,영도구,202207,1594,1586,100.5,1422,112.1
여행/숙박업,부산광역시,영도구,202207,107,105,101.9,87,122.99
운송업,부산광역시,영도구,202207,147,146,100.68,142,103.52
식음료업,부산광역시,영도구,202207,1483,1485,99.87,1448,102.42
의료웰니스업,부산광역시,영도구,202207,721,718,100.42,711,101.41
서비스업,부산광역시,영도구,202207,560,558,100.36,546,102.56
쇼핑업,부산광역시,부산진구,202207,8835,8771,100.73,8088,109.24
여행/숙박업,부산광역시,부산진구,202207,347,348,99.71,341,101.76
운송업,부산광역시,부산진구,202207,499,499,100.0,485,102.89
식음료업,부산광역시,부산진구,202207,6266,6284,99.71,6107,102.6
의료웰니스업,부산광역시,부산진구,202207,3652,3644,100.22,3446,105.98
서비스업,부산광역시,부산진구,202207,3436,3414,100.64,3309,103.84
쇼핑업,부산광역시,동래구,202207,5037,4964,101.47,4503,111.86
여행/숙박업,부산광역시,동래구,202207,183,188,97.34,205,89.27
운송업,부산광역시,동래구,202207,352,356,98.88,348,101.15
식음료업,부산광역시,동래구,202207,3876,3895,99.51,3801,101.97
의료웰니스업,부산광역시,동래구,202207,2467,2466,100.04,2350,104.98
서비스업,부산광역시,동래구,202207,2844,2841,100.11,2651,107.28
쇼핑업,부산광역시,남구,202207,4767,4736,100.65,4316,110.45
여행/숙박업,부산광역시,남구,202207,112,112,100.0,109,102.75
운송업,부산광역시,남구,202207,431,430,100.23,418,103.11
식음료업,부산광역시,남구,202207,3271,3289,99.45,3180,102.86
의료웰니스업,부산광역시,남구,202207,1894,1898,99.79,1826,103.72
서비스업,부산광역시,남구,202207,2099,2102,99.86,1969,106.6
쇼핑업,부산광역시,북구,202207,4422,4593,96.28,3951,111.92
여행/숙박업,부산광역시,북구,202207,108,109,99.08,113,95.58
운송업,부산광역시,북구,202207,283,282,100.35,275,102.91
식음료업,부산광역시,북구,202207,2925,2943,99.39,2886,101.35
의료웰니스업,부산광역시,북구,202207,1831,1826,100.27,1783,102.69
서비스업,부산광역시,북구,202207,1948,1951,99.85,1893,102.91
쇼핑업,부산광역시,해운대구,202207,8378,8276,101.23,7387,113.42
여행/숙박업,부산광역시,해운대구,202207,262,255,102.75,252,103.97
운송업,부산광역시,해운대구,202207,531,531,100.0,509,104.32
식음료업,부산광역시,해운대구,202207,5118,5132,99.73,4951,103.37
의료웰니스업,부산광역시,해운대구,202207,3091,3089,100.06,2903,106.48
서비스업,부산광역시,해운대구,202207,4185,4177,100.19,3933,106.41
쇼핑업,부산광역시,사하구,202207,4544,4471,101.63,4116,110.4
여행/숙박업,부산광역시,사하구,202207,92,92,100.0,95,96.84
운송업,부산광역시,사하구,202207,426,429,99.3,428,99.53
식음료업,부산광역시,사하구,202207,3896,3915,99.51,3826,101.83
의료웰니스업,부산광역시,사하구,202207,2240,2241,99.96,2151,104.14
서비스업,부산광역시,사하구,202207,2164,2158,100.28,2076,104.24
쇼핑업,부산광역시,금정구,202207,4280,4250,100.71,3952,108.3
여행/숙박업,부산광역시,금정구,202207,103,103,100.0,110,93.64
운송업,부산광역시,금정구,202207,399,397,100.5,390,102.31
식음료업,부산광역시,금정구,202207,3560,3585,99.3,3486,102.12
의료웰니스업,부산광역시,금정구,202207,1857,1857,100.0,1813,102.43
서비스업,부산광역시,금정구,202207,2169,2155,100.65,2100,103.29
쇼핑업,부산광역시,강서구,202207,3224,3184,101.26,2701,119.36
여행/숙박업,부산광역시,강서구,202207,70,69,101.45,65,107.69
운송업,부산광역시,강서구,202207,353,356,99.16,338,104.44
식음료업,부산광역시,강서구,202207,2651,2641,100.38,2466,107.5
의료웰니스업,부산광역시,강서구,202207,841,837,100.48,731,115.05
서비스업,부산광역시,강서구,202207,1711,1686,101.48,1478,115.76
쇼핑업,부산광역시,연제구,202207,3898,3859,101.01,3495,111.53
여행/숙박업,부산광역시,연제구,202207,133,136,97.79,128,103.91
운송업,부산광역시,연제구,202207,402,398,101.01,353,113.88
식음료업,부산광역시,연제구,202207,2974,2976,99.93,2903,102.45
의료웰니스업,부산광역시,연제구,202207,1779,1773,100.34,1683,105.7
서비스업,부산광역시,연제구,202207,2906,2885,100.73,2778,104.61
쇼핑업,부산광역시,수영구,202207,4625,4553,101.58,4109,112.56
여행/숙박업,부산광역시,수영구,202207,141,140,100.71,138,102.17
운송업,부산광역시,수영구,202207,289,293,98.63,272,106.25
식음료업,부산광역시,수영구,202207,3189,3188,100.03,3026,105.39
의료웰니스업,부산광역시,수영구,202207,1659,1651,100.48,1559,106.41
서비스업,부산광역시,수영구,202207,1982,1980,100.1,1897,104.48
쇼핑업,부산광역시,사상구,202207,4249,4237,100.28,4066,104.5
여행/숙박업,부산광역시,사상구,202207,149,150,99.33,154,96.75
운송업,부산광역시,사상구,202207,585,589,99.32,574,101.92
식음료업,부산광역시,사상구,202207,3050,3051,99.97,3037,100.43
의료웰니스업,부산광역시,사상구,202207,1345,1341,100.3,1312,102.52
서비스업,부산광역시,사상구,202207,1566,1569,99.81,1537,101.89
쇼핑업,부산광역시,기장군,202207,3731,3680,101.39,3200,116.59
여행/숙박업,부산광역시,기장군,202207,128,127,100.79,119,107.56
운송업,부산광역시,기장군,202207,300,299,100.33,273,109.89
식음료업,부산광역시,기장군,202207,3059,3062,99.9,2843,107.6
의료웰니스업,부산광역시,기장군,202207,1129,1113,101.44,1023,110.36
서비스업,부산광역시,기장군,202207,1635,1627,100.49,1503,108.78
쇼핑업,부산광역시,부산광역시 합계,202208,69812,69120,101.0,62826,111.12
여행/숙박업,부산광역시,부산광역시 합계,202208,2519,2503,100.64,2475,101.78
운송업,부산광역시,부산광역시 합계,202208,5538,5527,100.2,5349,103.53
식음료업,부산광역시,부산광역시 합계,202208,50380,50392,99.98,49160,102.48
의료웰니스업,부산광역시,부산광역시 합계,202208,26905,26820,100.32,25639,104.94
서비스업,부산광역시,부산광역시 합계,202208,31298,31243,100.18,29765,105.15
쇼핑업,부산광역시,중구,202208,2894,2870,100.84,2690,107.58
여행/숙박업,부산광역시,중구,202208,220,218,100.92,232,94.83
운송업,부산광역시,중구,202208,141,140,100.71,139,101.44
식음료업,부산광역시,중구,202208,2009,2015,99.7,2015,99.7
의료웰니스업,부산광역시,중구,202208,784,782,100.26,751,104.39
서비스업,부산광역시,중구,202208,544,544,100.0,535,101.68
쇼핑업,부산광역시,서구,202208,1777,1754,101.31,1629,109.09
여행/숙박업,부산광역시,서구,202208,68,67,101.49,68,100.0
운송업,부산광역시,서구,202208,153,151,101.32,155,98.71
식음료업,부산광역시,서구,202208,1445,1442,100.21,1404,102.92
의료웰니스업,부산광역시,서구,202208,758,759,99.87,747,101.47
서비스업,부산광역시,서구,202208,690,686,100.58,672,102.68
쇼핑업,부산광역시,동구,202208,2933,2911,100.76,2670,109.85
여행/숙박업,부산광역시,동구,202208,275,277,99.28,269,102.23
운송업,부산광역시,동구,202208,225,223,100.9,218,103.21
식음료업,부산광역시,동구,202208,1620,1617,100.19,1604,101.0
의료웰니스업,부산광역시,동구,202208,758,755,100.4,731,103.69
서비스업,부산광역시,동구,202208,758,753,100.66,724,104.7
쇼핑업,부산광역시,영도구,202208,1636,1594,102.63,1428,114.57
여행/숙박업,부산광역시,영도구,202208,108,107,100.93,89,121.35
운송업,부산광역시,영도구,202208,149,147,101.36,142,104.93
식음료업,부산광역시,영도구,202208,1488,1483,100.34,1455,102.27
의료웰니스업,부산광역시,영도구,202208,723,721,100.28,715,101.12
서비스업,부산광역시,영도구,202208,558,560,99.64,544,102.57
쇼핑업,부산광역시,부산진구,202208,8913,8835,100.88,8129,109.64
여행/숙박업,부산광역시,부산진구,202208,349,347,100.58,333,104.8
운송업,부산광역시,부산진구,202208,504,499,101.0,486,103.7
식음료업,부산광역시,부산진구,202208,6290,6266,100.38,6136,102.51
의료웰니스업,부산광역시,부산진구,202208,3666,3652,100.38,3466,105.77
서비스업,부산광역시,부산진구,202208,3440,3436,100.12,3311,103.9
쇼핑업,부산광역시,동래구,202208,5105,5037,101.35,4539,112.47
여행/숙박업,부산광역시,동래구,202208,187,183,102.19,202,92.57
운송업,부산광역시,동래구,202208,351,352,99.72,352,99.72
식음료업,부산광역시,동래구,202208,3868,3876,99.79,3807,101.6
의료웰니스업,부산광역시,동래구,202208,2477,2467,100.41,2358,105.05
서비스업,부산광역시,동래구,202208,2864,2844,100.7,2670,107.27
쇼핑업,부산광역시,남구,202208,4825,4767,101.22,4367,110.49
여행/숙박업,부산광역시,남구,202208,113,112,100.89,106,106.6
운송업,부산광역시,남구,202208,429,431,99.54,418,102.63
식음료업,부산광역시,남구,202208,3261,3271,99.69,3196,102.03
의료웰니스업,부산광역시,남구,202208,1894,1894,100.0,1833,103.33
서비스업,부산광역시,남구,202208,2080,2099,99.09,1972,105.48
쇼핑업,부산광역시,북구,202208,4411,4422,99.75,3991,110.52
여행/숙박업,부산광역시,북구,202208,106,108,98.15,112,94.64
운송업,부산광역시,북구,202208,280,283,98.94,276,101.45
식음료업,부산광역시,북구,202208,2927,2925,100.07,2902,100.86
의료웰니스업,부산광역시,북구,202208,1842,1831,100.6,1784,103.25
서비스업,부산광역시,북구,202208,1945,1948,99.85,1895,102.64
쇼핑업,부산광역시,해운대구,202208,8426,8378,100.57,7488,112.53
여행/숙박업,부산광역시,해운대구,202208,265,262,101.15,249,106.43
운송업,부산광역시,해운대구,202208,530,531,99.81,508,104.33
식음료업,부산광역시,해운대구,202208,5108,5118,99.8,4970,102.78
의료웰니스업,부산광역시,해운대구,202208,3100,3091,100.29,2924,106.02
서비스업,부산광역시,해운대구,202208,4197,4185,100.29,3955,106.12
쇼핑업,부산광역시,사하구,202208,4596,4544,101.14,4131,111.26
여행/숙박업,부산광역시,사하구,202208,94,92,102.17,95,98.95
운송업,부산광역시,사하구,202208,431,426,101.17,428,100.7
식음료업,부산광역시,사하구,202208,3883,3896,99.67,3841,101.09
의료웰니스업,부산광역시,사하구,202208,2249,2240,100.4,2165,103.88
서비스업,부산광역시,사하구,202208,2167,2164,100.14,2081,104.13
쇼핑업,부산광역시,금정구,202208,4307,4280,100.63,3978,108.27
여행/숙박업,부산광역시,금정구,202208,104,103,100.97,109,95.41
운송업,부산광역시,금정구,202208,397,399,99.5,394,100.76
식음료업,부산광역시,금정구,202208,3562,3560,100.06,3503,101.68
의료웰니스업,부산광역시,금정구,202208,1854,1857,99.84,1814,102.21
서비스업,부산광역시,금정구,202208,2167,2169,99.91,2110,102.7
쇼핑업,부산광역시,강서구,202208,3309,3224,102.64,2748,120.41
여행/숙박업,부산광역시,강서구,202208,70,70,100.0,66,106.06
운송업,부산광역시,강서구,202208,353,353,100.0,340,103.82
식음료업,부산광역시,강서구,202208,2668,2651,100.64,2487,107.28
의료웰니스업,부산광역시,강서구,202208,844,841,100.36,736,114.67
서비스업,부산광역시,강서구,202208,1724,1711,100.76,1495,115.32
쇼핑업,부산광역시,연제구,202208,3929,3898,100.8,3538,111.05
여행/숙박업,부산광역시,연제구,202208,131,133,98.5,129,101.55
운송업,부산광역시,연제구,202208,406,402,101.0,355,114.37
식음료업,부산광역시,연제구,202208,2959,2974,99.5,2899,102.07
의료웰니스업,부산광역시,연제구,202208,1788,1779,100.51,1684,106.18
서비스업,부산광역시,연제구,202208,2914,2906,100.28,2782,104.74
쇼핑업,부산광역시,수영구,202208,4670,4625,100.97,4153,112.45
여행/숙박업,부산광역시,수영구,202208,140,141,99.29,139,100.72
운송업,부산광역시,수영구,202208,289,289,100.0,273,105.86
식음료업,부산광역시,수영구,202208,3201,3189,100.38,3045,105.12
의료웰니스업,부산광역시,수영구,202208,1666,1659,100.42,1570,106.11
서비스업,부산광역시,수영구,202208,1990,1982,100.4,1909,104.24
쇼핑업,부산광역시,사상구,202208,4286,4249,100.87,4106,104.38
여행/숙박업,부산광역시,사상구,202208,150,149,100.67,153,98.04
운송업,부산광역시,사상구,202208,584,585,99.83,575,101.57
식음료업,부산광역시,사상구,202208,3045,3050,99.84,3032,100.43
의료웰니스업,부산광역시,사상구,202208,1347,1345,100.15,1313,102.59
서비스업,부산광역시,사상구,202208,1565,1566,99.94,1534,102.02
쇼핑업,부산광역시,기장군,202208,3794,3731,101.69,3238,117.17
여행/숙박업,부산광역시,기장군,202208,133,128,103.91,117,113.68
운송업,부산광역시,기장군,202208,300,300,100.0,272,110.29
식음료업,부산광역시,기장군,202208,3046,3059,99.58,2864,106.35
의료웰니스업,부산광역시,기장군,202208,1137,1129,100.71,1027,110.71
서비스업,부산광역시,기장군,202208,1640,1635,100.31,1506,108.9
쇼핑업,부산광역시,부산광역시 합계,202209,70339,69812,100.75,63376,110.99
여행/숙박업,부산광역시,부산광역시 합계,202209,2519,2519,100.0,2471,101.94
운송업,부산광역시,부산광역시 합계,202209,5533,5538,99.91,5359,103.25
식음료업,부산광역시,부산광역시 합계,202209,50339,50380,99.92,49152,102.41
의료웰니스업,부산광역시,부산광역시 합계,202209,26987,26905,100.3,25721,104.92
서비스업,부산광역시,부산광역시 합계,202209,31329,31298,100.1,29863,104.91
쇼핑업,부산광역시,중구,202209,2910,2894,100.55,2690,108.18
여행/숙박업,부산광역시,중구,202209,221,220,100.45,230,96.09
운송업,부산광역시,중구,202209,140,141,99.29,138,101.45
식음료업,부산광역시,중구,202209,1992,2009,99.15,2004,99.4
의료웰니스업,부산광역시,중구,202209,781,784,99.62,755,103.44
서비스업,부산광역시,중구,202209,552,544,101.47,536,102.99
쇼핑업,부산광역시,서구,202209,1805,1777,101.58,1628,110.87
여행/숙박업,부산광역시,서구,202209,70,68,102.94,67,104.48
운송업,부산광역시,서구,202209,150,153,98.04,156,96.15
식음료업,부산광역시,서구,202209,1444,1445,99.93,1398,103.29
의료웰니스업,부산광역시,서구,202209,763,758,100.66,745,102.42
서비스업,부산광역시,서구,202209,688,690,99.71,670,102.69
쇼핑업,부산광역시,동구,202209,2949,2933,100.55,2679,110.08
여행/숙박업,부산광역시,동구,202209,276,275,100.36,270,102.22
운송업,부산광역시,동구,202209,221,225,98.22,216,102.31
식음료업,부산광역시,동구,202209,1613,1620,99.57,1598,100.94
의료웰니스업,부산광역시,동구,202209,761,758,100.4,728,104.53
서비스업,부산광역시,동구,202209,757,758,99.87,729,103.84
쇼핑업,부산광역시,영도구,202209,1643,1636,100.43,1449,113.39
여행/숙박업,부산광역시,영도구,202209,108,108,100.0,91,118.68
운송업,부산광역시,영도구,202209,147,149,98.66,144,102.08
식음료업,부산광역시,영도구,202209,1483,1488,99.66,1458,101.71
의료웰니스업,부산광역시,영도구,202209,719,723,99.45,712,100.98
서비스업,부산광역시,영도구,202209,556,558,99.64,547,101.65
쇼핑업,부산광역시,부산진구,202209,8945,8913,100.36,8173,109.45
여행/숙박업,부산광역시,부산진구,202209,346,349,99.14,332,104.22
운송업,부산광역시,부산진구,202209,513,504,101.79,484,105.99
식음료업,부산광역시,부산진구,202209,6282,6290,99.87,6133,102.43
의료웰니스업,부산광역시,부산진구,202209,3697,3666,100.85,3492,105.87
서비스업,부산광역시,부산진구,202209,3421,3440,99.45,3308,103.42
쇼핑업,부산광역시,동래구,202209,5151,5105,100.9,4584,112.37
여행/숙박업,부산광역시,동래구,202209,187,187,100.0,201,93.03
운송업,부산광역시,동래구,202209,352,351,100.28,352,100.0
식음료업,부산광역시,동래구,202209,3872,3868,100.1,3805,101.76
의료웰니스업,부산광역시,동래구,202209,2482,2477,100.2,2352,105.53
서비스업,부산광역시,동래구,202209,2868,2864,100.14,2675,107.21
쇼핑업,부산광역시,남구,202209,4853,4825,100.58,4395,110.42
여행/숙박업,부산광역시,남구,202209,109,113,96.46,106,102.83
운송업,부산광역시,남구,202209,427,429,99.53,418,102.15
식음료업,부산광역시,남구,202209,3238,3261,99.29,3197,101.28
의료웰니스업,부산광역시,남구,202209,1892,1894,99.89,1837,102.99
서비스업,부산광역시,남구,202209,2092,2080,100.58,1980,105.66
쇼핑업,부산광역시,북구,202209,4409,4411,99.95,4072,108.28
여행/숙박업,부산광역시,북구,202209,105,106,99.06,112,93.75
운송업,부산광역시,북구,202209,279,280,99.64,278,100.36
식음료업,부산광역시,북구,202209,2937,2927,100.34,2901,101.24
의료웰니스업,부산광역시,북구,202209,1848,1842,100.33,1792,103.12
서비스업,부산광역시,북구,202209,1949,1945,100.21,1894,102.9
쇼핑업,부산광역시,해운대구,202209,8523,8426,101.15,7563,112.69
여행/숙박업,부산광역시,해운대구,202209,264,265,99.62,248,106.45
운송업,부산광역시,해운대구,202209,532,530,100.38,505,105.35
식음료업,부산광역시,해운대구,202209,5106,5108,99.96,4973,102.67
의료웰니스업,부산광역시,해운대구,202209,3111,3100,100.35,2940,105.82
서비스업,부산광역시,해운대구,202209,4200,4197,100.07,3976,105.63
쇼핑업,부산광역시,사하구,202209,4651,4596,101.2,4178,111.32
여행/숙박업,부산광역시,사하구,202209,94,94,100.0,95,98.95
운송업,부산광역시,사하구,202209,432,431,100.23,430,100.47
식음료업,부산광역시,사하구,202209,3886,3883,100.08,3852,100.88
의료웰니스업,부산광역시,사하구,202209,2251,2249,100.09,2171,103.68
서비스업,부산광역시,사하구,202209,2164,2167,99.86,2084,103.84
쇼핑업,부산광역시,금정구,202209,4354,4307,101.09,4008,108.63
여행/숙박업,부산광역시,금정구,202209,104,104,100.0,107,97.2
운송업,부산광역시,금정구,202209,397,397,100.0,394,100.76
식음료업,부산광역시,금정구,202209,3552,3562,99.72,3500,101.49
의료웰니스업,부산광역시,금정구,202209,1861,1854,100.38,1817,102.42
서비스업,부산광역시,금정구,202209,2174,2167,100.32,2112,102.94
쇼핑업,부산광역시,강서구,202209,3339,3309,100.91,2789,119.72
여행/숙박업,부산광역시,강서구,202209,69,70,98.57,66,104.55
운송업,부산광역시,강서구,202209,355,353,100.57,342,103.8
식음료업,부산광역시,강서구,202209,2685,2668,100.64,2499,107.44
의료웰니스업,부산광역시,강서구,202209,850,844,100.71,745,114.09
서비스업,부산광역시,강서구,202209,1737,1724,100.75,1510,115.03
쇼핑업,부산광역시,연제구,202209,3955,3929,100.66,3580,110.47
여행/숙박업,부산광역시,연제구,202209,130,131,99.24,129,100.78
운송업,부산광역시,연제구,202209,410,406,100.99,365,112.33
식음료업,부산광역시,연제구,202209,2954,2959,99.83,2908,101.58
의료웰니스업,부산광역시,연제구,202209,1784,1788,99.78,1691,105.5
서비스업,부산광역시,연제구,202209,2921,2914,100.24,2797,104.43
쇼핑업,부산광역시,수영구,202209,4721,4670,101.09,4177,113.02
여행/숙박업,부산광역시,수영구,202209,145,140,103.57,137,105.84
운송업,부산광역시,수영구,202209,290,289,100.35,272,106.62
식음료업,부산광역시,수영구,202209,3205,3201,100.12,3037,105.53
의료웰니스업,부산광역시,수영구,202209,1678,1666,100.72,1577,106.4
서비스업,부산광역시,수영구,202209,1991,1990,100.05,1920,103.7
쇼핑업,부산광역시,사상구,202209,4298,4286,100.28,4123,104.24
여행/숙박업,부산광역시,사상구,202209,150,150,100.0,153,98.04
운송업,부산광역시,사상구,202209,576,584,98.63,571,100.88
식음료업,부산광역시,사상구,202209,3040,3045,99.84,3029,100.36
의료웰니스업,부산광역시,사상구,202209,1350,1347,100.22,1314,102.74
서비스업,부산광역시,사상구,202209,1561,1565,99.74,1536,101.63
쇼핑업,부산광역시,기장군,202209,3832,3794,101.0,3285,116.65
여행/숙박업,부산광역시,기장군,202209,134,133,100.75,119,112.61
운송업,부산광역시,기장군,202209,296,300,98.67,276,107.25
식음료업,부산광역시,기장군,202209,3050,3046,100.13,2860,106.64
의료웰니스업,부산광역시,기장군,202209,1142,1137,100.44,1032,110.66
서비스업,부산광역시,기장군,202209,1646,1640,100.37,1519,108.36
쇼핑업,부산광역시,부산광역시 합계,202210,70772,70339,100.62,63916,110.73
여행/숙박업,부산광역시,부산광역시 합계,202210,2522,2519,100.12,2470,102.11
운송업,부산광역시,부산광역시 합계,202210,5539,5533,100.11,5379,102.97
식음료업,부산광역시,부산광역시 합계,202210,50284,50339,99.89,49331,101.93
의료웰니스업,부산광역시,부산광역시 합계,202210,27057,26987,100.26,25783,104.94
서비스업,부산광역시,부산광역시 합계,202210,31338,31329,100.03,29929,104.71
쇼핑업,부산광역시,중구,202210,2917,2910,100.24,2693,108.32
여행/숙박업,부산광역시,중구,202210,222,221,100.45,229,96.94
운송업,부산광역시,중구,202210,140,140,100.0,136,102.94
식음료업,부산광역시,중구,202210,1995,1992,100.15,2007,99.4
의료웰니스업,부산광역시,중구,202210,780,781,99.87,750,104.0
서비스업,부산광역시,중구,202210,554,552,100.36,536,103.36
쇼핑업,부산광역시,서구,202210,1830,1805,101.39,1637,111.79
여행/숙박업,부산광역시,서구,202210,70,70,100.0,67,104.48
운송업,부산광역시,서구,202210,148,150,98.67,156,94.87
식음료업,부산광역시,서구,202210,1443,1444,99.93,1401,103.0
의료웰니스업,부산광역시,서구,202210,766,763,100.39,750,102.13
서비스업,부산광역시,서구,202210,687,688,99.85,668,102.84
쇼핑업,부산광역시,동구,202210,2960,2949,100.37,2698,109.71
여행/숙박업,부산광역시,동구,202210,273,276,98.91,268,101.87
운송업,부산광역시,동구,202210,222,221,100.45,215,103.26
식음료업,부산광역시,동구,202210,1604,1613,99.44,1601,100.19
의료웰니스업,부산광역시,동구,202210,762,761,100.13,731,104.24
서비스업,부산광역시,동구,202210,758,757,100.13,733,103.41
쇼핑업,부산광역시,영도구,202210,1646,1643,100.18,1460,112.74
여행/숙박업,부산광역시,영도구,202210,109,108,100.93,92,118.48
운송업,부산광역시,영도구,202210,150,147,102.04,147,102.04
식음료업,부산광역시,영도구,202210,1479,1483,99.73,1460,101.3
의료웰니스업,부산광역시,영도구,202210,721,719,100.28,712,101.26
서비스업,부산광역시,영도구,202210,556,556,100.0,545,102.02
쇼핑업,부산광역시,부산진구,202210,9018,8945,100.82,8215,109.77
여행/숙박업,부산광역시,부산진구,202210,347,346,100.29,332,104.52
운송업,부산광역시,부산진구,202210,509,513,99.22,483,105.38
식음료업,부산광역시,부산진구,202210,6277,6282,99.92,6157,101.95
의료웰니스업,부산광역시,부산진구,202210,3708,3697,100.3,3504,105.82
서비스업,부산광역시,부산진구,202210,3435,3421,100.41,3319,103.5
쇼핑업,부산광역시,동래구,202210,5164,5151,100.25,4624,111.68
여행/숙박업,부산광역시,동래구,202210,190,187,101.6,199,95.48
운송업,부산광역시,동래구,202210,356,352,101.14,354,100.56
식음료업,부산광역시,동래구,202210,3859,3872,99.66,3824,100.92
의료웰니스업,부산광역시,동래구,202210,2489,2482,100.28,2358,105.56
서비스업,부산광역시,동래구,202210,2862,2868,99.79,2677,106.91
쇼핑업,부산광역시,남구,202210,4879,4853,100.54,4436,109.99
여행/숙박업,부산광역시,남구,202210,108,109,99.08,108,100.0
운송업,부산광역시,남구,202210,425,427,99.53,417,101.92
식음료업,부산광역시,남구,202210,3240,3238,100.06,3212,100.87
의료웰니스업,부산광역시,남구,202210,1896,1892,100.21,1847,102.65
서비스업,부산광역시,남구,202210,2092,2092,100.0,1989,105.18
쇼핑업,부산광역시,북구,202210,4384,4409,99.43,4148,105.69
여행/숙박업,부산광역시,북구,202210,101,105,96.19,112,90.18
운송업,부산광역시,북구,202210,278,279,99.64,276,100.72
식음료업,부산광역시,북구,202210,2921,2937,99.46,2912,100.31
의료웰니스업,부산광역시,북구,202210,1854,1848,100.32,1790,103.58
서비스업,부산광역시,북구,202210,1936,1949,99.33,1897,102.06
쇼핑업,부산광역시,해운대구,202210,8593,8523,100.82,7631,112.61
여행/숙박업,부산광역시,해운대구,202210,268,264,101.52,250,107.2
운송업,부산광역시,해운대구,202210,533,532,100.19,508,104.92
식음료업,부산광역시,해운대구,202210,5091,5106,99.71,5002,101.78
의료웰니스업,부산광역시,해운대구,202210,3111,3111,100.0,2953,105.35
서비스업,부산광역시,해운대구,202210,4198,4200,99.95,3994,105.11
쇼핑업,부산광역시,사하구,202210,4701,4651,101.08,4189,112.22
여행/숙박업,부산광역시,사하구,202210,94,94,100.0,97,96.91
운송업,부산광역시,사하구,202210,428,432,99.07,431,99.3
식음료업,부산광역시,사하구,202210,3878,3886,99.79,3849,100.75
의료웰니스업,부산광역시,사하구,202210,2249,2251,99.91,2172,103.55
서비스업,부산광역시,사하구,202210,2168,2164,100.18,2080,104.23
쇼핑업,부산광역시,금정구,202210,4407,4354,101.22,4057,108.63
여행/숙박업,부산광역시,금정구,202210,105,104,100.96,106,99.06
운송업,부산광역시,금정구,202210,400,397,100.76,398,100.5
식음료업,부산광역시,금정구,202210,3553,3552,100.03,3505,101.37
의료웰니스업,부산광역시,금정구,202210,1868,1861,100.38,1822,102.52
서비스업,부산광역시,금정구,202210,2173,2174,99.95,2122,102.4
쇼핑업,부산광역시,강서구,202210,3377,3339,101.14,2853,118.37
여행/숙박업,부산광역시,강서구,202210,70,69,101.45,66,106.06
운송업,부산광역시,강서구,202210,353,355,99.44,343,102.92
식음료업,부산광역시,강서구,202210,2682,2685,99.89,2527,106.13
의료웰니스업,부산광역시,강서구,202210,862,850,101.41,752,114.63
서비스업,부산광역시,강서구,202210,1756,1737,101.09,1525,115.15
쇼핑업,부산광역시,연제구,202210,4003,3955,101.21,3619,110.61
여행/숙박업,부산광역시,연제구,202210,131,130,100.77,128,102.34
운송업,부산광역시,연제구,202210,412,410,100.49,372,110.75
식음료업,부산광역시,연제구,202210,2949,2954,99.83,2920,100.99
의료웰니스업,부산광역시,연제구,202210,1791,1784,100.39,1697,105.54
서비스업,부산광역시,연제구,202210,2914,2921,99.76,2799,104.11
쇼핑업,부산광역시,수영구,202210,4744,4721,100.49,4200,112.95
여행/숙박업,부산광역시,수영구,202210,144,145,99.31,138,104.35
운송업,부산광역시,수영구,202210,293,290,101.03,274,106.93
식음료업,부산광역시,수영구,202210,3230,3205,100.78,3051,105.87
의료웰니스업,부산광역시,수영구,202210,1682,1678,100.24,1576,106.73
서비스업,부산광역시,수영구,202210,1986,1991,99.75,1913,103.82
쇼핑업,부산광역시,사상구,202210,4291,4298,99.84,4118,104.2
여행/숙박업,부산광역시,사상구,202210,148,150,98.67,152,97.37
운송업,부산광역시,사상구,202210,578,576,100.35,574,100.7
식음료업,부산광역시,사상구,202210,3029,3040,99.64,3033,99.87
의료웰니스업,부산광역시,사상구,202210,1348,1350,99.85,1313,102.67
서비스업,부산광역시,사상구,202210,1563,1561,100.13,1536,101.76
쇼핑업,부산광역시,기장군,202210,3857,3832,100.65,3335,115.65
여행/숙박업,부산광역시,기장군,202210,135,134,100.75,118,114.41
운송업,부산광역시,기장군,202210,298,296,100.68,280,106.43
식음료업,부산광역시,기장군,202210,3054,3050,100.13,2870,106.41
의료웰니스업,부산광역시,기장군,202210,1153,1142,100.96,1035,111.4
서비스업,부산광역시,기장군,202210,1650,1646,100.24,1525,108.2
쇼핑업,부산광역시,부산광역시 합계,202211,71052,70772,100.4,64411,110.31
여행/숙박업,부산광역시,부산광역시 합계,202211,2526,2522,100.16,2468,102.35
운송업,부산광역시,부산광역시 합계,202211,5558,5539,100.34,5404,102.85
식음료업,부산광역시,부산광역시 합계,202211,50274,50284,99.98,49331,101.91
의료웰니스업,부산광역시,부산광역시 합계,202211,27107,27057,100.18,25859,104.83
서비스업,부산광역시,부산광역시 합계,202211,31371,31338,100.11,30041,104.43
쇼핑업,부산광역시,중구,202211,2913,2917,99.86,2692,108.21
여행/숙박업,부산광역시,중구,202211,223,222,100.45,229,97.38
운송업,부산광역시,중구,202211,140,140,100.0,135,103.7
식음료업,부산광역시,중구,202211,1992,1995,99.85,1991,100.05
의료웰니스업,부산광역시,중구,202211,780,780,100.0,754,103.45
서비스업,부산광역시,중구,202211,555,554,100.18,537,103.35
쇼핑업,부산광역시,서구,202211,1834,1830,100.22,1643,111.63
여행/숙박업,부산광역시,서구,202211,71,70,101.43,66,107.58
운송업,부산광역시,서구,202211,149,148,100.68,152,98.03
식음료업,부산광역시,서구,202211,1443,1443,100.0,1394,103.52
의료웰니스업,부산광역시,서구,202211,765,766,99.87,748,102.27
서비스업,부산광역시,서구,202211,684,687,99.56,670,102.09
쇼핑업,부산광역시,동구,202211,2984,2960,100.81,2696,110.68
여행/숙박업,부산광역시,동구,202211,277,273,101.47,266,104.14
운송업,부산광역시,동구,202211,222,222,100.0,216,102.78
식음료업,부산광역시,동구,202211,1598,1604,99.63,1596,100.13
의료웰니스업,부산광역시,동구,202211,762,762,100.0,730,104.38
서비스업,부산광역시,동구,202211,762,758,100.53,734,103.81
쇼핑업,부산광역시,영도구,202211,1649,1646,100.18,1477,111.65
여행/숙박업,부산광역시,영도구,202211,107,109,98.17,95,112.63
운송업,부산광역시,영도구,202211,154,150,102.67,148,104.05
식음료업,부산광역시,영도구,202211,1480,1479,100.07,1453,101.86
의료웰니스업,부산광역시,영도구,202211,724,721,100.42,711,101.83
서비스업,부산광역시,영도구,202211,558,556,100.36,544,102.57
쇼핑업,부산광역시,부산진구,202211,9060,9018,100.47,8310,109.03
여행/숙박업,부산광역시,부산진구,202211,350,347,100.86,330,106.06
운송업,부산광역시,부산진구,202211,510,509,100.2,481,106.03
식음료업,부산광역시,부산진구,202211,6283,6277,100.1,6150,102.16
의료웰니스업,부산광역시,부산진구,202211,3720,3708,100.32,3510,105.98
서비스업,부산광역시,부산진구,202211,3442,3435,100.2,3326,103.49
쇼핑업,부산광역시,동래구,202211,5184,5164,100.39,4641,111.7
여행/숙박업,부산광역시,동래구,202211,190,190,100.0,198,95.96
운송업,부산광역시,동래구,202211,357,356,100.28,354,100.85
식음료업,부산광역시,동래구,202211,3853,3859,99.84,3824,100.76
의료웰니스업,부산광역시,동래구,202211,2495,2489,100.24,2364,105.54
서비스업,부산광역시,동래구,202211,2856,2862,99.79,2681,106.53
쇼핑업,부산광역시,남구,202211,4890,4879,100.23,4462,109.59
여행/숙박업,부산광역시,남구,202211,107,108,99.07,110,97.27
운송업,부산광역시,남구,202211,427,425,100.47,423,100.95
식음료업,부산광역시,남구,202211,3247,3240,100.22,3214,101.03
의료웰니스업,부산광역시,남구,202211,1890,1896,99.68,1853,102.0
서비스업,부산광역시,남구,202211,2092,2092,100.0,1995,104.86
쇼핑업,부산광역시,북구,202211,4373,4384,99.75,4216,103.72
여행/숙박업,부산광역시,북구,202211,102,101,100.99,108,94.44
운송업,부산광역시,북구,202211,277,278,99.64,274,101.09
식음료업,부산광역시,북구,202211,2926,2921,100.17,2916,100.34
의료웰니스업,부산광역시,북구,202211,1865,1854,100.59,1797,103.78
서비스업,부산광역시,북구,202211,1937,1936,100.05,1907,101.57
쇼핑업,부산광역시,해운대구,202211,8639,8593,100.54,7717,111.95
여행/숙박업,부산광역시,해운대구,202211,269,268,100.37,252,106.75
운송업,부산광역시,해운대구,202211,535,533,100.38,510,104.9
식음료업,부산광역시,해운대구,202211,5081,5091,99.8,5023,101.15
의료웰니스업,부산광역시,해운대구,202211,3117,3111,100.19,2953,105.55
서비스업,부산광역시,해운대구,202211,4199,4198,100.02,4033,104.12
쇼핑업,부산광역시,사하구,202211,4731,4701,100.64,4211,112.35
여행/숙박업,부산광역시,사하구,202211,93,94,98.94,95,97.89
운송업,부산광역시,사하구,202211,429,428,100.23,434,98.85
식음료업,부산광역시,사하구,202211,3883,3878,100.13,3848,100.91
의료웰니스업,부산광역시,사하구,202211,2262,2249,100.58,2188,103.38
서비스업,부산광역시,사하구,202211,2175,2168,100.32,2085,104.32
쇼핑업,부산광역시,금정구,202211,4423,4407,100.36,4086,108.25
여행/숙박업,부산광역시,금정구,202211,103,105,98.1,106,97.17
운송업,부산광역시,금정구,202211,394,400,98.5,394,100.0
식음료업,부산광역시,금정구,202211,3547,3553,99.83,3507,101.14
의료웰니스업,부산광역시,금정구,202211,1870,1868,100.11,1816,102.97
서비스업,부산광역시,금정구,202211,2173,2173,100.0,2124,102.31
쇼핑업,부산광역시,강서구,202211,3401,3377,100.71,2880,118.09
여행/숙박업,부산광역시,강서구,202211,69,70,98.57,67,102.99
운송업,부산광역시,강서구,202211,358,353,101.42,343,104.37
식음료업,부산광역시,강서구,202211,2673,2682,99.66,2539,105.28
의료웰니스업,부산광역시,강서구,202211,866,862,100.46,769,112.61
서비스업,부산광역시,강서구,202211,1758,1756,100.11,1538,114.3
쇼핑업,부산광역시,연제구,202211,4028,4003,100.62,3656,110.18
여행/숙박업,부산광역시,연제구,202211,131,131,100.0,132,99.24
운송업,부산광역시,연제구,202211,414,412,100.49,384,107.81
식음료업,부산광역시,연제구,202211,2958,2949,100.31,2923,101.2
의료웰니스업,부산광역시,연제구,202211,1793,1791,100.11,1696,105.72
서비스업,부산광역시,연제구,202211,2919,2914,100.17,2813,103.77
쇼핑업,부산광역시,수영구,202211,4774,4744,100.63,4230,112.86
여행/숙박업,부산광역시,수영구,202211,142,144,98.61,137,103.65
운송업,부산광역시,수영구,202211,296,293,101.02,277,106.86
식음료업,부산광역시,수영구,202211,3240,3230,100.31,3049,106.26
의료웰니스업,부산광역시,수영구,202211,1679,1682,99.82,1586,105.86
서비스업,부산광역시,수영구,202211,1987,1983,100.2,1908,104.14
쇼핑업,부산광역시,사상구,202211,4292,4291,100.02,4119,104.2
여행/숙박업,부산광역시,사상구,202211,147,148,99.32,152,96.71
운송업,부산광역시,사상구,202211,578,578,100.0,580,99.66
식음료업,부산광역시,사상구,202211,3021,3029,99.74,3028,99.77
의료웰니스업,부산광역시,사상구,202211,1347,1348,99.93,1321,101.97
서비스업,부산광역시,사상구,202211,1563,1560,100.19,1537,101.69
쇼핑업,부산광역시,기장군,202211,3876,3857,100.49,3372,114.95
여행/숙박업,부산광역시,기장군,202211,137,135,101.48,117,117.09
운송업,부산광역시,기장군,202211,302,298,101.34,284,106.34
식음료업,부산광역시,기장군,202211,3049,3054,99.84,2876,106.02
의료웰니스업,부산광역시,기장군,202211,1157,1153,100.35,1046,110.61
서비스업,부산광역시,기장군,202211,1656,1650,100.36,1538,107.67
쇼핑업,부산광역시,부산광역시 합계,202212,70703,71052,99.51,64185,110.16
여행/숙박업,부산광역시,부산광역시 합계,202212,2622,2526,103.8,2472,106.07
운송업,부산광역시,부산광역시 합계,202212,5548,5558,99.82,5423,102.3
식음료업,부산광역시,부산광역시 합계,202212,50101,50274,99.66,49394,101.43
의료웰니스업,부산광역시,부산광역시 합계,202212,27087,27107,99.93,25944,104.41
서비스업,부산광역시,부산광역시 합계,202212,31282,31371,99.72,30098,103.93
쇼핑업,부산광역시,중구,202212,2888,2913,99.14,2681,107.72
여행/숙박업,부산광역시,중구,202212,224,223,100.45,226,99.12
운송업,부산광역시,중구,202212,139,140,99.29,135,102.96
식음료업,부산광역시,중구,202212,1996,1992,100.2,1990,100.3
의료웰니스업,부산광역시,중구,202212,778,780,99.74,752,103.46
서비스업,부산광역시,중구,202212,547,555,98.56,534,102.43
쇼핑업,부산광역시,서구,202212,1843,1834,100.49,1644,112.1
여행/숙박업,부산광역시,서구,202212,72,71,101.41,66,109.09
운송업,부산광역시,서구,202212,148,149,99.33,153,96.73
식음료업,부산광역시,서구,202212,1441,1443,99.86,1394,103.37
의료웰니스업,부산광역시,서구,202212,762,765,99.61,750,101.6
서비스업,부산광역시,서구,202212,688,684,100.58,667,103.15
쇼핑업,부산광역시,동구,202212,2964,2984,99.33,2704,109.62
여행/숙박업,부산광역시,동구,202212,278,277,100.36,269,103.35
운송업,부산광역시,동구,202212,222,222,100.0,221,100.45
식음료업,부산광역시,동구,202212,1602,1598,100.25,1592,100.63
의료웰니스업,부산광역시,동구,202212,761,762,99.87,741,102.7
서비스업,부산광역시,동구,202212,765,759,100.79,736,103.94
쇼핑업,부산광역시,영도구,202212,1659,1649,100.61,1480,112.09
여행/숙박업,부산광역시,영도구,202212,109,107,101.87,95,114.74
운송업,부산광역시,영도구,202212,153,154,99.35,146,104.79
식음료업,부산광역시,영도구,202212,1479,1480,99.93,1450,102.0
의료웰니스업,부산광역시,영도구,202212,726,724,100.28,711,102.11
서비스업,부산광역시,영도구,202212,555,558,99.46,541,102.59
쇼핑업,부산광역시,부산진구,202212,9053,9060,99.92,8280,109.34
여행/숙박업,부산광역시,부산진구,202212,352,350,100.57,339,103.83
운송업,부산광역시,부산진구,202212,511,510,100.2,486,105.14
식음료업,부산광역시,부산진구,202212,6279,6283,99.94,6155,102.01
의료웰니스업,부산광역시,부산진구,202212,3717,3720,99.92,3524,105.48
서비스업,부산광역시,부산진구,202212,3435,3442,99.8,3321,103.43
쇼핑업,부산광역시,동래구,202212,5152,5184,99.38,4629,111.3
여행/숙박업,부산광역시,동래구,202212,190,190,100.0,194,97.94
운송업,부산광역시,동래구,202212,354,357,99.16,353,100.28
식음료업,부산광역시,동래구,202212,3828,3853,99.35,3817,100.29
의료웰니스업,부산광역시,동래구,202212,2499,2495,100.16,2370,105.44
서비스업,부산광역시,동래구,202212,2851,2856,99.82,2715,105.01
쇼핑업,부산광역시,남구,202212,4887,4890,99.94,4438,110.12
여행/숙박업,부산광역시,남구,202212,109,107,101.87,112,97.32
운송업,부산광역시,남구,202212,419,427,98.13,422,99.29
식음료업,부산광역시,남구,202212,3233,3247,99.57,3214,100.59
의료웰니스업,부산광역시,남구,202212,1896,1890,100.32,1859,101.99
서비스업,부산광역시,남구,202212,2080,2092,99.43,1987,104.68
쇼핑업,부산광역시,북구,202212,4315,4373,98.67,4204,102.64
여행/숙박업,부산광역시,북구,202212,102,102,100.0,107,95.33
운송업,부산광역시,북구,202212,282,277,101.81,274,102.92
식음료업,부산광역시,북구,202212,2902,2926,99.18,2907,99.83
의료웰니스업,부산광역시,북구,202212,1859,1865,99.68,1793,103.68
서비스업,부산광역시,북구,202212,1928,1937,99.54,1922,100.31
쇼핑업,부산광역시,해운대구,202212,8586,8639,99.39,7697,111.55
여행/숙박업,부산광역시,해운대구,202212,359,269,133.46,251,143.03
운송업,부산광역시,해운대구,202212,536,535,100.19,511,104.89
식음료업,부산광역시,해운대구,202212,5059,5081,99.57,5002,101.14
의료웰니스업,부산광역시,해운대구,202212,3110,3117,99.78,2974,104.57
서비스업,부산광역시,해운대구,202212,4185,4199,99.67,4044,103.49
쇼핑업,부산광역시,사하구,202212,4727,4731,99.92,4170,113.36
여행/숙박업,부산광역시,사하구,202212,92,93,98.92,94,97.87
운송업,부산광역시,사하구,202212,430,429,100.23,427,100.7
식음료업,부산광역시,사하구,202212,3864,3883,99.51,3852,100.31
의료웰니스업,부산광역시,사하구,202212,2250,2262,99.47,2191,102.69
서비스업,부산광역시,사하구,202212,2166,2175,99.59,2090,103.64
쇼핑업,부산광역시,금정구,202212,4379,4423,99.01,4038,108.44
여행/숙박업,부산광역시,금정구,202212,101,103,98.06,107,94.39
운송업,부산광역시,금정구,202212,383,391,97.95,387,98.97
식음료업,부산광역시,금정구,202212,3525,3547,99.38,3511,100.4
의료웰니스업,부산광역시,금정구,202212,1875,1870,100.27,1822,102.91
서비스업,부산광역시,금정구,202212,2156,2173,99.22,2102,102.57
쇼핑업,부산광역시,강서구,202212,3373,3397,99.29,2874,117.36
여행/숙박업,부산광역시,강서구,202212,69,69,100.0,70,98.57
운송업,부산광역시,강서구,202212,360,358,100.56,344,104.65
식음료업,부산광역시,강서구,202212,2667,2673,99.78,2530,105.42
의료웰니스업,부산광역시,강서구,202212,877,866,101.27,777,112.87
서비스업,부산광역시,강서구,202212,1768,1758,100.57,1557,113.55
쇼핑업,부산광역시,연제구,202212,3968,4028,98.51,3645,108.86
여행/숙박업,부산광역시,연제구,202212,132,131,100.76,131,100.76
운송업,부산광역시,연제구,202212,410,414,99.03,385,106.49
식음료업,부산광역시,연제구,202212,2944,2958,99.53,2938,100.2
의료웰니스업,부산광역시,연제구,202212,1788,1793,99.72,1702,105.05
서비스업,부산광역시,연제구,202212,2917,2919,99.93,2816,103.59
쇼핑업,부산광역시,수영구,202212,4772,4774,99.96,4223,113.0
여행/숙박업,부산광역시,수영구,202212,142,142,100.0,137,103.65
운송업,부산광역시,수영구,202212,295,296,99.66,284,103.87
식음료업,부산광역시,수영구,202212,3251,3240,100.34,3063,106.14
의료웰니스업,부산광역시,수영구,202212,1676,1679,99.82,1591,105.34
서비스업,부산광역시,수영구,202212,1983,1987,99.8,1913,103.66
쇼핑업,부산광역시,사상구,202212,4272,4292,99.53,4105,104.07
여행/숙박업,부산광역시,사상구,202212,145,147,98.64,149,97.32
운송업,부산광역시,사상구,202212,580,578,100.35,581,99.83
식음료업,부산광역시,사상구,202212,2995,3021,99.14,3028,98.91
의료웰니스업,부산광역시,사상구,202212,1340,1347,99.48,1321,101.44
서비스업,부산광역시,사상구,202212,1549,1563,99.1,1537,100.78
쇼핑업,부산광역시,기장군,202212,3862,3876,99.64,3370,114.6
여행/숙박업,부산광역시,기장군,202212,138,137,100.73,118,116.95
운송업,부산광역시,기장군,202212,308,302,101.99,289,106.57
식음료업,부산광역시,기장군,202212,3036,3049,99.57,2951,102.88
의료웰니스업,부산광역시,기장군,202212,1160,1157,100.26,1049,110.58
서비스업,부산광역시,기장군,202212,1652,1656,99.76,1552,106.44
쇼핑업,부산광역시,부산광역시 합계,202301,70893,70703,100.27,64928,109.19
여행/숙박업,부산광역시,부산광역시 합계,202301,2689,2622,102.56,2479,108.47
운송업,부산광역시,부산광역시 합계,202301,5559,5548,100.2,5460,101.81
식음료업,부산광역시,부산광역시 합계,202301,50081,50101,99.96,49681,100.81
의료웰니스업,부산광역시,부산광역시 합계,202301,27187,27087,100.37,26062,104.32
서비스업,부산광역시,부산광역시 합계,202301,31373,31282,100.29,30356,103.35
쇼핑업,부산광역시,중구,202301,2889,2888,100.03,2703,106.88
여행/숙박업,부산광역시,중구,202301,223,224,99.55,226,98.67
운송업,부산광역시,중구,202301,139,139,100.0,135,102.96
식음료업,부산광역시,중구,202301,2000,1996,100.2,2000,100.0
의료웰니스업,부산광역시,중구,202301,781,778,100.39,755,103.44
서비스업,부산광역시,중구,202301,541,547,98.9,535,101.12
쇼핑업,부산광역시,서구,202301,1851,1843,100.43,1654,111.91
여행/숙박업,부산광역시,서구,202301,71,72,98.61,66,107.58
운송업,부산광역시,서구,202301,147,148,99.32,155,94.84
식음료업,부산광역시,서구,202301,1442,1441,100.07,1407,102.49
의료웰니스업,부산광역시,서구,202301,765,762,100.39,748,102.27
서비스업,부산광역시,서구,202301,697,688,101.31,669,104.19
쇼핑업,부산광역시,동구,202301,2953,2964,99.63,2737,107.89
여행/숙박업,부산광역시,동구,202301,280,278,100.72,266,105.26
운송업,부산광역시,동구,202301,225,222,101.35,220,102.27
식음료업,부산광역시,동구,202301,1598,1602,99.75,1601,99.81
의료웰니스업,부산광역시,동구,202301,764,761,100.39,741,103.1
서비스업,부산광역시,동구,202301,759,765,99.22,736,103.12
쇼핑업,부산광역시,영도구,202301,1674,1659,100.9,1489,112.42
여행/숙박업,부산광역시,영도구,202301,110,109,100.92,98,112.24
운송업,부산광역시,영도구,202301,154,153,100.65,146,105.48
식음료업,부산광역시,영도구,202301,1471,1479,99.46,1454,101.17
의료웰니스업,부산광역시,영도구,202301,730,726,100.55,710,102.82
서비스업,부산광역시,영도구,202301,557,555,100.36,549,101.46
쇼핑업,부산광역시,부산진구,202301,9112,9053,100.65,8352,109.1
여행/숙박업,부산광역시,부산진구,202301,353,352,100.28,340,103.82
운송업,부산광역시,부산진구,202301,507,511,99.22,487,104.11
식음료업,부산광역시,부산진구,202301,6276,6279,99.95,6195,101.31
의료웰니스업,부산광역시,부산진구,202301,3726,3717,100.24,3543,105.17
서비스업,부산광역시,부산진구,202301,3475,3435,101.16,3349,103.76
쇼핑업,부산광역시,동래구,202301,5159,5152,100.14,4657,110.78
여행/숙박업,부산광역시,동래구,202301,187,190,98.42,194,96.39
운송업,부산광역시,동래구,202301,356,354,100.56,355,100.28
식음료업,부산광역시,동래구,202301,3827,3828,99.97,3841,99.64
의료웰니스업,부산광역시,동래구,202301,2506,2499,100.28,2381,105.25
서비스업,부산광역시,동래구,202301,2868,2851,100.6,2740,104.67
쇼핑업,부산광역시,남구,202301,4887,4887,100.0,4495,108.72
여행/숙박업,부산광역시,남구,202301,108,109,99.08,112,96.43
운송업,부산광역시,남구,202301,423,419,100.95,424,99.76
식음료업,부산광역시,남구,202301,3241,3233,100.25,3224,100.53
의료웰니스업,부산광역시,남구,202301,1901,1896,100.26,1869,101.71
서비스업,부산광역시,남구,202301,2095,2080,100.72,2007,104.38
쇼핑업,부산광역시,북구,202301,4323,4315,100.19,4280,101.0
여행/숙박업,부산광역시,북구,202301,102,102,100.0,108,94.44
운송업,부산광역시,북구,202301,284,282,100.71,273,104.03
식음료업,부산광역시,북구,202301,2900,2902,99.93,2929,99.01
의료웰니스업,부산광역시,북구,202301,1872,1859,100.7,1796,104.23
서비스업,부산광역시,북구,202301,1929,1928,100.05,1930,99.95
쇼핑업,부산광역시,해운대구,202301,8620,8586,100.4,7797,110.56
여행/숙박업,부산광역시,해운대구,202301,406,359,113.09,250,162.4
운송업,부산광역시,해운대구,202301,537,536,100.19,519,103.47
식음료업,부산광역시,해운대구,202301,5064,5059,100.1,5043,100.42
의료웰니스업,부산광역시,해운대구,202301,3122,3110,100.39,2993,104.31
서비스업,부산광역시,해운대구,202301,4187,4185,100.05,4092,102.32
쇼핑업,부산광역시,사하구,202301,4745,4727,100.38,4235,112.04
여행/숙박업,부산광역시,사하구,202301,93,92,101.09,94,98.94
운송업,부산광역시,사하구,202301,430,430,100.0,432,99.54
식음료업,부산광역시,사하구,202301,3852,3864,99.69,3862,99.74
의료웰니스업,부산광역시,사하구,202301,2262,2250,100.53,2203,102.68
서비스업,부산광역시,사하구,202301,2158,2163,99.77,2096,102.96
쇼핑업,부산광역시,금정구,202301,4375,4379,99.91,4105,106.58
여행/숙박업,부산광역시,금정구,202301,101,101,100.0,108,93.52
운송업,부산광역시,금정구,202301,379,383,98.96,387,97.93
식음료업,부산광역시,금정구,202301,3511,3525,99.6,3526,99.57
의료웰니스업,부산광역시,금정구,202301,1873,1875,99.89,1821,102.86
서비스업,부산광역시,금정구,202301,2165,2156,100.42,2115,102.36
쇼핑업,부산광역시,강서구,202301,3396,3373,100.68,2907,116.82
여행/숙박업,부산광역시,강서구,202301,70,69,101.45,69,101.45
운송업,부산광역시,강서구,202301,358,360,99.44,350,102.29
식음료업,부산광역시,강서구,202301,2682,2667,100.56,2556,104.93
의료웰니스업,부산광역시,강서구,202301,887,877,101.14,784,113.14
서비스업,부산광역시,강서구,202301,1778,1768,100.57,1582,112.39
쇼핑업,부산광역시,연제구,202301,3974,3968,100.15,3687,107.78
여행/숙박업,부산광역시,연제구,202301,132,132,100.0,132,100.0
운송업,부산광역시,연제구,202301,413,410,100.73,392,105.36
식음료업,부산광역시,연제구,202301,2941,2944,99.9,2951,99.66
의료웰니스업,부산광역시,연제구,202301,1793,1788,100.28,1717,104.43
서비스업,부산광역시,연제구,202301,2928,2917,100.38,2844,102.95
쇼핑업,부산광역시,수영구,202301,4753,4772,99.6,4281,111.03
여행/숙박업,부산광역시,수영구,202301,146,142,102.82,139,105.04
운송업,부산광역시,수영구,202301,296,295,100.34,287,103.14
식음료업,부산광역시,수영구,202301,3252,3251,100.03,3090,105.24
의료웰니스업,부산광역시,수영구,202301,1677,1676,100.06,1598,104.94
서비스업,부산광역시,수영구,202301,1981,1983,99.9,1929,102.7
쇼핑업,부산광역시,사상구,202301,4302,4272,100.7,4133,104.09
여행/숙박업,부산광역시,사상구,202301,148,145,102.07,149,99.33
운송업,부산광역시,사상구,202301,583,580,100.52,583,100.0
식음료업,부산광역시,사상구,202301,2983,2995,99.6,3032,98.38
의료웰니스업,부산광역시,사상구,202301,1348,1340,100.6,1325,101.74
서비스업,부산광역시,사상구,202301,1543,1549,99.61,1550,99.55
쇼핑업,부산광역시,기장군,202301,3877,3862,100.39,3413,113.6
여행/숙박업,부산광역시,기장군,202301,151,138,109.42,121,124.79
운송업,부산광역시,기장군,202301,310,308,100.65,290,106.9
식음료업,부산광역시,기장군,202301,3041,3036,100.16,2970,102.39
의료웰니스업,부산광역시,기장군,202301,1167,1160,100.6,1061,109.99
서비스업,부산광역시,기장군,202301,1653,1652,100.06,1566,105.56
쇼핑업,부산광역시,부산광역시 합계,202302,71219,70893,100.46,65594,108.58
여행/숙박업,부산광역시,부산광역시 합계,202302,2705,2689,100.6,2475,109.29
운송업,부산광역시,부산광역시 합계,202302,5574,5559,100.27,5475,101.81
식음료업,부산광역시,부산광역시 합계,202302,50146,50081,100.13,49836,100.62
의료웰니스업,부산광역시,부산광역시 합계,202302,27246,27187,100.22,26203,103.98
서비스업,부산광역시,부산광역시 합계,202302,31443,31373,100.22,30542,102.95
쇼핑업,부산광역시,중구,202302,2881,2889,99.72,2718,106.0
여행/숙박업,부산광역시,중구,202302,224,223,100.45,224,100.0
운송업,부산광역시,중구,202302,140,139,100.72,137,102.19
식음료업,부산광역시,중구,202302,1999,2000,99.95,2004,99.75
의료웰니스업,부산광역시,중구,202302,776,781,99.36,762,101.84
서비스업,부산광역시,중구,202302,543,541,100.37,533,101.88
쇼핑업,부산광역시,서구,202302,1853,1851,100.11,1666,111.22
여행/숙박업,부산광역시,서구,202302,72,71,101.41,67,107.46
운송업,부산광역시,서구,202302,150,147,102.04,156,96.15
식음료업,부산광역시,서구,202302,1443,1442,100.07,1405,102.7
의료웰니스업,부산광역시,서구,202302,766,765,100.13,748,102.41
서비스업,부산광역시,서구,202302,698,697,100.14,667,104.65
쇼핑업,부산광역시,동구,202302,2964,2953,100.37,2770,107.0
여행/숙박업,부산광역시,동구,202302,280,280,100.0,263,106.46
운송업,부산광역시,동구,202302,222,225,98.67,222,100.0
식음료업,부산광역시,동구,202302,1597,1598,99.94,1605,99.5
의료웰니스업,부산광역시,동구,202302,769,764,100.65,743,103.5
서비스업,부산광역시,동구,202302,753,756,99.6,743,101.35
쇼핑업,부산광역시,영도구,202302,1684,1674,100.6,1508,111.67
여행/숙박업,부산광역시,영도구,202302,106,110,96.36,97,109.28
운송업,부산광역시,영도구,202302,156,154,101.3,146,106.85
식음료업,부산광역시,영도구,202302,1476,1471,100.34,1460,101.1
의료웰니스업,부산광역시,영도구,202302,734,730,100.55,712,103.09
서비스업,부산광역시,영도구,202302,555,557,99.64,551,100.73
쇼핑업,부산광역시,부산진구,202302,9156,9112,100.48,8447,108.39
여행/숙박업,부산광역시,부산진구,202302,351,353,99.43,340,103.24
운송업,부산광역시,부산진구,202302,505,507,99.61,488,103.48
식음료업,부산광역시,부산진구,202302,6295,6276,100.3,6206,101.43
의료웰니스업,부산광역시,부산진구,202302,3743,3726,100.46,3561,105.11
서비스업,부산광역시,부산진구,202302,3487,3475,100.35,3367,103.56
쇼핑업,부산광역시,동래구,202302,5207,5159,100.93,4728,110.13
여행/숙박업,부산광역시,동래구,202302,187,187,100.0,193,96.89
운송업,부산광역시,동래구,202302,356,356,100.0,357,99.72
식음료업,부산광역시,동래구,202302,3840,3827,100.34,3871,99.2
의료웰니스업,부산광역시,동래구,202302,2516,2506,100.4,2398,104.92
서비스업,부산광역시,동래구,202302,2891,2868,100.8,2762,104.67
쇼핑업,부산광역시,남구,202302,4921,4887,100.7,4543,108.32
여행/숙박업,부산광역시,남구,202302,110,108,101.85,110,100.0
운송업,부산광역시,남구,202302,421,423,99.53,423,99.53
식음료업,부산광역시,남구,202302,3232,3241,99.72,3236,99.88
의료웰니스업,부산광역시,남구,202302,1909,1901,100.42,1882,101.43
서비스업,부산광역시,남구,202302,2094,2095,99.95,2044,102.45
쇼핑업,부산광역시,북구,202302,4341,4323,100.42,4349,99.82
여행/숙박업,부산광역시,북구,202302,102,102,100.0,109,93.58
운송업,부산광역시,북구,202302,283,284,99.65,275,102.91
식음료업,부산광역시,북구,202302,2903,2900,100.1,2933,98.98
의료웰니스업,부산광역시,북구,202302,1870,1872,99.89,1801,103.83
서비스업,부산광역시,북구,202302,1930,1929,100.05,1930,100.0
쇼핑업,부산광역시,해운대구,202302,8632,8620,100.14,7877,109.58
여행/숙박업,부산광역시,해운대구,202302,411,406,101.23,251,163.75
운송업,부산광역시,해운대구,202302,536,537,99.81,521,102.88
식음료업,부산광역시,해운대구,202302,5056,5064,99.84,5058,99.96
의료웰니스업,부산광역시,해운대구,202302,3119,3122,99.9,3009,103.66
서비스업,부산광역시,해운대구,202302,4187,4187,100.0,4119,101.65
쇼핑업,부산광역시,사하구,202302,4752,4745,100.15,4263,111.47
여행/숙박업,부산광역시,사하구,202302,92,93,98.92,94,97.87
운송업,부산광역시,사하구,202302,431,430,100.23,430,100.23
식음료업,부산광역시,사하구,202302,3858,3852,100.16,3869,99.72
의료웰니스업,부산광역시,사하구,202302,2267,2262,100.22,2204,102.86
서비스업,부산광역시,사하구,202302,2164,2158,100.28,2101,103.0
쇼핑업,부산광역시,금정구,202302,4384,4375,100.21,4130,106.15
여행/숙박업,부산광역시,금정구,202302,104,101,102.97,108,96.3
운송업,부산광역시,금정구,202302,377,379,99.47,389,96.92
식음료업,부산광역시,금정구,202302,3513,3511,100.06,3543,99.15
의료웰니스업,부산광역시,금정구,202302,1870,1873,99.84,1830,102.19
서비스업,부산광역시,금정구,202302,2168,2165,100.14,2130,101.78
쇼핑업,부산광역시,강서구,202302,3454,3396,101.71,2950,117.08
여행/숙박업,부산광역시,강서구,202302,71,70,101.43,70,101.43
운송업,부산광역시,강서구,202302,366,358,102.23,352,103.98
식음료업,부산광역시,강서구,202302,2680,2682,99.93,2564,104.52
의료웰니스업,부산광역시,강서구,202302,888,887,100.11,796,111.56
서비스업,부산광역시,강서구,202302,1796,1778,101.01,1607,111.76
쇼핑업,부산광역시,연제구,202302,4006,3974,100.81,3709,108.01
여행/숙박업,부산광역시,연제구,202302,131,132,99.24,132,99.24
운송업,부산광역시,연제구,202302,418,413,101.21,390,107.18
식음료업,부산광역시,연제구,202302,2945,2941,100.14,2949,99.86
의료웰니스업,부산광역시,연제구,202302,1803,1793,100.56,1733,104.04
서비스업,부산광역시,연제구,202302,2934,2928,100.2,2855,102.77
쇼핑업,부산광역시,수영구,202302,4756,4753,100.06,4309,110.37
여행/숙박업,부산광역시,수영구,202302,151,146,103.42,139,108.63
운송업,부산광역시,수영구,202302,299,296,101.01,288,103.82
식음료업,부산광역시,수영구,202302,3261,3252,100.28,3109,104.89
의료웰니스업,부산광역시,수영구,202302,1684,1677,100.42,1611,104.53
서비스업,부산광역시,수영구,202302,1981,1981,100.0,1931,102.59
쇼핑업,부산광역시,사상구,202302,4322,4302,100.46,4153,104.07
여행/숙박업,부산광역시,사상구,202302,149,148,100.68,149,100.0
운송업,부산광역시,사상구,202302,587,583,100.69,585,100.34
식음료업,부산광역시,사상구,202302,2998,2983,100.5,3035,98.78
의료웰니스업,부산광역시,사상구,202302,1347,1348,99.93,1327,101.51
서비스업,부산광역시,사상구,202302,1536,1543,99.55,1554,98.84
쇼핑업,부산광역시,기장군,202302,3903,3877,100.67,3471,112.45
여행/숙박업,부산광역시,기장군,202302,156,151,103.31,122,127.87
운송업,부산광역시,기장군,202302,311,310,100.32,291,106.87
식음료업,부산광역시,기장군,202302,3050,3041,100.3,2989,102.04
의료웰니스업,부산광역시,기장군,202302,1172,1167,100.43,1069,109.64
서비스업,부산광역시,기장군,202302,1669,1653,100.97,1583,105.43
쇼핑업,부산광역시,부산광역시 합계,202303,71634,71219,100.58,66344,107.97
여행/숙박업,부산광역시,부산광역시 합계,202303,2712,2705,100.26,2484,109.18
운송업,부산광역시,부산광역시 합계,202303,5592,5574,100.32,5502,101.64
식음료업,부산광역시,부산광역시 합계,202303,50206,50146,100.12,50049,100.31
의료웰니스업,부산광역시,부산광역시 합계,202303,27308,27246,100.23,26367,103.57
서비스업,부산광역시,부산광역시 합계,202303,31505,31443,100.2,30769,102.39
쇼핑업,부산광역시,중구,202303,2865,2881,99.44,2751,104.14
여행/숙박업,부산광역시,중구,202303,228,224,101.79,226,100.88
운송업,부산광역시,중구,202303,138,137,100.73,137,100.73
식음료업,부산광역시,중구,202303,2004,1999,100.25,2006,99.9
의료웰니스업,부산광역시,중구,202303,777,776,100.13,769,101.04
서비스업,부산광역시,중구,202303,541,543,99.63,534,101.31
쇼핑업,부산광역시,서구,202303,1869,1853,100.86,1685,110.92
여행/숙박업,부산광역시,서구,202303,72,72,100.0,67,107.46
운송업,부산광역시,서구,202303,148,150,98.67,152,97.37
식음료업,부산광역시,서구,202303,1447,1443,100.28,1409,102.7
의료웰니스업,부산광역시,서구,202303,766,766,100.0,752,101.86
서비스업,부산광역시,서구,202303,707,698,101.29,674,104.9
쇼핑업,부산광역시,동구,202303,2976,2964,100.4,2803,106.17
여행/숙박업,부산광역시,동구,202303,281,280,100.36,264,106.44
운송업,부산광역시,동구,202303,225,222,101.35,228,98.68
식음료업,부산광역시,동구,202303,1603,1597,100.38,1608,99.69
의료웰니스업,부산광역시,동구,202303,764,769,99.35,745,102.55
서비스업,부산광역시,동구,202303,768,753,101.99,746,102.95
쇼핑업,부산광역시,영도구,202303,1695,1684,100.65,1525,111.15
여행/숙박업,부산광역시,영도구,202303,103,106,97.17,100,103.0
운송업,부산광역시,영도구,202303,155,156,99.36,144,107.64
식음료업,부산광역시,영도구,202303,1470,1476,99.59,1460,100.68
의료웰니스업,부산광역시,영도구,202303,733,734,99.86,712,102.95
서비스업,부산광역시,영도구,202303,557,555,100.36,560,99.46
쇼핑업,부산광역시,부산진구,202303,9214,9156,100.63,8501,108.39
여행/숙박업,부산광역시,부산진구,202303,349,351,99.43,342,102.05
운송업,부산광역시,부산진구,202303,510,505,100.99,492,103.66
식음료업,부산광역시,부산진구,202303,6311,6295,100.25,6246,101.04
의료웰니스업,부산광역시,부산진구,202303,3756,3743,100.35,3578,104.97
서비스업,부산광역시,부산진구,202303,3487,3487,100.0,3384,103.04
쇼핑업,부산광역시,동래구,202303,5228,5207,100.4,4793,109.08
여행/숙박업,부산광역시,동래구,202303,189,187,101.07,193,97.93
운송업,부산광역시,동래구,202303,356,356,100.0,355,100.28
식음료업,부산광역시,동래구,202303,3849,3840,100.23,3898,98.74
의료웰니스업,부산광역시,동래구,202303,2527,2516,100.44,2424,104.25
서비스업,부산광역시,동래구,202303,2895,2891,100.14,2790,103.76
쇼핑업,부산광역시,남구,202303,4957,4921,100.73,4569,108.49
여행/숙박업,부산광역시,남구,202303,110,110,100.0,111,99.1
운송업,부산광역시,남구,202303,418,421,99.29,426,98.12
식음료업,부산광역시,남구,202303,3235,3232,100.09,3247,99.63
의료웰니스업,부산광역시,남구,202303,1919,1909,100.52,1884,101.86
서비스업,부산광역시,남구,202303,2100,2094,100.29,2060,101.94
쇼핑업,부산광역시,북구,202303,4347,4341,100.14,4447,97.75
여행/숙박업,부산광역시,북구,202303,102,102,100.0,110,92.73
운송업,부산광역시,북구,202303,285,283,100.71,278,102.52
식음료업,부산광역시,북구,202303,2899,2903,99.86,2944,98.47
의료웰니스업,부산광역시,북구,202303,1871,1870,100.05,1812,103.26
서비스업,부산광역시,북구,202303,1931,1930,100.05,1943,99.38
쇼핑업,부산광역시,해운대구,202303,8653,8632,100.24,7954,108.79
여행/숙박업,부산광역시,해운대구,202303,418,411,101.7,250,167.2
운송업,부산광역시,해운대구,202303,531,533,99.62,525,101.14
식음료업,부산광역시,해운대구,202303,5042,5056,99.72,5072,99.41
의료웰니스업,부산광역시,해운대구,202303,3129,3119,100.32,3022,103.54
서비스업,부산광역시,해운대구,202303,4180,4187,99.83,4142,100.92
쇼핑업,부산광역시,사하구,202303,4819,4752,101.41,4323,111.47
여행/숙박업,부산광역시,사하구,202303,90,92,97.83,94,95.74
운송업,부산광역시,사하구,202303,438,431,101.62,431,101.62
식음료업,부산광역시,사하구,202303,3854,3858,99.9,3882,99.28
의료웰니스업,부산광역시,사하구,202303,2267,2267,100.0,2214,102.39
서비스업,부산광역시,사하구,202303,2164,2164,100.0,2126,101.79
쇼핑업,부산광역시,금정구,202303,4397,4384,100.3,4188,104.99
여행/숙박업,부산광역시,금정구,202303,102,104,98.08,108,94.44
운송업,부산광역시,금정구,202303,380,377,100.8,393,96.69
식음료업,부산광역시,금정구,202303,3514,3513,100.03,3556,98.82
의료웰니스업,부산광역시,금정구,202303,1870,1870,100.0,1842,101.52
서비스업,부산광역시,금정구,202303,2172,2168,100.18,2142,101.4
쇼핑업,부산광역시,강서구,202303,3499,3454,101.3,3013,116.13
여행/숙박업,부산광역시,강서구,202303,71,71,100.0,69,102.9
운송업,부산광역시,강서구,202303,370,366,101.09,355,104.23
식음료업,부산광역시,강서구,202303,2685,2680,100.19,2579,104.11
의료웰니스업,부산광역시,강서구,202303,903,888,101.69,806,112.03
서비스업,부산광역시,강서구,202303,1808,1796,100.67,1631,110.85
쇼핑업,부산광역시,연제구,202303,4048,4006,101.05,3729,108.55
여행/숙박업,부산광역시,연제구,202303,127,131,96.95,132,96.21
운송업,부산광역시,연제구,202303,419,418,100.24,393,106.62
식음료업,부산광역시,연제구,202303,2952,2945,100.24,2965,99.56
의료웰니스업,부산광역시,연제구,202303,1807,1803,100.22,1742,103.73
서비스업,부산광역시,연제구,202303,2937,2934,100.1,2866,102.48
쇼핑업,부산광역시,수영구,202303,4803,4756,100.99,4352,110.36
여행/숙박업,부산광역시,수영구,202303,154,151,101.99,139,110.79
운송업,부산광역시,수영구,202303,304,299,101.67,289,105.19
식음료업,부산광역시,수영구,202303,3271,3261,100.31,3125,104.67
의료웰니스업,부산광역시,수영구,202303,1682,1684,99.88,1624,103.57
서비스업,부산광역시,수영구,202303,1984,1981,100.15,1949,101.8
쇼핑업,부산광역시,사상구,202303,4325,4322,100.07,4176,103.57
여행/숙박업,부산광역시,사상구,202303,151,149,101.34,149,101.34
운송업,부산광역시,사상구,202303,586,587,99.83,587,99.83
식음료업,부산광역시,사상구,202303,2996,2998,99.93,3036,98.68
의료웰니스업,부산광역시,사상구,202303,1350,1347,100.22,1332,101.35
서비스업,부산광역시,사상구,202303,1537,1536,100.07,1562,98.4
쇼핑업,부산광역시,기장군,202303,3936,3903,100.85,3531,111.47
여행/숙박업,부산광역시,기장군,202303,158,156,101.28,123,128.46
운송업,부산광역시,기장군,202303,310,311,99.68,290,106.9
식음료업,부산광역시,기장군,202303,3074,3050,100.79,3016,101.92
의료웰니스업,부산광역시,기장군,202303,1175,1172,100.26,1092,107.6
서비스업,부산광역시,기장군,202303,1683,1669,100.84,1594,105.58
쇼핑업,부산광역시,부산광역시 합계,202304,72122,71634,100.68,67180,107.36
여행/숙박업,부산광역시,부산광역시 합계,202304,2722,2712,100.37,2500,108.88
운송업,부산광역시,부산광역시 합계,202304,5608,5592,100.29,5515,101.69
식음료업,부산광역시,부산광역시 합계,202304,50243,50206,100.07,50306,99.87
의료웰니스업,부산광역시,부산광역시 합계,202304,27361,27308,100.19,26525,103.15
서비스업,부산광역시,부산광역시 합계,202304,31523,31505,100.06,30926,101.93
쇼핑업,부산광역시,중구,202304,2868,2865,100.1,2773,103.43
여행/숙박업,부산광역시,중구,202304,226,228,99.12,226,100.0
운송업,부산광역시,중구,202304,136,138,98.55,137,99.27
식음료업,부산광역시,중구,202304,2006,2004,100.1,2014,99.6
의료웰니스업,부산광역시,중구,202304,780,777,100.39,775,100.65
서비스업,부산광역시,중구,202304,536,541,99.08,543,98.71
쇼핑업,부산광역시,서구,202304,1869,1869,100.0,1716,108.92
여행/숙박업,부산광역시,서구,202304,71,72,98.61,67,105.97
운송업,부산광역시,서구,202304,149,148,100.68,153,97.39
식음료업,부산광역시,서구,202304,1450,1447,100.21,1418,102.26
의료웰니스업,부산광역시,서구,202304,766,766,100.0,756,101.32
서비스업,부산광역시,서구,202304,706,707,99.86,681,103.67
쇼핑업,부산광역시,동구,202304,2981,2976,100.17,2821,105.67
여행/숙박업,부산광역시,동구,202304,285,281,101.42,266,107.14
운송업,부산광역시,동구,202304,227,225,100.89,223,101.79
식음료업,부산광역시,동구,202304,1606,1603,100.19,1611,99.69
의료웰니스업,부산광역시,동구,202304,770,764,100.79,747,103.08
서비스업,부산광역시,동구,202304,770,768,100.26,748,102.94
쇼핑업,부산광역시,영도구,202304,1703,1695,100.47,1552,109.73
여행/숙박업,부산광역시,영도구,202304,101,103,98.06,100,101.0
운송업,부산광역시,영도구,202304,156,155,100.65,143,109.09
식음료업,부산광역시,영도구,202304,1470,1470,100.0,1463,100.48
의료웰니스업,부산광역시,영도구,202304,730,733,99.59,714,102.24
서비스업,부산광역시,영도구,202304,558,557,100.18,560,99.64
쇼핑업,부산광역시,부산진구,202304,9255,9214,100.44,8591,107.73
여행/숙박업,부산광역시,부산진구,202304,353,349,101.15,349,101.15
운송업,부산광역시,부산진구,202304,509,510,99.8,494,103.04
식음료업,부산광역시,부산진구,202304,6333,6311,100.35,6284,100.78
의료웰니스업,부산광역시,부산진구,202304,3770,3756,100.37,3602,104.66
서비스업,부산광역시,부산진구,202304,3487,3487,100.0,3405,102.41
쇼핑업,부산광역시,동래구,202304,5289,5228,101.17,4878,108.43
여행/숙박업,부산광역시,동래구,202304,186,189,98.41,194,95.88
운송업,부산광역시,동래구,202304,355,356,99.72,356,99.72
식음료업,부산광역시,동래구,202304,3842,3849,99.82,3919,98.04
의료웰니스업,부산광역시,동래구,202304,2536,2527,100.36,2435,104.15
서비스업,부산광역시,동래구,202304,2897,2895,100.07,2801,103.43
쇼핑업,부산광역시,남구,202304,5027,4957,101.41,4626,108.67
여행/숙박업,부산광역시,남구,202304,112,110,101.82,112,100.0
운송업,부산광역시,남구,202304,418,418,100.0,426,98.12
식음료업,부산광역시,남구,202304,3235,3235,100.0,3270,98.93
의료웰니스업,부산광역시,남구,202304,1920,1919,100.05,1891,101.53
서비스업,부산광역시,남구,202304,2100,2100,100.0,2073,101.3
쇼핑업,부산광역시,북구,202304,4356,4347,100.21,4539,95.97
여행/숙박업,부산광역시,북구,202304,100,102,98.04,110,90.91
운송업,부산광역시,북구,202304,289,285,101.4,279,103.58
식음료업,부산광역시,북구,202304,2904,2899,100.17,2958,98.17
의료웰니스업,부산광역시,북구,202304,1876,1871,100.27,1819,103.13
서비스업,부산광역시,북구,202304,1929,1931,99.9,1953,98.77
쇼핑업,부산광역시,해운대구,202304,8715,8653,100.72,8068,108.02
여행/숙박업,부산광역시,해운대구,202304,426,418,101.91,251,169.72
운송업,부산광역시,해운대구,202304,535,531,100.75,525,101.9
식음료업,부산광역시,해운대구,202304,5026,5042,99.68,5103,98.49
의료웰니스업,부산광역시,해운대구,202304,3140,3129,100.35,3044,103.15
서비스업,부산광역시,해운대구,202304,4188,4180,100.19,4158,100.72
쇼핑업,부산광역시,사하구,202304,4887,4819,101.41,4368,111.88
여행/숙박업,부산광역시,사하구,202304,89,90,98.89,94,94.68
운송업,부산광역시,사하구,202304,437,438,99.77,434,100.69
식음료업,부산광역시,사하구,202304,3855,3854,100.03,3894,99.0
의료웰니스업,부산광역시,사하구,202304,2276,2267,100.4,2226,102.25
서비스업,부산광역시,사하구,202304,2164,2164,100.0,2140,101.12
쇼핑업,부산광역시,금정구,202304,4417,4397,100.45,4203,105.09
여행/숙박업,부산광역시,금정구,202304,105,102,102.94,108,97.22
운송업,부산광역시,금정구,202304,378,380,99.47,391,96.68
식음료업,부산광역시,금정구,202304,3512,3514,99.94,3573,98.29
의료웰니스업,부산광역시,금정구,202304,1863,1870,99.63,1853,100.54
서비스업,부산광역시,금정구,202304,2168,2172,99.82,2155,100.6
쇼핑업,부산광역시,강서구,202304,3539,3499,101.14,3068,115.35
여행/숙박업,부산광역시,강서구,202304,73,71,102.82,68,107.35
운송업,부산광역시,강서구,202304,376,370,101.62,355,105.92
식음료업,부산광역시,강서구,202304,2689,2685,100.15,2610,103.03
의료웰니스업,부산광역시,강서구,202304,906,903,100.33,816,111.03
서비스업,부산광역시,강서구,202304,1816,1808,100.44,1649,110.13
쇼핑업,부산광역시,연제구,202304,4073,4048,100.62,3763,108.24
여행/숙박업,부산광역시,연제구,202304,127,127,100.0,135,94.07
운송업,부산광역시,연제구,202304,418,419,99.76,392,106.63
식음료업,부산광역시,연제구,202304,2952,2952,100.0,2975,99.23
의료웰니스업,부산광역시,연제구,202304,1802,1807,99.72,1760,102.39
서비스업,부산광역시,연제구,202304,2936,2937,99.97,2875,102.12
쇼핑업,부산광역시,수영구,202304,4868,4803,101.35,4419,110.16
여행/숙박업,부산광역시,수영구,202304,153,154,99.35,140,109.29
운송업,부산광역시,수영구,202304,304,304,100.0,290,104.83
식음료업,부산광역시,수영구,202304,3283,3271,100.37,3147,104.32
의료웰니스업,부산광역시,수영구,202304,1685,1682,100.18,1638,102.87
서비스업,부산광역시,수영구,202304,1987,1984,100.15,1952,101.79
쇼핑업,부산광역시,사상구,202304,4333,4325,100.18,4188,103.46
여행/숙박업,부산광역시,사상구,202304,151,151,100.0,150,100.67
운송업,부산광역시,사상구,202304,588,586,100.34,592,99.32
식음료업,부산광역시,사상구,202304,2994,2996,99.93,3042,98.42
의료웰니스업,부산광역시,사상구,202304,1351,1350,100.07,1334,101.27
서비스업,부산광역시,사상구,202304,1541,1537,100.26,1562,98.66
쇼핑업,부산광역시,기장군,202304,3939,3936,100.08,3603,109.33
여행/숙박업,부산광역시,기장군,202304,157,158,99.37,123,127.64
운송업,부산광역시,기장군,202304,314,310,101.29,298,105.37
식음료업,부산광역시,기장군,202304,3086,3074,100.39,3025,102.02
의료웰니스업,부산광역시,기장군,202304,1178,1175,100.26,1097,107.38
서비스업,부산광역시,기장군,202304,1689,1683,100.36,1605,105.23
쇼핑업,부산광역시,부산광역시 합계,202305,72364,72122,100.34,68017,106.39
여행/숙박업,부산광역시,부산광역시 합계,202305,2749,2722,100.99,2508,109.61
운송업,부산광역시,부산광역시 합계,202305,5629,5608,100.37,5533,101.74
식음료업,부산광역시,부산광역시 합계,202305,50233,50243,99.98,50635,99.21
의료웰니스업,부산광역시,부산광역시 합계,202305,27431,27361,100.26,26708,102.71
서비스업,부산광역시,부산광역시 합계,202305,31531,31523,100.03,31133,101.28
쇼핑업,부산광역시,중구,202305,2874,2868,100.21,2802,102.57
여행/숙박업,부산광역시,중구,202305,227,226,100.44,222,102.25
운송업,부산광역시,중구,202305,138,136,101.47,138,100.0
식음료업,부산광역시,중구,202305,2013,2006,100.35,2030,99.16
의료웰니스업,부산광역시,중구,202305,783,780,100.38,778,100.64
서비스업,부산광역시,중구,202305,533,536,99.44,544,97.98
쇼핑업,부산광역시,서구,202305,1861,1869,99.57,1734,107.32
여행/숙박업,부산광역시,서구,202305,72,71,101.41,67,107.46
운송업,부산광역시,서구,202305,151,149,101.34,153,98.69
식음료업,부산광역시,서구,202305,1446,1450,99.72,1421,101.76
의료웰니스업,부산광역시,서구,202305,768,766,100.26,758,101.32
서비스업,부산광역시,서구,202305,703,706,99.58,686,102.48
쇼핑업,부산광역시,동구,202305,2979,2981,99.93,2857,104.27
여행/숙박업,부산광역시,동구,202305,289,285,101.4,272,106.25
운송업,부산광역시,동구,202305,228,227,100.44,225,101.33
식음료업,부산광역시,동구,202305,1602,1606,99.75,1620,98.89
의료웰니스업,부산광역시,동구,202305,772,770,100.26,755,102.25
서비스업,부산광역시,동구,202305,767,770,99.61,754,101.72
쇼핑업,부산광역시,영도구,202305,1709,1703,100.35,1574,108.58
여행/숙박업,부산광역시,영도구,202305,101,101,100.0,103,98.06
운송업,부산광역시,영도구,202305,159,156,101.92,145,109.66
식음료업,부산광역시,영도구,202305,1475,1470,100.34,1473,100.14
의료웰니스업,부산광역시,영도구,202305,731,730,100.14,714,102.38
서비스업,부산광역시,영도구,202305,556,558,99.64,559,99.46
쇼핑업,부산광역시,부산진구,202305,9317,9255,100.67,8709,106.98
여행/숙박업,부산광역시,부산진구,202305,357,353,101.13,349,102.29
운송업,부산광역시,부산진구,202305,508,509,99.8,499,101.8
식음료업,부산광역시,부산진구,202305,6358,6333,100.39,6323,100.55
의료웰니스업,부산광역시,부산진구,202305,3784,3770,100.37,3632,104.19
서비스업,부산광역시,부산진구,202305,3493,3487,100.17,3426,101.96
쇼핑업,부산광역시,동래구,202305,5308,5289,100.36,4939,107.47
여행/숙박업,부산광역시,동래구,202305,187,186,100.54,192,97.4
운송업,부산광역시,동래구,202305,363,355,102.25,359,101.11
식음료업,부산광역시,동래구,202305,3829,3842,99.66,3927,97.5
의료웰니스업,부산광역시,동래구,202305,2544,2536,100.32,2456,103.58
서비스업,부산광역시,동래구,202305,2909,2897,100.41,2828,102.86
쇼핑업,부산광역시,남구,202305,5055,5027,100.56,4672,108.2
여행/숙박업,부산광역시,남구,202305,115,112,102.68,111,103.6
운송업,부산광역시,남구,202305,417,418,99.76,429,97.2
식음료업,부산광역시,남구,202305,3225,3235,99.69,3290,98.02
의료웰니스업,부산광역시,남구,202305,1919,1920,99.95,1900,101.0
서비스업,부산광역시,남구,202305,2091,2100,99.57,2086,100.24
쇼핑업,부산광역시,북구,202305,4361,4356,100.11,4613,94.54
여행/숙박업,부산광역시,북구,202305,99,100,99.0,110,90.0
운송업,부산광역시,북구,202305,287,289,99.31,282,101.77
식음료업,부산광역시,북구,202305,2899,2904,99.83,2963,97.84
의료웰니스업,부산광역시,북구,202305,1881,1876,100.27,1827,102.96
서비스업,부산광역시,북구,202305,1925,1929,99.79,1959,98.26
쇼핑업,부산광역시,해운대구,202305,8790,8715,100.86,8193,107.29
여행/숙박업,부산광역시,해운대구,202305,433,426,101.64,255,169.8
운송업,부산광역시,해운대구,202305,535,535,100.0,526,101.71
식음료업,부산광역시,해운대구,202305,5044,5026,100.36,5140,98.13
의료웰니스업,부산광역시,해운대구,202305,3147,3140,100.22,3069,102.54
서비스업,부산광역시,해운대구,202305,4188,4188,100.0,4180,100.19
쇼핑업,부산광역시,사하구,202305,4899,4887,100.25,4430,110.59
여행/숙박업,부산광역시,사하구,202305,90,89,101.12,93,96.77
운송업,부산광역시,사하구,202305,438,437,100.23,434,100.92
식음료업,부산광역시,사하구,202305,3862,3855,100.18,3926,98.37
의료웰니스업,부산광역시,사하구,202305,2272,2276,99.82,2241,101.38
서비스업,부산광역시,사하구,202305,2167,2164,100.14,2159,100.37
쇼핑업,부산광역시,금정구,202305,4397,4417,99.55,4237,103.78
여행/숙박업,부산광역시,금정구,202305,104,105,99.05,108,96.3
운송업,부산광역시,금정구,202305,376,378,99.47,388,96.91
식음료업,부산광역시,금정구,202305,3500,3512,99.66,3589,97.52
의료웰니스업,부산광역시,금정구,202305,1866,1863,100.16,1862,100.21
서비스업,부산광역시,금정구,202305,2172,2168,100.18,2161,100.51
쇼핑업,부산광역시,강서구,202305,3559,3539,100.57,3106,114.58
여행/숙박업,부산광역시,강서구,202305,73,73,100.0,69,105.8
운송업,부산광역시,강서구,202305,376,376,100.0,357,105.32
식음료업,부산광역시,강서구,202305,2687,2689,99.93,2642,101.7
의료웰니스업,부산광역시,강서구,202305,918,906,101.32,829,110.74
서비스업,부산광역시,강서구,202305,1816,1816,100.0,1662,109.27
쇼핑업,부산광역시,연제구,202305,4078,4073,100.12,3810,107.03
여행/숙박업,부산광역시,연제구,202305,128,127,100.79,136,94.12
운송업,부산광역시,연제구,202305,418,418,100.0,390,107.18
식음료업,부산광역시,연제구,202305,2933,2952,99.36,2988,98.16
의료웰니스업,부산광역시,연제구,202305,1806,1802,100.22,1767,102.21
서비스업,부산광역시,연제구,202305,2936,2936,100.0,2890,101.59
쇼핑업,부산광역시,수영구,202305,4897,4868,100.6,4480,109.31
여행/숙박업,부산광역시,수영구,202305,155,153,101.31,139,111.51
운송업,부산광역시,수영구,202305,310,304,101.97,293,105.8
식음료업,부산광역시,수영구,202305,3296,3283,100.4,3184,103.52
의료웰니스업,부산광역시,수영구,202305,1682,1685,99.82,1656,101.57
서비스업,부산광역시,수영구,202305,1991,1987,100.2,1993,99.9
쇼핑업,부산광역시,사상구,202305,4342,4333,100.21,4217,102.96
여행/숙박업,부산광역시,사상구,202305,151,151,100.0,150,100.67
운송업,부산광역시,사상구,202305,590,588,100.34,592,99.66
식음료업,부산광역시,사상구,202305,2993,2994,99.97,3071,97.46
의료웰니스업,부산광역시,사상구,202305,1358,1351,100.52,1338,101.49
서비스업,부산광역시,사상구,202305,1542,1541,100.06,1565,98.53
쇼핑업,부산광역시,기장군,202305,3935,3939,99.9,3640,108.1
여행/숙박업,부산광역시,기장군,202305,161,157,102.55,125,128.8
운송업,부산광역시,기장군,202305,318,314,101.27,297,107.07
식음료업,부산광역시,기장군,202305,3071,3086,99.51,3048,100.75
의료웰니스업,부산광역시,기장군,202305,1188,1178,100.85,1108,107.22
서비스업,부산광역시,기장군,202305,1692,1689,100.18,1619,104.51
쇼핑업,부산광역시,부산광역시 합계,202306,72612,72364,100.34,68611,105.83
여행/숙박업,부산광역시,부산광역시 합계,202306,2762,2749,100.47,2502,110.39
운송업,부산광역시,부산광역시 합계,202306,5642,5629,100.23,5539,101.86
식음료업,부산광역시,부산광역시 합계,202306,50261,50233,100.06,50528,99.47
의료웰니스업,부산광역시,부산광역시 합계,202306,27457,27431,100.09,26762,102.6
서비스업,부산광역시,부산광역시 합계,202306,31547,31531,100.05,31151,101.27
쇼핑업,부산광역시,중구,202306,2872,2874,99.93,2812,102.13
여행/숙박업,부산광역시,중구,202306,228,227,100.44,220,103.64
운송업,부산광역시,중구,202306,139,138,100.72,140,99.29
식음료업,부산광역시,중구,202306,2021,2013,100.4,2019,100.1
의료웰니스업,부산광역시,중구,202306,784,783,100.13,777,100.9
서비스업,부산광역시,중구,202306,529,533,99.25,545,97.06
쇼핑업,부산광역시,서구,202306,1867,1861,100.32,1748,106.81
여행/숙박업,부산광역시,서구,202306,72,72,100.0,67,107.46
운송업,부산광역시,서구,202306,152,151,100.66,152,100.0
식음료업,부산광역시,서구,202306,1444,1446,99.86,1444,100.0
의료웰니스업,부산광역시,서구,202306,764,768,99.48,759,100.66
서비스업,부산광역시,서구,202306,705,703,100.28,689,102.32
쇼핑업,부산광역시,동구,202306,2991,2979,100.4,2891,103.46
여행/숙박업,부산광역시,동구,202306,291,289,100.69,274,106.2
운송업,부산광역시,동구,202306,226,228,99.12,225,100.44
식음료업,부산광역시,동구,202306,1598,1602,99.75,1618,98.76
의료웰니스업,부산광역시,동구,202306,773,772,100.13,754,102.52
서비스업,부산광역시,동구,202306,778,767,101.43,756,102.91
쇼핑업,부산광역시,영도구,202306,1715,1709,100.35,1586,108.13
여행/숙박업,부산광역시,영도구,202306,103,101,101.98,105,98.1
운송업,부산광역시,영도구,202306,157,159,98.74,146,107.53
식음료업,부산광역시,영도구,202306,1479,1475,100.27,1485,99.6
의료웰니스업,부산광역시,영도구,202306,734,731,100.41,718,102.23
서비스업,부산광역시,영도구,202306,558,556,100.36,558,100.0
쇼핑업,부산광역시,부산진구,202306,9356,9317,100.42,8772,106.66
여행/숙박업,부산광역시,부산진구,202306,357,357,100.0,348,102.59
운송업,부산광역시,부산진구,202306,514,508,101.18,499,103.01
식음료업,부산광역시,부산진구,202306,6373,6358,100.24,6284,101.42
의료웰니스업,부산광역시,부산진구,202306,3792,3784,100.21,3644,104.06
서비스업,부산광역시,부산진구,202306,3490,3493,99.91,3415,102.2
쇼핑업,부산광역시,동래구,202306,5339,5308,100.58,4963,107.58
여행/숙박업,부산광역시,동래구,202306,186,187,99.47,188,98.94
운송업,부산광역시,동래구,202306,365,363,100.55,356,102.53
식음료업,부산광역시,동래구,202306,3817,3829,99.69,3896,97.97
의료웰니스업,부산광역시,동래구,202306,2547,2544,100.12,2466,103.28
서비스업,부산광역시,동래구,202306,2905,2909,99.86,2841,102.25
쇼핑업,부산광역시,남구,202306,5057,5055,100.04,4735,106.8
여행/숙박업,부산광역시,남구,202306,115,115,100.0,112,102.68
운송업,부산광역시,남구,202306,417,417,100.0,430,96.98
식음료업,부산광역시,남구,202306,3199,3225,99.19,3289,97.26
의료웰니스업,부산광역시,남구,202306,1915,1919,99.79,1898,100.9
서비스업,부산광역시,남구,202306,2092,2091,100.05,2102,99.52
쇼핑업,부산광역시,북구,202306,4361,4361,100.0,4594,94.93
여행/숙박업,부산광역시,북구,202306,100,99,101.01,109,91.74
운송업,부산광역시,북구,202306,290,287,101.05,282,102.84
식음료업,부산광역시,북구,202306,2899,2899,100.0,2943,98.5
의료웰니스업,부산광역시,북구,202306,1883,1881,100.11,1826,103.12
서비스업,부산광역시,북구,202306,1922,1925,99.84,1951,98.51
쇼핑업,부산광역시,해운대구,202306,8855,8790,100.74,8276,107.0
여행/숙박업,부산광역시,해운대구,202306,437,433,100.92,255,171.37
운송업,부산광역시,해운대구,202306,536,535,100.19,528,101.52
식음료업,부산광역시,해운대구,202306,5050,5044,100.12,5132,98.4
의료웰니스업,부산광역시,해운대구,202306,3156,3147,100.29,3089,102.17
서비스업,부산광역시,해운대구,202306,4188,4188,100.0,4177,100.26
쇼핑업,부산광역시,사하구,202306,4928,4899,100.59,4471,110.22
여행/숙박업,부산광역시,사하구,202306,92,90,102.22,92,100.0
운송업,부산광역시,사하구,202306,431,438,98.4,429,100.47
식음료업,부산광역시,사하구,202306,3851,3862,99.72,3915,98.37
의료웰니스업,부산광역시,사하구,202306,2270,2272,99.91,2241,101.29
서비스업,부산광역시,사하구,202306,2163,2167,99.82,2155,100.37
쇼핑업,부산광역시,금정구,202306,4421,4397,100.55,4250,104.02
여행/숙박업,부산광역시,금정구,202306,103,104,99.04,103,100.0
운송업,부산광역시,금정구,202306,375,376,99.73,391,95.91
식음료업,부산광역시,금정구,202306,3520,3500,100.57,3585,98.19
의료웰니스업,부산광역시,금정구,202306,1864,1866,99.89,1857,100.38
서비스업,부산광역시,금정구,202306,2174,2172,100.09,2155,100.88
쇼핑업,부산광역시,강서구,202306,3584,3559,100.7,3180,112.7
여행/숙박업,부산광역시,강서구,202306,74,73,101.37,69,107.25
운송업,부산광역시,강서구,202306,378,376,100.53,356,106.18
식음료업,부산광역시,강서구,202306,2702,2687,100.56,2641,102.31
의료웰니스업,부산광역시,강서구,202306,917,918,99.89,837,109.56
서비스업,부산광역시,강서구,202306,1826,1816,100.55,1686,108.3
쇼핑업,부산광역시,연제구,202306,4068,4078,99.75,3859,105.42
여행/숙박업,부산광역시,연제구,202306,127,128,99.22,136,93.38
운송업,부산광역시,연제구,202306,418,418,100.0,398,105.03
식음료업,부산광역시,연제구,202306,2918,2933,99.49,2976,98.05
의료웰니스업,부산광역시,연제구,202306,1812,1806,100.33,1773,102.2
서비스업,부산광역시,연제구,202306,2946,2936,100.34,2885,102.11
쇼핑업,부산광역시,수영구,202306,4923,4897,100.53,4553,108.13
여행/숙박업,부산광역시,수영구,202306,161,155,103.87,140,115.0
운송업,부산광역시,수영구,202306,309,310,99.68,293,105.46
식음료업,부산광역시,수영구,202306,3309,3296,100.39,3188,103.8
의료웰니스업,부산광역시,수영구,202306,1687,1682,100.3,1651,102.18
서비스업,부산광역시,수영구,202306,1989,1991,99.9,1980,100.45
쇼핑업,부산광역시,사상구,202306,4340,4342,99.95,4237,102.43
여행/숙박업,부산광역시,사상구,202306,149,151,98.68,150,99.33
운송업,부산광역시,사상구,202306,593,590,100.51,589,100.68
식음료업,부산광역시,사상구,202306,2989,2993,99.87,3051,97.97
의료웰니스업,부산광역시,사상구,202306,1355,1358,99.78,1341,101.04
서비스업,부산광역시,사상구,202306,1541,1542,99.94,1568,98.28
쇼핑업,부산광역시,기장군,202306,3932,3935,99.92,3679,106.88
여행/숙박업,부산광역시,기장군,202306,159,161,98.76,127,125.2
운송업,부산광역시,기장군,202306,326,318,102.52,299,109.03
식음료업,부산광역시,기장군,202306,3092,3071,100.68,3062,100.98
의료웰니스업,부산광역시,기장군,202306,1192,1188,100.34,1113,107.1
서비스업,부산광역시,기장군,202306,1691,1692,99.94,1627,103.93
쇼핑업,부산광역시,부산광역시 합계,202307,72832,72612,100.3,69120,105.37
여행/숙박업,부산광역시,부산광역시 합계,202307,2765,2762,100.11,2503,110.47
운송업,부산광역시,부산광역시 합계,202307,5659,5642,100.3,5527,102.39
식음료업,부산광역시,부산광역시 합계,202307,50155,50261,99.79,50392,99.53
의료웰니스업,부산광역시,부산광역시 합계,202307,27489,27457,100.12,26820,102.49
서비스업,부산광역시,부산광역시 합계,202307,31637,31547,100.29,31243,101.26
쇼핑업,부산광역시,중구,202307,2882,2872,100.35,2870,100.42
여행/숙박업,부산광역시,중구,202307,228,228,100.0,218,104.59
운송업,부산광역시,중구,202307,136,139,97.84,140,97.14
식음료업,부산광역시,중구,202307,2021,2021,100.0,2015,100.3
의료웰니스업,부산광역시,중구,202307,789,784,100.64,782,100.9
서비스업,부산광역시,중구,202307,529,529,100.0,544,97.24
쇼핑업,부산광역시,서구,202307,1867,1867,100.0,1754,106.44
여행/숙박업,부산광역시,서구,202307,71,72,98.61,67,105.97
운송업,부산광역시,서구,202307,153,152,100.66,151,101.32
식음료업,부산광역시,서구,202307,1437,1444,99.52,1442,99.65
의료웰니스업,부산광역시,서구,202307,762,764,99.74,759,100.4
서비스업,부산광역시,서구,202307,705,702,100.43,683,103.22
쇼핑업,부산광역시,동구,202307,3006,2991,100.5,2911,103.26
여행/숙박업,부산광역시,동구,202307,292,291,100.34,277,105.42
운송업,부산광역시,동구,202307,227,226,100.44,223,101.79
식음료업,부산광역시,동구,202307,1608,1598,100.63,1617,99.44
의료웰니스업,부산광역시,동구,202307,772,773,99.87,755,102.25
서비스업,부산광역시,동구,202307,778,778,100.0,753,103.32
쇼핑업,부산광역시,영도구,202307,1728,1715,100.76,1594,108.41
여행/숙박업,부산광역시,영도구,202307,105,103,101.94,107,98.13
운송업,부산광역시,영도구,202307,159,157,101.27,147,108.16
식음료업,부산광역시,영도구,202307,1477,1479,99.86,1483,99.6
의료웰니스업,부산광역시,영도구,202307,736,734,100.27,721,102.08
서비스업,부산광역시,영도구,202307,559,558,100.18,560,99.82
쇼핑업,부산광역시,부산진구,202307,9374,9356,100.19,8835,106.1
여행/숙박업,부산광역시,부산진구,202307,353,357,98.88,347,101.73
운송업,부산광역시,부산진구,202307,518,514,100.78,499,103.81
식음료업,부산광역시,부산진구,202307,6359,6373,99.78,6266,101.48
의료웰니스업,부산광역시,부산진구,202307,3794,3792,100.05,3652,103.89
서비스업,부산광역시,부산진구,202307,3494,3490,100.11,3436,101.69
쇼핑업,부산광역시,동래구,202307,5358,5339,100.36,5037,106.37
여행/숙박업,부산광역시,동래구,202307,188,186,101.08,183,102.73
운송업,부산광역시,동래구,202307,363,365,99.45,352,103.12
식음료업,부산광역시,동래구,202307,3812,3817,99.87,3876,98.35
의료웰니스업,부산광역시,동래구,202307,2550,2547,100.12,2467,103.36
서비스업,부산광역시,동래구,202307,2926,2905,100.72,2844,102.88
쇼핑업,부산광역시,남구,202307,5077,5057,100.4,4767,106.5
여행/숙박업,부산광역시,남구,202307,115,115,100.0,112,102.68
운송업,부산광역시,남구,202307,417,417,100.0,431,96.75
식음료업,부산광역시,남구,202307,3190,3199,99.72,3271,97.52
의료웰니스업,부산광역시,남구,202307,1928,1915,100.68,1894,101.8
서비스업,부산광역시,남구,202307,2106,2092,100.67,2099,100.33
쇼핑업,부산광역시,북구,202307,4346,4361,99.66,4422,98.28
여행/숙박업,부산광역시,북구,202307,100,100,100.0,108,92.59
운송업,부산광역시,북구,202307,286,290,98.62,283,101.06
식음료업,부산광역시,북구,202307,2886,2899,99.55,2925,98.67
의료웰니스업,부산광역시,북구,202307,1877,1883,99.68,1831,102.51
서비스업,부산광역시,북구,202307,1914,1922,99.58,1948,98.25
쇼핑업,부산광역시,해운대구,202307,8891,8855,100.41,8378,106.12
여행/숙박업,부산광역시,해운대구,202307,440,437,100.69,262,167.94
운송업,부산광역시,해운대구,202307,540,536,100.75,528,102.27
식음료업,부산광역시,해운대구,202307,5045,5050,99.9,5118,98.57
의료웰니스업,부산광역시,해운대구,202307,3155,3156,99.97,3091,102.07
서비스업,부산광역시,해운대구,202307,4204,4188,100.38,4185,100.45
쇼핑업,부산광역시,사하구,202307,4952,4928,100.49,4544,108.98
여행/숙박업,부산광역시,사하구,202307,89,92,96.74,92,96.74
운송업,부산광역시,사하구,202307,431,431,100.0,426,101.17
식음료업,부산광역시,사하구,202307,3834,3851,99.56,3896,98.41
의료웰니스업,부산광역시,사하구,202307,2278,2270,100.35,2240,101.7
서비스업,부산광역시,사하구,202307,2162,2163,99.95,2161,100.05
쇼핑업,부산광역시,금정구,202307,4429,4421,100.18,4280,103.48
여행/숙박업,부산광역시,금정구,202307,103,103,100.0,103,100.0
운송업,부산광역시,금정구,202307,376,375,100.27,393,95.67
식음료업,부산광역시,금정구,202307,3509,3520,99.69,3560,98.57
의료웰니스업,부산광역시,금정구,202307,1870,1864,100.32,1857,100.7
서비스업,부산광역시,금정구,202307,2169,2174,99.77,2169,100.0
쇼핑업,부산광역시,강서구,202307,3590,3584,100.17,3220,111.49
여행/숙박업,부산광역시,강서구,202307,74,74,100.0,70,105.71
운송업,부산광역시,강서구,202307,384,378,101.59,353,108.78
식음료업,부산광역시,강서구,202307,2691,2702,99.59,2651,101.51
의료웰니스업,부산광역시,강서구,202307,916,917,99.89,841,108.92
서비스업,부산광역시,강서구,202307,1831,1826,100.27,1711,107.01
쇼핑업,부산광역시,연제구,202307,4103,4068,100.86,3898,105.26
여행/숙박업,부산광역시,연제구,202307,126,127,99.21,133,94.74
운송업,부산광역시,연제구,202307,415,418,99.28,402,103.23
식음료업,부산광역시,연제구,202307,2903,2918,99.49,2974,97.61
의료웰니스업,부산광역시,연제구,202307,1819,1812,100.39,1779,102.25
서비스업,부산광역시,연제구,202307,2972,2946,100.88,2906,102.27
쇼핑업,부산광역시,수영구,202307,4921,4923,99.96,4625,106.4
여행/숙박업,부산광역시,수영구,202307,159,161,98.76,141,112.77
운송업,부산광역시,수영구,202307,308,309,99.68,289,106.57
식음료업,부산광역시,수영구,202307,3317,3309,100.24,3189,104.01
의료웰니스업,부산광역시,수영구,202307,1688,1687,100.06,1659,101.75
서비스업,부산광역시,수영구,202307,2005,1989,100.8,1979,101.31
쇼핑업,부산광역시,사상구,202307,4355,4340,100.35,4249,102.49
여행/숙박업,부산광역시,사상구,202307,149,149,100.0,149,100.0
운송업,부산광역시,사상구,202307,594,593,100.17,585,101.54
식음료업,부산광역시,사상구,202307,2977,2989,99.6,3050,97.61
의료웰니스업,부산광역시,사상구,202307,1350,1355,99.63,1345,100.37
서비스업,부산광역시,사상구,202307,1545,1541,100.26,1566,98.66
쇼핑업,부산광역시,기장군,202307,3950,3932,100.46,3731,105.87
여행/숙박업,부산광역시,기장군,202307,165,159,103.77,128,128.91
운송업,부산광역시,기장군,202307,336,326,103.07,300,112.0
식음료업,부산광역시,기장군,202307,3089,3092,99.9,3059,100.98
의료웰니스업,부산광역시,기장군,202307,1193,1192,100.08,1129,105.67
서비스업,부산광역시,기장군,202307,1684,1691,99.59,1635,103.0
쇼핑업,부산광역시,부산광역시 합계,202308,73173,72832,100.47,69812,104.81
여행/숙박업,부산광역시,부산광역시 합계,202308,2790,2765,100.9,2519,110.76
운송업,부산광역시,부산광역시 합계,202308,5647,5659,99.79,5538,101.97
식음료업,부산광역시,부산광역시 합계,202308,50159,50155,100.01,50380,99.56
의료웰니스업,부산광역시,부산광역시 합계,202308,27565,27489,100.28,26905,102.45
서비스업,부산광역시,부산광역시 합계,202308,31694,31637,100.18,31298,101.27
쇼핑업,부산광역시,중구,202308,2878,2882,99.86,2894,99.45
여행/숙박업,부산광역시,중구,202308,229,228,100.44,220,104.09
운송업,부산광역시,중구,202308,136,136,100.0,141,96.45
식음료업,부산광역시,중구,202308,2022,2021,100.05,2009,100.65
의료웰니스업,부산광역시,중구,202308,784,789,99.37,784,100.0
서비스업,부산광역시,중구,202308,527,529,99.62,544,96.88
쇼핑업,부산광역시,서구,202308,1888,1867,101.12,1777,106.25
여행/숙박업,부산광역시,서구,202308,71,71,100.0,68,104.41
운송업,부산광역시,서구,202308,153,153,100.0,153,100.0
식음료업,부산광역시,서구,202308,1438,1437,100.07,1445,99.52
의료웰니스업,부산광역시,서구,202308,764,762,100.26,758,100.79
서비스업,부산광역시,서구,202308,705,705,100.0,687,102.62
쇼핑업,부산광역시,동구,202308,3035,3006,100.96,2933,103.48
여행/숙박업,부산광역시,동구,202308,294,292,100.68,275,106.91
운송업,부산광역시,동구,202308,225,227,99.12,225,100.0
식음료업,부산광역시,동구,202308,1611,1608,100.19,1620,99.44
의료웰니스업,부산광역시,동구,202308,768,772,99.48,758,101.32
서비스업,부산광역시,동구,202308,784,778,100.77,758,103.43
쇼핑업,부산광역시,영도구,202308,1729,1728,100.06,1636,105.68
여행/숙박업,부산광역시,영도구,202308,105,105,100.0,108,97.22
운송업,부산광역시,영도구,202308,156,159,98.11,149,104.7
식음료업,부산광역시,영도구,202308,1483,1477,100.41,1488,99.66
의료웰니스업,부산광역시,영도구,202308,737,733,100.55,720,102.36
서비스업,부산광역시,영도구,202308,564,559,100.89,558,101.08
쇼핑업,부산광역시,부산진구,202308,9400,9374,100.28,8913,105.46
여행/숙박업,부산광역시,부산진구,202308,358,353,101.42,349,102.58
운송업,부산광역시,부산진구,202308,518,518,100.0,504,102.78
식음료업,부산광역시,부산진구,202308,6347,6359,99.81,6290,100.91
의료웰니스업,부산광역시,부산진구,202308,3811,3794,100.45,3666,103.96
서비스업,부산광역시,부산진구,202308,3497,3494,100.09,3440,101.66
쇼핑업,부산광역시,동래구,202308,5377,5358,100.35,5105,105.33
여행/숙박업,부산광역시,동래구,202308,190,188,101.06,187,101.6
운송업,부산광역시,동래구,202308,362,363,99.72,351,103.13
식음료업,부산광역시,동래구,202308,3804,3812,99.79,3868,98.35
의료웰니스업,부산광역시,동래구,202308,2553,2550,100.12,2477,103.07
서비스업,부산광역시,동래구,202308,2924,2926,99.93,2864,102.09
쇼핑업,부산광역시,남구,202308,5089,5077,100.24,4825,105.47
여행/숙박업,부산광역시,남구,202308,116,115,100.87,113,102.65
운송업,부산광역시,남구,202308,415,417,99.52,429,96.74
식음료업,부산광역시,남구,202308,3202,3190,100.38,3261,98.19
의료웰니스업,부산광역시,남구,202308,1929,1928,100.05,1894,101.85
서비스업,부산광역시,남구,202308,2111,2106,100.24,2080,101.49
쇼핑업,부산광역시,북구,202308,4359,4346,100.3,4411,98.82
여행/숙박업,부산광역시,북구,202308,104,100,104.0,106,98.11
운송업,부산광역시,북구,202308,284,286,99.3,280,101.43
식음료업,부산광역시,북구,202308,2876,2886,99.65,2927,98.26
의료웰니스업,부산광역시,북구,202308,1877,1877,100.0,1842,101.9
서비스업,부산광역시,북구,202308,1916,1914,100.1,1945,98.51
쇼핑업,부산광역시,해운대구,202308,8936,8891,100.51,8426,106.05
여행/숙박업,부산광역시,해운대구,202308,440,440,100.0,265,166.04
운송업,부산광역시,해운대구,202308,538,540,99.63,527,102.09
식음료업,부산광역시,해운대구,202308,5037,5045,99.84,5108,98.61
의료웰니스업,부산광역시,해운대구,202308,3168,3155,100.41,3100,102.19
서비스업,부산광역시,해운대구,202308,4201,4204,99.93,4197,100.1
쇼핑업,부산광역시,사하구,202308,4997,4952,100.91,4596,108.72
여행/숙박업,부산광역시,사하구,202308,88,89,98.88,94,93.62
운송업,부산광역시,사하구,202308,430,431,99.77,431,99.77
식음료업,부산광역시,사하구,202308,3833,3834,99.97,3883,98.71
의료웰니스업,부산광역시,사하구,202308,2274,2278,99.82,2249,101.11
서비스업,부산광역시,사하구,202308,2160,2162,99.91,2164,99.82
쇼핑업,부산광역시,금정구,202308,4442,4429,100.29,4307,103.13
여행/숙박업,부산광역시,금정구,202308,105,103,101.94,104,100.96
운송업,부산광역시,금정구,202308,374,376,99.47,391,95.65
식음료업,부산광역시,금정구,202308,3490,3509,99.46,3562,97.98
의료웰니스업,부산광역시,금정구,202308,1876,1870,100.32,1854,101.19
서비스업,부산광역시,금정구,202308,2171,2169,100.09,2167,100.18
쇼핑업,부산광역시,강서구,202308,3631,3590,101.14,3305,109.86
여행/숙박업,부산광역시,강서구,202308,76,74,102.7,70,108.57
운송업,부산광역시,강서구,202308,387,384,100.78,353,109.63
식음료업,부산광역시,강서구,202308,2709,2691,100.67,2668,101.54
의료웰니스업,부산광역시,강서구,202308,924,916,100.87,844,109.48
서비스업,부산광역시,강서구,202308,1843,1831,100.66,1724,106.9
쇼핑업,부산광역시,연제구,202308,4112,4103,100.22,3929,104.66
여행/숙박업,부산광역시,연제구,202308,127,126,100.79,131,96.95
운송업,부산광역시,연제구,202308,412,415,99.28,406,101.48
식음료업,부산광역시,연제구,202308,2916,2903,100.45,2959,98.55
의료웰니스업,부산광역시,연제구,202308,1834,1819,100.82,1788,102.57
서비스업,부산광역시,연제구,202308,2977,2972,100.17,2914,102.16
쇼핑업,부산광역시,수영구,202308,4957,4921,100.73,4670,106.15
여행/숙박업,부산광역시,수영구,202308,163,159,102.52,140,116.43
운송업,부산광역시,수영구,202308,307,308,99.68,289,106.23
식음료업,부산광역시,수영구,202308,3312,3317,99.85,3201,103.47
의료웰니스업,부산광역시,수영구,202308,1694,1688,100.36,1666,101.68
서비스업,부산광역시,수영구,202308,2013,2005,100.4,1987,101.31
쇼핑업,부산광역시,사상구,202308,4381,4355,100.6,4286,102.22
여행/숙박업,부산광역시,사상구,202308,151,149,101.34,150,100.67
운송업,부산광역시,사상구,202308,598,594,100.67,584,102.4
식음료업,부산광역시,사상구,202308,2971,2977,99.8,3045,97.57
의료웰니스업,부산광역시,사상구,202308,1360,1350,100.74,1347,100.97
서비스업,부산광역시,사상구,202308,1557,1545,100.78,1565,99.49
쇼핑업,부산광역시,기장군,202308,3959,3950,100.23,3794,104.35
여행/숙박업,부산광역시,기장군,202308,165,165,100.0,133,124.06
운송업,부산광역시,기장군,202308,336,336,100.0,300,112.0
식음료업,부산광역시,기장군,202308,3108,3089,100.62,3046,102.04
의료웰니스업,부산광역시,기장군,202308,1198,1193,100.42,1137,105.36
서비스업,부산광역시,기장군,202308,1693,1684,100.53,1640,103.23
쇼핑업,부산광역시,부산광역시 합계,202309,73541,73173,100.5,70339,104.55
여행/숙박업,부산광역시,부산광역시 합계,202309,2803,2790,100.47,2519,111.27
운송업,부산광역시,부산광역시 합계,202309,5667,5647,100.35,5533,102.42
식음료업,부산광역시,부산광역시 합계,202309,50211,50159,100.1,50339,99.75
의료웰니스업,부산광역시,부산광역시 합계,202309,27623,27565,100.21,26987,102.36
서비스업,부산광역시,부산광역시 합계,202309,31724,31694,100.09,31329,101.26
쇼핑업,부산광역시,중구,202309,2872,2878,99.79,2910,98.69
여행/숙박업,부산광역시,중구,202309,231,229,100.87,221,104.52
운송업,부산광역시,중구,202309,136,136,100.0,140,97.14
식음료업,부산광역시,중구,202309,2020,2022,99.9,1992,101.41
의료웰니스업,부산광역시,중구,202309,780,784,99.49,781,99.87
서비스업,부산광역시,중구,202309,522,527,99.05,552,94.57
쇼핑업,부산광역시,서구,202309,1893,1888,100.26,1805,104.88
여행/숙박업,부산광역시,서구,202309,71,71,100.0,70,101.43
운송업,부산광역시,서구,202309,153,153,100.0,150,102.0
식음료업,부산광역시,서구,202309,1435,1438,99.79,1444,99.38
의료웰니스업,부산광역시,서구,202309,759,764,99.35,763,99.48
서비스업,부산광역시,서구,202309,701,705,99.43,685,102.34
쇼핑업,부산광역시,동구,202309,3024,3035,99.64,2949,102.54
여행/숙박업,부산광역시,동구,202309,298,294,101.36,276,107.97
운송업,부산광역시,동구,202309,225,225,100.0,221,101.81
식음료업,부산광역시,동구,202309,1619,1611,100.5,1613,100.37
의료웰니스업,부산광역시,동구,202309,770,768,100.26,761,101.18
서비스업,부산광역시,동구,202309,785,784,100.13,754,104.11
쇼핑업,부산광역시,영도구,202309,1735,1729,100.35,1643,105.6
여행/숙박업,부산광역시,영도구,202309,105,105,100.0,108,97.22
운송업,부산광역시,영도구,202309,157,156,100.64,147,106.8
식음료업,부산광역시,영도구,202309,1486,1483,100.2,1483,100.2
의료웰니스업,부산광역시,영도구,202309,732,737,99.32,716,102.23
서비스업,부산광역시,영도구,202309,566,564,100.35,556,101.8
쇼핑업,부산광역시,부산진구,202309,9480,9400,100.85,8945,105.98
여행/숙박업,부산광역시,부산진구,202309,361,358,100.84,346,104.34
운송업,부산광역시,부산진구,202309,523,518,100.97,513,101.95
식음료업,부산광역시,부산진구,202309,6350,6347,100.05,6282,101.08
의료웰니스업,부산광역시,부산진구,202309,3820,3811,100.24,3697,103.33
서비스업,부산광역시,부산진구,202309,3511,3497,100.4,3421,102.63
쇼핑업,부산광역시,동래구,202309,5384,5377,100.13,5151,104.52
여행/숙박업,부산광역시,동래구,202309,192,190,101.05,187,102.67
운송업,부산광역시,동래구,202309,365,362,100.83,352,103.69
식음료업,부산광역시,동래구,202309,3818,3804,100.37,3872,98.61
의료웰니스업,부산광역시,동래구,202309,2554,2553,100.04,2482,102.9
서비스업,부산광역시,동래구,202309,2934,2924,100.34,2868,102.3
쇼핑업,부산광역시,남구,202309,5105,5089,100.31,4853,105.19
여행/숙박업,부산광역시,남구,202309,117,116,100.86,109,107.34
운송업,부산광역시,남구,202309,415,415,100.0,427,97.19
식음료업,부산광역시,남구,202309,3196,3202,99.81,3238,98.7
의료웰니스업,부산광역시,남구,202309,1934,1929,100.26,1892,102.22
서비스업,부산광역시,남구,202309,2117,2111,100.28,2092,101.2
쇼핑업,부산광역시,북구,202309,4398,4359,100.89,4409,99.75
여행/숙박업,부산광역시,북구,202309,104,104,100.0,105,99.05
운송업,부산광역시,북구,202309,285,284,100.35,279,102.15
식음료업,부산광역시,북구,202309,2871,2876,99.83,2937,97.75
의료웰니스업,부산광역시,북구,202309,1882,1877,100.27,1848,101.84
서비스업,부산광역시,북구,202309,1917,1916,100.05,1949,98.36
쇼핑업,부산광역시,해운대구,202309,8976,8936,100.45,8523,105.32
여행/숙박업,부산광역시,해운대구,202309,442,440,100.45,264,167.42
운송업,부산광역시,해운대구,202309,536,538,99.63,529,101.32
식음료업,부산광역시,해운대구,202309,5029,5037,99.84,5106,98.49
의료웰니스업,부산광역시,해운대구,202309,3180,3168,100.38,3111,102.22
서비스업,부산광역시,해운대구,202309,4212,4201,100.26,4200,100.29
쇼핑업,부산광역시,사하구,202309,5039,4997,100.84,4651,108.34
여행/숙박업,부산광역시,사하구,202309,86,88,97.73,94,91.49
운송업,부산광역시,사하구,202309,434,430,100.93,432,100.46
식음료업,부산광역시,사하구,202309,3845,3833,100.31,3886,98.94
의료웰니스업,부산광역시,사하구,202309,2277,2274,100.13,2251,101.16
서비스업,부산광역시,사하구,202309,2169,2160,100.42,2164,100.23
쇼핑업,부산광역시,금정구,202309,4446,4442,100.09,4354,102.11
여행/숙박업,부산광역시,금정구,202309,105,105,100.0,104,100.96
운송업,부산광역시,금정구,202309,376,374,100.53,391,96.16
식음료업,부산광역시,금정구,202309,3499,3490,100.26,3552,98.51
의료웰니스업,부산광역시,금정구,202309,1886,1876,100.53,1861,101.34
서비스업,부산광역시,금정구,202309,2163,2171,99.63,2174,99.49
쇼핑업,부산광역시,강서구,202309,3670,3631,101.07,3335,110.04
여행/숙박업,부산광역시,강서구,202309,74,76,97.37,69,107.25
운송업,부산광역시,강서구,202309,390,387,100.78,355,109.86
식음료업,부산광역시,강서구,202309,2726,2709,100.63,2685,101.53
의료웰니스업,부산광역시,강서구,202309,928,924,100.43,850,109.18
서비스업,부산광역시,강서구,202309,1847,1843,100.22,1737,106.33
쇼핑업,부산광역시,연제구,202309,4128,4112,100.39,3955,104.37
여행/숙박업,부산광역시,연제구,202309,128,127,100.79,130,98.46
운송업,부산광역시,연제구,202309,411,412,99.76,410,100.24
식음료업,부산광역시,연제구,202309,2915,2916,99.97,2954,98.68
의료웰니스업,부산광역시,연제구,202309,1838,1834,100.22,1784,103.03
서비스업,부산광역시,연제구,202309,2960,2977,99.43,2921,101.34
쇼핑업,부산광역시,수영구,202309,4990,4957,100.67,4721,105.7
여행/숙박업,부산광역시,수영구,202309,164,163,100.61,145,113.1
운송업,부산광역시,수영구,202309,306,307,99.67,290,105.52
식음료업,부산광역시,수영구,202309,3315,3312,100.09,3205,103.43
의료웰니스업,부산광역시,수영구,202309,1705,1694,100.65,1678,101.61
서비스업,부산광역시,수영구,202309,2030,2013,100.84,1988,102.11
쇼핑업,부산광역시,사상구,202309,4385,4381,100.09,4298,102.02
여행/숙박업,부산광역시,사상구,202309,150,151,99.34,150,100.0
운송업,부산광역시,사상구,202309,596,598,99.67,576,103.47
식음료업,부산광역시,사상구,202309,2972,2971,100.03,3040,97.76
의료웰니스업,부산광역시,사상구,202309,1363,1360,100.22,1350,100.96
서비스업,부산광역시,사상구,202309,1551,1557,99.61,1561,99.36
쇼핑업,부산광역시,기장군,202309,4013,3959,101.36,3832,104.72
여행/숙박업,부산광역시,기장군,202309,167,165,101.21,134,124.63
운송업,부산광역시,기장군,202309,341,336,101.49,296,115.2
식음료업,부산광역시,기장군,202309,3115,3108,100.23,3050,102.13
의료웰니스업,부산광역시,기장군,202309,1201,1198,100.25,1142,105.17
서비스업,부산광역시,기장군,202309,1691,1693,99.88,1646,102.73
쇼핑업,부산광역시,부산광역시 합계,202310,73809,73541,100.36,70772,104.29
여행/숙박업,부산광역시,부산광역시 합계,202310,2809,2803,100.21,2522,111.38
운송업,부산광역시,부산광역시 합계,202310,5677,5667,100.18,5539,102.49
식음료업,부산광역시,부산광역시 합계,202310,50165,50211,99.91,50284,99.76
의료웰니스업,부산광역시,부산광역시 합계,202310,27687,27623,100.23,27057,102.33
서비스업,부산광역시,부산광역시 합계,202310,31769,31724,100.14,31338,101.38
쇼핑업,부산광역시,중구,202310,2859,2872,99.55,2917,98.01
여행/숙박업,부산광역시,중구,202310,232,231,100.43,222,104.5
운송업,부산광역시,중구,202310,135,136,99.26,140,96.43
식음료업,부산광역시,중구,202310,2015,2020,99.75,1995,101.0
의료웰니스업,부산광역시,중구,202310,781,780,100.13,780,100.13
서비스업,부산광역시,중구,202310,520,522,99.62,554,93.86
쇼핑업,부산광역시,서구,202310,1911,1893,100.95,1830,104.43
여행/숙박업,부산광역시,서구,202310,72,71,101.41,70,102.86
운송업,부산광역시,서구,202310,156,153,101.96,148,105.41
식음료업,부산광역시,서구,202310,1438,1435,100.21,1443,99.65
의료웰니스업,부산광역시,서구,202310,759,759,100.0,766,99.09
서비스업,부산광역시,서구,202310,711,701,101.43,687,103.49
쇼핑업,부산광역시,동구,202310,3021,3024,99.9,2960,102.06
여행/숙박업,부산광역시,동구,202310,298,298,100.0,273,109.16
운송업,부산광역시,동구,202310,224,225,99.56,222,100.9
식음료업,부산광역시,동구,202310,1620,1619,100.06,1604,101.0
의료웰니스업,부산광역시,동구,202310,775,770,100.65,762,101.71
서비스업,부산광역시,동구,202310,787,785,100.25,755,104.24
쇼핑업,부산광역시,영도구,202310,1737,1735,100.12,1646,105.53
여행/숙박업,부산광역시,영도구,202310,105,105,100.0,109,96.33
운송업,부산광역시,영도구,202310,159,157,101.27,150,106.0
식음료업,부산광역시,영도구,202310,1488,1486,100.13,1479,100.61
의료웰니스업,부산광역시,영도구,202310,730,732,99.73,718,101.67
서비스업,부산광역시,영도구,202310,574,566,101.41,556,103.24
쇼핑업,부산광역시,부산진구,202310,9518,9480,100.4,9018,105.54
여행/숙박업,부산광역시,부산진구,202310,361,361,100.0,347,104.03
운송업,부산광역시,부산진구,202310,523,523,100.0,509,102.75
식음료업,부산광역시,부산진구,202310,6342,6350,99.87,6277,101.04
의료웰니스업,부산광역시,부산진구,202310,3841,3820,100.55,3708,103.59
서비스업,부산광역시,부산진구,202310,3531,3511,100.57,3435,102.79
쇼핑업,부산광역시,동래구,202310,5400,5384,100.3,5164,104.57
여행/숙박업,부산광역시,동래구,202310,192,192,100.0,190,101.05
운송업,부산광역시,동래구,202310,367,365,100.55,356,103.09
식음료업,부산광역시,동래구,202310,3799,3818,99.5,3859,98.45
의료웰니스업,부산광역시,동래구,202310,2560,2554,100.23,2489,102.85
서비스업,부산광역시,동래구,202310,2911,2931,99.32,2858,101.85
쇼핑업,부산광역시,남구,202310,5139,5105,100.67,4879,105.33
여행/숙박업,부산광역시,남구,202310,117,117,100.0,108,108.33
운송업,부산광역시,남구,202310,414,415,99.76,425,97.41
식음료업,부산광역시,남구,202310,3196,3196,100.0,3240,98.64
의료웰니스업,부산광역시,남구,202310,1930,1934,99.79,1896,101.79
서비스업,부산광역시,남구,202310,2108,2117,99.57,2092,100.76
쇼핑업,부산광역시,북구,202310,4425,4398,100.61,4384,100.94
여행/숙박업,부산광역시,북구,202310,104,104,100.0,101,102.97
운송업,부산광역시,북구,202310,284,285,99.65,278,102.16
식음료업,부산광역시,북구,202310,2861,2871,99.65,2921,97.95
의료웰니스업,부산광역시,북구,202310,1888,1882,100.32,1854,101.83
서비스업,부산광역시,북구,202310,1921,1917,100.21,1936,99.23
쇼핑업,부산광역시,해운대구,202310,9043,8976,100.75,8593,105.24
여행/숙박업,부산광역시,해운대구,202310,442,442,100.0,268,164.93
운송업,부산광역시,해운대구,202310,532,536,99.25,530,100.38
식음료업,부산광역시,해운대구,202310,5025,5029,99.92,5091,98.7
의료웰니스업,부산광역시,해운대구,202310,3182,3180,100.06,3111,102.28
서비스업,부산광역시,해운대구,202310,4219,4212,100.17,4198,100.5
쇼핑업,부산광역시,사하구,202310,5041,5039,100.04,4701,107.23
여행/숙박업,부산광역시,사하구,202310,86,86,100.0,94,91.49
운송업,부산광역시,사하구,202310,435,434,100.23,428,101.64
식음료업,부산광역시,사하구,202310,3837,3845,99.79,3878,98.94
의료웰니스업,부산광역시,사하구,202310,2277,2277,100.0,2249,101.24
서비스업,부산광역시,사하구,202310,2178,2169,100.41,2168,100.46
쇼핑업,부산광역시,금정구,202310,4451,4446,100.11,4407,101.0
여행/숙박업,부산광역시,금정구,202310,107,105,101.9,105,101.9
운송업,부산광역시,금정구,202310,376,376,100.0,394,95.43
식음료업,부산광역시,금정구,202310,3491,3499,99.77,3553,98.25
의료웰니스업,부산광역시,금정구,202310,1888,1886,100.11,1868,101.07
서비스업,부산광역시,금정구,202310,2175,2163,100.55,2173,100.09
쇼핑업,부산광역시,강서구,202310,3703,3670,100.9,3373,109.78
여행/숙박업,부산광역시,강서구,202310,75,74,101.35,70,107.14
운송업,부산광역시,강서구,202310,392,390,100.51,353,111.05
식음료업,부산광역시,강서구,202310,2737,2726,100.4,2682,102.05
의료웰니스업,부산광역시,강서구,202310,936,928,100.86,862,108.58
서비스업,부산광역시,강서구,202310,1844,1847,99.84,1756,105.01
쇼핑업,부산광역시,연제구,202310,4142,4128,100.34,4003,103.47
여행/숙박업,부산광역시,연제구,202310,128,128,100.0,131,97.71
운송업,부산광역시,연제구,202310,413,411,100.49,412,100.24
식음료업,부산광역시,연제구,202310,2915,2915,100.0,2949,98.85
의료웰니스업,부산광역시,연제구,202310,1840,1838,100.11,1791,102.74
서비스업,부산광역시,연제구,202310,2968,2960,100.27,2914,101.85
쇼핑업,부산광역시,수영구,202310,4991,4990,100.02,4744,105.21
여행/숙박업,부산광역시,수영구,202310,167,164,101.83,144,115.97
운송업,부산광역시,수영구,202310,311,306,101.63,293,106.14
식음료업,부산광역시,수영구,202310,3331,3315,100.48,3230,103.13
의료웰니스업,부산광역시,수영구,202310,1717,1705,100.7,1682,102.08
서비스업,부산광역시,수영구,202310,2029,2030,99.95,1983,102.32
쇼핑업,부산광역시,사상구,202310,4411,4385,100.59,4291,102.8
여행/숙박업,부산광역시,사상구,202310,149,150,99.33,148,100.68
운송업,부산광역시,사상구,202310,597,596,100.17,578,103.29
식음료업,부산광역시,사상구,202310,2967,2972,99.83,3029,97.95
의료웰니스업,부산광역시,사상구,202310,1364,1363,100.07,1348,101.19
서비스업,부산광역시,사상구,202310,1547,1551,99.74,1560,99.17
쇼핑업,부산광역시,기장군,202310,4014,4013,100.02,3857,104.07
여행/숙박업,부산광역시,기장군,202310,166,167,99.4,135,122.96
운송업,부산광역시,기장군,202310,341,341,100.0,298,114.43
식음료업,부산광역시,기장군,202310,3103,3115,99.61,3054,101.6
의료웰니스업,부산광역시,기장군,202310,1205,1201,100.33,1153,104.51
서비스업,부산광역시,기장군,202310,1701,1691,100.59,1650,103.09
쇼핑업,부산광역시,부산광역시 합계,202311,74099,73809,100.39,71052,104.29
여행/숙박업,부산광역시,부산광역시 합계,202311,2813,2809,100.14,2526,111.36
운송업,부산광역시,부산광역시 합계,202311,5695,5677,100.32,5558,102.46
식음료업,부산광역시,부산광역시 합계,202311,50188,50165,100.05,50274,99.83
의료웰니스업,부산광역시,부산광역시 합계,202311,27776,27687,100.32,27107,102.47
서비스업,부산광역시,부산광역시 합계,202311,31792,31769,100.07,31371,101.34
쇼핑업,부산광역시,중구,202311,2851,2859,99.72,2913,97.87
여행/숙박업,부산광역시,중구,202311,230,232,99.14,223,103.14
운송업,부산광역시,중구,202311,135,135,100.0,140,96.43
식음료업,부산광역시,중구,202311,2011,2015,99.8,1992,100.95
의료웰니스업,부산광역시,중구,202311,784,781,100.38,780,100.51
서비스업,부산광역시,중구,202311,520,520,100.0,555,93.69
쇼핑업,부산광역시,서구,202311,1900,1911,99.42,1834,103.6
여행/숙박업,부산광역시,서구,202311,73,72,101.39,71,102.82
운송업,부산광역시,서구,202311,154,156,98.72,149,103.36
식음료업,부산광역시,서구,202311,1440,1438,100.14,1443,99.79
의료웰니스업,부산광역시,서구,202311,763,759,100.53,765,99.74
서비스업,부산광역시,서구,202311,714,711,100.42,684,104.39
쇼핑업,부산광역시,동구,202311,3036,3021,100.5,2984,101.74
여행/숙박업,부산광역시,동구,202311,296,298,99.33,277,106.86
운송업,부산광역시,동구,202311,228,224,101.79,222,102.7
식음료업,부산광역시,동구,202311,1629,1620,100.56,1598,101.94
의료웰니스업,부산광역시,동구,202311,778,775,100.39,762,102.1
서비스업,부산광역시,동구,202311,787,787,100.0,759,103.69
쇼핑업,부산광역시,영도구,202311,1733,1737,99.77,1649,105.09
여행/숙박업,부산광역시,영도구,202311,105,105,100.0,107,98.13
운송업,부산광역시,영도구,202311,160,159,100.63,154,103.9
식음료업,부산광역시,영도구,202311,1490,1488,100.13,1480,100.68
의료웰니스업,부산광역시,영도구,202311,733,730,100.41,721,101.66
서비스업,부산광역시,영도구,202311,572,574,99.65,558,102.51
쇼핑업,부산광역시,부산진구,202311,9581,9518,100.66,9060,105.75
여행/숙박업,부산광역시,부산진구,202311,363,361,100.55,350,103.71
운송업,부산광역시,부산진구,202311,522,523,99.81,510,102.35
식음료업,부산광역시,부산진구,202311,6342,6342,100.0,6283,100.94
의료웰니스업,부산광역시,부산진구,202311,3860,3841,100.49,3720,103.76
서비스업,부산광역시,부산진구,202311,3534,3531,100.08,3442,102.67
쇼핑업,부산광역시,동래구,202311,5408,5400,100.15,5184,104.32
여행/숙박업,부산광역시,동래구,202311,195,192,101.56,190,102.63
운송업,부산광역시,동래구,202311,364,367,99.18,357,101.96
식음료업,부산광역시,동래구,202311,3813,3799,100.37,3853,98.96
의료웰니스업,부산광역시,동래구,202311,2559,2560,99.96,2495,102.57
서비스업,부산광역시,동래구,202311,2906,2911,99.83,2852,101.89
쇼핑업,부산광역시,남구,202311,5167,5139,100.54,4890,105.66
여행/숙박업,부산광역시,남구,202311,116,117,99.15,107,108.41
운송업,부산광역시,남구,202311,416,414,100.48,427,97.42
식음료업,부산광역시,남구,202311,3204,3196,100.25,3247,98.68
의료웰니스업,부산광역시,남구,202311,1939,1930,100.47,1890,102.59
서비스업,부산광역시,남구,202311,2121,2108,100.62,2092,101.39
쇼핑업,부산광역시,북구,202311,4435,4425,100.23,4373,101.42
여행/숙박업,부산광역시,북구,202311,105,104,100.96,102,102.94
운송업,부산광역시,북구,202311,284,284,100.0,277,102.53
식음료업,부산광역시,북구,202311,2859,2861,99.93,2926,97.71
의료웰니스업,부산광역시,북구,202311,1882,1888,99.68,1865,100.91
서비스업,부산광역시,북구,202311,1918,1921,99.84,1937,99.02
쇼핑업,부산광역시,해운대구,202311,9091,9043,100.53,8639,105.23
여행/숙박업,부산광역시,해운대구,202311,448,442,101.36,269,166.54
운송업,부산광역시,해운대구,202311,537,532,100.94,532,100.94
식음료업,부산광역시,해운대구,202311,5011,5025,99.72,5081,98.62
의료웰니스업,부산광역시,해운대구,202311,3191,3182,100.28,3117,102.37
서비스업,부산광역시,해운대구,202311,4234,4219,100.36,4199,100.83
쇼핑업,부산광역시,사하구,202311,5074,5041,100.65,4731,107.25
여행/숙박업,부산광역시,사하구,202311,87,86,101.16,93,93.55
운송업,부산광역시,사하구,202311,434,435,99.77,429,101.17
식음료업,부산광역시,사하구,202311,3824,3837,99.66,3883,98.48
의료웰니스업,부산광역시,사하구,202311,2293,2277,100.7,2262,101.37
서비스업,부산광역시,사하구,202311,2175,2178,99.86,2175,100.0
쇼핑업,부산광역시,금정구,202311,4464,4451,100.29,4423,100.93
여행/숙박업,부산광역시,금정구,202311,107,107,100.0,103,103.88
운송업,부산광역시,금정구,202311,376,376,100.0,391,96.16
식음료업,부산광역시,금정구,202311,3494,3491,100.09,3547,98.51
의료웰니스업,부산광역시,금정구,202311,1888,1888,100.0,1870,100.96
서비스업,부산광역시,금정구,202311,2172,2175,99.86,2173,99.95
쇼핑업,부산광역시,강서구,202311,3731,3703,100.76,3397,109.83
여행/숙박업,부산광역시,강서구,202311,74,75,98.67,69,107.25
운송업,부산광역시,강서구,202311,393,392,100.26,358,109.78
식음료업,부산광역시,강서구,202311,2750,2737,100.47,2673,102.88
의료웰니스업,부산광역시,강서구,202311,945,936,100.96,866,109.12
서비스업,부산광역시,강서구,202311,1858,1844,100.76,1758,105.69
쇼핑업,부산광역시,연제구,202311,4169,4142,100.65,4028,103.5
여행/숙박업,부산광역시,연제구,202311,127,128,99.22,131,96.95
운송업,부산광역시,연제구,202311,413,413,100.0,414,99.76
식음료업,부산광역시,연제구,202311,2919,2915,100.14,2958,98.68
의료웰니스업,부산광역시,연제구,202311,1848,1840,100.43,1793,103.07
서비스업,부산광역시,연제구,202311,2964,2968,99.87,2919,101.54
쇼핑업,부산광역시,수영구,202311,4993,4991,100.04,4774,104.59
여행/숙박업,부산광역시,수영구,202311,166,167,99.4,142,116.9
운송업,부산광역시,수영구,202311,312,311,100.32,296,105.41
식음료업,부산광역시,수영구,202311,3341,3331,100.3,3240,103.12
의료웰니스업,부산광역시,수영구,202311,1723,1717,100.35,1679,102.62
서비스업,부산광역시,수영구,202311,2027,2029,99.9,1987,102.01
쇼핑업,부산광역시,사상구,202311,4426,4411,100.34,4292,103.12
여행/숙박업,부산광역시,사상구,202311,146,149,97.99,147,99.32
운송업,부산광역시,사상구,202311,601,597,100.67,578,103.98
식음료업,부산광역시,사상구,202311,2959,2967,99.73,3021,97.95
의료웰니스업,부산광역시,사상구,202311,1373,1364,100.66,1347,101.93
서비스업,부산광역시,사상구,202311,1545,1547,99.87,1563,98.85
쇼핑업,부산광역시,기장군,202311,4037,4014,100.57,3876,104.15
여행/숙박업,부산광역시,기장군,202311,167,166,100.6,137,121.9
운송업,부산광역시,기장군,202311,347,341,101.76,302,114.9
식음료업,부산광역시,기장군,202311,3102,3103,99.97,3049,101.74
의료웰니스업,부산광역시,기장군,202311,1203,1205,99.83,1157,103.98
서비스업,부산광역시,기장군,202311,1700,1701,99.94,1656,102.66
쇼핑업,부산광역시,부산광역시 합계,202312,73573,74099,99.29,70703,104.06
여행/숙박업,부산광역시,부산광역시 합계,202312,2817,2813,100.14,2622,107.44
운송업,부산광역시,부산광역시 합계,202312,5679,5695,99.72,5548,102.36
식음료업,부산광역시,부산광역시 합계,202312,49866,50188,99.36,50101,99.53
의료웰니스업,부산광역시,부산광역시 합계,202312,27740,27776,99.87,27087,102.41
서비스업,부산광역시,부산광역시 합계,202312,31671,31792,99.62,31282,101.24
쇼핑업,부산광역시,중구,202312,2828,2851,99.19,2888,97.92
여행/숙박업,부산광역시,중구,202312,232,230,100.87,224,103.57
운송업,부산광역시,중구,202312,136,135,100.74,139,97.84
식음료업,부산광역시,중구,202312,2003,2011,99.6,1996,100.35
의료웰니스업,부산광역시,중구,202312,785,784,100.13,778,100.9
서비스업,부산광역시,중구,202312,520,520,100.0,547,95.06
쇼핑업,부산광역시,서구,202312,1898,1900,99.89,1843,102.98
여행/숙박업,부산광역시,서구,202312,73,73,100.0,72,101.39
운송업,부산광역시,서구,202312,152,154,98.7,148,102.7
식음료업,부산광역시,서구,202312,1425,1440,98.96,1441,98.89
의료웰니스업,부산광역시,서구,202312,760,763,99.61,762,99.74
서비스업,부산광역시,서구,202312,703,714,98.46,688,102.18
쇼핑업,부산광역시,동구,202312,3017,3036,99.37,2964,101.79
여행/숙박업,부산광역시,동구,202312,295,296,99.66,278,106.12
운송업,부산광역시,동구,202312,231,228,101.32,222,104.05
식음료업,부산광역시,동구,202312,1625,1629,99.75,1602,101.44
의료웰니스업,부산광역시,동구,202312,777,778,99.87,761,102.1
서비스업,부산광역시,동구,202312,783,787,99.49,762,102.76
쇼핑업,부산광역시,영도구,202312,1718,1733,99.13,1659,103.56
여행/숙박업,부산광역시,영도구,202312,106,105,100.95,109,97.25
운송업,부산광역시,영도구,202312,160,160,100.0,153,104.58
식음료업,부산광역시,영도구,202312,1479,1490,99.26,1479,100.0
의료웰니스업,부산광역시,영도구,202312,729,733,99.45,723,100.83
서비스업,부산광역시,영도구,202312,570,572,99.65,555,102.7
쇼핑업,부산광역시,부산진구,202312,9529,9581,99.46,9053,105.26
여행/숙박업,부산광역시,부산진구,202312,362,363,99.72,352,102.84
운송업,부산광역시,부산진구,202312,522,522,100.0,511,102.15
식음료업,부산광역시,부산진구,202312,6301,6342,99.35,6279,100.35
의료웰니스업,부산광역시,부산진구,202312,3865,3860,100.13,3717,103.98
서비스업,부산광역시,부산진구,202312,3507,3534,99.24,3435,102.1
쇼핑업,부산광역시,동래구,202312,5361,5408,99.13,5152,104.06
여행/숙박업,부산광역시,동래구,202312,194,195,99.49,190,102.11
운송업,부산광역시,동래구,202312,361,364,99.18,354,101.98
식음료업,부산광역시,동래구,202312,3780,3813,99.13,3828,98.75
의료웰니스업,부산광역시,동래구,202312,2552,2559,99.73,2499,102.12
서비스업,부산광역시,동래구,202312,2904,2906,99.93,2847,102.0
쇼핑업,부산광역시,남구,202312,5126,5167,99.21,4887,104.89
여행/숙박업,부산광역시,남구,202312,115,116,99.14,109,105.5
운송업,부산광역시,남구,202312,410,416,98.56,419,97.85
식음료업,부산광역시,남구,202312,3176,3204,99.13,3233,98.24
의료웰니스업,부산광역시,남구,202312,1938,1939,99.95,1896,102.22
서비스업,부산광역시,남구,202312,2125,2121,100.19,2080,102.16
쇼핑업,부산광역시,북구,202312,4411,4435,99.46,4315,102.22
여행/숙박업,부산광역시,북구,202312,106,105,100.95,102,103.92
운송업,부산광역시,북구,202312,289,284,101.76,282,102.48
식음료업,부산광역시,북구,202312,2848,2859,99.62,2902,98.14
의료웰니스업,부산광역시,북구,202312,1875,1882,99.63,1859,100.86
서비스업,부산광역시,북구,202312,1905,1918,99.32,1928,98.81
쇼핑업,부산광역시,해운대구,202312,9015,9091,99.16,8586,105.0
여행/숙박업,부산광역시,해운대구,202312,449,448,100.22,359,125.07
운송업,부산광역시,해운대구,202312,539,537,100.37,533,101.13
식음료업,부산광역시,해운대구,202312,4977,5011,99.32,5059,98.38
의료웰니스업,부산광역시,해운대구,202312,3184,3191,99.78,3110,102.38
서비스업,부산광역시,해운대구,202312,4202,4234,99.24,4185,100.41
쇼핑업,부산광역시,사하구,202312,5033,5074,99.19,4727,106.47
여행/숙박업,부산광역시,사하구,202312,86,87,98.85,92,93.48
운송업,부산광역시,사하구,202312,431,434,99.31,430,100.23
식음료업,부산광역시,사하구,202312,3812,3824,99.69,3864,98.65
의료웰니스업,부산광역시,사하구,202312,2290,2293,99.87,2250,101.78
서비스업,부산광역시,사하구,202312,2169,2175,99.72,2166,100.14
쇼핑업,부산광역시,금정구,202312,4403,4464,98.63,4379,100.55
여행/숙박업,부산광역시,금정구,202312,106,107,99.07,101,104.95
운송업,부산광역시,금정구,202312,373,376,99.2,383,97.39
식음료업,부산광역시,금정구,202312,3465,3494,99.17,3525,98.3
의료웰니스업,부산광역시,금정구,202312,1885,1888,99.84,1875,100.53
서비스업,부산광역시,금정구,202312,2172,2172,100.0,2156,100.74
쇼핑업,부산광역시,강서구,202312,3712,3731,99.49,3373,110.05
여행/숙박업,부산광역시,강서구,202312,72,74,97.3,69,104.35
운송업,부산광역시,강서구,202312,391,393,99.49,360,108.61
식음료업,부산광역시,강서구,202312,2728,2750,99.2,2667,102.29
의료웰니스업,부산광역시,강서구,202312,944,945,99.89,877,107.64
서비스업,부산광역시,강서구,202312,1857,1858,99.95,1768,105.03
쇼핑업,부산광역시,연제구,202312,4131,4169,99.09,3968,104.11
여행/숙박업,부산광역시,연제구,202312,133,127,104.72,132,100.76
운송업,부산광역시,연제구,202312,413,413,100.0,410,100.73
식음료업,부산광역시,연제구,202312,2899,2919,99.31,2944,98.47
의료웰니스업,부산광역시,연제구,202312,1850,1848,100.11,1788,103.47
서비스업,부산광역시,연제구,202312,2965,2964,100.03,2917,101.65
쇼핑업,부산광역시,수영구,202312,4970,4993,99.54,4772,104.15
여행/숙박업,부산광역시,수영구,202312,169,166,101.81,142,119.01
운송업,부산광역시,수영구,202312,310,312,99.36,295,105.08
식음료업,부산광역시,수영구,202312,3309,3341,99.04,3251,101.78
의료웰니스업,부산광역시,수영구,202312,1718,1723,99.71,1676,102.51
서비스업,부산광역시,수영구,202312,2016,2027,99.46,1983,101.66
쇼핑업,부산광역시,사상구,202312,4403,4426,99.48,4272,103.07
여행/숙박업,부산광역시,사상구,202312,146,146,100.0,145,100.69
운송업,부산광역시,사상구,202312,596,601,99.17,580,102.76
식음료업,부산광역시,사상구,202312,2951,2959,99.73,2995,98.53
의료웰니스업,부산광역시,사상구,202312,1373,1373,100.0,1340,102.46
서비스업,부산광역시,사상구,202312,1536,1545,99.42,1549,99.16
쇼핑업,부산광역시,기장군,202312,4015,4037,99.46,3862,103.96
여행/숙박업,부산광역시,기장군,202312,166,167,99.4,138,120.29
운송업,부산광역시,기장군,202312,348,347,100.29,308,112.99
식음료업,부산광역시,기장군,202312,3088,3102,99.55,3036,101.71
의료웰니스업,부산광역시,기장군,202312,1201,1203,99.83,1160,103.53
서비스업,부산광역시,기장군,202312,1692,1700,99.53,1652,102.42
쇼핑업,부산광역시,부산광역시 합계,202401,73433,73573,99.81,70893,103.58
여행/숙박업,부산광역시,부산광역시 합계,202401,2825,2817,100.28,2689,105.06
운송업,부산광역시,부산광역시 합계,202401,5694,5679,100.26,5559,102.43
식음료업,부산광역시,부산광역시 합계,202401,49875,49866,100.02,50081,99.59
의료웰니스업,부산광역시,부산광역시 합계,202401,27805,27740,100.23,27187,102.27
서비스업,부산광역시,부산광역시 합계,202401,31758,31671,100.27,31373,101.23
쇼핑업,부산광역시,중구,202401,2810,2828,99.36,2889,97.27
여행/숙박업,부산광역시,중구,202401,235,232,101.29,223,105.38
운송업,부산광역시,중구,202401,137,136,100.74,139,98.56
식음료업,부산광역시,중구,202401,1999,2003,99.8,2000,99.95
의료웰니스업,부산광역시,중구,202401,780,785,99.36,781,99.87
서비스업,부산광역시,중구,202401,525,520,100.96,541,97.04
쇼핑업,부산광역시,서구,202401,1891,1898,99.63,1851,102.16
여행/숙박업,부산광역시,서구,202401,74,73,101.37,71,104.23
운송업,부산광역시,서구,202401,151,152,99.34,147,102.72
식음료업,부산광역시,서구,202401,1431,1425,100.42,1442,99.24
의료웰니스업,부산광역시,서구,202401,762,760,100.26,765,99.61
서비스업,부산광역시,서구,202401,702,703,99.86,697,100.72
쇼핑업,부산광역시,동구,202401,3002,3017,99.5,2953,101.66
여행/숙박업,부산광역시,동구,202401,295,295,100.0,280,105.36
운송업,부산광역시,동구,202401,229,231,99.13,225,101.78
식음료업,부산광역시,동구,202401,1629,1625,100.25,1598,101.94
의료웰니스업,부산광역시,동구,202401,779,777,100.26,764,101.96
서비스업,부산광역시,동구,202401,787,783,100.51,756,104.1
쇼핑업,부산광역시,영도구,202401,1716,1718,99.88,1674,102.51
여행/숙박업,부산광역시,영도구,202401,107,106,100.94,110,97.27
운송업,부산광역시,영도구,202401,159,160,99.38,154,103.25
식음료업,부산광역시,영도구,202401,1470,1479,99.39,1471,99.93
의료웰니스업,부산광역시,영도구,202401,727,729,99.73,727,100.0
서비스업,부산광역시,영도구,202401,572,570,100.35,557,102.69
쇼핑업,부산광역시,부산진구,202401,9506,9529,99.76,9112,104.32
여행/숙박업,부산광역시,부산진구,202401,364,362,100.55,353,103.12
운송업,부산광역시,부산진구,202401,528,522,101.15,507,104.14
식음료업,부산광역시,부산진구,202401,6308,6301,100.11,6276,100.51
의료웰니스업,부산광역시,부산진구,202401,3874,3865,100.23,3726,103.97
서비스업,부산광역시,부산진구,202401,3526,3507,100.54,3475,101.47
쇼핑업,부산광역시,동래구,202401,5350,5361,99.79,5159,103.7
여행/숙박업,부산광역시,동래구,202401,193,194,99.48,187,103.21
운송업,부산광역시,동래구,202401,365,361,101.11,356,102.53
식음료업,부산광역시,동래구,202401,3780,3780,100.0,3827,98.77
의료웰니스업,부산광역시,동래구,202401,2558,2552,100.24,2506,102.08
서비스업,부산광역시,동래구,202401,2907,2904,100.1,2864,101.5
쇼핑업,부산광역시,남구,202401,5116,5126,99.8,4887,104.69
여행/숙박업,부산광역시,남구,202401,113,115,98.26,108,104.63
운송업,부산광역시,남구,202401,412,410,100.49,423,97.4
식음료업,부산광역시,남구,202401,3194,3176,100.57,3241,98.55
의료웰니스업,부산광역시,남구,202401,1953,1938,100.77,1901,102.74
서비스업,부산광역시,남구,202401,2153,2125,101.32,2095,102.77
쇼핑업,부산광역시,북구,202401,4454,4411,100.97,4323,103.03
여행/숙박업,부산광역시,북구,202401,106,106,100.0,102,103.92
운송업,부산광역시,북구,202401,293,289,101.38,284,103.17
식음료업,부산광역시,북구,202401,2845,2848,99.89,2900,98.1
의료웰니스업,부산광역시,북구,202401,1876,1875,100.05,1872,100.21
서비스업,부산광역시,북구,202401,1911,1902,100.47,1925,99.27
쇼핑업,부산광역시,해운대구,202401,9003,9015,99.87,8620,104.44
여행/숙박업,부산광역시,해운대구,202401,451,449,100.45,406,111.08
운송업,부산광역시,해운대구,202401,537,539,99.63,534,100.56
식음료업,부산광역시,해운대구,202401,4979,4977,100.04,5064,98.32
의료웰니스업,부산광역시,해운대구,202401,3200,3184,100.5,3122,102.5
서비스업,부산광역시,해운대구,202401,4212,4202,100.24,4187,100.6
쇼핑업,부산광역시,사하구,202401,4999,5033,99.32,4745,105.35
여행/숙박업,부산광역시,사하구,202401,86,86,100.0,93,92.47
운송업,부산광역시,사하구,202401,427,431,99.07,430,99.3
식음료업,부산광역시,사하구,202401,3818,3812,100.16,3852,99.12
의료웰니스업,부산광역시,사하구,202401,2291,2290,100.04,2262,101.28
서비스업,부산광역시,사하구,202401,2166,2169,99.86,2158,100.37
쇼핑업,부산광역시,금정구,202401,4365,4403,99.14,4375,99.77
여행/숙박업,부산광역시,금정구,202401,108,106,101.89,101,106.93
운송업,부산광역시,금정구,202401,374,373,100.27,379,98.68
식음료업,부산광역시,금정구,202401,3463,3465,99.94,3511,98.63
의료웰니스업,부산광역시,금정구,202401,1886,1885,100.05,1873,100.69
서비스업,부산광역시,금정구,202401,2160,2172,99.45,2165,99.77
쇼핑업,부산광역시,강서구,202401,3690,3712,99.41,3396,108.66
여행/숙박업,부산광역시,강서구,202401,74,72,102.78,70,105.71
운송업,부산광역시,강서구,202401,391,391,100.0,358,109.22
식음료업,부산광역시,강서구,202401,2728,2728,100.0,2682,101.72
의료웰니스업,부산광역시,강서구,202401,946,944,100.21,887,106.65
서비스업,부산광역시,강서구,202401,1865,1857,100.43,1778,104.89
쇼핑업,부산광역시,연제구,202401,4167,4131,100.87,3974,104.86
여행/숙박업,부산광역시,연제구,202401,130,133,97.74,132,98.48
운송업,부산광역시,연제구,202401,415,413,100.48,413,100.48
식음료업,부산광역시,연제구,202401,2898,2899,99.97,2941,98.54
의료웰니스업,부산광역시,연제구,202401,1857,1850,100.38,1793,103.57
서비스업,부산광역시,연제구,202401,2982,2965,100.57,2928,101.84
쇼핑업,부산광역시,수영구,202401,4947,4970,99.54,4753,104.08
여행/숙박업,부산광역시,수영구,202401,170,169,100.59,146,116.44
운송업,부산광역시,수영구,202401,311,310,100.32,296,105.07
식음료업,부산광역시,수영구,202401,3318,3309,100.27,3252,102.03
의료웰니스업,부산광역시,수영구,202401,1726,1718,100.47,1677,102.92
서비스업,부산광역시,수영구,202401,2029,2016,100.64,1981,102.42
쇼핑업,부산광역시,사상구,202401,4407,4403,100.09,4302,102.44
여행/숙박업,부산광역시,사상구,202401,146,146,100.0,148,98.65
운송업,부산광역시,사상구,202401,595,596,99.83,583,102.06
식음료업,부산광역시,사상구,202401,2934,2951,99.42,2983,98.36
의료웰니스업,부산광역시,사상구,202401,1374,1373,100.07,1348,101.93
서비스업,부산광역시,사상구,202401,1532,1536,99.74,1543,99.29
쇼핑업,부산광역시,기장군,202401,4007,4015,99.8,3877,103.35
여행/숙박업,부산광역시,기장군,202401,169,166,101.81,151,111.92
운송업,부산광역시,기장군,202401,353,348,101.44,310,113.87
식음료업,부산광역시,기장군,202401,3081,3088,99.77,3041,101.32
의료웰니스업,부산광역시,기장군,202401,1204,1201,100.25,1167,103.17
서비스업,부산광역시,기장군,202401,1685,1692,99.59,1653,101.94
쇼핑업,부산광역시,부산광역시 합계,202402,73700,73433,100.36,71219,103.48
여행/숙박업,부산광역시,부산광역시 합계,202402,2833,2825,100.28,2705,104.73
운송업,부산광역시,부산광역시 합계,202402,5712,5694,100.32,5574,102.48
식음료업,부산광역시,부산광역시 합계,202402,49874,49875,100.0,50146,99.46
의료웰니스업,부산광역시,부산광역시 합계,202402,27880,27805,100.27,27246,102.33
서비스업,부산광역시,부산광역시 합계,202402,31785,31758,100.09,31443,101.09
쇼핑업,부산광역시,중구,202402,2817,2810,100.25,2881,97.78
여행/숙박업,부산광역시,중구,202402,233,235,99.15,224,104.02
운송업,부산광역시,중구,202402,140,137,102.19,137,102.19
식음료업,부산광역시,중구,202402,1996,1999,99.85,1999,99.85
의료웰니스업,부산광역시,중구,202402,780,780,100.0,776,100.52
서비스업,부산광역시,중구,202402,524,525,99.81,543,96.5
쇼핑업,부산광역시,서구,202402,1895,1891,100.21,1853,102.27
여행/숙박업,부산광역시,서구,202402,75,74,101.35,72,104.17
운송업,부산광역시,서구,202402,150,151,99.34,150,100.0
식음료업,부산광역시,서구,202402,1435,1431,100.28,1443,99.45
의료웰니스업,부산광역시,서구,202402,765,762,100.39,766,99.87
서비스업,부산광역시,서구,202402,702,702,100.0,698,100.57
쇼핑업,부산광역시,동구,202402,3007,3002,100.17,2964,101.45
여행/숙박업,부산광역시,동구,202402,297,295,100.68,280,106.07
운송업,부산광역시,동구,202402,228,229,99.56,222,102.7
식음료업,부산광역시,동구,202402,1635,1629,100.37,1597,102.38
의료웰니스업,부산광역시,동구,202402,775,779,99.49,769,100.78
서비스업,부산광역시,동구,202402,789,787,100.25,753,104.78
쇼핑업,부산광역시,영도구,202402,1722,1716,100.35,1684,102.26
여행/숙박업,부산광역시,영도구,202402,107,107,100.0,106,100.94
운송업,부산광역시,영도구,202402,159,159,100.0,156,101.92
식음료업,부산광역시,영도구,202402,1464,1470,99.59,1476,99.19
의료웰니스업,부산광역시,영도구,202402,731,727,100.55,731,100.0
서비스업,부산광역시,영도구,202402,574,572,100.35,555,103.42
쇼핑업,부산광역시,부산진구,202402,9560,9506,100.57,9156,104.41
여행/숙박업,부산광역시,부산진구,202402,366,364,100.55,351,104.27
운송업,부산광역시,부산진구,202402,523,528,99.05,505,103.56
식음료업,부산광역시,부산진구,202402,6302,6308,99.9,6295,100.11
의료웰니스업,부산광역시,부산진구,202402,3886,3874,100.31,3743,103.82
서비스업,부산광역시,부산진구,202402,3518,3526,99.77,3487,100.89
쇼핑업,부산광역시,동래구,202402,5386,5350,100.67,5207,103.44
여행/숙박업,부산광역시,동래구,202402,194,193,100.52,187,103.74
운송업,부산광역시,동래구,202402,366,365,100.27,356,102.81
식음료업,부산광역시,동래구,202402,3783,3780,100.08,3840,98.52
의료웰니스업,부산광역시,동래구,202402,2559,2558,100.04,2516,101.71
서비스업,부산광역시,동래구,202402,2923,2907,100.55,2887,101.25
쇼핑업,부산광역시,남구,202402,5148,5116,100.63,4921,104.61
여행/숙박업,부산광역시,남구,202402,115,113,101.77,110,104.55
운송업,부산광역시,남구,202402,411,412,99.76,421,97.62
식음료업,부산광역시,남구,202402,3188,3194,99.81,3232,98.64
의료웰니스업,부산광역시,남구,202402,1962,1953,100.46,1909,102.78
서비스업,부산광역시,남구,202402,2164,2153,100.51,2094,103.34
쇼핑업,부산광역시,북구,202402,4481,4454,100.61,4341,103.23
여행/숙박업,부산광역시,북구,202402,107,106,100.94,102,104.9
운송업,부산광역시,북구,202402,295,293,100.68,283,104.24
식음료업,부산광역시,북구,202402,2837,2845,99.72,2903,97.73
의료웰니스업,부산광역시,북구,202402,1877,1876,100.05,1870,100.37
서비스업,부산광역시,북구,202402,1906,1911,99.74,1926,98.96
쇼핑업,부산광역시,해운대구,202402,9015,9003,100.13,8632,104.44
여행/숙박업,부산광역시,해운대구,202402,448,451,99.33,411,109.0
운송업,부산광역시,해운대구,202402,544,537,101.3,533,102.06
식음료업,부산광역시,해운대구,202402,4978,4979,99.98,5056,98.46
의료웰니스업,부산광역시,해운대구,202402,3210,3200,100.31,3119,102.92
서비스업,부산광역시,해운대구,202402,4221,4212,100.21,4187,100.81
쇼핑업,부산광역시,사하구,202402,5008,4999,100.18,4752,105.39
여행/숙박업,부산광역시,사하구,202402,85,86,98.84,92,92.39
운송업,부산광역시,사하구,202402,431,427,100.94,431,100.0
식음료업,부산광역시,사하구,202402,3823,3818,100.13,3858,99.09
의료웰니스업,부산광역시,사하구,202402,2287,2291,99.83,2267,100.88
서비스업,부산광역시,사하구,202402,2166,2166,100.0,2164,100.09
쇼핑업,부산광역시,금정구,202402,4388,4365,100.53,4384,100.09
여행/숙박업,부산광역시,금정구,202402,108,108,100.0,104,103.85
운송업,부산광역시,금정구,202402,375,374,100.27,377,99.47
식음료업,부산광역시,금정구,202402,3455,3463,99.77,3513,98.35
의료웰니스업,부산광역시,금정구,202402,1900,1886,100.74,1870,101.6
서비스업,부산광역시,금정구,202402,2165,2160,100.23,2168,99.86
쇼핑업,부산광역시,강서구,202402,3720,3690,100.81,3454,107.7
여행/숙박업,부산광역시,강서구,202402,76,74,102.7,71,107.04
운송업,부산광역시,강서구,202402,391,391,100.0,366,106.83
식음료업,부산광역시,강서구,202402,2719,2728,99.67,2680,101.46
의료웰니스업,부산광역시,강서구,202402,950,946,100.42,888,106.98
서비스업,부산광역시,강서구,202402,1864,1865,99.95,1796,103.79
쇼핑업,부산광역시,연제구,202402,4177,4167,100.24,4006,104.27
여행/숙박업,부산광역시,연제구,202402,130,130,100.0,131,99.24
운송업,부산광역시,연제구,202402,419,415,100.96,418,100.24
식음료업,부산광역시,연제구,202402,2898,2898,100.0,2945,98.4
의료웰니스업,부산광역시,연제구,202402,1864,1857,100.38,1803,103.38
서비스업,부산광역시,연제구,202402,2995,2982,100.44,2934,102.08
쇼핑업,부산광역시,수영구,202402,4943,4947,99.92,4756,103.93
여행/숙박업,부산광역시,수영구,202402,171,170,100.59,151,113.25
운송업,부산광역시,수영구,202402,312,311,100.32,299,104.35
식음료업,부산광역시,수영구,202402,3336,3318,100.54,3261,102.3
의료웰니스업,부산광역시,수영구,202402,1737,1726,100.64,1684,103.15
서비스업,부산광역시,수영구,202402,2024,2029,99.75,1981,102.17
쇼핑업,부산광역시,사상구,202402,4438,4407,100.7,4322,102.68
여행/숙박업,부산광역시,사상구,202402,146,146,100.0,149,97.99
운송업,부산광역시,사상구,202402,592,595,99.5,587,100.85
식음료업,부산광역시,사상구,202402,2932,2934,99.93,2998,97.8
의료웰니스업,부산광역시,사상구,202402,1375,1374,100.07,1347,102.08
서비스업,부산광역시,사상구,202402,1527,1532,99.67,1536,99.41
쇼핑업,부산광역시,기장군,202402,3992,4007,99.63,3903,102.28
여행/숙박업,부산광역시,기장군,202402,170,169,100.59,156,108.97
운송업,부산광역시,기장군,202402,359,353,101.7,311,115.43
식음료업,부산광역시,기장군,202402,3093,3081,100.39,3050,101.41
의료웰니스업,부산광역시,기장군,202402,1210,1204,100.5,1172,103.24
서비스업,부산광역시,기장군,202402,1679,1685,99.64,1669,100.6
쇼핑업,부산광역시,부산광역시 합계,202403,73675,73700,99.97,71634,102.85
여행/숙박업,부산광역시,부산광역시 합계,202403,2834,2833,100.04,2712,104.5
운송업,부산광역시,부산광역시 합계,202403,5705,5712,99.88,5592,102.02
식음료업,부산광역시,부산광역시 합계,202403,49844,49874,99.94,50206,99.28
의료웰니스업,부산광역시,부산광역시 합계,202403,27931,27880,100.18,27308,102.28
서비스업,부산광역시,부산광역시 합계,202403,31815,31785,100.09,31505,100.98
쇼핑업,부산광역시,중구,202403,2815,2817,99.93,2865,98.25
여행/숙박업,부산광역시,중구,202403,232,233,99.57,228,101.75
운송업,부산광역시,중구,202403,138,140,98.57,138,100.0
식음료업,부산광역시,중구,202403,2002,1996,100.3,2004,99.9
의료웰니스업,부산광역시,중구,202403,782,780,100.26,777,100.64
서비스업,부산광역시,중구,202403,523,524,99.81,541,96.67
쇼핑업,부산광역시,서구,202403,1889,1895,99.68,1869,101.07
여행/숙박업,부산광역시,서구,202403,74,75,98.67,72,102.78
운송업,부산광역시,서구,202403,151,150,100.67,148,102.03
식음료업,부산광역시,서구,202403,1439,1435,100.28,1447,99.45
의료웰니스업,부산광역시,서구,202403,760,762,99.74,766,99.22
서비스업,부산광역시,서구,202403,697,702,99.29,707,98.59
쇼핑업,부산광역시,동구,202403,3033,3007,100.86,2976,101.92
여행/숙박업,부산광역시,동구,202403,295,297,99.33,281,104.98
운송업,부산광역시,동구,202403,229,228,100.44,225,101.78
식음료업,부산광역시,동구,202403,1625,1635,99.39,1603,101.37
의료웰니스업,부산광역시,동구,202403,778,775,100.39,764,101.83
서비스업,부산광역시,동구,202403,789,789,100.0,768,102.73
쇼핑업,부산광역시,영도구,202403,1707,1722,99.13,1695,100.71
여행/숙박업,부산광역시,영도구,202403,110,107,102.8,103,106.8
운송업,부산광역시,영도구,202403,159,159,100.0,155,102.58
식음료업,부산광역시,영도구,202403,1462,1464,99.86,1470,99.46
의료웰니스업,부산광역시,영도구,202403,731,731,100.0,730,100.14
서비스업,부산광역시,영도구,202403,570,574,99.3,557,102.33
쇼핑업,부산광역시,부산진구,202403,9617,9560,100.6,9214,104.37
여행/숙박업,부산광역시,부산진구,202403,367,366,100.27,349,105.16
운송업,부산광역시,부산진구,202403,522,523,99.81,510,102.35
식음료업,부산광역시,부산진구,202403,6298,6302,99.94,6311,99.79
의료웰니스업,부산광역시,부산진구,202403,3890,3886,100.1,3756,103.57
서비스업,부산광역시,부산진구,202403,3529,3518,100.31,3487,101.2
쇼핑업,부산광역시,동래구,202403,5392,5386,100.11,5228,103.14
여행/숙박업,부산광역시,동래구,202403,193,194,99.48,189,102.12
운송업,부산광역시,동래구,202403,361,366,98.63,356,101.4
식음료업,부산광역시,동래구,202403,3790,3783,100.19,3849,98.47
의료웰니스업,부산광역시,동래구,202403,2569,2559,100.39,2527,101.66
서비스업,부산광역시,동래구,202403,2933,2923,100.34,2892,101.42
쇼핑업,부산광역시,남구,202403,5143,5148,99.9,4957,103.75
여행/숙박업,부산광역시,남구,202403,113,115,98.26,110,102.73
운송업,부산광역시,남구,202403,409,411,99.51,418,97.85
식음료업,부산광역시,남구,202403,3185,3188,99.91,3235,98.45
의료웰니스업,부산광역시,남구,202403,1963,1962,100.05,1919,102.29
서비스업,부산광역시,남구,202403,2170,2164,100.28,2100,103.33
쇼핑업,부산광역시,북구,202403,4498,4481,100.38,4347,103.47
여행/숙박업,부산광역시,북구,202403,110,107,102.8,102,107.84
운송업,부산광역시,북구,202403,295,295,100.0,285,103.51
식음료업,부산광역시,북구,202403,2831,2837,99.79,2899,97.65
의료웰니스업,부산광역시,북구,202403,1878,1877,100.05,1871,100.37
서비스업,부산광역시,북구,202403,1905,1906,99.95,1928,98.81
쇼핑업,부산광역시,해운대구,202403,8888,9015,98.59,8653,102.72
여행/숙박업,부산광역시,해운대구,202403,443,448,98.88,418,105.98
운송업,부산광역시,해운대구,202403,539,544,99.08,531,101.51
식음료업,부산광역시,해운대구,202403,4957,4978,99.58,5042,98.31
의료웰니스업,부산광역시,해운대구,202403,3210,3210,100.0,3129,102.59
서비스업,부산광역시,해운대구,202403,4213,4221,99.81,4180,100.79
쇼핑업,부산광역시,사하구,202403,4986,5008,99.56,4819,103.47
여행/숙박업,부산광역시,사하구,202403,86,85,101.18,90,95.56
운송업,부산광역시,사하구,202403,428,431,99.3,438,97.72
식음료업,부산광역시,사하구,202403,3818,3823,99.87,3854,99.07
의료웰니스업,부산광역시,사하구,202403,2297,2287,100.44,2267,101.32
서비스업,부산광역시,사하구,202403,2164,2166,99.91,2164,100.0
쇼핑업,부산광역시,금정구,202403,4393,4388,100.11,4397,99.91
여행/숙박업,부산광역시,금정구,202403,108,108,100.0,102,105.88
운송업,부산광역시,금정구,202403,371,375,98.93,380,97.63
식음료업,부산광역시,금정구,202403,3447,3455,99.77,3514,98.09
의료웰니스업,부산광역시,금정구,202403,1903,1900,100.16,1870,101.76
서비스업,부산광역시,금정구,202403,2163,2165,99.91,2172,99.59
쇼핑업,부산광역시,강서구,202403,3701,3720,99.49,3499,105.77
여행/숙박업,부산광역시,강서구,202403,76,76,100.0,71,107.04
운송업,부산광역시,강서구,202403,394,391,100.77,370,106.49
식음료업,부산광역시,강서구,202403,2716,2719,99.89,2685,101.15
의료웰니스업,부산광역시,강서구,202403,961,950,101.16,903,106.42
서비스업,부산광역시,강서구,202403,1877,1864,100.7,1808,103.82
쇼핑업,부산광역시,연제구,202403,4197,4177,100.48,4048,103.68
여행/숙박업,부산광역시,연제구,202403,130,130,100.0,127,102.36
운송업,부산광역시,연제구,202403,423,419,100.95,419,100.95
식음료업,부산광역시,연제구,202403,2926,2898,100.97,2952,99.12
의료웰니스업,부산광역시,연제구,202403,1869,1864,100.27,1807,103.43
서비스업,부산광역시,연제구,202403,2999,2995,100.13,2937,102.11
쇼핑업,부산광역시,수영구,202403,4986,4943,100.87,4803,103.81
여행/숙박업,부산광역시,수영구,202403,172,171,100.58,154,111.69
운송업,부산광역시,수영구,202403,315,312,100.96,304,103.62
식음료업,부산광역시,수영구,202403,3338,3336,100.06,3271,102.05
의료웰니스업,부산광역시,수영구,202403,1734,1737,99.83,1682,103.09
서비스업,부산광역시,수영구,202403,2034,2024,100.49,1984,102.52
쇼핑업,부산광역시,사상구,202403,4435,4438,99.93,4325,102.54
여행/숙박업,부산광역시,사상구,202403,144,146,98.63,151,95.36
운송업,부산광역시,사상구,202403,595,592,100.51,586,101.54
식음료업,부산광역시,사상구,202403,2921,2932,99.62,2996,97.5
의료웰니스업,부산광역시,사상구,202403,1377,1375,100.15,1350,102.0
서비스업,부산광역시,사상구,202403,1521,1527,99.61,1537,98.96
쇼핑업,부산광역시,기장군,202403,3992,3992,100.0,3936,101.42
여행/숙박업,부산광역시,기장군,202403,175,170,102.94,158,110.76
운송업,부산광역시,기장군,202403,359,359,100.0,310,115.81
식음료업,부산광역시,기장군,202403,3089,3093,99.87,3074,100.49
의료웰니스업,부산광역시,기장군,202403,1215,1210,100.41,1175,103.4
서비스업,부산광역시,기장군,202403,1684,1679,100.3,1683,100.06
쇼핑업,부산광역시,부산광역시 합계,202404,73712,73675,100.05,72122,102.2
여행/숙박업,부산광역시,부산광역시 합계,202404,2848,2834,100.49,2722,104.63
운송업,부산광역시,부산광역시 합계,202404,5722,5705,100.3,5608,102.03
식음료업,부산광역시,부산광역시 합계,202404,49832,49844,99.98,50243,99.18
의료웰니스업,부산광역시,부산광역시 합계,202404,28033,27931,100.37,27361,102.46
서비스업,부산광역시,부산광역시 합계,202404,31789,31815,99.92,31523,100.84
쇼핑업,부산광역시,중구,202404,2807,2815,99.72,2868,97.87
여행/숙박업,부산광역시,중구,202404,233,232,100.43,226,103.1
운송업,부산광역시,중구,202404,140,138,101.45,136,102.94
식음료업,부산광역시,중구,202404,1995,2002,99.65,2006,99.45
의료웰니스업,부산광역시,중구,202404,785,782,100.38,780,100.64
서비스업,부산광역시,중구,202404,520,523,99.43,536,97.01
쇼핑업,부산광역시,서구,202404,1899,1889,100.53,1869,101.61
여행/숙박업,부산광역시,서구,202404,76,74,102.7,71,107.04
운송업,부산광역시,서구,202404,151,151,100.0,149,101.34
식음료업,부산광역시,서구,202404,1435,1439,99.72,1450,98.97
의료웰니스업,부산광역시,서구,202404,764,760,100.53,766,99.74
서비스업,부산광역시,서구,202404,696,697,99.86,706,98.58
쇼핑업,부산광역시,동구,202404,3049,3033,100.53,2981,102.28
여행/숙박업,부산광역시,동구,202404,296,295,100.34,285,103.86
운송업,부산광역시,동구,202404,229,229,100.0,227,100.88
식음료업,부산광역시,동구,202404,1614,1625,99.32,1606,100.5
의료웰니스업,부산광역시,동구,202404,777,778,99.87,770,100.91
서비스업,부산광역시,동구,202404,795,789,100.76,770,103.25
쇼핑업,부산광역시,영도구,202404,1693,1707,99.18,1703,99.41
여행/숙박업,부산광역시,영도구,202404,111,110,100.91,101,109.9
운송업,부산광역시,영도구,202404,163,159,102.52,156,104.49
식음료업,부산광역시,영도구,202404,1461,1462,99.93,1470,99.39
의료웰니스업,부산광역시,영도구,202404,727,731,99.45,727,100.0
서비스업,부산광역시,영도구,202404,570,570,100.0,558,102.15
쇼핑업,부산광역시,부산진구,202404,9629,9617,100.12,9255,104.04
여행/숙박업,부산광역시,부산진구,202404,373,367,101.63,353,105.67
운송업,부산광역시,부산진구,202404,521,522,99.81,509,102.36
식음료업,부산광역시,부산진구,202404,6304,6298,100.1,6333,99.54
의료웰니스업,부산광역시,부산진구,202404,3912,3890,100.57,3770,103.77
서비스업,부산광역시,부산진구,202404,3534,3529,100.14,3487,101.35
쇼핑업,부산광역시,동래구,202404,5384,5392,99.85,5289,101.8
여행/숙박업,부산광역시,동래구,202404,193,193,100.0,186,103.76
운송업,부산광역시,동래구,202404,363,361,100.55,355,102.25
식음료업,부산광역시,동래구,202404,3796,3790,100.16,3842,98.8
의료웰니스업,부산광역시,동래구,202404,2572,2569,100.12,2536,101.42
서비스업,부산광역시,동래구,202404,2932,2933,99.97,2894,101.31
쇼핑업,부산광역시,남구,202404,5187,5143,100.86,5027,103.18
여행/숙박업,부산광역시,남구,202404,114,113,100.88,112,101.79
운송업,부산광역시,남구,202404,412,409,100.73,418,98.56
식음료업,부산광역시,남구,202404,3195,3185,100.31,3235,98.76
의료웰니스업,부산광역시,남구,202404,1971,1963,100.41,1920,102.66
서비스업,부산광역시,남구,202404,2177,2170,100.32,2100,103.67
쇼핑업,부산광역시,북구,202404,4496,4498,99.96,4356,103.21
여행/숙박업,부산광역시,북구,202404,108,110,98.18,100,108.0
운송업,부산광역시,북구,202404,295,295,100.0,289,102.08
식음료업,부산광역시,북구,202404,2825,2831,99.79,2904,97.28
의료웰니스업,부산광역시,북구,202404,1895,1878,100.91,1876,101.01
서비스업,부산광역시,북구,202404,1892,1905,99.32,1926,98.23
쇼핑업,부산광역시,해운대구,202404,8817,8888,99.2,8715,101.17
여행/숙박업,부산광역시,해운대구,202404,449,443,101.35,426,105.4
운송업,부산광역시,해운대구,202404,538,539,99.81,535,100.56
식음료업,부산광역시,해운대구,202404,4957,4957,100.0,5026,98.63
의료웰니스업,부산광역시,해운대구,202404,3210,3210,100.0,3140,102.23
서비스업,부산광역시,해운대구,202404,4209,4213,99.91,4188,100.5
쇼핑업,부산광역시,사하구,202404,5010,4986,100.48,4887,102.52
여행/숙박업,부산광역시,사하구,202404,85,86,98.84,89,95.51
운송업,부산광역시,사하구,202404,431,428,100.7,437,98.63
식음료업,부산광역시,사하구,202404,3814,3818,99.9,3855,98.94
의료웰니스업,부산광역시,사하구,202404,2307,2297,100.44,2276,101.36
서비스업,부산광역시,사하구,202404,2168,2164,100.18,2164,100.18
쇼핑업,부산광역시,금정구,202404,4396,4393,100.07,4417,99.52
여행/숙박업,부산광역시,금정구,202404,108,108,100.0,105,102.86
운송업,부산광역시,금정구,202404,374,371,100.81,378,98.94
식음료업,부산광역시,금정구,202404,3429,3447,99.48,3512,97.64
의료웰니스업,부산광역시,금정구,202404,1906,1903,100.16,1863,102.31
서비스업,부산광역시,금정구,202404,2162,2160,100.09,2165,99.86
쇼핑업,부산광역시,강서구,202404,3704,3701,100.08,3539,104.66
여행/숙박업,부산광역시,강서구,202404,77,76,101.32,73,105.48
운송업,부산광역시,강서구,202404,388,394,98.48,376,103.19
식음료업,부산광역시,강서구,202404,2713,2716,99.89,2689,100.89
의료웰니스업,부산광역시,강서구,202404,963,961,100.21,906,106.29
서비스업,부산광역시,강서구,202404,1875,1877,99.89,1816,103.25
쇼핑업,부산광역시,연제구,202404,4200,4197,100.07,4073,103.12
여행/숙박업,부산광역시,연제구,202404,130,130,100.0,127,102.36
운송업,부산광역시,연제구,202404,424,423,100.24,418,101.44
식음료업,부산광역시,연제구,202404,2918,2926,99.73,2952,98.85
의료웰니스업,부산광역시,연제구,202404,1877,1869,100.43,1802,104.16
서비스업,부산광역시,연제구,202404,2994,2999,99.83,2936,101.98
쇼핑업,부산광역시,수영구,202404,5000,4986,100.28,4868,102.71
여행/숙박업,부산광역시,수영구,202404,174,172,101.16,153,113.73
운송업,부산광역시,수영구,202404,316,315,100.32,304,103.95
식음료업,부산광역시,수영구,202404,3344,3338,100.18,3283,101.86
의료웰니스업,부산광역시,수영구,202404,1749,1734,100.87,1685,103.8
서비스업,부산광역시,수영구,202404,2018,2034,99.21,1987,101.56
쇼핑업,부산광역시,사상구,202404,4444,4435,100.2,4333,102.56
여행/숙박업,부산광역시,사상구,202404,142,144,98.61,151,94.04
운송업,부산광역시,사상구,202404,597,595,100.34,588,101.53
식음료업,부산광역시,사상구,202404,2927,2921,100.21,2994,97.76
의료웰니스업,부산광역시,사상구,202404,1376,1377,99.93,1351,101.85
서비스업,부산광역시,사상구,202404,1522,1521,100.07,1541,98.77
쇼핑업,부산광역시,기장군,202404,3994,3992,100.05,3939,101.4
여행/숙박업,부산광역시,기장군,202404,173,175,98.86,157,110.19
운송업,부산광역시,기장군,202404,363,359,101.11,314,115.61
식음료업,부산광역시,기장군,202404,3105,3089,100.52,3086,100.62
의료웰니스업,부산광역시,기장군,202404,1228,1215,101.07,1178,104.24
서비스업,부산광역시,기장군,202404,1678,1684,99.64,1689,99.35
쇼핑업,부산광역시,부산광역시 합계,202405,73672,73712,99.95,72364,101.81
여행/숙박업,부산광역시,부산광역시 합계,202405,2868,2848,100.7,2749,104.33
운송업,부산광역시,부산광역시 합계,202405,5739,5722,100.3,5629,101.95
식음료업,부산광역시,부산광역시 합계,202405,49835,49832,100.01,50233,99.21
의료웰니스업,부산광역시,부산광역시 합계,202405,28078,28033,100.16,27431,102.36
서비스업,부산광역시,부산광역시 합계,202405,31786,31789,99.99,31531,100.81
쇼핑업,부산광역시,중구,202405,2802,2807,99.82,2874,97.49
여행/숙박업,부산광역시,중구,202405,234,233,100.43,227,103.08
운송업,부산광역시,중구,202405,140,140,100.0,138,101.45
식음료업,부산광역시,중구,202405,2000,1995,100.25,2013,99.35
의료웰니스업,부산광역시,중구,202405,789,785,100.51,783,100.77
서비스업,부산광역시,중구,202405,525,520,100.96,533,98.5
쇼핑업,부산광역시,서구,202405,1902,1899,100.16,1861,102.2
여행/숙박업,부산광역시,서구,202405,76,76,100.0,72,105.56
운송업,부산광역시,서구,202405,150,151,99.34,151,99.34
식음료업,부산광역시,서구,202405,1440,1435,100.35,1446,99.59
의료웰니스업,부산광역시,서구,202405,766,764,100.26,768,99.74
서비스업,부산광역시,서구,202405,693,696,99.57,703,98.58
쇼핑업,부산광역시,동구,202405,3040,3049,99.7,2979,102.05
여행/숙박업,부산광역시,동구,202405,298,296,100.68,289,103.11
운송업,부산광역시,동구,202405,230,229,100.44,228,100.88
식음료업,부산광역시,동구,202405,1619,1614,100.31,1602,101.06
의료웰니스업,부산광역시,동구,202405,778,777,100.13,772,100.78
서비스업,부산광역시,동구,202405,798,795,100.38,767,104.04
쇼핑업,부산광역시,영도구,202405,1683,1693,99.41,1709,98.48
여행/숙박업,부산광역시,영도구,202405,110,111,99.1,101,108.91
운송업,부산광역시,영도구,202405,166,163,101.84,159,104.4
식음료업,부산광역시,영도구,202405,1468,1461,100.48,1475,99.53
의료웰니스업,부산광역시,영도구,202405,727,727,100.0,728,99.86
서비스업,부산광역시,영도구,202405,570,570,100.0,556,102.52
쇼핑업,부산광역시,부산진구,202405,9623,9629,99.94,9317,103.28
여행/숙박업,부산광역시,부산진구,202405,374,373,100.27,357,104.76
운송업,부산광역시,부산진구,202405,519,521,99.62,508,102.17
식음료업,부산광역시,부산진구,202405,6303,6304,99.98,6358,99.13
의료웰니스업,부산광역시,부산진구,202405,3922,3912,100.26,3784,103.65
서비스업,부산광역시,부산진구,202405,3528,3534,99.83,3493,101.0
쇼핑업,부산광역시,동래구,202405,5387,5384,100.06,5308,101.49
여행/숙박업,부산광역시,동래구,202405,196,193,101.55,187,104.81
운송업,부산광역시,동래구,202405,365,363,100.55,363,100.55
식음료업,부산광역시,동래구,202405,3787,3796,99.76,3829,98.9
의료웰니스업,부산광역시,동래구,202405,2570,2572,99.92,2544,101.02
서비스업,부산광역시,동래구,202405,2934,2929,100.17,2906,100.96
쇼핑업,부산광역시,남구,202405,5194,5187,100.13,5055,102.75
여행/숙박업,부산광역시,남구,202405,113,114,99.12,115,98.26
운송업,부산광역시,남구,202405,413,412,100.24,417,99.04
식음료업,부산광역시,남구,202405,3177,3195,99.44,3225,98.51
의료웰니스업,부산광역시,남구,202405,1982,1971,100.56,1919,103.28
서비스업,부산광역시,남구,202405,2170,2177,99.68,2091,103.78
쇼핑업,부산광역시,북구,202405,4470,4496,99.42,4361,102.5
여행/숙박업,부산광역시,북구,202405,109,108,100.93,99,110.1
운송업,부산광역시,북구,202405,297,295,100.68,287,103.48
식음료업,부산광역시,북구,202405,2829,2825,100.14,2899,97.59
의료웰니스업,부산광역시,북구,202405,1893,1895,99.89,1881,100.64
서비스업,부산광역시,북구,202405,1883,1892,99.52,1922,97.97
쇼핑업,부산광역시,해운대구,202405,8824,8817,100.08,8790,100.39
여행/숙박업,부산광역시,해운대구,202405,452,449,100.67,433,104.39
운송업,부산광역시,해운대구,202405,536,538,99.63,535,100.19
식음료업,부산광역시,해운대구,202405,4968,4957,100.22,5044,98.49
의료웰니스업,부산광역시,해운대구,202405,3223,3210,100.4,3147,102.41
서비스업,부산광역시,해운대구,202405,4218,4209,100.21,4188,100.72
쇼핑업,부산광역시,사하구,202405,5015,5010,100.1,4899,102.37
여행/숙박업,부산광역시,사하구,202405,86,85,101.18,90,95.56
운송업,부산광역시,사하구,202405,431,431,100.0,438,98.4
식음료업,부산광역시,사하구,202405,3810,3814,99.9,3862,98.65
의료웰니스업,부산광역시,사하구,202405,2305,2307,99.91,2272,101.45
서비스업,부산광역시,사하구,202405,2153,2165,99.45,2167,99.35
쇼핑업,부산광역시,금정구,202405,4382,4396,99.68,4397,99.66
여행/숙박업,부산광역시,금정구,202405,108,108,100.0,104,103.85
운송업,부산광역시,금정구,202405,374,374,100.0,376,99.47
식음료업,부산광역시,금정구,202405,3425,3429,99.88,3500,97.86
의료웰니스업,부산광역시,금정구,202405,1904,1906,99.9,1866,102.04
서비스업,부산광역시,금정구,202405,2152,2162,99.54,2169,99.22
쇼핑업,부산광역시,강서구,202405,3715,3704,100.3,3559,104.38
여행/숙박업,부산광역시,강서구,202405,77,77,100.0,73,105.48
운송업,부산광역시,강서구,202405,386,388,99.48,376,102.66
식음료업,부산광역시,강서구,202405,2704,2713,99.67,2687,100.63
의료웰니스업,부산광역시,강서구,202405,964,963,100.1,918,105.01
서비스업,부산광역시,강서구,202405,1881,1875,100.32,1816,103.58
쇼핑업,부산광역시,연제구,202405,4210,4200,100.24,4078,103.24
여행/숙박업,부산광역시,연제구,202405,130,130,100.0,128,101.56
운송업,부산광역시,연제구,202405,425,424,100.24,418,101.67
식음료업,부산광역시,연제구,202405,2920,2918,100.07,2933,99.56
의료웰니스업,부산광역시,연제구,202405,1879,1877,100.11,1806,104.04
서비스업,부산광역시,연제구,202405,2989,2994,99.83,2936,101.81
쇼핑업,부산광역시,수영구,202405,4986,5000,99.72,4897,101.82
여행/숙박업,부산광역시,수영구,202405,184,174,105.75,155,118.71
운송업,부산광역시,수영구,202405,319,316,100.95,310,102.9
식음료업,부산광역시,수영구,202405,3365,3344,100.63,3296,102.09
의료웰니스업,부산광역시,수영구,202405,1753,1749,100.23,1682,104.22
서비스업,부산광역시,수영구,202405,2022,2018,100.2,1991,101.56
쇼핑업,부산광역시,사상구,202405,4441,4444,99.93,4342,102.28
여행/숙박업,부산광역시,사상구,202405,142,142,100.0,151,94.04
운송업,부산광역시,사상구,202405,596,597,99.83,590,101.02
식음료업,부산광역시,사상구,202405,2920,2927,99.76,2993,97.56
의료웰니스업,부산광역시,사상구,202405,1382,1376,100.44,1358,101.77
서비스업,부산광역시,사상구,202405,1530,1522,100.53,1542,99.22
쇼핑업,부산광역시,기장군,202405,3996,3994,100.05,3935,101.55
여행/숙박업,부산광역시,기장군,202405,172,173,99.42,161,106.83
운송업,부산광역시,기장군,202405,375,363,103.31,318,117.92
식음료업,부산광역시,기장군,202405,3100,3105,99.84,3071,100.94
의료웰니스업,부산광역시,기장군,202405,1227,1228,99.92,1188,103.28
서비스업,부산광역시,기장군,202405,1688,1678,100.6,1692,99.76
쇼핑업,부산광역시,부산광역시 합계,202406,73721,73672,100.07,72612,101.53
여행/숙박업,부산광역시,부산광역시 합계,202406,2866,2868,99.93,2762,103.77
운송업,부산광역시,부산광역시 합계,202406,5750,5739,100.19,5642,101.91
식음료업,부산광역시,부산광역시 합계,202406,49672,49835,99.67,50261,98.83
의료웰니스업,부산광역시,부산광역시 합계,202406,28111,28078,100.12,27457,102.38
서비스업,부산광역시,부산광역시 합계,202406,31736,31786,99.84,31547,100.6
쇼핑업,부산광역시,중구,202406,2780,2802,99.21,2872,96.8
여행/숙박업,부산광역시,중구,202406,231,234,98.72,228,101.32
운송업,부산광역시,중구,202406,142,140,101.43,139,102.16
식음료업,부산광역시,중구,202406,1991,2000,99.55,2021,98.52
의료웰니스업,부산광역시,중구,202406,787,789,99.75,784,100.38
서비스업,부산광역시,중구,202406,516,525,98.29,529,97.54
쇼핑업,부산광역시,서구,202406,1905,1902,100.16,1867,102.04
여행/숙박업,부산광역시,서구,202406,75,76,98.68,72,104.17
운송업,부산광역시,서구,202406,153,150,102.0,152,100.66
식음료업,부산광역시,서구,202406,1431,1440,99.38,1444,99.1
의료웰니스업,부산광역시,서구,202406,769,766,100.39,764,100.65
서비스업,부산광역시,서구,202406,686,693,98.99,705,97.3
쇼핑업,부산광역시,동구,202406,3018,3040,99.28,2991,100.9
여행/숙박업,부산광역시,동구,202406,297,298,99.66,291,102.06
운송업,부산광역시,동구,202406,229,230,99.57,226,101.33
식음료업,부산광역시,동구,202406,1621,1619,100.12,1598,101.44
의료웰니스업,부산광역시,동구,202406,777,778,99.87,773,100.52
서비스업,부산광역시,동구,202406,799,798,100.13,778,102.7
쇼핑업,부산광역시,영도구,202406,1684,1683,100.06,1715,98.19
여행/숙박업,부산광역시,영도구,202406,112,110,101.82,103,108.74
운송업,부산광역시,영도구,202406,165,166,99.4,157,105.1
식음료업,부산광역시,영도구,202406,1459,1468,99.39,1479,98.65
의료웰니스업,부산광역시,영도구,202406,728,727,100.14,731,99.59
서비스업,부산광역시,영도구,202406,572,570,100.35,558,102.51
쇼핑업,부산광역시,부산진구,202406,9656,9623,100.34,9356,103.21
여행/숙박업,부산광역시,부산진구,202406,372,374,99.47,357,104.2
운송업,부산광역시,부산진구,202406,519,519,100.0,514,100.97
식음료업,부산광역시,부산진구,202406,6294,6303,99.86,6373,98.76
의료웰니스업,부산광역시,부산진구,202406,3929,3922,100.18,3792,103.61
서비스업,부산광역시,부산진구,202406,3512,3528,99.55,3490,100.63
쇼핑업,부산광역시,동래구,202406,5405,5387,100.33,5339,101.24
여행/숙박업,부산광역시,동래구,202406,198,196,101.02,186,106.45
운송업,부산광역시,동래구,202406,363,365,99.45,365,99.45
식음료업,부산광역시,동래구,202406,3772,3787,99.6,3817,98.82
의료웰니스업,부산광역시,동래구,202406,2578,2570,100.31,2547,101.22
서비스업,부산광역시,동래구,202406,2939,2934,100.17,2902,101.27
쇼핑업,부산광역시,남구,202406,5186,5194,99.85,5057,102.55
여행/숙박업,부산광역시,남구,202406,112,113,99.12,115,97.39
운송업,부산광역시,남구,202406,414,413,100.24,417,99.28
식음료업,부산광역시,남구,202406,3152,3177,99.21,3199,98.53
의료웰니스업,부산광역시,남구,202406,1990,1982,100.4,1915,103.92
서비스업,부산광역시,남구,202406,2167,2170,99.86,2092,103.59
쇼핑업,부산광역시,북구,202406,4464,4470,99.87,4361,102.36
여행/숙박업,부산광역시,북구,202406,109,109,100.0,100,109.0
운송업,부산광역시,북구,202406,298,297,100.34,290,102.76
식음료업,부산광역시,북구,202406,2809,2829,99.29,2899,96.9
의료웰니스업,부산광역시,북구,202406,1891,1893,99.89,1883,100.42
서비스업,부산광역시,북구,202406,1868,1883,99.2,1919,97.34
쇼핑업,부산광역시,해운대구,202406,8859,8824,100.4,8855,100.05
여행/숙박업,부산광역시,해운대구,202406,453,452,100.22,437,103.66
운송업,부산광역시,해운대구,202406,541,536,100.93,536,100.93
식음료업,부산광역시,해운대구,202406,4942,4968,99.48,5050,97.86
의료웰니스업,부산광역시,해운대구,202406,3208,3223,99.53,3156,101.65
서비스업,부산광역시,해운대구,202406,4223,4218,100.12,4188,100.84
쇼핑업,부산광역시,사하구,202406,5022,5015,100.14,4928,101.91
여행/숙박업,부산광역시,사하구,202406,85,86,98.84,92,92.39
운송업,부산광역시,사하구,202406,428,431,99.3,431,99.3
식음료업,부산광역시,사하구,202406,3789,3810,99.45,3851,98.39
의료웰니스업,부산광역시,사하구,202406,2309,2305,100.17,2270,101.72
서비스업,부산광역시,사하구,202406,2161,2153,100.37,2163,99.91
쇼핑업,부산광역시,금정구,202406,4371,4382,99.75,4421,98.87
여행/숙박업,부산광역시,금정구,202406,108,108,100.0,103,104.85
운송업,부산광역시,금정구,202406,377,374,100.8,375,100.53
식음료업,부산광역시,금정구,202406,3403,3425,99.36,3520,96.68
의료웰니스업,부산광역시,금정구,202406,1904,1904,100.0,1864,102.15
서비스업,부산광역시,금정구,202406,2147,2152,99.77,2171,98.89
쇼핑업,부산광역시,강서구,202406,3713,3715,99.95,3584,103.6
여행/숙박업,부산광역시,강서구,202406,78,77,101.3,74,105.41
운송업,부산광역시,강서구,202406,391,386,101.3,378,103.44
식음료업,부산광역시,강서구,202406,2701,2704,99.89,2702,99.96
의료웰니스업,부산광역시,강서구,202406,973,964,100.93,917,106.11
서비스업,부산광역시,강서구,202406,1880,1881,99.95,1826,102.96
쇼핑업,부산광역시,연제구,202406,4216,4210,100.14,4068,103.64
여행/숙박업,부산광역시,연제구,202406,129,130,99.23,127,101.57
운송업,부산광역시,연제구,202406,423,425,99.53,418,101.2
식음료업,부산광역시,연제구,202406,2927,2920,100.24,2918,100.31
의료웰니스업,부산광역시,연제구,202406,1884,1879,100.27,1812,103.97
서비스업,부산광역시,연제구,202406,2985,2989,99.87,2946,101.32
쇼핑업,부산광역시,수영구,202406,4984,4986,99.96,4923,101.24
여행/숙박업,부산광역시,수영구,202406,189,184,102.72,161,117.39
운송업,부산광역시,수영구,202406,318,319,99.69,309,102.91
식음료업,부산광역시,수영구,202406,3371,3365,100.18,3309,101.87
의료웰니스업,부산광역시,수영구,202406,1763,1753,100.57,1687,104.51
서비스업,부산광역시,수영구,202406,2015,2022,99.65,1989,101.31
쇼핑업,부산광역시,사상구,202406,4449,4441,100.18,4340,102.51
여행/숙박업,부산광역시,사상구,202406,142,142,100.0,149,95.3
운송업,부산광역시,사상구,202406,595,596,99.83,593,100.34
식음료업,부산광역시,사상구,202406,2916,2920,99.86,2989,97.56
의료웰니스업,부산광역시,사상구,202406,1383,1382,100.07,1355,102.07
서비스업,부산광역시,사상구,202406,1531,1530,100.07,1541,99.35
쇼핑업,부산광역시,기장군,202406,4007,3996,100.28,3932,101.91
여행/숙박업,부산광역시,기장군,202406,170,172,98.84,159,106.92
운송업,부산광역시,기장군,202406,377,375,100.53,326,115.64
식음료업,부산광역시,기장군,202406,3094,3100,99.81,3092,100.06
의료웰니스업,부산광역시,기장군,202406,1224,1227,99.76,1192,102.68
서비스업,부산광역시,기장군,202406,1686,1688,99.88,1691,99.7
쇼핑업,부산광역시,부산광역시 합계,202407,73818,73721,100.13,72832,101.35
여행/숙박업,부산광역시,부산광역시 합계,202407,2891,2866,100.87,2765,104.56
운송업,부산광역시,부산광역시 합계,202407,5752,5750,100.03,5659,101.64
식음료업,부산광역시,부산광역시 합계,202407,49558,49672,99.77,50155,98.81
의료웰니스업,부산광역시,부산광역시 합계,202407,28161,28111,100.18,27489,102.44
서비스업,부산광역시,부산광역시 합계,202407,31755,31736,100.06,31637,100.37
쇼핑업,부산광역시,중구,202407,2772,2780,99.71,2882,96.18
여행/숙박업,부산광역시,중구,202407,232,231,100.43,228,101.75
운송업,부산광역시,중구,202407,142,142,100.0,136,104.41
식음료업,부산광역시,중구,202407,1986,1991,99.75,2021,98.27
의료웰니스업,부산광역시,중구,202407,790,787,100.38,789,100.13
서비스업,부산광역시,중구,202407,510,516,98.84,529,96.41
쇼핑업,부산광역시,서구,202407,1895,1905,99.48,1867,101.5
여행/숙박업,부산광역시,서구,202407,79,75,105.33,71,111.27
운송업,부산광역시,서구,202407,155,153,101.31,153,101.31
식음료업,부산광역시,서구,202407,1428,1431,99.79,1437,99.37
의료웰니스업,부산광역시,서구,202407,771,769,100.26,762,101.18
서비스업,부산광역시,서구,202407,691,686,100.73,705,98.01
쇼핑업,부산광역시,동구,202407,3022,3018,100.13,3006,100.53
여행/숙박업,부산광역시,동구,202407,296,297,99.66,292,101.37
운송업,부산광역시,동구,202407,228,229,99.56,227,100.44
식음료업,부산광역시,동구,202407,1616,1621,99.69,1608,100.5
의료웰니스업,부산광역시,동구,202407,780,777,100.39,772,101.04
서비스업,부산광역시,동구,202407,803,799,100.5,778,103.21
쇼핑업,부산광역시,영도구,202407,1688,1684,100.24,1728,97.69
여행/숙박업,부산광역시,영도구,202407,113,112,100.89,105,107.62
운송업,부산광역시,영도구,202407,163,165,98.79,159,102.52
식음료업,부산광역시,영도구,202407,1454,1459,99.66,1477,98.44
의료웰니스업,부산광역시,영도구,202407,728,728,100.0,733,99.32
서비스업,부산광역시,영도구,202407,570,572,99.65,559,101.97
쇼핑업,부산광역시,부산진구,202407,9641,9656,99.84,9374,102.85
여행/숙박업,부산광역시,부산진구,202407,380,372,102.15,353,107.65
운송업,부산광역시,부산진구,202407,516,519,99.42,518,99.61
식음료업,부산광역시,부산진구,202407,6282,6294,99.81,6359,98.79
의료웰니스업,부산광역시,부산진구,202407,3932,3929,100.08,3794,103.64
서비스업,부산광역시,부산진구,202407,3512,3512,100.0,3494,100.52
쇼핑업,부산광역시,동래구,202407,5412,5405,100.13,5358,101.01
여행/숙박업,부산광역시,동래구,202407,196,198,98.99,188,104.26
운송업,부산광역시,동래구,202407,363,363,100.0,363,100.0
식음료업,부산광역시,동래구,202407,3754,3772,99.52,3812,98.48
의료웰니스업,부산광역시,동래구,202407,2586,2578,100.31,2550,101.41
서비스업,부산광역시,동래구,202407,2926,2936,99.66,2923,100.1
쇼핑업,부산광역시,남구,202407,5205,5186,100.37,5077,102.52
여행/숙박업,부산광역시,남구,202407,114,112,101.79,115,99.13
운송업,부산광역시,남구,202407,413,414,99.76,417,99.04
식음료업,부산광역시,남구,202407,3140,3152,99.62,3190,98.43
의료웰니스업,부산광역시,남구,202407,1995,1990,100.25,1928,103.48
서비스업,부산광역시,남구,202407,2154,2167,99.4,2106,102.28
쇼핑업,부산광역시,북구,202407,4475,4464,100.25,4346,102.97
여행/숙박업,부산광역시,북구,202407,111,109,101.83,100,111.0
운송업,부산광역시,북구,202407,295,298,98.99,286,103.15
식음료업,부산광역시,북구,202407,2813,2809,100.14,2886,97.47
의료웰니스업,부산광역시,북구,202407,1890,1891,99.95,1877,100.69
서비스업,부산광역시,북구,202407,1866,1868,99.89,1911,97.65
쇼핑업,부산광역시,해운대구,202407,8917,8859,100.65,8891,100.29
여행/숙박업,부산광역시,해운대구,202407,454,453,100.22,440,103.18
운송업,부산광역시,해운대구,202407,549,541,101.48,540,101.67
식음료업,부산광역시,해운대구,202407,4930,4942,99.76,5045,97.72
의료웰니스업,부산광역시,해운대구,202407,3228,3208,100.62,3155,102.31
서비스업,부산광역시,해운대구,202407,4231,4223,100.19,4204,100.64
쇼핑업,부산광역시,사하구,202407,5032,5022,100.2,4952,101.62
여행/숙박업,부산광역시,사하구,202407,86,85,101.18,89,96.63
운송업,부산광역시,사하구,202407,427,428,99.77,431,99.07
식음료업,부산광역시,사하구,202407,3781,3789,99.79,3834,98.62
의료웰니스업,부산광역시,사하구,202407,2307,2309,99.91,2278,101.27
서비스업,부산광역시,사하구,202407,2153,2161,99.63,2162,99.58
쇼핑업,부산광역시,금정구,202407,4376,4371,100.11,4429,98.8
여행/숙박업,부산광역시,금정구,202407,106,108,98.15,103,102.91
운송업,부산광역시,금정구,202407,377,377,100.0,376,100.27
식음료업,부산광역시,금정구,202407,3387,3403,99.53,3509,96.52
의료웰니스업,부산광역시,금정구,202407,1904,1904,100.0,1870,101.82
서비스업,부산광역시,금정구,202407,2159,2147,100.56,2166,99.68
쇼핑업,부산광역시,강서구,202407,3722,3713,100.24,3590,103.68
여행/숙박업,부산광역시,강서구,202407,79,78,101.28,74,106.76
운송업,부산광역시,강서구,202407,394,391,100.77,384,102.6
식음료업,부산광역시,강서구,202407,2692,2701,99.67,2691,100.04
의료웰니스업,부산광역시,강서구,202407,969,973,99.59,916,105.79
서비스업,부산광역시,강서구,202407,1897,1880,100.9,1831,103.6
쇼핑업,부산광역시,연제구,202407,4247,4216,100.74,4103,103.51
여행/숙박업,부산광역시,연제구,202407,131,129,101.55,126,103.97
운송업,부산광역시,연제구,202407,425,423,100.47,415,102.41
식음료업,부산광역시,연제구,202407,2922,2927,99.83,2903,100.65
의료웰니스업,부산광역시,연제구,202407,1890,1884,100.32,1819,103.9
서비스업,부산광역시,연제구,202407,2986,2985,100.03,2972,100.47
쇼핑업,부산광역시,수영구,202407,4982,4984,99.96,4921,101.24
여행/숙박업,부산광역시,수영구,202407,195,189,103.17,159,122.64
운송업,부산광역시,수영구,202407,318,318,100.0,308,103.25
식음료업,부산광역시,수영구,202407,3378,3371,100.21,3317,101.84
의료웰니스업,부산광역시,수영구,202407,1775,1763,100.68,1688,105.15
서비스업,부산광역시,수영구,202407,2015,2015,100.0,2005,100.5
쇼핑업,부산광역시,사상구,202407,4420,4449,99.35,4355,101.49
여행/숙박업,부산광역시,사상구,202407,140,142,98.59,149,93.96
운송업,부산광역시,사상구,202407,594,595,99.83,594,100.0
식음료업,부산광역시,사상구,202407,2915,2916,99.97,2977,97.92
의료웰니스업,부산광역시,사상구,202407,1382,1383,99.93,1350,102.37
서비스업,부산광역시,사상구,202407,1539,1531,100.52,1545,99.61
쇼핑업,부산광역시,기장군,202407,4010,4007,100.07,3950,101.52
여행/숙박업,부산광역시,기장군,202407,173,170,101.76,165,104.85
운송업,부산광역시,기장군,202407,377,377,100.0,336,112.2
식음료업,부산광역시,기장군,202407,3080,3094,99.55,3089,99.71
의료웰니스업,부산광역시,기장군,202407,1220,1224,99.67,1193,102.26
서비스업,부산광역시,기장군,202407,1690,1686,100.24,1684,100.36
쇼핑업,부산광역시,부산광역시 합계,202408,74069,73818,100.34,73173,101.22
여행/숙박업,부산광역시,부산광역시 합계,202408,2891,2891,100.0,2790,103.62
운송업,부산광역시,부산광역시 합계,202408,5762,5752,100.17,5647,102.04
식음료업,부산광역시,부산광역시 합계,202408,49534,49558,99.95,50159,98.75
의료웰니스업,부산광역시,부산광역시 합계,202408,28239,28161,100.28,27565,102.45
서비스업,부산광역시,부산광역시 합계,202408,31788,31755,100.1,31694,100.3
쇼핑업,부산광역시,중구,202408,2763,2772,99.68,2878,96.0
여행/숙박업,부산광역시,중구,202408,233,232,100.43,229,101.75
운송업,부산광역시,중구,202408,143,142,100.7,136,105.15
식음료업,부산광역시,중구,202408,1995,1986,100.45,2022,98.66
의료웰니스업,부산광역시,중구,202408,790,790,100.0,784,100.77
서비스업,부산광역시,중구,202408,508,510,99.61,527,96.39
쇼핑업,부산광역시,서구,202408,1902,1895,100.37,1888,100.74
여행/숙박업,부산광역시,서구,202408,79,79,100.0,71,111.27
운송업,부산광역시,서구,202408,154,155,99.35,153,100.65
식음료업,부산광역시,서구,202408,1431,1428,100.21,1438,99.51
의료웰니스업,부산광역시,서구,202408,774,771,100.39,764,101.31
서비스업,부산광역시,서구,202408,694,691,100.43,705,98.44
쇼핑업,부산광역시,동구,202408,3049,3022,100.89,3035,100.46
여행/숙박업,부산광역시,동구,202408,293,296,98.99,294,99.66
운송업,부산광역시,동구,202408,229,228,100.44,225,101.78
식음료업,부산광역시,동구,202408,1613,1616,99.81,1611,100.12
의료웰니스업,부산광역시,동구,202408,784,780,100.51,768,102.08
서비스업,부산광역시,동구,202408,801,803,99.75,784,102.17
쇼핑업,부산광역시,영도구,202408,1692,1688,100.24,1729,97.86
여행/숙박업,부산광역시,영도구,202408,113,113,100.0,105,107.62
운송업,부산광역시,영도구,202408,163,163,100.0,156,104.49
식음료업,부산광역시,영도구,202408,1449,1454,99.66,1483,97.71
의료웰니스업,부산광역시,영도구,202408,724,728,99.45,737,98.24
서비스업,부산광역시,영도구,202408,570,570,100.0,564,101.06
쇼핑업,부산광역시,부산진구,202408,9707,9641,100.68,9400,103.27
여행/숙박업,부산광역시,부산진구,202408,379,380,99.74,358,105.87
운송업,부산광역시,부산진구,202408,519,516,100.58,518,100.19
식음료업,부산광역시,부산진구,202408,6278,6282,99.94,6347,98.91
의료웰니스업,부산광역시,부산진구,202408,3950,3932,100.46,3811,103.65
서비스업,부산광역시,부산진구,202408,3510,3512,99.94,3497,100.37
쇼핑업,부산광역시,동래구,202408,5435,5412,100.42,5377,101.08
여행/숙박업,부산광역시,동래구,202408,195,196,99.49,190,102.63
운송업,부산광역시,동래구,202408,364,363,100.28,362,100.55
식음료업,부산광역시,동래구,202408,3741,3754,99.65,3804,98.34
의료웰니스업,부산광역시,동래구,202408,2594,2586,100.31,2553,101.61
서비스업,부산광역시,동래구,202408,2942,2923,100.65,2918,100.82
쇼핑업,부산광역시,남구,202408,5188,5205,99.67,5089,101.95
여행/숙박업,부산광역시,남구,202408,117,114,102.63,116,100.86
운송업,부산광역시,남구,202408,416,413,100.73,415,100.24
식음료업,부산광역시,남구,202408,3134,3140,99.81,3202,97.88
의료웰니스업,부산광역시,남구,202408,2001,1995,100.3,1929,103.73
서비스업,부산광역시,남구,202408,2164,2154,100.46,2111,102.51
쇼핑업,부산광역시,북구,202408,4486,4475,100.25,4359,102.91
여행/숙박업,부산광역시,북구,202408,110,111,99.1,104,105.77
운송업,부산광역시,북구,202408,296,295,100.34,284,104.23
식음료업,부산광역시,북구,202408,2820,2813,100.25,2876,98.05
의료웰니스업,부산광역시,북구,202408,1893,1890,100.16,1877,100.85
서비스업,부산광역시,북구,202408,1862,1866,99.79,1913,97.33
쇼핑업,부산광역시,해운대구,202408,8978,8917,100.68,8936,100.47
여행/숙박업,부산광역시,해운대구,202408,452,454,99.56,440,102.73
운송업,부산광역시,해운대구,202408,549,549,100.0,538,102.04
식음료업,부산광역시,해운대구,202408,4929,4930,99.98,5037,97.86
의료웰니스업,부산광역시,해운대구,202408,3232,3228,100.12,3168,102.02
서비스업,부산광역시,해운대구,202408,4234,4231,100.07,4201,100.79
쇼핑업,부산광역시,사하구,202408,5053,5032,100.42,4997,101.12
여행/숙박업,부산광역시,사하구,202408,84,86,97.67,88,95.45
운송업,부산광역시,사하구,202408,429,427,100.47,430,99.77
식음료업,부산광역시,사하구,202408,3772,3781,99.76,3833,98.41
의료웰니스업,부산광역시,사하구,202408,2308,2307,100.04,2274,101.5
서비스업,부산광역시,사하구,202408,2162,2153,100.42,2160,100.09
쇼핑업,부산광역시,금정구,202408,4375,4376,99.98,4442,98.49
여행/숙박업,부산광역시,금정구,202408,105,106,99.06,105,100.0
운송업,부산광역시,금정구,202408,375,377,99.47,374,100.27
식음료업,부산광역시,금정구,202408,3387,3387,100.0,3490,97.05
의료웰니스업,부산광역시,금정구,202408,1907,1904,100.16,1876,101.65
서비스업,부산광역시,금정구,202408,2158,2159,99.95,2168,99.54
쇼핑업,부산광역시,강서구,202408,3732,3722,100.27,3631,102.78
여행/숙박업,부산광역시,강서구,202408,80,79,101.27,76,105.26
운송업,부산광역시,강서구,202408,400,394,101.52,387,103.36
식음료업,부산광역시,강서구,202408,2688,2692,99.85,2709,99.22
의료웰니스업,부산광역시,강서구,202408,979,969,101.03,924,105.95
서비스업,부산광역시,강서구,202408,1892,1897,99.74,1843,102.66
쇼핑업,부산광역시,연제구,202408,4258,4247,100.26,4112,103.55
여행/숙박업,부산광역시,연제구,202408,131,131,100.0,127,103.15
운송업,부산광역시,연제구,202408,420,425,98.82,412,101.94
식음료업,부산광역시,연제구,202408,2921,2922,99.97,2916,100.17
의료웰니스업,부산광역시,연제구,202408,1904,1890,100.74,1834,103.82
서비스업,부산광역시,연제구,202408,2990,2986,100.13,2977,100.44
쇼핑업,부산광역시,수영구,202408,4990,4982,100.16,4957,100.67
여행/숙박업,부산광역시,수영구,202408,203,195,104.1,163,124.54
운송업,부산광역시,수영구,202408,321,318,100.94,307,104.56
식음료업,부산광역시,수영구,202408,3378,3378,100.0,3312,101.99
의료웰니스업,부산광역시,수영구,202408,1778,1775,100.17,1694,104.96
서비스업,부산광역시,수영구,202408,2006,2015,99.55,2013,99.65
쇼핑업,부산광역시,사상구,202408,4438,4420,100.41,4381,101.3
여행/숙박업,부산광역시,사상구,202408,139,140,99.29,151,92.05
운송업,부산광역시,사상구,202408,590,594,99.33,598,98.66
식음료업,부산광역시,사상구,202408,2905,2915,99.66,2971,97.78
의료웰니스업,부산광역시,사상구,202408,1388,1382,100.43,1360,102.06
서비스업,부산광역시,사상구,202408,1541,1539,100.13,1557,98.97
쇼핑업,부산광역시,기장군,202408,4021,4010,100.27,3959,101.57
여행/숙박업,부산광역시,기장군,202408,172,173,99.42,165,104.24
운송업,부산광역시,기장군,202408,378,377,100.27,336,112.5
식음료업,부산광역시,기장군,202408,3093,3080,100.42,3108,99.52
의료웰니스업,부산광역시,기장군,202408,1219,1220,99.92,1198,101.75
서비스업,부산광역시,기장군,202408,1700,1690,100.59,1693,100.41
쇼핑업,부산광역시,부산광역시 합계,202409,74294,74069,100.3,73541,101.02
여행/숙박업,부산광역시,부산광역시 합계,202409,2918,2891,100.93,2803,104.1
운송업,부산광역시,부산광역시 합계,202409,5762,5762,100.0,5667,101.68
식음료업,부산광역시,부산광역시 합계,202409,49411,49534,99.75,50211,98.41
의료웰니스업,부산광역시,부산광역시 합계,202409,28287,28239,100.17,27623,102.4
서비스업,부산광역시,부산광역시 합계,202409,31739,31788,99.85,31724,100.05
쇼핑업,부산광역시,중구,202409,2763,2763,100.0,2872,96.2
여행/숙박업,부산광역시,중구,202409,233,233,100.0,231,100.87
운송업,부산광역시,중구,202409,144,143,100.7,136,105.88
식음료업,부산광역시,중구,202409,1993,1995,99.9,2020,98.66
의료웰니스업,부산광역시,중구,202409,788,790,99.75,780,101.03
서비스업,부산광역시,중구,202409,509,508,100.2,522,97.51
쇼핑업,부산광역시,서구,202409,1912,1902,100.53,1893,101.0
여행/숙박업,부산광역시,서구,202409,81,79,102.53,71,114.08
운송업,부산광역시,서구,202409,157,154,101.95,153,102.61
식음료업,부산광역시,서구,202409,1430,1431,99.93,1435,99.65
의료웰니스업,부산광역시,서구,202409,776,774,100.26,759,102.24
서비스업,부산광역시,서구,202409,689,691,99.71,701,98.29
쇼핑업,부산광역시,동구,202409,3059,3049,100.33,3024,101.16
여행/숙박업,부산광역시,동구,202409,293,293,100.0,298,98.32
운송업,부산광역시,동구,202409,231,229,100.87,225,102.67
식음료업,부산광역시,동구,202409,1618,1613,100.31,1619,99.94
의료웰니스업,부산광역시,동구,202409,785,784,100.13,770,101.95
서비스업,부산광역시,동구,202409,799,801,99.75,785,101.78
쇼핑업,부산광역시,영도구,202409,1686,1692,99.65,1735,97.18
여행/숙박업,부산광역시,영도구,202409,112,113,99.12,105,106.67
운송업,부산광역시,영도구,202409,159,163,97.55,157,101.27
식음료업,부산광역시,영도구,202409,1442,1449,99.52,1486,97.04
의료웰니스업,부산광역시,영도구,202409,724,724,100.0,732,98.91
서비스업,부산광역시,영도구,202409,570,570,100.0,566,100.71
쇼핑업,부산광역시,부산진구,202409,9763,9707,100.58,9480,102.99
여행/숙박업,부산광역시,부산진구,202409,379,379,100.0,361,104.99
운송업,부산광역시,부산진구,202409,517,519,99.61,523,98.85
식음료업,부산광역시,부산진구,202409,6242,6278,99.43,6350,98.3
의료웰니스업,부산광역시,부산진구,202409,3962,3950,100.3,3820,103.72
서비스업,부산광역시,부산진구,202409,3496,3510,99.6,3511,99.57
쇼핑업,부산광역시,동래구,202409,5428,5435,99.87,5384,100.82
여행/숙박업,부산광역시,동래구,202409,197,195,101.03,192,102.6
운송업,부산광역시,동래구,202409,368,364,101.1,365,100.82
식음료업,부산광역시,동래구,202409,3723,3741,99.52,3818,97.51
의료웰니스업,부산광역시,동래구,202409,2602,2594,100.31,2554,101.88
서비스업,부산광역시,동래구,202409,2952,2942,100.34,2928,100.82
쇼핑업,부산광역시,남구,202409,5208,5188,100.39,5105,102.02
여행/숙박업,부산광역시,남구,202409,123,117,105.13,117,105.13
운송업,부산광역시,남구,202409,420,416,100.96,415,101.2
식음료업,부산광역시,남구,202409,3125,3134,99.71,3196,97.78
의료웰니스업,부산광역시,남구,202409,2002,2001,100.05,1934,103.52
서비스업,부산광역시,남구,202409,2167,2164,100.14,2117,102.36
쇼핑업,부산광역시,북구,202409,4497,4486,100.25,4398,102.25
여행/숙박업,부산광역시,북구,202409,112,110,101.82,104,107.69
운송업,부산광역시,북구,202409,295,296,99.66,285,103.51
식음료업,부산광역시,북구,202409,2802,2820,99.36,2871,97.6
의료웰니스업,부산광역시,북구,202409,1892,1893,99.95,1882,100.53
서비스업,부산광역시,북구,202409,1861,1862,99.95,1914,97.23
쇼핑업,부산광역시,해운대구,202409,9026,8978,100.53,8976,100.56
여행/숙박업,부산광역시,해운대구,202409,456,452,100.88,442,103.17
운송업,부산광역시,해운대구,202409,543,549,98.91,536,101.31
식음료업,부산광역시,해운대구,202409,4918,4929,99.78,5029,97.79
의료웰니스업,부산광역시,해운대구,202409,3236,3232,100.12,3180,101.76
서비스업,부산광역시,해운대구,202409,4230,4234,99.91,4212,100.43
쇼핑업,부산광역시,사하구,202409,5058,5053,100.1,5039,100.38
여행/숙박업,부산광역시,사하구,202409,83,84,98.81,86,96.51
운송업,부산광역시,사하구,202409,428,429,99.77,434,98.62
식음료업,부산광역시,사하구,202409,3762,3772,99.73,3845,97.84
의료웰니스업,부산광역시,사하구,202409,2317,2308,100.39,2277,101.76
서비스업,부산광역시,사하구,202409,2156,2162,99.72,2169,99.4
쇼핑업,부산광역시,금정구,202409,4385,4375,100.23,4446,98.63
여행/숙박업,부산광역시,금정구,202409,104,105,99.05,105,99.05
운송업,부산광역시,금정구,202409,373,375,99.47,376,99.2
식음료업,부산광역시,금정구,202409,3387,3387,100.0,3499,96.8
의료웰니스업,부산광역시,금정구,202409,1907,1907,100.0,1886,101.11
서비스업,부산광역시,금정구,202409,2144,2158,99.35,2160,99.26
쇼핑업,부산광역시,강서구,202409,3737,3732,100.13,3670,101.83
여행/숙박업,부산광역시,강서구,202409,81,80,101.25,74,109.46
운송업,부산광역시,강서구,202409,396,400,99.0,390,101.54
식음료업,부산광역시,강서구,202409,2680,2688,99.7,2726,98.31
의료웰니스업,부산광역시,강서구,202409,983,979,100.41,928,105.93
서비스업,부산광역시,강서구,202409,1888,1892,99.79,1847,102.22
쇼핑업,부산광역시,연제구,202409,4280,4258,100.52,4128,103.68
여행/숙박업,부산광역시,연제구,202409,132,131,100.76,128,103.12
운송업,부산광역시,연제구,202409,424,420,100.95,411,103.16
식음료업,부산광역시,연제구,202409,2925,2921,100.14,2915,100.34
의료웰니스업,부산광역시,연제구,202409,1907,1904,100.16,1838,103.75
서비스업,부산광역시,연제구,202409,2982,2990,99.73,2960,100.74
쇼핑업,부산광역시,수영구,202409,5009,4990,100.38,4990,100.38
여행/숙박업,부산광역시,수영구,202409,217,203,106.9,164,132.32
운송업,부산광역시,수영구,202409,322,321,100.31,306,105.23
식음료업,부산광역시,수영구,202409,3358,3378,99.41,3315,101.3
의료웰니스업,부산광역시,수영구,202409,1781,1778,100.17,1705,104.46
서비스업,부산광역시,수영구,202409,2001,2006,99.75,2030,98.57
쇼핑업,부산광역시,사상구,202409,4432,4438,99.86,4385,101.07
여행/숙박업,부산광역시,사상구,202409,138,139,99.28,150,92.0
운송업,부산광역시,사상구,202409,591,590,100.17,596,99.16
식음료업,부산광역시,사상구,202409,2905,2905,100.0,2972,97.75
의료웰니스업,부산광역시,사상구,202409,1391,1388,100.22,1363,102.05
서비스업,부산광역시,사상구,202409,1541,1541,100.0,1551,99.36
쇼핑업,부산광역시,기장군,202409,4049,4021,100.7,4013,100.9
여행/숙박업,부산광역시,기장군,202409,172,172,100.0,167,102.99
운송업,부산광역시,기장군,202409,378,378,100.0,341,110.85
식음료업,부산광역시,기장군,202409,3101,3093,100.26,3115,99.55
의료웰니스업,부산광역시,기장군,202409,1221,1219,100.16,1201,101.67
서비스업,부산광역시,기장군,202409,1699,1700,99.94,1691,100.47
쇼핑업,부산광역시,부산광역시 합계,202410,74541,74294,100.33,73809,100.99
여행/숙박업,부산광역시,부산광역시 합계,202410,2940,2918,100.75,2809,104.66
운송업,부산광역시,부산광역시 합계,202410,5780,5762,100.31,5677,101.81
식음료업,부산광역시,부산광역시 합계,202410,49391,49411,99.96,50165,98.46
의료웰니스업,부산광역시,부산광역시 합계,202410,28371,28287,100.3,27687,102.47
서비스업,부산광역시,부산광역시 합계,202410,31758,31739,100.06,31769,99.97
쇼핑업,부산광역시,중구,202410,2747,2763,99.42,2859,96.08
여행/숙박업,부산광역시,중구,202410,234,233,100.43,232,100.86
운송업,부산광역시,중구,202410,143,144,99.31,135,105.93
식음료업,부산광역시,중구,202410,1983,1993,99.5,2015,98.41
의료웰니스업,부산광역시,중구,202410,787,788,99.87,781,100.77
서비스업,부산광역시,중구,202410,510,509,100.2,520,98.08
쇼핑업,부산광역시,서구,202410,1921,1912,100.47,1911,100.52
여행/숙박업,부산광역시,서구,202410,81,81,100.0,72,112.5
운송업,부산광역시,서구,202410,159,157,101.27,156,101.92
식음료업,부산광역시,서구,202410,1431,1430,100.07,1438,99.51
의료웰니스업,부산광역시,서구,202410,775,776,99.87,759,102.11
서비스업,부산광역시,서구,202410,683,689,99.13,708,96.47
쇼핑업,부산광역시,동구,202410,3072,3059,100.42,3021,101.69
여행/숙박업,부산광역시,동구,202410,293,293,100.0,298,98.32
운송업,부산광역시,동구,202410,230,231,99.57,224,102.68
식음료업,부산광역시,동구,202410,1617,1618,99.94,1620,99.81
의료웰니스업,부산광역시,동구,202410,791,785,100.76,775,102.06
서비스업,부산광역시,동구,202410,799,799,100.0,787,101.52
쇼핑업,부산광역시,영도구,202410,1695,1686,100.53,1737,97.58
여행/숙박업,부산광역시,영도구,202410,114,112,101.79,105,108.57
운송업,부산광역시,영도구,202410,161,159,101.26,159,101.26
식음료업,부산광역시,영도구,202410,1444,1442,100.14,1488,97.04
의료웰니스업,부산광역시,영도구,202410,725,724,100.14,730,99.32
서비스업,부산광역시,영도구,202410,569,570,99.82,574,99.13
쇼핑업,부산광역시,부산진구,202410,9764,9763,100.01,9518,102.58
여행/숙박업,부산광역시,부산진구,202410,384,379,101.32,361,106.37
운송업,부산광역시,부산진구,202410,522,517,100.97,523,99.81
식음료업,부산광역시,부산진구,202410,6257,6242,100.24,6342,98.66
의료웰니스업,부산광역시,부산진구,202410,3993,3962,100.78,3841,103.96
서비스업,부산광역시,부산진구,202410,3501,3496,100.14,3531,99.15
쇼핑업,부산광역시,동래구,202410,5458,5428,100.55,5400,101.07
여행/숙박업,부산광역시,동래구,202410,196,197,99.49,192,102.08
운송업,부산광역시,동래구,202410,369,368,100.27,367,100.54
식음료업,부산광역시,동래구,202410,3735,3723,100.32,3799,98.32
의료웰니스업,부산광역시,동래구,202410,2605,2602,100.12,2560,101.76
서비스업,부산광역시,동래구,202410,2977,2952,100.85,2908,102.37
쇼핑업,부산광역시,남구,202410,5239,5208,100.6,5139,101.95
여행/숙박업,부산광역시,남구,202410,122,123,99.19,117,104.27
운송업,부산광역시,남구,202410,421,420,100.24,414,101.69
식음료업,부산광역시,남구,202410,3112,3125,99.58,3196,97.37
의료웰니스업,부산광역시,남구,202410,2007,2002,100.25,1930,103.99
서비스업,부산광역시,남구,202410,2169,2167,100.09,2108,102.89
쇼핑업,부산광역시,북구,202410,4511,4497,100.31,4425,101.94
여행/숙박업,부산광역시,북구,202410,112,112,100.0,104,107.69
운송업,부산광역시,북구,202410,298,295,101.02,284,104.93
식음료업,부산광역시,북구,202410,2798,2802,99.86,2861,97.8
의료웰니스업,부산광역시,북구,202410,1893,1892,100.05,1888,100.26
서비스업,부산광역시,북구,202410,1853,1861,99.57,1918,96.61
쇼핑업,부산광역시,해운대구,202410,9111,9026,100.94,9043,100.75
여행/숙박업,부산광역시,해운대구,202410,459,456,100.66,442,103.85
운송업,부산광역시,해운대구,202410,546,543,100.55,532,102.63
식음료업,부산광역시,해운대구,202410,4916,4918,99.96,5025,97.83
의료웰니스업,부산광역시,해운대구,202410,3243,3236,100.22,3182,101.92
서비스업,부산광역시,해운대구,202410,4235,4230,100.12,4219,100.38
쇼핑업,부산광역시,사하구,202410,5073,5058,100.3,5041,100.63
여행/숙박업,부산광역시,사하구,202410,82,83,98.8,86,95.35
운송업,부산광역시,사하구,202410,425,428,99.3,435,97.7
식음료업,부산광역시,사하구,202410,3755,3762,99.81,3837,97.86
의료웰니스업,부산광역시,사하구,202410,2324,2317,100.3,2277,102.06
서비스업,부산광역시,사하구,202410,2151,2156,99.77,2178,98.76
쇼핑업,부산광역시,금정구,202410,4378,4385,99.84,4451,98.36
여행/숙박업,부산광역시,금정구,202410,102,104,98.08,107,95.33
운송업,부산광역시,금정구,202410,373,373,100.0,376,99.2
식음료업,부산광역시,금정구,202410,3383,3387,99.88,3491,96.91
의료웰니스업,부산광역시,금정구,202410,1902,1907,99.74,1888,100.74
서비스업,부산광역시,금정구,202410,2134,2144,99.53,2172,98.25
쇼핑업,부산광역시,강서구,202410,3749,3737,100.32,3703,101.24
여행/숙박업,부산광역시,강서구,202410,79,81,97.53,75,105.33
운송업,부산광역시,강서구,202410,399,396,100.76,392,101.79
식음료업,부산광역시,강서구,202410,2678,2680,99.93,2737,97.84
의료웰니스업,부산광역시,강서구,202410,991,983,100.81,936,105.88
서비스업,부산광역시,강서구,202410,1892,1888,100.21,1844,102.6
쇼핑업,부산광역시,연제구,202410,4319,4280,100.91,4142,104.27
여행/숙박업,부산광역시,연제구,202410,133,132,100.76,128,103.91
운송업,부산광역시,연제구,202410,430,424,101.42,413,104.12
식음료업,부산광역시,연제구,202410,2932,2925,100.24,2915,100.58
의료웰니스업,부산광역시,연제구,202410,1925,1907,100.94,1840,104.62
서비스업,부산광역시,연제구,202410,2985,2982,100.1,2968,100.57
쇼핑업,부산광역시,수영구,202410,5017,5009,100.16,4991,100.52
여행/숙박업,부산광역시,수영구,202410,230,217,105.99,167,137.72
운송업,부산광역시,수영구,202410,322,322,100.0,311,103.54
식음료업,부산광역시,수영구,202410,3362,3358,100.12,3331,100.93
의료웰니스업,부산광역시,수영구,202410,1789,1781,100.45,1717,104.19
서비스업,부산광역시,수영구,202410,2008,2001,100.35,2029,98.97
쇼핑업,부산광역시,사상구,202410,4428,4432,99.91,4411,100.39
여행/숙박업,부산광역시,사상구,202410,143,138,103.62,149,95.97
운송업,부산광역시,사상구,202410,586,591,99.15,597,98.16
식음료업,부산광역시,사상구,202410,2896,2905,99.69,2967,97.61
의료웰니스업,부산광역시,사상구,202410,1388,1391,99.78,1364,101.76
서비스업,부산광역시,사상구,202410,1533,1541,99.48,1547,99.1
쇼핑업,부산광역시,기장군,202410,4057,4049,100.2,4014,101.07
여행/숙박업,부산광역시,기장군,202410,173,172,100.58,166,104.22
운송업,부산광역시,기장군,202410,380,378,100.53,341,111.44
식음료업,부산광역시,기장군,202410,3092,3101,99.71,3103,99.65
의료웰니스업,부산광역시,기장군,202410,1219,1221,99.84,1205,101.16
서비스업,부산광역시,기장군,202410,1704,1699,100.29,1701,100.18
쇼핑업,부산광역시,부산광역시 합계,202411,74609,74541,100.09,74099,100.69
여행/숙박업,부산광역시,부산광역시 합계,202411,2974,2940,101.16,2813,105.72
운송업,부산광역시,부산광역시 합계,202411,5796,5780,100.28,5695,101.77
식음료업,부산광역시,부산광역시 합계,202411,49308,49391,99.83,50188,98.25
의료웰니스업,부산광역시,부산광역시 합계,202411,28419,28371,100.17,27776,102.31
서비스업,부산광역시,부산광역시 합계,202411,31766,31758,100.03,31792,99.92
쇼핑업,부산광역시,중구,202411,2736,2747,99.6,2851,95.97
여행/숙박업,부산광역시,중구,202411,237,234,101.28,230,103.04
운송업,부산광역시,중구,202411,143,143,100.0,135,105.93
식음료업,부산광역시,중구,202411,1985,1983,100.1,2011,98.71
의료웰니스업,부산광역시,중구,202411,783,787,99.49,784,99.87
서비스업,부산광역시,중구,202411,508,510,99.61,520,97.69
쇼핑업,부산광역시,서구,202411,1915,1921,99.69,1900,100.79
여행/숙박업,부산광역시,서구,202411,83,81,102.47,73,113.7
운송업,부산광역시,서구,202411,162,159,101.89,154,105.19
식음료업,부산광역시,서구,202411,1425,1431,99.58,1440,98.96
의료웰니스업,부산광역시,서구,202411,772,775,99.61,763,101.18
서비스업,부산광역시,서구,202411,688,683,100.73,711,96.77
쇼핑업,부산광역시,동구,202411,3070,3072,99.93,3036,101.12
여행/숙박업,부산광역시,동구,202411,293,293,100.0,296,98.99
운송업,부산광역시,동구,202411,232,230,100.87,228,101.75
식음료업,부산광역시,동구,202411,1599,1617,98.89,1629,98.16
의료웰니스업,부산광역시,동구,202411,795,791,100.51,778,102.19
서비스업,부산광역시,동구,202411,806,799,100.88,787,102.41
쇼핑업,부산광역시,영도구,202411,1678,1695,99.0,1733,96.83
여행/숙박업,부산광역시,영도구,202411,117,114,102.63,105,111.43
운송업,부산광역시,영도구,202411,164,161,101.86,160,102.5
식음료업,부산광역시,영도구,202411,1442,1444,99.86,1490,96.78
의료웰니스업,부산광역시,영도구,202411,726,725,100.14,733,99.05
서비스업,부산광역시,영도구,202411,572,569,100.53,572,100.0
쇼핑업,부산광역시,부산진구,202411,9762,9764,99.98,9581,101.89
여행/숙박업,부산광역시,부산진구,202411,385,384,100.26,363,106.06
운송업,부산광역시,부산진구,202411,525,522,100.57,522,100.57
식음료업,부산광역시,부산진구,202411,6237,6257,99.68,6342,98.34
의료웰니스업,부산광역시,부산진구,202411,4000,3993,100.18,3860,103.63
서비스업,부산광역시,부산진구,202411,3513,3501,100.34,3534,99.41
쇼핑업,부산광역시,동래구,202411,5461,5458,100.05,5408,100.98
여행/숙박업,부산광역시,동래구,202411,197,196,100.51,195,101.03
운송업,부산광역시,동래구,202411,370,369,100.27,364,101.65
식음료업,부산광역시,동래구,202411,3739,3735,100.11,3813,98.06
의료웰니스업,부산광역시,동래구,202411,2617,2605,100.46,2559,102.27
서비스업,부산광역시,동래구,202411,2980,2977,100.1,2903,102.65
쇼핑업,부산광역시,남구,202411,5251,5239,100.23,5167,101.63
여행/숙박업,부산광역시,남구,202411,122,122,100.0,116,105.17
운송업,부산광역시,남구,202411,420,421,99.76,416,100.96
식음료업,부산광역시,남구,202411,3102,3112,99.68,3204,96.82
의료웰니스업,부산광역시,남구,202411,2002,2007,99.75,1939,103.25
서비스업,부산광역시,남구,202411,2167,2169,99.91,2121,102.17
쇼핑업,부산광역시,북구,202411,4525,4511,100.31,4435,102.03
여행/숙박업,부산광역시,북구,202411,111,112,99.11,105,105.71
운송업,부산광역시,북구,202411,300,298,100.67,284,105.63
식음료업,부산광역시,북구,202411,2787,2798,99.61,2859,97.48
의료웰니스업,부산광역시,북구,202411,1902,1893,100.48,1882,101.06
서비스업,부산광역시,북구,202411,1851,1853,99.89,1915,96.66
쇼핑업,부산광역시,해운대구,202411,9170,9111,100.65,9091,100.87
여행/숙박업,부산광역시,해운대구,202411,463,459,100.87,448,103.35
운송업,부산광역시,해운대구,202411,550,546,100.73,537,102.42
식음료업,부산광역시,해운대구,202411,4925,4916,100.18,5011,98.28
의료웰니스업,부산광역시,해운대구,202411,3251,3243,100.25,3191,101.88
서비스업,부산광역시,해운대구,202411,4242,4235,100.17,4234,100.19
쇼핑업,부산광역시,사하구,202411,5066,5073,99.86,5074,99.84
여행/숙박업,부산광역시,사하구,202411,84,82,102.44,87,96.55
운송업,부산광역시,사하구,202411,424,425,99.76,434,97.7
식음료업,부산광역시,사하구,202411,3735,3755,99.47,3824,97.67
의료웰니스업,부산광역시,사하구,202411,2321,2324,99.87,2293,101.22
서비스업,부산광역시,사하구,202411,2148,2151,99.86,2175,98.76
쇼핑업,부산광역시,금정구,202411,4380,4378,100.05,4464,98.12
여행/숙박업,부산광역시,금정구,202411,102,102,100.0,107,95.33
운송업,부산광역시,금정구,202411,374,373,100.27,376,99.47
식음료업,부산광역시,금정구,202411,3377,3383,99.82,3494,96.65
의료웰니스업,부산광역시,금정구,202411,1903,1902,100.05,1888,100.79
서비스업,부산광역시,금정구,202411,2137,2134,100.14,2169,98.52
쇼핑업,부산광역시,강서구,202411,3738,3749,99.71,3731,100.19
여행/숙박업,부산광역시,강서구,202411,79,79,100.0,74,106.76
운송업,부산광역시,강서구,202411,398,399,99.75,393,101.27
식음료업,부산광역시,강서구,202411,2681,2678,100.11,2750,97.49
의료웰니스업,부산광역시,강서구,202411,995,991,100.4,945,105.29
서비스업,부산광역시,강서구,202411,1894,1892,100.11,1858,101.94
쇼핑업,부산광역시,연제구,202411,4314,4319,99.88,4169,103.48
여행/숙박업,부산광역시,연제구,202411,131,133,98.5,127,103.15
운송업,부산광역시,연제구,202411,431,430,100.23,413,104.36
식음료업,부산광역시,연제구,202411,2919,2932,99.56,2919,100.0
의료웰니스업,부산광역시,연제구,202411,1932,1925,100.36,1848,104.55
서비스업,부산광역시,연제구,202411,2980,2985,99.83,2964,100.54
쇼핑업,부산광역시,수영구,202411,5022,5017,100.1,4993,100.58
여행/숙박업,부산광역시,수영구,202411,253,230,110.0,166,152.41
운송업,부산광역시,수영구,202411,322,322,100.0,312,103.21
식음료업,부산광역시,수영구,202411,3364,3362,100.06,3341,100.69
의료웰니스업,부산광역시,수영구,202411,1800,1789,100.61,1723,104.47
서비스업,부산광역시,수영구,202411,2003,2008,99.75,2027,98.82
쇼핑업,부산광역시,사상구,202411,4431,4428,100.07,4426,100.11
여행/숙박업,부산광역시,사상구,202411,140,143,97.9,146,95.89
운송업,부산광역시,사상구,202411,585,586,99.83,601,97.34
식음료업,부산광역시,사상구,202411,2895,2896,99.97,2959,97.84
의료웰니스업,부산광역시,사상구,202411,1391,1388,100.22,1373,101.31
서비스업,부산광역시,사상구,202411,1530,1533,99.8,1545,99.03
쇼핑업,부산광역시,기장군,202411,4088,4057,100.76,4037,101.26
여행/숙박업,부산광역시,기장군,202411,174,173,100.58,167,104.19
운송업,부산광역시,기장군,202411,380,380,100.0,347,109.51
식음료업,부산광역시,기장군,202411,3096,3092,100.13,3102,99.81
의료웰니스업,부산광역시,기장군,202411,1215,1219,99.67,1203,101.0
서비스업,부산광역시,기장군,202411,1693,1704,99.35,1700,99.59
쇼핑업,부산광역시,부산광역시 합계,202412,73904,74609,99.06,73573,100.45
여행/숙박업,부산광역시,부산광역시 합계,202412,2986,2974,100.4,2817,106.0
운송업,부산광역시,부산광역시 합계,202412,5769,5796,99.53,5679,101.58
식음료업,부산광역시,부산광역시 합계,202412,49000,49308,99.38,49866,98.26
의료웰니스업,부산광역시,부산광역시 합계,202412,28371,28419,99.83,27740,102.27
서비스업,부산광역시,부산광역시 합계,202412,31661,31766,99.67,31671,99.97
쇼핑업,부산광역시,중구,202412,2697,2736,98.57,2828,95.37
여행/숙박업,부산광역시,중구,202412,238,237,100.42,232,102.59
운송업,부산광역시,중구,202412,142,143,99.3,136,104.41
식음료업,부산광역시,중구,202412,1972,1985,99.35,2003,98.45
의료웰니스업,부산광역시,중구,202412,787,783,100.51,785,100.25
서비스업,부산광역시,중구,202412,503,508,99.02,520,96.73
쇼핑업,부산광역시,서구,202412,1898,1915,99.11,1898,100.0
여행/숙박업,부산광역시,서구,202412,82,83,98.8,73,112.33
운송업,부산광역시,서구,202412,158,162,97.53,152,103.95
식음료업,부산광역시,서구,202412,1418,1425,99.51,1425,99.51
의료웰니스업,부산광역시,서구,202412,761,772,98.58,760,100.13
서비스업,부산광역시,서구,202412,688,688,100.0,700,98.29
쇼핑업,부산광역시,동구,202412,3054,3070,99.48,3017,101.23
여행/숙박업,부산광역시,동구,202412,292,293,99.66,295,98.98
운송업,부산광역시,동구,202412,233,232,100.43,231,100.87
식음료업,부산광역시,동구,202412,1596,1599,99.81,1625,98.22
의료웰니스업,부산광역시,동구,202412,793,795,99.75,777,102.06
서비스업,부산광역시,동구,202412,794,806,98.51,783,101.4
쇼핑업,부산광역시,영도구,202412,1657,1678,98.75,1718,96.45
여행/숙박업,부산광역시,영도구,202412,120,117,102.56,106,113.21
운송업,부산광역시,영도구,202412,165,164,100.61,160,103.12
식음료업,부산광역시,영도구,202412,1433,1442,99.38,1479,96.89
의료웰니스업,부산광역시,영도구,202412,725,726,99.86,729,99.45
서비스업,부산광역시,영도구,202412,569,572,99.48,570,99.82
쇼핑업,부산광역시,부산진구,202412,9653,9762,98.88,9529,101.3
여행/숙박업,부산광역시,부산진구,202412,386,385,100.26,362,106.63
운송업,부산광역시,부산진구,202412,526,525,100.19,522,100.77
식음료업,부산광역시,부산진구,202412,6195,6237,99.33,6301,98.32
의료웰니스업,부산광역시,부산진구,202412,3982,4000,99.55,3865,103.03
서비스업,부산광역시,부산진구,202412,3515,3513,100.06,3507,100.23
쇼핑업,부산광역시,동래구,202412,5411,5461,99.08,5361,100.93
여행/숙박업,부산광역시,동래구,202412,196,197,99.49,194,101.03
운송업,부산광역시,동래구,202412,367,370,99.19,361,101.66
식음료업,부산광역시,동래구,202412,3700,3739,98.96,3780,97.88
의료웰니스업,부산광역시,동래구,202412,2611,2617,99.77,2552,102.31
서비스업,부산광역시,동래구,202412,2967,2980,99.56,2901,102.28
쇼핑업,부산광역시,남구,202412,5195,5251,98.93,5126,101.35
여행/숙박업,부산광역시,남구,202412,125,122,102.46,115,108.7
운송업,부산광역시,남구,202412,419,420,99.76,410,102.2
식음료업,부산광역시,남구,202412,3067,3102,98.87,3176,96.57
의료웰니스업,부산광역시,남구,202412,2005,2002,100.15,1938,103.46
서비스업,부산광역시,남구,202412,2157,2167,99.54,2125,101.51
쇼핑업,부산광역시,북구,202412,4451,4525,98.36,4411,100.91
여행/숙박업,부산광역시,북구,202412,110,111,99.1,106,103.77
운송업,부산광역시,북구,202412,304,300,101.33,289,105.19
식음료업,부산광역시,북구,202412,2774,2787,99.53,2848,97.4
의료웰니스업,부산광역시,북구,202412,1907,1902,100.26,1875,101.71
서비스업,부산광역시,북구,202412,1838,1851,99.3,1902,96.64
쇼핑업,부산광역시,해운대구,202412,9106,9170,99.3,9015,101.01
여행/숙박업,부산광역시,해운대구,202412,460,463,99.35,449,102.45
운송업,부산광역시,해운대구,202412,539,550,98.0,539,100.0
식음료업,부산광역시,해운대구,202412,4903,4925,99.55,4977,98.51
의료웰니스업,부산광역시,해운대구,202412,3239,3251,99.63,3184,101.73
서비스업,부산광역시,해운대구,202412,4207,4242,99.17,4202,100.12
쇼핑업,부산광역시,사하구,202412,5028,5066,99.25,5033,99.9
여행/숙박업,부산광역시,사하구,202412,89,84,105.95,86,103.49
운송업,부산광역시,사하구,202412,422,424,99.53,431,97.91
식음료업,부산광역시,사하구,202412,3717,3735,99.52,3812,97.51
의료웰니스업,부산광역시,사하구,202412,2321,2321,100.0,2290,101.35
서비스업,부산광역시,사하구,202412,2135,2148,99.39,2169,98.43
쇼핑업,부산광역시,금정구,202412,4351,4380,99.34,4403,98.82
여행/숙박업,부산광역시,금정구,202412,102,102,100.0,106,96.23
운송업,부산광역시,금정구,202412,373,374,99.73,373,100.0
식음료업,부산광역시,금정구,202412,3354,3377,99.32,3465,96.8
의료웰니스업,부산광역시,금정구,202412,1890,1903,99.32,1885,100.27
서비스업,부산광역시,금정구,202412,2126,2137,99.49,2172,97.88
쇼핑업,부산광역시,강서구,202412,3707,3738,99.17,3712,99.87
여행/숙박업,부산광역시,강서구,202412,81,79,102.53,72,112.5
운송업,부산광역시,강서구,202412,399,398,100.25,391,102.05
식음료업,부산광역시,강서구,202412,2655,2681,99.03,2728,97.32
의료웰니스업,부산광역시,강서구,202412,993,995,99.8,944,105.19
서비스업,부산광역시,강서구,202412,1902,1894,100.42,1857,102.42
쇼핑업,부산광역시,연제구,202412,4263,4314,98.82,4131,103.2
여행/숙박업,부산광역시,연제구,202412,131,131,100.0,133,98.5
운송업,부산광역시,연제구,202412,431,431,100.0,413,104.36
식음료업,부산광역시,연제구,202412,2903,2919,99.45,2899,100.14
의료웰니스업,부산광역시,연제구,202412,1934,1932,100.1,1850,104.54
서비스업,부산광역시,연제구,202412,2985,2980,100.17,2965,100.67
쇼핑업,부산광역시,수영구,202412,5004,5022,99.64,4970,100.68
여행/숙박업,부산광역시,수영구,202412,261,253,103.16,169,154.44
운송업,부산광역시,수영구,202412,317,322,98.45,310,102.26
식음료업,부산광역시,수영구,202412,3352,3364,99.64,3309,101.3
의료웰니스업,부산광역시,수영구,202412,1800,1800,100.0,1718,104.77
서비스업,부산광역시,수영구,202412,1986,2003,99.15,2016,98.51
쇼핑업,부산광역시,사상구,202412,4361,4431,98.42,4403,99.05
여행/숙박업,부산광역시,사상구,202412,139,140,99.29,146,95.21
운송업,부산광역시,사상구,202412,580,585,99.15,596,97.32
식음료업,부산광역시,사상구,202412,2872,2895,99.21,2951,97.32
의료웰니스업,부산광역시,사상구,202412,1386,1391,99.64,1373,100.95
서비스업,부산광역시,사상구,202412,1527,1530,99.8,1536,99.41
쇼핑업,부산광역시,기장군,202412,4066,4088,99.46,4015,101.27
여행/숙박업,부산광역시,기장군,202412,173,174,99.43,166,104.22
운송업,부산광역시,기장군,202412,379,380,99.74,348,108.91
식음료업,부산광역시,기장군,202412,3089,3096,99.77,3088,100.03
의료웰니스업,부산광역시,기장군,202412,1223,1215,100.66,1201,101.83
서비스업,부산광역시,기장군,202412,1711,1693,101.06,1692,101.12
쇼핑업,부산광역시,부산광역시 합계,202501,73610,73904,99.6,73433,100.24
여행/숙박업,부산광역시,부산광역시 합계,202501,3007,2986,100.7,2825,106.44
운송업,부산광역시,부산광역시 합계,202501,5770,5769,100.02,5694,101.33
식음료업,부산광역시,부산광역시 합계,202501,48893,49000,99.78,49875,98.03
의료웰니스업,부산광역시,부산광역시 합계,202501,28429,28371,100.2,27805,102.24
서비스업,부산광역시,부산광역시 합계,202501,31661,31661,100.0,31758,99.69
쇼핑업,부산광역시,중구,202501,2701,2697,100.15,2810,96.12
여행/숙박업,부산광역시,중구,202501,239,238,100.42,235,101.7
운송업,부산광역시,중구,202501,144,142,101.41,137,105.11
식음료업,부산광역시,중구,202501,1964,1972,99.59,1999,98.25
의료웰니스업,부산광역시,중구,202501,787,787,100.0,780,100.9
서비스업,부산광역시,중구,202501,502,503,99.8,525,95.62
쇼핑업,부산광역시,서구,202501,1873,1898,98.68,1891,99.05
여행/숙박업,부산광역시,서구,202501,82,82,100.0,74,110.81
운송업,부산광역시,서구,202501,159,158,100.63,151,105.3
식음료업,부산광역시,서구,202501,1417,1418,99.93,1431,99.02
의료웰니스업,부산광역시,서구,202501,764,761,100.39,759,100.66
서비스업,부산광역시,서구,202501,685,688,99.56,702,97.58
쇼핑업,부산광역시,동구,202501,3048,3054,99.8,3002,101.53
여행/숙박업,부산광역시,동구,202501,294,292,100.68,295,99.66
운송업,부산광역시,동구,202501,228,233,97.85,229,99.56
식음료업,부산광역시,동구,202501,1592,1596,99.75,1629,97.73
의료웰니스업,부산광역시,동구,202501,796,793,100.38,779,102.18
서비스업,부산광역시,동구,202501,788,791,99.62,784,100.51
쇼핑업,부산광역시,영도구,202501,1651,1657,99.64,1716,96.21
여행/숙박업,부산광역시,영도구,202501,122,120,101.67,107,114.02
운송업,부산광역시,영도구,202501,165,165,100.0,159,103.77
식음료업,부산광역시,영도구,202501,1436,1433,100.21,1470,97.69
의료웰니스업,부산광역시,영도구,202501,724,725,99.86,727,99.59
서비스업,부산광역시,영도구,202501,561,569,98.59,572,98.08
쇼핑업,부산광역시,부산진구,202501,9608,9653,99.53,9506,101.07
여행/숙박업,부산광역시,부산진구,202501,390,386,101.04,364,107.14
운송업,부산광역시,부산진구,202501,530,526,100.76,528,100.38
식음료업,부산광역시,부산진구,202501,6167,6195,99.55,6308,97.76
의료웰니스업,부산광역시,부산진구,202501,3989,3982,100.18,3874,102.97
서비스업,부산광역시,부산진구,202501,3512,3515,99.91,3526,99.6
쇼핑업,부산광역시,동래구,202501,5407,5411,99.93,5350,101.07
여행/숙박업,부산광역시,동래구,202501,198,196,101.02,193,102.59
운송업,부산광역시,동래구,202501,365,367,99.46,365,100.0
식음료업,부산광역시,동래구,202501,3692,3700,99.78,3780,97.67
의료웰니스업,부산광역시,동래구,202501,2618,2611,100.27,2558,102.35
서비스업,부산광역시,동래구,202501,2973,2967,100.2,2900,102.52
쇼핑업,부산광역시,남구,202501,5171,5195,99.54,5116,101.08
여행/숙박업,부산광역시,남구,202501,127,125,101.6,113,112.39
운송업,부산광역시,남구,202501,424,419,101.19,412,102.91
식음료업,부산광역시,남구,202501,3061,3067,99.8,3194,95.84
의료웰니스업,부산광역시,남구,202501,2011,2005,100.3,1953,102.97
서비스업,부산광역시,남구,202501,2155,2157,99.91,2153,100.09
쇼핑업,부산광역시,북구,202501,4429,4451,99.51,4454,99.44
여행/숙박업,부산광역시,북구,202501,110,110,100.0,106,103.77
운송업,부산광역시,북구,202501,302,304,99.34,293,103.07
식음료업,부산광역시,북구,202501,2765,2774,99.68,2845,97.19
의료웰니스업,부산광역시,북구,202501,1908,1907,100.05,1876,101.71
서비스업,부산광역시,북구,202501,1843,1838,100.27,1911,96.44
쇼핑업,부산광역시,해운대구,202501,9091,9106,99.84,9003,100.98
여행/숙박업,부산광역시,해운대구,202501,466,460,101.3,451,103.33
운송업,부산광역시,해운대구,202501,536,539,99.44,537,99.81
식음료업,부산광역시,해운대구,202501,4887,4903,99.67,4979,98.15
의료웰니스업,부산광역시,해운대구,202501,3242,3239,100.09,3200,101.31
서비스업,부산광역시,해운대구,202501,4196,4207,99.74,4212,99.62
쇼핑업,부산광역시,사하구,202501,5009,5028,99.62,4999,100.2
여행/숙박업,부산광역시,사하구,202501,90,89,101.12,86,104.65
운송업,부산광역시,사하구,202501,421,422,99.76,427,98.59
식음료업,부산광역시,사하구,202501,3722,3717,100.13,3818,97.49
의료웰니스업,부산광역시,사하구,202501,2328,2321,100.3,2291,101.62
서비스업,부산광역시,사하구,202501,2140,2135,100.23,2166,98.8
쇼핑업,부산광역시,금정구,202501,4314,4351,99.15,4365,98.83
여행/숙박업,부산광역시,금정구,202501,101,102,99.02,108,93.52
운송업,부산광역시,금정구,202501,375,373,100.54,374,100.27
식음료업,부산광역시,금정구,202501,3346,3354,99.76,3463,96.62
의료웰니스업,부산광역시,금정구,202501,1893,1890,100.16,1886,100.37
서비스업,부산광역시,금정구,202501,2122,2126,99.81,2160,98.24
쇼핑업,부산광역시,강서구,202501,3685,3707,99.41,3690,99.86
여행/숙박업,부산광역시,강서구,202501,82,81,101.23,74,110.81
운송업,부산광역시,강서구,202501,399,399,100.0,391,102.05
식음료업,부산광역시,강서구,202501,2653,2655,99.92,2728,97.25
의료웰니스업,부산광역시,강서구,202501,998,993,100.5,946,105.5
서비스업,부산광역시,강서구,202501,1915,1902,100.68,1865,102.68
쇼핑업,부산광역시,연제구,202501,4231,4263,99.25,4167,101.54
여행/숙박업,부산광역시,연제구,202501,128,131,97.71,130,98.46
운송업,부산광역시,연제구,202501,427,431,99.07,415,102.89
식음료업,부산광역시,연제구,202501,2894,2903,99.69,2898,99.86
의료웰니스업,부산광역시,연제구,202501,1941,1934,100.36,1857,104.52
서비스업,부산광역시,연제구,202501,2994,2985,100.3,2982,100.4
쇼핑업,부산광역시,수영구,202501,5015,5004,100.22,4947,101.37
여행/숙박업,부산광역시,수영구,202501,266,261,101.92,170,156.47
운송업,부산광역시,수영구,202501,321,317,101.26,311,103.22
식음료업,부산광역시,수영구,202501,3347,3352,99.85,3318,100.87
의료웰니스업,부산광역시,수영구,202501,1798,1800,99.89,1726,104.17
서비스업,부산광역시,수영구,202501,1985,1986,99.95,2029,97.83
쇼핑업,부산광역시,사상구,202501,4330,4361,99.29,4407,98.25
여행/숙박업,부산광역시,사상구,202501,138,139,99.28,146,94.52
운송업,부산광역시,사상구,202501,582,580,100.34,595,97.82
식음료업,부산광역시,사상구,202501,2872,2872,100.0,2934,97.89
의료웰니스업,부산광역시,사상구,202501,1388,1386,100.14,1374,101.02
서비스업,부산광역시,사상구,202501,1527,1527,100.0,1532,99.67
쇼핑업,부산광역시,기장군,202501,4045,4066,99.48,4007,100.95
여행/숙박업,부산광역시,기장군,202501,173,173,100.0,169,102.37
운송업,부산광역시,기장군,202501,378,379,99.74,353,107.08
식음료업,부산광역시,기장군,202501,3078,3089,99.64,3081,99.9
의료웰니스업,부산광역시,기장군,202501,1230,1223,100.57,1204,102.16
서비스업,부산광역시,기장군,202501,1710,1708,100.12,1682,101.66
쇼핑업,부산광역시,부산광역시 합계,202502,73497,73610,99.85,73700,99.72
여행/숙박업,부산광역시,부산광역시 합계,202502,3039,3007,101.06,2833,107.27
운송업,부산광역시,부산광역시 합계,202502,5797,5770,100.47,5712,101.49
식음료업,부산광역시,부산광역시 합계,202502,48820,48893,99.85,49874,97.89
의료웰니스업,부산광역시,부산광역시 합계,202502,28500,28429,100.25,27880,102.22
서비스업,부산광역시,부산광역시 합계,202502,31704,31661,100.14,31785,99.75
쇼핑업,부산광역시,중구,202502,2690,2701,99.59,2817,95.49
여행/숙박업,부산광역시,중구,202502,238,239,99.58,233,102.15
운송업,부산광역시,중구,202502,143,144,99.31,140,102.14
식음료업,부산광역시,중구,202502,1975,1964,100.56,1996,98.95
의료웰니스업,부산광역시,중구,202502,786,787,99.87,780,100.77
서비스업,부산광역시,중구,202502,503,502,100.2,524,95.99
쇼핑업,부산광역시,서구,202502,1875,1873,100.11,1895,98.94
여행/숙박업,부산광역시,서구,202502,80,82,97.56,75,106.67
운송업,부산광역시,서구,202502,158,159,99.37,150,105.33
식음료업,부산광역시,서구,202502,1410,1417,99.51,1435,98.26
의료웰니스업,부산광역시,서구,202502,763,764,99.87,762,100.13
서비스업,부산광역시,서구,202502,681,682,99.85,699,97.42
쇼핑업,부산광역시,동구,202502,3045,3048,99.9,3007,101.26
여행/숙박업,부산광역시,동구,202502,296,294,100.68,297,99.66
운송업,부산광역시,동구,202502,229,228,100.44,228,100.44
식음료업,부산광역시,동구,202502,1588,1592,99.75,1635,97.13
의료웰니스업,부산광역시,동구,202502,798,796,100.25,775,102.97
서비스업,부산광역시,동구,202502,794,788,100.76,786,101.02
쇼핑업,부산광역시,영도구,202502,1633,1651,98.91,1722,94.83
여행/숙박업,부산광역시,영도구,202502,121,122,99.18,107,113.08
운송업,부산광역시,영도구,202502,164,165,99.39,159,103.14
식음료업,부산광역시,영도구,202502,1432,1436,99.72,1464,97.81
의료웰니스업,부산광역시,영도구,202502,728,724,100.55,731,99.59
서비스업,부산광역시,영도구,202502,559,561,99.64,574,97.39
쇼핑업,부산광역시,부산진구,202502,9625,9608,100.18,9560,100.68
여행/숙박업,부산광역시,부산진구,202502,394,390,101.03,366,107.65
운송업,부산광역시,부산진구,202502,534,530,100.75,523,102.1
식음료업,부산광역시,부산진구,202502,6171,6167,100.06,6302,97.92
의료웰니스업,부산광역시,부산진구,202502,3993,3989,100.1,3886,102.75
서비스업,부산광역시,부산진구,202502,3539,3512,100.77,3518,100.6
쇼핑업,부산광역시,동래구,202502,5395,5407,99.78,5386,100.17
여행/숙박업,부산광역시,동래구,202502,198,198,100.0,194,102.06
운송업,부산광역시,동래구,202502,368,365,100.82,366,100.55
식음료업,부산광역시,동래구,202502,3712,3692,100.54,3783,98.12
의료웰니스업,부산광역시,동래구,202502,2621,2618,100.11,2559,102.42
서비스업,부산광역시,동래구,202502,2960,2973,99.56,2916,101.51
쇼핑업,부산광역시,남구,202502,5149,5171,99.57,5148,100.02
여행/숙박업,부산광역시,남구,202502,128,127,100.79,115,111.3
운송업,부산광역시,남구,202502,426,424,100.47,411,103.65
식음료업,부산광역시,남구,202502,3055,3061,99.8,3188,95.83
의료웰니스업,부산광역시,남구,202502,2014,2011,100.15,1962,102.65
서비스업,부산광역시,남구,202502,2164,2155,100.42,2164,100.0
쇼핑업,부산광역시,북구,202502,4406,4429,99.48,4481,98.33
여행/숙박업,부산광역시,북구,202502,111,110,100.91,107,103.74
운송업,부산광역시,북구,202502,300,302,99.34,295,101.69
식음료업,부산광역시,북구,202502,2748,2765,99.39,2837,96.86
의료웰니스업,부산광역시,북구,202502,1912,1908,100.21,1877,101.86
서비스업,부산광역시,북구,202502,1839,1840,99.95,1906,96.48
쇼핑업,부산광역시,해운대구,202502,9075,9091,99.82,9015,100.67
여행/숙박업,부산광역시,해운대구,202502,473,466,101.5,448,105.58
운송업,부산광역시,해운대구,202502,533,536,99.44,544,97.98
식음료업,부산광역시,해운대구,202502,4865,4887,99.55,4978,97.73
의료웰니스업,부산광역시,해운대구,202502,3259,3242,100.52,3210,101.53
서비스업,부산광역시,해운대구,202502,4203,4196,100.17,4221,99.57
쇼핑업,부산광역시,사하구,202502,4999,5009,99.8,5008,99.82
여행/숙박업,부산광역시,사하구,202502,89,90,98.89,85,104.71
운송업,부산광역시,사하구,202502,421,421,100.0,431,97.68
식음료업,부산광역시,사하구,202502,3725,3722,100.08,3823,97.44
의료웰니스업,부산광역시,사하구,202502,2319,2328,99.61,2287,101.4
서비스업,부산광역시,사하구,202502,2153,2140,100.61,2166,99.4
쇼핑업,부산광역시,금정구,202502,4316,4314,100.05,4388,98.36
여행/숙박업,부산광역시,금정구,202502,100,101,99.01,108,92.59
운송업,부산광역시,금정구,202502,382,375,101.87,375,101.87
식음료업,부산광역시,금정구,202502,3327,3346,99.43,3455,96.3
의료웰니스업,부산광역시,금정구,202502,1897,1893,100.21,1900,99.84
서비스업,부산광역시,금정구,202502,2107,2122,99.29,2165,97.32
쇼핑업,부산광역시,강서구,202502,3674,3685,99.7,3720,98.76
여행/숙박업,부산광역시,강서구,202502,84,82,102.44,76,110.53
운송업,부산광역시,강서구,202502,404,399,101.25,391,103.32
식음료업,부산광역시,강서구,202502,2635,2653,99.32,2719,96.91
의료웰니스업,부산광역시,강서구,202502,1013,998,101.5,950,106.63
서비스업,부산광역시,강서구,202502,1920,1915,100.26,1864,103.0
쇼핑업,부산광역시,연제구,202502,4200,4231,99.27,4177,100.55
여행/숙박업,부산광역시,연제구,202502,127,128,99.22,130,97.69
운송업,부산광역시,연제구,202502,433,427,101.41,419,103.34
식음료업,부산광역시,연제구,202502,2894,2894,100.0,2898,99.86
의료웰니스업,부산광역시,연제구,202502,1951,1941,100.52,1864,104.67
서비스업,부산광역시,연제구,202502,3002,2994,100.27,2995,100.23
쇼핑업,부산광역시,수영구,202502,5030,5015,100.3,4943,101.76
여행/숙박업,부산광역시,수영구,202502,286,266,107.52,171,167.25
운송업,부산광역시,수영구,202502,317,321,98.75,312,101.6
식음료업,부산광역시,수영구,202502,3352,3347,100.15,3336,100.48
의료웰니스업,부산광역시,수영구,202502,1799,1798,100.06,1737,103.57
서비스업,부산광역시,수영구,202502,1991,1985,100.3,2024,98.37
쇼핑업,부산광역시,사상구,202502,4334,4330,100.09,4438,97.66
여행/숙박업,부산광역시,사상구,202502,139,138,100.72,146,95.21
운송업,부산광역시,사상구,202502,589,582,101.2,592,99.49
식음료업,부산광역시,사상구,202502,2859,2872,99.55,2932,97.51
의료웰니스업,부산광역시,사상구,202502,1391,1388,100.22,1375,101.16
서비스업,부산광역시,사상구,202502,1528,1527,100.07,1527,100.07
쇼핑업,부산광역시,기장군,202502,4049,4045,100.1,3992,101.43
여행/숙박업,부산광역시,기장군,202502,174,173,100.58,170,102.35
운송업,부산광역시,기장군,202502,382,378,101.06,359,106.41
식음료업,부산광역시,기장군,202502,3072,3078,99.81,3093,99.32
의료웰니스업,부산광역시,기장군,202502,1243,1230,101.06,1210,102.73
서비스업,부산광역시,기장군,202502,1706,1710,99.77,1676,101.79
쇼핑업,부산광역시,부산광역시 합계,202503,73295,73497,99.73,73675,99.48
여행/숙박업,부산광역시,부산광역시 합계,202503,3065,3039,100.86,2834,108.15
운송업,부산광역시,부산광역시 합계,202503,5785,5797,99.79,5705,101.4
식음료업,부산광역시,부산광역시 합계,202503,48673,48820,99.7,49844,97.65
의료웰니스업,부산광역시,부산광역시 합계,202503,28540,28500,100.14,27931,102.18
서비스업,부산광역시,부산광역시 합계,202503,31691,31704,99.96,31815,99.61
쇼핑업,부산광역시,중구,202503,2666,2690,99.11,2815,94.71
여행/숙박업,부산광역시,중구,202503,238,238,100.0,232,102.59
운송업,부산광역시,중구,202503,140,143,97.9,138,101.45
식음료업,부산광역시,중구,202503,1976,1975,100.05,2002,98.7
의료웰니스업,부산광역시,중구,202503,785,786,99.87,782,100.38
서비스업,부산광역시,중구,202503,504,503,100.2,523,96.37
쇼핑업,부산광역시,서구,202503,1863,1875,99.36,1889,98.62
여행/숙박업,부산광역시,서구,202503,81,80,101.25,74,109.46
운송업,부산광역시,서구,202503,157,158,99.37,151,103.97
식음료업,부산광역시,서구,202503,1409,1410,99.93,1439,97.92
의료웰니스업,부산광역시,서구,202503,768,763,100.66,760,101.05
서비스업,부산광역시,서구,202503,680,681,99.85,694,97.98
쇼핑업,부산광역시,동구,202503,3040,3045,99.84,3033,100.23
여행/숙박업,부산광역시,동구,202503,293,296,98.99,295,99.32
운송업,부산광역시,동구,202503,230,229,100.44,229,100.44
식음료업,부산광역시,동구,202503,1578,1588,99.37,1625,97.11
의료웰니스업,부산광역시,동구,202503,798,798,100.0,778,102.57
서비스업,부산광역시,동구,202503,791,794,99.62,786,100.64
쇼핑업,부산광역시,영도구,202503,1622,1633,99.33,1707,95.02
여행/숙박업,부산광역시,영도구,202503,121,121,100.0,110,110.0
운송업,부산광역시,영도구,202503,163,164,99.39,159,102.52
식음료업,부산광역시,영도구,202503,1434,1432,100.14,1462,98.08
의료웰니스업,부산광역시,영도구,202503,730,728,100.27,731,99.86
서비스업,부산광역시,영도구,202503,551,559,98.57,570,96.67
쇼핑업,부산광역시,부산진구,202503,9593,9625,99.67,9617,99.75
여행/숙박업,부산광역시,부산진구,202503,402,394,102.03,367,109.54
운송업,부산광역시,부산진구,202503,532,534,99.63,522,101.92
식음료업,부산광역시,부산진구,202503,6157,6171,99.77,6298,97.76
의료웰니스업,부산광역시,부산진구,202503,4008,3993,100.38,3890,103.03
서비스업,부산광역시,부산진구,202503,3542,3539,100.08,3529,100.37
쇼핑업,부산광역시,동래구,202503,5401,5395,100.11,5392,100.17
여행/숙박업,부산광역시,동래구,202503,198,198,100.0,193,102.59
운송업,부산광역시,동래구,202503,365,368,99.18,361,101.11
식음료업,부산광역시,동래구,202503,3699,3712,99.65,3790,97.6
의료웰니스업,부산광역시,동래구,202503,2629,2621,100.31,2569,102.34
서비스업,부산광역시,동래구,202503,2969,2960,100.3,2926,101.47
쇼핑업,부산광역시,남구,202503,5154,5149,100.1,5143,100.21
여행/숙박업,부산광역시,남구,202503,131,128,102.34,113,115.93
운송업,부산광역시,남구,202503,425,426,99.77,409,103.91
식음료업,부산광역시,남구,202503,3034,3055,99.31,3185,95.26
의료웰니스업,부산광역시,남구,202503,2021,2014,100.35,1963,102.95
서비스업,부산광역시,남구,202503,2168,2164,100.18,2170,99.91
쇼핑업,부산광역시,북구,202503,4338,4406,98.46,4498,96.44
여행/숙박업,부산광역시,북구,202503,112,111,100.9,110,101.82
운송업,부산광역시,북구,202503,298,300,99.33,295,101.02
식음료업,부산광역시,북구,202503,2736,2748,99.56,2831,96.64
의료웰니스업,부산광역시,북구,202503,1916,1912,100.21,1878,102.02
서비스업,부산광역시,북구,202503,1832,1839,99.62,1905,96.17
쇼핑업,부산광역시,해운대구,202503,9020,9075,99.39,8888,101.49
여행/숙박업,부산광역시,해운대구,202503,468,473,98.94,443,105.64
운송업,부산광역시,해운대구,202503,535,533,100.38,539,99.26
식음료업,부산광역시,해운대구,202503,4842,4865,99.53,4957,97.68
의료웰니스업,부산광역시,해운대구,202503,3258,3259,99.97,3210,101.5
서비스업,부산광역시,해운대구,202503,4204,4203,100.02,4213,99.79
쇼핑업,부산광역시,사하구,202503,4991,4999,99.84,4986,100.1
여행/숙박업,부산광역시,사하구,202503,91,89,102.25,86,105.81
운송업,부산광역시,사하구,202503,422,421,100.24,428,98.6
식음료업,부산광역시,사하구,202503,3718,3725,99.81,3818,97.38
의료웰니스업,부산광역시,사하구,202503,2321,2319,100.09,2297,101.04
서비스업,부산광역시,사하구,202503,2144,2153,99.58,2164,99.08
쇼핑업,부산광역시,금정구,202503,4307,4316,99.79,4393,98.04
여행/숙박업,부산광역시,금정구,202503,99,100,99.0,108,91.67
운송업,부산광역시,금정구,202503,382,382,100.0,371,102.96
식음료업,부산광역시,금정구,202503,3319,3327,99.76,3447,96.29
의료웰니스업,부산광역시,금정구,202503,1893,1897,99.79,1903,99.47
서비스업,부산광역시,금정구,202503,2102,2107,99.76,2163,97.18
쇼핑업,부산광역시,강서구,202503,3672,3674,99.95,3701,99.22
여행/숙박업,부산광역시,강서구,202503,85,84,101.19,76,111.84
운송업,부산광역시,강서구,202503,401,404,99.26,394,101.78
식음료업,부산광역시,강서구,202503,2641,2635,100.23,2716,97.24
의료웰니스업,부산광역시,강서구,202503,1015,1013,100.2,961,105.62
서비스업,부산광역시,강서구,202503,1927,1920,100.36,1877,102.66
쇼핑업,부산광역시,연제구,202503,4186,4200,99.67,4197,99.74
여행/숙박업,부산광역시,연제구,202503,128,127,100.79,130,98.46
운송업,부산광역시,연제구,202503,430,433,99.31,423,101.65
식음료업,부산광역시,연제구,202503,2880,2894,99.52,2926,98.43
의료웰니스업,부산광역시,연제구,202503,1948,1951,99.85,1869,104.23
서비스업,부산광역시,연제구,202503,3007,3002,100.17,2999,100.27
쇼핑업,부산광역시,수영구,202503,5067,5030,100.74,4986,101.62
여행/숙박업,부산광역시,수영구,202503,301,286,105.24,172,175.0
운송업,부산광역시,수영구,202503,317,317,100.0,315,100.63
식음료업,부산광역시,수영구,202503,3333,3352,99.43,3338,99.85
의료웰니스업,부산광역시,수영구,202503,1801,1799,100.11,1734,103.86
서비스업,부산광역시,수영구,202503,1990,1991,99.95,2034,97.84
쇼핑업,부산광역시,사상구,202503,4308,4334,99.4,4435,97.14
여행/숙박업,부산광역시,사상구,202503,138,139,99.28,144,95.83
운송업,부산광역시,사상구,202503,589,589,100.0,595,98.99
식음료업,부산광역시,사상구,202503,2852,2859,99.76,2921,97.64
의료웰니스업,부산광역시,사상구,202503,1390,1391,99.93,1377,100.94
서비스업,부산광역시,사상구,202503,1530,1528,100.13,1521,100.59
쇼핑업,부산광역시,기장군,202503,4065,4049,100.4,3992,101.83
여행/숙박업,부산광역시,기장군,202503,178,174,102.3,175,101.71
운송업,부산광역시,기장군,202503,385,382,100.79,359,107.24
식음료업,부산광역시,기장군,202503,3065,3072,99.77,3089,99.22
의료웰니스업,부산광역시,기장군,202503,1246,1243,100.24,1215,102.55
서비스업,부산광역시,기장군,202503,1696,1706,99.41,1681,100.89
쇼핑업,부산광역시,부산광역시 합계,202504,73569,73295,100.37,73712,99.81
여행/숙박업,부산광역시,부산광역시 합계,202504,3090,3065,100.82,2848,108.5
운송업,부산광역시,부산광역시 합계,202504,5803,5785,100.31,5722,101.42
식음료업,부산광역시,부산광역시 합계,202504,48617,48673,99.88,49832,97.56
의료웰니스업,부산광역시,부산광역시 합계,202504,28604,28540,100.22,28033,102.04
서비스업,부산광역시,부산광역시 합계,202504,31727,31691,100.11,31789,99.8
쇼핑업,부산광역시,중구,202504,2668,2666,100.08,2807,95.05
여행/숙박업,부산광역시,중구,202504,239,238,100.42,233,102.58
운송업,부산광역시,중구,202504,143,140,102.14,140,102.14
식음료업,부산광역시,중구,202504,1974,1976,99.9,1995,98.95
의료웰니스업,부산광역시,중구,202504,782,785,99.62,785,99.62
서비스업,부산광역시,중구,202504,503,504,99.8,520,96.73
쇼핑업,부산광역시,서구,202504,1875,1863,100.64,1899,98.74
여행/숙박업,부산광역시,서구,202504,81,81,100.0,76,106.58
운송업,부산광역시,서구,202504,155,157,98.73,151,102.65
식음료업,부산광역시,서구,202504,1406,1409,99.79,1435,97.98
의료웰니스업,부산광역시,서구,202504,772,768,100.52,764,101.05
서비스업,부산광역시,서구,202504,680,680,100.0,693,98.12
쇼핑업,부산광역시,동구,202504,3059,3040,100.63,3049,100.33
여행/숙박업,부산광역시,동구,202504,294,293,100.34,296,99.32
운송업,부산광역시,동구,202504,231,230,100.43,229,100.87
식음료업,부산광역시,동구,202504,1579,1578,100.06,1614,97.83
의료웰니스업,부산광역시,동구,202504,800,798,100.25,777,102.96
서비스업,부산광역시,동구,202504,787,791,99.49,792,99.37
쇼핑업,부산광역시,영도구,202504,1638,1622,100.99,1693,96.75
여행/숙박업,부산광역시,영도구,202504,122,121,100.83,111,109.91
운송업,부산광역시,영도구,202504,164,163,100.61,163,100.61
식음료업,부산광역시,영도구,202504,1431,1434,99.79,1461,97.95
의료웰니스업,부산광역시,영도구,202504,729,730,99.86,727,100.28
서비스업,부산광역시,영도구,202504,555,551,100.73,570,97.37
쇼핑업,부산광역시,부산진구,202504,9625,9593,100.33,9629,99.96
여행/숙박업,부산광역시,부산진구,202504,408,402,101.49,373,109.38
운송업,부산광역시,부산진구,202504,531,532,99.81,521,101.92
식음료업,부산광역시,부산진구,202504,6166,6157,100.15,6304,97.81
의료웰니스업,부산광역시,부산진구,202504,4026,4008,100.45,3912,102.91
서비스업,부산광역시,부산진구,202504,3558,3542,100.45,3534,100.68
쇼핑업,부산광역시,동래구,202504,5441,5401,100.74,5384,101.06
여행/숙박업,부산광역시,동래구,202504,197,198,99.49,193,102.07
운송업,부산광역시,동래구,202504,370,365,101.37,363,101.93
식음료업,부산광역시,동래구,202504,3676,3699,99.38,3796,96.84
의료웰니스업,부산광역시,동래구,202504,2641,2629,100.46,2572,102.68
서비스업,부산광역시,동래구,202504,2974,2969,100.17,2925,101.68
쇼핑업,부산광역시,남구,202504,5179,5154,100.49,5187,99.85
여행/숙박업,부산광역시,남구,202504,132,131,100.76,114,115.79
운송업,부산광역시,남구,202504,426,425,100.24,412,103.4
식음료업,부산광역시,남구,202504,3037,3034,100.1,3195,95.05
의료웰니스업,부산광역시,남구,202504,2024,2021,100.15,1971,102.69
서비스업,부산광역시,남구,202504,2169,2168,100.05,2177,99.63
쇼핑업,부산광역시,북구,202504,4340,4338,100.05,4496,96.53
여행/숙박업,부산광역시,북구,202504,113,112,100.89,108,104.63
운송업,부산광역시,북구,202504,300,298,100.67,295,101.69
식음료업,부산광역시,북구,202504,2743,2736,100.26,2825,97.1
의료웰니스업,부산광역시,북구,202504,1920,1916,100.21,1895,101.32
서비스업,부산광역시,북구,202504,1835,1832,100.16,1889,97.14
쇼핑업,부산광역시,해운대구,202504,9089,9020,100.76,8817,103.08
여행/숙박업,부산광역시,해운대구,202504,481,468,102.78,449,107.13
운송업,부산광역시,해운대구,202504,533,535,99.63,538,99.07
식음료업,부산광역시,해운대구,202504,4833,4842,99.81,4957,97.5
의료웰니스업,부산광역시,해운대구,202504,3272,3258,100.43,3210,101.93
서비스업,부산광역시,해운대구,202504,4201,4204,99.93,4209,99.81
쇼핑업,부산광역시,사하구,202504,4979,4991,99.76,5010,99.38
여행/숙박업,부산광역시,사하구,202504,91,91,100.0,85,107.06
운송업,부산광역시,사하구,202504,423,422,100.24,431,98.14
식음료업,부산광역시,사하구,202504,3705,3718,99.65,3814,97.14
의료웰니스업,부산광역시,사하구,202504,2330,2321,100.39,2307,101.0
서비스업,부산광역시,사하구,202504,2146,2144,100.09,2168,98.99
쇼핑업,부산광역시,금정구,202504,4285,4307,99.49,4396,97.47
여행/숙박업,부산광역시,금정구,202504,98,99,98.99,108,90.74
운송업,부산광역시,금정구,202504,384,382,100.52,374,102.67
식음료업,부산광역시,금정구,202504,3304,3319,99.55,3429,96.35
의료웰니스업,부산광역시,금정구,202504,1889,1893,99.79,1906,99.11
서비스업,부산광역시,금정구,202504,2103,2102,100.05,2162,97.27
쇼핑업,부산광역시,강서구,202504,3701,3672,100.79,3704,99.92
여행/숙박업,부산광역시,강서구,202504,85,85,100.0,77,110.39
운송업,부산광역시,강서구,202504,406,401,101.25,388,104.64
식음료업,부산광역시,강서구,202504,2630,2641,99.58,2713,96.94
의료웰니스업,부산광역시,강서구,202504,1016,1015,100.1,963,105.5
서비스업,부산광역시,강서구,202504,1929,1927,100.1,1875,102.88
쇼핑업,부산광역시,연제구,202504,4196,4186,100.24,4200,99.9
여행/숙박업,부산광역시,연제구,202504,128,128,100.0,130,98.46
운송업,부산광역시,연제구,202504,430,430,100.0,424,101.42
식음료업,부산광역시,연제구,202504,2884,2880,100.14,2918,98.83
의료웰니스업,부산광역시,연제구,202504,1947,1948,99.95,1877,103.73
서비스업,부산광역시,연제구,202504,3008,3007,100.03,2994,100.47
쇼핑업,부산광역시,수영구,202504,5091,5067,100.47,5000,101.82
여행/숙박업,부산광역시,수영구,202504,306,301,101.66,174,175.86
운송업,부산광역시,수영구,202504,317,317,100.0,316,100.32
식음료업,부산광역시,수영구,202504,3346,3333,100.39,3344,100.06
의료웰니스업,부산광역시,수영구,202504,1800,1801,99.94,1749,102.92
서비스업,부산광역시,수영구,202504,1989,1990,99.95,2018,98.56
쇼핑업,부산광역시,사상구,202504,4318,4308,100.23,4444,97.16
여행/숙박업,부산광역시,사상구,202504,136,138,98.55,142,95.77
운송업,부산광역시,사상구,202504,590,589,100.17,597,98.83
식음료업,부산광역시,사상구,202504,2846,2852,99.79,2927,97.23
의료웰니스업,부산광역시,사상구,202504,1397,1390,100.5,1376,101.53
서비스업,부산광역시,사상구,202504,1533,1530,100.2,1522,100.72
쇼핑업,부산광역시,기장군,202504,4083,4065,100.44,3994,102.23
여행/숙박업,부산광역시,기장군,202504,178,178,100.0,173,102.89
운송업,부산광역시,기장군,202504,386,385,100.26,363,106.34
식음료업,부산광역시,기장군,202504,3057,3065,99.74,3105,98.45
의료웰니스업,부산광역시,기장군,202504,1246,1246,100.0,1228,101.47
서비스업,부산광역시,기장군,202504,1706,1696,100.59,1678,101.67
쇼핑업,부산광역시,부산광역시 합계,202505,73761,73569,100.26,73672,100.12
여행/숙박업,부산광역시,부산광역시 합계,202505,3108,3090,100.58,2868,108.37
운송업,부산광역시,부산광역시 합계,202505,5800,5803,99.95,5739,101.06
식음료업,부산광역시,부산광역시 합계,202505,48575,48617,99.91,49835,97.47
의료웰니스업,부산광역시,부산광역시 합계,202505,28644,28604,100.14,28078,102.02
서비스업,부산광역시,부산광역시 합계,202505,31723,31727,99.99,31786,99.8
쇼핑업,부산광역시,중구,202505,2649,2668,99.29,2802,94.54
여행/숙박업,부산광역시,중구,202505,238,239,99.58,234,101.71
운송업,부산광역시,중구,202505,139,143,97.2,140,99.29
식음료업,부산광역시,중구,202505,1969,1974,99.75,2000,98.45
의료웰니스업,부산광역시,중구,202505,785,782,100.38,789,99.49
서비스업,부산광역시,중구,202505,501,503,99.6,525,95.43
쇼핑업,부산광역시,서구,202505,1875,1875,100.0,1902,98.58
여행/숙박업,부산광역시,서구,202505,80,81,98.77,76,105.26
운송업,부산광역시,서구,202505,154,155,99.35,150,102.67
식음료업,부산광역시,서구,202505,1409,1406,100.21,1440,97.85
의료웰니스업,부산광역시,서구,202505,773,772,100.13,766,100.91
서비스업,부산광역시,서구,202505,684,680,100.59,690,99.13
쇼핑업,부산광역시,동구,202505,3067,3059,100.26,3040,100.89
여행/숙박업,부산광역시,동구,202505,294,294,100.0,298,98.66
운송업,부산광역시,동구,202505,233,231,100.87,230,101.3
식음료업,부산광역시,동구,202505,1575,1579,99.75,1619,97.28
의료웰니스업,부산광역시,동구,202505,800,800,100.0,778,102.83
서비스업,부산광역시,동구,202505,784,787,99.62,795,98.62
쇼핑업,부산광역시,영도구,202505,1647,1638,100.55,1683,97.86
여행/숙박업,부산광역시,영도구,202505,123,122,100.82,110,111.82
운송업,부산광역시,영도구,202505,163,164,99.39,166,98.19
식음료업,부산광역시,영도구,202505,1437,1431,100.42,1468,97.89
의료웰니스업,부산광역시,영도구,202505,729,729,100.0,727,100.28
서비스업,부산광역시,영도구,202505,553,555,99.64,570,97.02
쇼핑업,부산광역시,부산진구,202505,9627,9625,100.02,9623,100.04
여행/숙박업,부산광역시,부산진구,202505,412,408,100.98,374,110.16
운송업,부산광역시,부산진구,202505,532,531,100.19,519,102.5
식음료업,부산광역시,부산진구,202505,6151,6166,99.76,6303,97.59
의료웰니스업,부산광역시,부산진구,202505,4036,4026,100.25,3922,102.91
서비스업,부산광역시,부산진구,202505,3557,3558,99.97,3528,100.82
쇼핑업,부산광역시,동래구,202505,5466,5441,100.46,5387,101.47
여행/숙박업,부산광역시,동래구,202505,196,197,99.49,196,100.0
운송업,부산광역시,동래구,202505,371,370,100.27,365,101.64
식음료업,부산광역시,동래구,202505,3676,3676,100.0,3787,97.07
의료웰니스업,부산광역시,동래구,202505,2652,2641,100.42,2570,103.19
서비스업,부산광역시,동래구,202505,2973,2974,99.97,2931,101.43
쇼핑업,부산광역시,남구,202505,5201,5179,100.42,5194,100.13
여행/숙박업,부산광역시,남구,202505,130,132,98.48,113,115.04
운송업,부산광역시,남구,202505,427,426,100.23,413,103.39
식음료업,부산광역시,남구,202505,3034,3037,99.9,3177,95.5
의료웰니스업,부산광역시,남구,202505,2032,2024,100.4,1982,102.52
서비스업,부산광역시,남구,202505,2173,2169,100.18,2170,100.14
쇼핑업,부산광역시,북구,202505,4370,4340,100.69,4470,97.76
여행/숙박업,부산광역시,북구,202505,113,113,100.0,109,103.67
운송업,부산광역시,북구,202505,300,300,100.0,297,101.01
식음료업,부산광역시,북구,202505,2737,2743,99.78,2829,96.75
의료웰니스업,부산광역시,북구,202505,1915,1920,99.74,1893,101.16
서비스업,부산광역시,북구,202505,1848,1835,100.71,1880,98.3
쇼핑업,부산광역시,해운대구,202505,9133,9089,100.48,8824,103.5
여행/숙박업,부산광역시,해운대구,202505,482,481,100.21,452,106.64
운송업,부산광역시,해운대구,202505,531,533,99.62,536,99.07
식음료업,부산광역시,해운대구,202505,4831,4833,99.96,4968,97.24
의료웰니스업,부산광역시,해운대구,202505,3275,3272,100.09,3223,101.61
서비스업,부산광역시,해운대구,202505,4194,4201,99.83,4218,99.43
쇼핑업,부산광역시,사하구,202505,4984,4979,100.1,5015,99.38
여행/숙박업,부산광역시,사하구,202505,91,91,100.0,86,105.81
운송업,부산광역시,사하구,202505,417,423,98.58,431,96.75
식음료업,부산광역시,사하구,202505,3700,3705,99.87,3810,97.11
의료웰니스업,부산광역시,사하구,202505,2338,2330,100.34,2305,101.43
서비스업,부산광역시,사하구,202505,2140,2146,99.72,2153,99.4
쇼핑업,부산광역시,금정구,202505,4309,4285,100.56,4382,98.33
여행/숙박업,부산광역시,금정구,202505,97,98,98.98,108,89.81
운송업,부산광역시,금정구,202505,382,384,99.48,374,102.14
식음료업,부산광역시,금정구,202505,3304,3304,100.0,3425,96.47
의료웰니스업,부산광역시,금정구,202505,1886,1889,99.84,1904,99.05
서비스업,부산광역시,금정구,202505,2094,2103,99.57,2152,97.3
쇼핑업,부산광역시,강서구,202505,3714,3701,100.35,3715,99.97
여행/숙박업,부산광역시,강서구,202505,84,85,98.82,77,109.09
운송업,부산광역시,강서구,202505,407,406,100.25,386,105.44
식음료업,부산광역시,강서구,202505,2632,2630,100.08,2704,97.34
의료웰니스업,부산광역시,강서구,202505,1015,1016,99.9,964,105.29
서비스업,부산광역시,강서구,202505,1945,1929,100.83,1881,103.4
쇼핑업,부산광역시,연제구,202505,4200,4196,100.1,4210,99.76
여행/숙박업,부산광역시,연제구,202505,128,128,100.0,130,98.46
운송업,부산광역시,연제구,202505,434,430,100.93,425,102.12
식음료업,부산광역시,연제구,202505,2872,2884,99.58,2920,98.36
의료웰니스업,부산광역시,연제구,202505,1944,1947,99.85,1879,103.46
서비스업,부산광역시,연제구,202505,3001,3008,99.77,2989,100.4
쇼핑업,부산광역시,수영구,202505,5121,5091,100.59,4986,102.71
여행/숙박업,부산광역시,수영구,202505,324,306,105.88,184,176.09
운송업,부산광역시,수영구,202505,315,317,99.37,319,98.75
식음료업,부산광역시,수영구,202505,3361,3346,100.45,3365,99.88
의료웰니스업,부산광역시,수영구,202505,1798,1800,99.89,1753,102.57
서비스업,부산광역시,수영구,202505,1992,1989,100.15,2022,98.52
쇼핑업,부산광역시,사상구,202505,4316,4318,99.95,4441,97.19
여행/숙박업,부산광역시,사상구,202505,135,136,99.26,142,95.07
운송업,부산광역시,사상구,202505,590,590,100.0,596,98.99
식음료업,부산광역시,사상구,202505,2839,2846,99.75,2920,97.23
의료웰니스업,부산광역시,사상구,202505,1401,1397,100.29,1382,101.37
서비스업,부산광역시,사상구,202505,1536,1533,100.2,1530,100.39
쇼핑업,부산광역시,기장군,202505,4080,4083,99.93,3996,102.1
여행/숙박업,부산광역시,기장군,202505,180,178,101.12,172,104.65
운송업,부산광역시,기장군,202505,390,386,101.04,375,104.0
식음료업,부산광역시,기장군,202505,3048,3057,99.71,3100,98.32
의료웰니스업,부산광역시,기장군,202505,1252,1246,100.48,1227,102.04
서비스업,부산광역시,기장군,202505,1698,1706,99.53,1688,100.59
쇼핑업,부산광역시,부산광역시 합계,202506,73974,73761,100.29,73721,100.34
여행/숙박업,부산광역시,부산광역시 합계,202506,3138,3108,100.97,2866,109.49
운송업,부산광역시,부산광역시 합계,202506,5812,5800,100.21,5750,101.08
식음료업,부산광역시,부산광역시 합계,202506,48396,48575,99.63,49672,97.43
의료웰니스업,부산광역시,부산광역시 합계,202506,28668,28644,100.08,28111,101.98
서비스업,부산광역시,부산광역시 합계,202506,31700,31723,99.93,31736,99.89
쇼핑업,부산광역시,중구,202506,2648,2649,99.96,2780,95.25
여행/숙박업,부산광역시,중구,202506,239,238,100.42,231,103.46
운송업,부산광역시,중구,202506,137,139,98.56,142,96.48
식음료업,부산광역시,중구,202506,1975,1969,100.3,1991,99.2
의료웰니스업,부산광역시,중구,202506,785,785,100.0,787,99.75
서비스업,부산광역시,중구,202506,495,501,98.8,516,95.93
쇼핑업,부산광역시,서구,202506,1883,1875,100.43,1905,98.85
여행/숙박업,부산광역시,서구,202506,80,80,100.0,75,106.67
운송업,부산광역시,서구,202506,157,154,101.95,153,102.61
식음료업,부산광역시,서구,202506,1412,1409,100.21,1431,98.67
의료웰니스업,부산광역시,서구,202506,773,773,100.0,769,100.52
서비스업,부산광역시,서구,202506,685,684,100.15,683,100.29
쇼핑업,부산광역시,동구,202506,3076,3067,100.29,3018,101.92
여행/숙박업,부산광역시,동구,202506,293,294,99.66,297,98.65
운송업,부산광역시,동구,202506,232,233,99.57,229,101.31
식음료업,부산광역시,동구,202506,1563,1575,99.24,1621,96.42
의료웰니스업,부산광역시,동구,202506,804,800,100.5,777,103.47
서비스업,부산광역시,동구,202506,784,784,100.0,796,98.49
쇼핑업,부산광역시,영도구,202506,1647,1647,100.0,1684,97.8
여행/숙박업,부산광역시,영도구,202506,122,123,99.19,112,108.93
운송업,부산광역시,영도구,202506,166,163,101.84,165,100.61
식음료업,부산광역시,영도구,202506,1429,1437,99.44,1459,97.94
의료웰니스업,부산광역시,영도구,202506,723,729,99.18,728,99.31
서비스업,부산광역시,영도구,202506,551,553,99.64,572,96.33
쇼핑업,부산광역시,부산진구,202506,9613,9627,99.85,9656,99.55
여행/숙박업,부산광역시,부산진구,202506,414,412,100.49,372,111.29
운송업,부산광역시,부산진구,202506,534,532,100.38,519,102.89
식음료업,부산광역시,부산진구,202506,6138,6151,99.79,6294,97.52
의료웰니스업,부산광역시,부산진구,202506,4041,4036,100.12,3929,102.85
서비스업,부산광역시,부산진구,202506,3535,3557,99.38,3512,100.65
쇼핑업,부산광역시,동래구,202506,5490,5466,100.44,5405,101.57
여행/숙박업,부산광역시,동래구,202506,198,196,101.02,198,100.0
운송업,부산광역시,동래구,202506,370,371,99.73,363,101.93
식음료업,부산광역시,동래구,202506,3656,3676,99.46,3772,96.92
의료웰니스업,부산광역시,동래구,202506,2671,2652,100.72,2578,103.61
서비스업,부산광역시,동래구,202506,2976,2973,100.1,2936,101.36
쇼핑업,부산광역시,남구,202506,5220,5201,100.37,5186,100.66
여행/숙박업,부산광역시,남구,202506,129,130,99.23,112,115.18
운송업,부산광역시,남구,202506,423,427,99.06,414,102.17
식음료업,부산광역시,남구,202506,3037,3034,100.1,3152,96.35
의료웰니스업,부산광역시,남구,202506,2024,2032,99.61,1990,101.71
서비스업,부산광역시,남구,202506,2178,2173,100.23,2167,100.51
쇼핑업,부산광역시,북구,202506,4385,4370,100.34,4464,98.23
여행/숙박업,부산광역시,북구,202506,113,113,100.0,109,103.67
운송업,부산광역시,북구,202506,303,300,101.0,298,101.68
식음료업,부산광역시,북구,202506,2711,2737,99.05,2809,96.51
의료웰니스업,부산광역시,북구,202506,1916,1915,100.05,1891,101.32
서비스업,부산광역시,북구,202506,1834,1848,99.24,1865,98.34
쇼핑업,부산광역시,해운대구,202506,9160,9133,100.3,8859,103.4
여행/숙박업,부산광역시,해운대구,202506,486,482,100.83,453,107.28
운송업,부산광역시,해운대구,202506,527,531,99.25,541,97.41
식음료업,부산광역시,해운대구,202506,4815,4831,99.67,4942,97.43
의료웰니스업,부산광역시,해운대구,202506,3276,3275,100.03,3208,102.12
서비스업,부산광역시,해운대구,202506,4193,4194,99.98,4223,99.29
쇼핑업,부산광역시,사하구,202506,5014,4984,100.6,5022,99.84
여행/숙박업,부산광역시,사하구,202506,93,91,102.2,85,109.41
운송업,부산광역시,사하구,202506,420,417,100.72,428,98.13
식음료업,부산광역시,사하구,202506,3681,3700,99.49,3789,97.15
의료웰니스업,부산광역시,사하구,202506,2341,2338,100.13,2309,101.39
서비스업,부산광역시,사하구,202506,2145,2140,100.23,2161,99.26
쇼핑업,부산광역시,금정구,202506,4319,4309,100.23,4371,98.81
여행/숙박업,부산광역시,금정구,202506,97,97,100.0,108,89.81
운송업,부산광역시,금정구,202506,385,382,100.79,377,102.12
식음료업,부산광역시,금정구,202506,3289,3304,99.55,3403,96.65
의료웰니스업,부산광역시,금정구,202506,1880,1886,99.68,1904,98.74
서비스업,부산광역시,금정구,202506,2085,2094,99.57,2147,97.11
쇼핑업,부산광역시,강서구,202506,3722,3714,100.22,3713,100.24
여행/숙박업,부산광역시,강서구,202506,85,84,101.19,78,108.97
운송업,부산광역시,강서구,202506,410,407,100.74,391,104.86
식음료업,부산광역시,강서구,202506,2618,2632,99.47,2701,96.93
의료웰니스업,부산광역시,강서구,202506,1017,1015,100.2,973,104.52
서비스업,부산광역시,강서구,202506,1955,1945,100.51,1880,103.99
쇼핑업,부산광역시,연제구,202506,4206,4200,100.14,4216,99.76
여행/숙박업,부산광역시,연제구,202506,130,128,101.56,129,100.78
운송업,부산광역시,연제구,202506,435,434,100.23,423,102.84
식음료업,부산광역시,연제구,202506,2842,2872,98.96,2927,97.1
의료웰니스업,부산광역시,연제구,202506,1945,1944,100.05,1884,103.24
서비스업,부산광역시,연제구,202506,3006,3001,100.17,2985,100.7
쇼핑업,부산광역시,수영구,202506,5193,5121,101.41,4984,104.19
여행/숙박업,부산광역시,수영구,202506,336,324,103.7,189,177.78
운송업,부산광역시,수영구,202506,315,315,100.0,318,99.06
식음료업,부산광역시,수영구,202506,3361,3361,100.0,3371,99.7
의료웰니스업,부산광역시,수영구,202506,1802,1798,100.22,1763,102.21
서비스업,부산광역시,수영구,202506,1998,1992,100.3,2015,99.16
쇼핑업,부산광역시,사상구,202506,4316,4316,100.0,4449,97.01
여행/숙박업,부산광역시,사상구,202506,138,135,102.22,142,97.18
운송업,부산광역시,사상구,202506,592,590,100.34,595,99.5
식음료업,부산광역시,사상구,202506,2832,2839,99.75,2916,97.12
의료웰니스업,부산광역시,사상구,202506,1397,1401,99.71,1383,101.01
서비스업,부산광역시,사상구,202506,1535,1536,99.93,1531,100.26
쇼핑업,부산광역시,기장군,202506,4080,4080,100.0,4007,101.82
여행/숙박업,부산광역시,기장군,202506,184,180,102.22,170,108.24
운송업,부산광역시,기장군,202506,391,390,100.26,377,103.71
식음료업,부산광역시,기장군,202506,3037,3048,99.64,3094,98.16
의료웰니스업,부산광역시,기장군,202506,1260,1252,100.64,1224,102.94
서비스업,부산광역시,기장군,202506,1697,1698,99.94,1686,100.65
쇼핑업,부산광역시,부산광역시 합계,202507,74251,73974,100.37,73818,100.59
여행/숙박업,부산광역시,부산광역시 합계,202507,3159,3138,100.67,2891,109.27
운송업,부산광역시,부산광역시 합계,202507,5790,5812,99.62,5752,100.66
식음료업,부산광역시,부산광역시 합계,202507,48275,48396,99.75,49558,97.41
의료웰니스업,부산광역시,부산광역시 합계,202507,28699,28668,100.11,28161,101.91
서비스업,부산광역시,부산광역시 합계,202507,31798,31700,100.31,31755,100.14
쇼핑업,부산광역시,중구,202507,2646,2648,99.92,2772,95.45
여행/숙박업,부산광역시,중구,202507,242,239,101.26,232,104.31
운송업,부산광역시,중구,202507,138,137,100.73,142,97.18
식음료업,부산광역시,중구,202507,1970,1975,99.75,1986,99.19
의료웰니스업,부산광역시,중구,202507,782,785,99.62,790,98.99
서비스업,부산광역시,중구,202507,497,495,100.4,510,97.45
쇼핑업,부산광역시,서구,202507,1893,1883,100.53,1895,99.89
여행/숙박업,부산광역시,서구,202507,83,80,103.75,79,105.06
운송업,부산광역시,서구,202507,155,157,98.73,155,100.0
식음료업,부산광역시,서구,202507,1415,1412,100.21,1428,99.09
의료웰니스업,부산광역시,서구,202507,772,773,99.87,771,100.13
서비스업,부산광역시,서구,202507,694,685,101.31,688,100.87
쇼핑업,부산광역시,동구,202507,3082,3076,100.2,3022,101.99
여행/숙박업,부산광역시,동구,202507,294,293,100.34,296,99.32
운송업,부산광역시,동구,202507,235,232,101.29,228,103.07
식음료업,부산광역시,동구,202507,1555,1563,99.49,1616,96.23
의료웰니스업,부산광역시,동구,202507,808,804,100.5,780,103.59
서비스업,부산광역시,동구,202507,786,784,100.26,800,98.25
쇼핑업,부산광역시,영도구,202507,1640,1647,99.57,1688,97.16
여행/숙박업,부산광역시,영도구,202507,125,122,102.46,113,110.62
운송업,부산광역시,영도구,202507,164,166,98.8,163,100.61
식음료업,부산광역시,영도구,202507,1423,1429,99.58,1454,97.87
의료웰니스업,부산광역시,영도구,202507,724,723,100.14,728,99.45
서비스업,부산광역시,영도구,202507,550,551,99.82,570,96.49
쇼핑업,부산광역시,부산진구,202507,9662,9613,100.51,9641,100.22
여행/숙박업,부산광역시,부산진구,202507,415,414,100.24,380,109.21
운송업,부산광역시,부산진구,202507,530,534,99.25,516,102.71
식음료업,부산광역시,부산진구,202507,6118,6138,99.67,6282,97.39
의료웰니스업,부산광역시,부산진구,202507,4055,4041,100.35,3932,103.13
서비스업,부산광역시,부산진구,202507,3538,3535,100.08,3512,100.74
쇼핑업,부산광역시,동래구,202507,5510,5490,100.36,5412,101.81
여행/숙박업,부산광역시,동래구,202507,199,198,100.51,196,101.53
운송업,부산광역시,동래구,202507,365,370,98.65,363,100.55
식음료업,부산광역시,동래구,202507,3649,3656,99.81,3754,97.2
의료웰니스업,부산광역시,동래구,202507,2676,2671,100.19,2586,103.48
서비스업,부산광역시,동래구,202507,2977,2976,100.03,2923,101.85
쇼핑업,부산광역시,남구,202507,5210,5220,99.81,5205,100.1
여행/숙박업,부산광역시,남구,202507,131,129,101.55,114,114.91
운송업,부산광역시,남구,202507,424,423,100.24,413,102.66
식음료업,부산광역시,남구,202507,3031,3037,99.8,3140,96.53
의료웰니스업,부산광역시,남구,202507,2021,2024,99.85,1995,101.3
서비스업,부산광역시,남구,202507,2207,2178,101.33,2154,102.46
쇼핑업,부산광역시,북구,202507,4405,4385,100.46,4475,98.44
여행/숙박업,부산광역시,북구,202507,114,113,100.88,111,102.7
운송업,부산광역시,북구,202507,302,303,99.67,295,102.37
식음료업,부산광역시,북구,202507,2713,2711,100.07,2813,96.45
의료웰니스업,부산광역시,북구,202507,1914,1916,99.9,1890,101.27
서비스업,부산광역시,북구,202507,1837,1834,100.16,1863,98.6
쇼핑업,부산광역시,해운대구,202507,9183,9160,100.25,8917,102.98
여행/숙박업,부산광역시,해운대구,202507,486,486,100.0,454,107.05
운송업,부산광역시,해운대구,202507,526,527,99.81,549,95.81
식음료업,부산광역시,해운대구,202507,4786,4815,99.4,4930,97.08
의료웰니스업,부산광역시,해운대구,202507,3287,3276,100.34,3228,101.83
서비스업,부산광역시,해운대구,202507,4192,4193,99.98,4231,99.08
쇼핑업,부산광역시,사하구,202507,5028,5014,100.28,5032,99.92
여행/숙박업,부산광역시,사하구,202507,94,93,101.08,86,109.3
운송업,부산광역시,사하구,202507,416,420,99.05,427,97.42
식음료업,부산광역시,사하구,202507,3655,3681,99.29,3781,96.67
의료웰니스업,부산광역시,사하구,202507,2346,2341,100.21,2307,101.69
서비스업,부산광역시,사하구,202507,2151,2145,100.28,2153,99.91
쇼핑업,부산광역시,금정구,202507,4364,4319,101.04,4376,99.73
여행/숙박업,부산광역시,금정구,202507,96,97,98.97,106,90.57
운송업,부산광역시,금정구,202507,382,385,99.22,377,101.33
식음료업,부산광역시,금정구,202507,3280,3289,99.73,3387,96.84
의료웰니스업,부산광역시,금정구,202507,1879,1880,99.95,1904,98.69
서비스업,부산광역시,금정구,202507,2089,2085,100.19,2159,96.76
쇼핑업,부산광역시,강서구,202507,3766,3722,101.18,3722,101.18
여행/숙박업,부산광역시,강서구,202507,88,85,103.53,79,111.39
운송업,부산광역시,강서구,202507,410,410,100.0,394,104.06
식음료업,부산광역시,강서구,202507,2627,2618,100.34,2692,97.59
의료웰니스업,부산광역시,강서구,202507,1018,1017,100.1,969,105.06
서비스업,부산광역시,강서구,202507,1968,1955,100.66,1897,103.74
쇼핑업,부산광역시,연제구,202507,4220,4206,100.33,4247,99.36
여행/숙박업,부산광역시,연제구,202507,129,130,99.23,131,98.47
운송업,부산광역시,연제구,202507,439,435,100.92,425,103.29
식음료업,부산광역시,연제구,202507,2848,2842,100.21,2922,97.47
의료웰니스업,부산광역시,연제구,202507,1945,1945,100.0,1890,102.91
서비스업,부산광역시,연제구,202507,3017,3006,100.37,2986,101.04
쇼핑업,부산광역시,수영구,202507,5231,5193,100.73,4982,105.0
여행/숙박업,부산광역시,수영구,202507,339,336,100.89,195,173.85
운송업,부산광역시,수영구,202507,313,315,99.37,318,98.43
식음료업,부산광역시,수영구,202507,3348,3361,99.61,3378,99.11
의료웰니스업,부산광역시,수영구,202507,1797,1802,99.72,1775,101.24
서비스업,부산광역시,수영구,202507,1998,1998,100.0,2015,99.16
쇼핑업,부산광역시,사상구,202507,4326,4316,100.23,4420,97.87
여행/숙박업,부산광역시,사상구,202507,138,138,100.0,140,98.57
운송업,부산광역시,사상구,202507,586,592,98.99,594,98.65
식음료업,부산광역시,사상구,202507,2836,2832,100.14,2915,97.29
의료웰니스업,부산광역시,사상구,202507,1398,1397,100.07,1382,101.16
서비스업,부산광역시,사상구,202507,1542,1535,100.46,1539,100.19
쇼핑업,부산광역시,기장군,202507,4083,4080,100.07,4010,101.82
여행/숙박업,부산광역시,기장군,202507,185,184,100.54,173,106.94
운송업,부산광역시,기장군,202507,390,391,99.74,377,103.45
식음료업,부산광역시,기장군,202507,3021,3037,99.47,3080,98.08
의료웰니스업,부산광역시,기장군,202507,1264,1260,100.32,1220,103.61
서비스업,부산광역시,기장군,202507,1707,1697,100.59,1690,101.01
쇼핑업,부산광역시,부산광역시 합계,202508,74578,74251,100.44,74069,100.69
여행/숙박업,부산광역시,부산광역시 합계,202508,3189,3159,100.95,2891,110.31
운송업,부산광역시,부산광역시 합계,202508,5805,5790,100.26,5762,100.75
식음료업,부산광역시,부산광역시 합계,202508,48127,48275,99.69,49534,97.16
의료웰니스업,부산광역시,부산광역시 합계,202508,28751,28699,100.18,28239,101.81
서비스업,부산광역시,부산광역시 합계,202508,31829,31798,100.1,31788,100.13
쇼핑업,부산광역시,중구,202508,2654,2646,100.3,2763,96.06
여행/숙박업,부산광역시,중구,202508,244,242,100.83,233,104.72
운송업,부산광역시,중구,202508,137,138,99.28,143,95.8
식음료업,부산광역시,중구,202508,1968,1970,99.9,1995,98.65
의료웰니스업,부산광역시,중구,202508,782,782,100.0,790,98.99
서비스업,부산광역시,중구,202508,503,497,101.21,508,99.02
쇼핑업,부산광역시,서구,202508,1889,1893,99.79,1902,99.32
여행/숙박업,부산광역시,서구,202508,80,83,96.39,79,101.27
운송업,부산광역시,서구,202508,159,155,102.58,154,103.25
식음료업,부산광역시,서구,202508,1414,1415,99.93,1431,98.81
의료웰니스업,부산광역시,서구,202508,772,772,100.0,774,99.74
서비스업,부산광역시,서구,202508,691,694,99.57,691,100.0
쇼핑업,부산광역시,동구,202508,3091,3082,100.29,3049,101.38
여행/숙박업,부산광역시,동구,202508,299,294,101.7,293,102.05
운송업,부산광역시,동구,202508,236,235,100.43,229,103.06
식음료업,부산광역시,동구,202508,1557,1555,100.13,1613,96.53
의료웰니스업,부산광역시,동구,202508,811,808,100.37,784,103.44
서비스업,부산광역시,동구,202508,784,786,99.75,798,98.25
쇼핑업,부산광역시,영도구,202508,1654,1640,100.85,1692,97.75
여행/숙박업,부산광역시,영도구,202508,128,125,102.4,113,113.27
운송업,부산광역시,영도구,202508,164,164,100.0,163,100.61
식음료업,부산광역시,영도구,202508,1421,1423,99.86,1449,98.07
의료웰니스업,부산광역시,영도구,202508,723,724,99.86,724,99.86
서비스업,부산광역시,영도구,202508,549,550,99.82,570,96.32
쇼핑업,부산광역시,부산진구,202508,9726,9662,100.66,9707,100.2
여행/숙박업,부산광역시,부산진구,202508,415,415,100.0,379,109.5
운송업,부산광역시,부산진구,202508,532,530,100.38,519,102.5
식음료업,부산광역시,부산진구,202508,6113,6118,99.92,6278,97.37
의료웰니스업,부산광역시,부산진구,202508,4071,4055,100.39,3950,103.06
서비스업,부산광역시,부산진구,202508,3540,3538,100.06,3510,100.85
쇼핑업,부산광역시,동래구,202508,5528,5510,100.33,5435,101.71
여행/숙박업,부산광역시,동래구,202508,198,199,99.5,195,101.54
운송업,부산광역시,동래구,202508,365,365,100.0,364,100.27
식음료업,부산광역시,동래구,202508,3638,3649,99.7,3741,97.25
의료웰니스업,부산광역시,동래구,202508,2679,2676,100.11,2594,103.28
서비스업,부산광역시,동래구,202508,2992,2977,100.5,2942,101.7
쇼핑업,부산광역시,남구,202508,5246,5210,100.69,5188,101.12
여행/숙박업,부산광역시,남구,202508,134,131,102.29,117,114.53
운송업,부산광역시,남구,202508,423,424,99.76,416,101.68
식음료업,부산광역시,남구,202508,3014,3031,99.44,3134,96.17
의료웰니스업,부산광역시,남구,202508,2029,2021,100.4,2001,101.4
서비스업,부산광역시,남구,202508,2208,2207,100.05,2164,102.03
쇼핑업,부산광역시,북구,202508,4425,4405,100.45,4486,98.64
여행/숙박업,부산광역시,북구,202508,114,114,100.0,110,103.64
운송업,부산광역시,북구,202508,303,302,100.33,296,102.36
식음료업,부산광역시,북구,202508,2705,2713,99.71,2820,95.92
의료웰니스업,부산광역시,북구,202508,1915,1914,100.05,1893,101.16
서비스업,부산광역시,북구,202508,1832,1837,99.73,1859,98.55
쇼핑업,부산광역시,해운대구,202508,9231,9183,100.52,8978,102.82
여행/숙박업,부산광역시,해운대구,202508,486,486,100.0,452,107.52
운송업,부산광역시,해운대구,202508,531,526,100.95,549,96.72
식음료업,부산광역시,해운대구,202508,4772,4786,99.71,4929,96.81
의료웰니스업,부산광역시,해운대구,202508,3291,3287,100.12,3232,101.83
서비스업,부산광역시,해운대구,202508,4193,4192,100.02,4234,99.03
쇼핑업,부산광역시,사하구,202508,5035,5028,100.14,5053,99.64
여행/숙박업,부산광역시,사하구,202508,93,94,98.94,84,110.71
운송업,부산광역시,사하구,202508,418,416,100.48,429,97.44
식음료업,부산광역시,사하구,202508,3640,3655,99.59,3772,96.5
의료웰니스업,부산광역시,사하구,202508,2349,2346,100.13,2308,101.78
서비스업,부산광역시,사하구,202508,2149,2151,99.91,2162,99.4
쇼핑업,부산광역시,금정구,202508,4390,4364,100.6,4375,100.34
여행/숙박업,부산광역시,금정구,202508,98,96,102.08,105,93.33
운송업,부산광역시,금정구,202508,381,382,99.74,375,101.6
식음료업,부산광역시,금정구,202508,3266,3280,99.57,3387,96.43
의료웰니스업,부산광역시,금정구,202508,1881,1879,100.11,1907,98.64
서비스업,부산광역시,금정구,202508,2095,2089,100.29,2158,97.08
쇼핑업,부산광역시,강서구,202508,3786,3766,100.53,3732,101.45
여행/숙박업,부산광역시,강서구,202508,88,88,100.0,80,110.0
운송업,부산광역시,강서구,202508,410,410,100.0,400,102.5
식음료업,부산광역시,강서구,202508,2612,2627,99.43,2688,97.17
의료웰니스업,부산광역시,강서구,202508,1025,1018,100.69,979,104.7
서비스업,부산광역시,강서구,202508,1980,1968,100.61,1892,104.65
쇼핑업,부산광역시,연제구,202508,4227,4220,100.17,4258,99.27
여행/숙박업,부산광역시,연제구,202508,130,129,100.78,131,99.24
운송업,부산광역시,연제구,202508,441,439,100.46,420,105.0
식음료업,부산광역시,연제구,202508,2828,2848,99.3,2921,96.82
의료웰니스업,부산광역시,연제구,202508,1949,1945,100.21,1904,102.36
서비스업,부산광역시,연제구,202508,3017,3017,100.0,2990,100.9
쇼핑업,부산광역시,수영구,202508,5245,5231,100.27,4990,105.11
여행/숙박업,부산광역시,수영구,202508,357,339,105.31,203,175.86
운송업,부산광역시,수영구,202508,313,313,100.0,321,97.51
식음료업,부산광역시,수영구,202508,3345,3348,99.91,3378,99.02
의료웰니스업,부산광역시,수영구,202508,1796,1797,99.94,1778,101.01
서비스업,부산광역시,수영구,202508,1999,1998,100.05,2006,99.65
쇼핑업,부산광역시,사상구,202508,4339,4326,100.3,4438,97.77
여행/숙박업,부산광역시,사상구,202508,138,138,100.0,139,99.28
운송업,부산광역시,사상구,202508,587,586,100.17,590,99.49
식음료업,부산광역시,사상구,202508,2820,2836,99.44,2905,97.07
의료웰니스업,부산광역시,사상구,202508,1396,1398,99.86,1388,100.58
서비스업,부산광역시,사상구,202508,1543,1542,100.06,1541,100.13
쇼핑업,부산광역시,기장군,202508,4110,4083,100.66,4021,102.21
여행/숙박업,부산광역시,기장군,202508,186,185,100.54,172,108.14
운송업,부산광역시,기장군,202508,389,390,99.74,378,102.91
식음료업,부산광역시,기장군,202508,3014,3021,99.77,3093,97.45
의료웰니스업,부산광역시,기장군,202508,1269,1264,100.4,1219,104.1
서비스업,부산광역시,기장군,202508,1709,1707,100.12,1700,100.53
쇼핑업,부산광역시,부산광역시 합계,202509,74960,74578,100.51,74294,100.9
여행/숙박업,부산광역시,부산광역시 합계,202509,3216,3189,100.85,2918,110.21
운송업,부산광역시,부산광역시 합계,202509,5827,5805,100.38,5762,101.13
식음료업,부산광역시,부산광역시 합계,202509,48048,48127,99.84,49411,97.24
의료웰니스업,부산광역시,부산광역시 합계,202509,28811,28751,100.21,28287,101.85
서비스업,부산광역시,부산광역시 합계,202509,31853,31829,100.08,31739,100.36
쇼핑업,부산광역시,중구,202509,2643,2654,99.59,2763,95.66
여행/숙박업,부산광역시,중구,202509,247,244,101.23,233,106.01
운송업,부산광역시,중구,202509,138,137,100.73,144,95.83
식음료업,부산광역시,중구,202509,1966,1968,99.9,1993,98.65
의료웰니스업,부산광역시,중구,202509,784,782,100.26,788,99.49
서비스업,부산광역시,중구,202509,504,503,100.2,509,99.02
쇼핑업,부산광역시,서구,202509,1898,1889,100.48,1912,99.27
여행/숙박업,부산광역시,서구,202509,79,80,98.75,81,97.53
운송업,부산광역시,서구,202509,162,159,101.89,157,103.18
식음료업,부산광역시,서구,202509,1414,1414,100.0,1430,98.88
의료웰니스업,부산광역시,서구,202509,774,772,100.26,776,99.74
서비스업,부산광역시,서구,202509,692,691,100.14,689,100.44
쇼핑업,부산광역시,동구,202509,3108,3091,100.55,3059,101.6
여행/숙박업,부산광역시,동구,202509,298,299,99.67,293,101.71
운송업,부산광역시,동구,202509,238,236,100.85,231,103.03
식음료업,부산광역시,동구,202509,1552,1557,99.68,1618,95.92
의료웰니스업,부산광역시,동구,202509,812,811,100.12,785,103.44
서비스업,부산광역시,동구,202509,788,784,100.51,796,98.99
쇼핑업,부산광역시,영도구,202509,1657,1654,100.18,1686,98.28
여행/숙박업,부산광역시,영도구,202509,127,128,99.22,112,113.39
운송업,부산광역시,영도구,202509,166,164,101.22,159,104.4
식음료업,부산광역시,영도구,202509,1413,1421,99.44,1442,97.99
의료웰니스업,부산광역시,영도구,202509,718,723,99.31,724,99.17
서비스업,부산광역시,영도구,202509,548,549,99.82,570,96.14
쇼핑업,부산광역시,부산진구,202509,9793,9726,100.69,9763,100.31
여행/숙박업,부산광역시,부산진구,202509,419,415,100.96,379,110.55
운송업,부산광역시,부산진구,202509,533,532,100.19,517,103.09
식음료업,부산광역시,부산진구,202509,6096,6113,99.72,6242,97.66
의료웰니스업,부산광역시,부산진구,202509,4077,4071,100.15,3962,102.9
서비스업,부산광역시,부산진구,202509,3555,3540,100.42,3496,101.69
쇼핑업,부산광역시,동래구,202509,5538,5528,100.18,5428,102.03
여행/숙박업,부산광역시,동래구,202509,196,198,98.99,197,99.49
운송업,부산광역시,동래구,202509,366,365,100.27,368,99.46
식음료업,부산광역시,동래구,202509,3635,3638,99.92,3723,97.64
의료웰니스업,부산광역시,동래구,202509,2676,2679,99.89,2602,102.84
서비스업,부산광역시,동래구,202509,2985,2992,99.77,2952,101.12
쇼핑업,부산광역시,남구,202509,5278,5246,100.61,5208,101.34
여행/숙박업,부산광역시,남구,202509,136,134,101.49,123,110.57
운송업,부산광역시,남구,202509,427,423,100.95,420,101.67
식음료업,부산광역시,남구,202509,3012,3014,99.93,3125,96.38
의료웰니스업,부산광역시,남구,202509,2034,2029,100.25,2002,101.6
서비스업,부산광역시,남구,202509,2209,2208,100.05,2167,101.94
쇼핑업,부산광역시,북구,202509,4466,4425,100.93,4497,99.31
여행/숙박업,부산광역시,북구,202509,113,114,99.12,112,100.89
운송업,부산광역시,북구,202509,301,303,99.34,295,102.03
식음료업,부산광역시,북구,202509,2690,2705,99.45,2802,96.0
의료웰니스업,부산광역시,북구,202509,1917,1915,100.1,1892,101.32
서비스업,부산광역시,북구,202509,1825,1832,99.62,1858,98.22
쇼핑업,부산광역시,해운대구,202509,9260,9231,100.31,9026,102.59
여행/숙박업,부산광역시,해운대구,202509,488,486,100.41,456,107.02
운송업,부산광역시,해운대구,202509,529,531,99.62,543,97.42
식음료업,부산광역시,해운대구,202509,4772,4772,100.0,4918,97.03
의료웰니스업,부산광역시,해운대구,202509,3305,3291,100.43,3236,102.13
서비스업,부산광역시,해운대구,202509,4198,4193,100.12,4230,99.24
쇼핑업,부산광역시,사하구,202509,5068,5035,100.66,5058,100.2
여행/숙박업,부산광역시,사하구,202509,94,93,101.08,83,113.25
운송업,부산광역시,사하구,202509,420,418,100.48,428,98.13
식음료업,부산광역시,사하구,202509,3627,3640,99.64,3762,96.41
의료웰니스업,부산광역시,사하구,202509,2352,2349,100.13,2317,101.51
서비스업,부산광역시,사하구,202509,2142,2149,99.67,2156,99.35
쇼핑업,부산광역시,금정구,202509,4392,4390,100.05,4385,100.16
여행/숙박업,부산광역시,금정구,202509,98,98,100.0,104,94.23
운송업,부산광역시,금정구,202509,382,381,100.26,373,102.41
식음료업,부산광역시,금정구,202509,3265,3266,99.97,3387,96.4
의료웰니스업,부산광역시,금정구,202509,1888,1881,100.37,1907,99.0
서비스업,부산광역시,금정구,202509,2094,2095,99.95,2144,97.67
쇼핑업,부산광역시,강서구,202509,3830,3786,101.16,3737,102.49
여행/숙박업,부산광역시,강서구,202509,89,88,101.14,81,109.88
운송업,부산광역시,강서구,202509,413,410,100.73,396,104.29
식음료업,부산광역시,강서구,202509,2605,2612,99.73,2680,97.2
의료웰니스업,부산광역시,강서구,202509,1037,1025,101.17,983,105.49
서비스업,부산광역시,강서구,202509,1992,1980,100.61,1888,105.51
쇼핑업,부산광역시,연제구,202509,4246,4227,100.45,4280,99.21
여행/숙박업,부산광역시,연제구,202509,129,130,99.23,132,97.73
운송업,부산광역시,연제구,202509,444,441,100.68,424,104.72
식음료업,부산광역시,연제구,202509,2822,2828,99.79,2925,96.48
의료웰니스업,부산광역시,연제구,202509,1956,1949,100.36,1907,102.57
서비스업,부산광역시,연제구,202509,3019,3017,100.07,2982,101.24
쇼핑업,부산광역시,수영구,202509,5285,5245,100.76,5009,105.51
여행/숙박업,부산광역시,수영구,202509,375,357,105.04,217,172.81
운송업,부산광역시,수영구,202509,317,313,101.28,322,98.45
식음료업,부산광역시,수영구,202509,3354,3345,100.27,3358,99.88
의료웰니스업,부산광역시,수영구,202509,1798,1796,100.11,1781,100.95
서비스업,부산광역시,수영구,202509,2007,1999,100.4,2001,100.3
쇼핑업,부산광역시,사상구,202509,4348,4339,100.21,4432,98.1
여행/숙박업,부산광역시,사상구,202509,138,138,100.0,138,100.0
운송업,부산광역시,사상구,202509,590,587,100.51,591,99.83
식음료업,부산광역시,사상구,202509,2818,2820,99.93,2905,97.01
의료웰니스업,부산광역시,사상구,202509,1401,1396,100.36,1391,100.72
서비스업,부산광역시,사상구,202509,1542,1543,99.94,1541,100.06
쇼핑업,부산광역시,기장군,202509,4148,4110,100.92,4049,102.45
여행/숙박업,부산광역시,기장군,202509,189,186,101.61,172,109.88
운송업,부산광역시,기장군,202509,385,389,98.97,378,101.85
식음료업,부산광역시,기장군,202509,3007,3014,99.77,3101,96.97
의료웰니스업,부산광역시,기장군,202509,1269,1269,100.0,1221,103.93
서비스업,부산광역시,기장군,202509,1708,1709,99.94,1699,100.53
쇼핑업,부산광역시,부산광역시 합계,202510,75330,74960,100.49,74541,101.06
여행/숙박업,부산광역시,부산광역시 합계,202510,3231,3216,100.47,2940,109.9
운송업,부산광역시,부산광역시 합계,202510,5838,5827,100.19,5780,101.0
식음료업,부산광역시,부산광역시 합계,202510,47921,48048,99.74,49391,97.02
의료웰니스업,부산광역시,부산광역시 합계,202510,28880,28811,100.24,28371,101.79
서비스업,부산광역시,부산광역시 합계,202510,31871,31853,100.06,31758,100.36
쇼핑업,부산광역시,중구,202510,2656,2643,100.49,2747,96.69
여행/숙박업,부산광역시,중구,202510,249,247,100.81,234,106.41
운송업,부산광역시,중구,202510,139,138,100.72,143,97.2
식음료업,부산광역시,중구,202510,1963,1966,99.85,1983,98.99
의료웰니스업,부산광역시,중구,202510,783,784,99.87,787,99.49
서비스업,부산광역시,중구,202510,499,504,99.01,510,97.84
쇼핑업,부산광역시,서구,202510,1898,1898,100.0,1921,98.8
여행/숙박업,부산광역시,서구,202510,79,79,100.0,81,97.53
운송업,부산광역시,서구,202510,164,162,101.23,159,103.14
식음료업,부산광역시,서구,202510,1410,1414,99.72,1431,98.53
의료웰니스업,부산광역시,서구,202510,772,774,99.74,775,99.61
서비스업,부산광역시,서구,202510,694,692,100.29,683,101.61
쇼핑업,부산광역시,동구,202510,3119,3108,100.35,3072,101.53
여행/숙박업,부산광역시,동구,202510,299,298,100.34,293,102.05
운송업,부산광역시,동구,202510,238,238,100.0,230,103.48
식음료업,부산광역시,동구,202510,1542,1552,99.36,1617,95.36
의료웰니스업,부산광역시,동구,202510,808,812,99.51,791,102.15
서비스업,부산광역시,동구,202510,792,788,100.51,796,99.5
쇼핑업,부산광역시,영도구,202510,1670,1657,100.78,1695,98.53
여행/숙박업,부산광역시,영도구,202510,125,127,98.43,114,109.65
운송업,부산광역시,영도구,202510,166,166,100.0,161,103.11
식음료업,부산광역시,영도구,202510,1412,1413,99.93,1444,97.78
의료웰니스업,부산광역시,영도구,202510,717,718,99.86,725,98.9
서비스업,부산광역시,영도구,202510,547,548,99.82,569,96.13
쇼핑업,부산광역시,부산진구,202510,9815,9793,100.22,9764,100.52
여행/숙박업,부산광역시,부산진구,202510,419,419,100.0,384,109.11
운송업,부산광역시,부산진구,202510,532,533,99.81,522,101.92
식음료업,부산광역시,부산진구,202510,6082,6096,99.77,6257,97.2
의료웰니스업,부산광역시,부산진구,202510,4101,4077,100.59,3993,102.7
서비스업,부산광역시,부산진구,202510,3546,3555,99.75,3501,101.29
쇼핑업,부산광역시,동래구,202510,5574,5538,100.65,5458,102.13
여행/숙박업,부산광역시,동래구,202510,195,196,99.49,196,99.49
운송업,부산광역시,동래구,202510,368,366,100.55,369,99.73
식음료업,부산광역시,동래구,202510,3629,3635,99.83,3735,97.16
의료웰니스업,부산광역시,동래구,202510,2691,2676,100.56,2605,103.3
서비스업,부산광역시,동래구,202510,2995,2985,100.34,2977,100.6
쇼핑업,부산광역시,남구,202510,5296,5278,100.34,5239,101.09
여행/숙박업,부산광역시,남구,202510,138,136,101.47,122,113.11
운송업,부산광역시,남구,202510,431,427,100.94,421,102.38
식음료업,부산광역시,남구,202510,3007,3012,99.83,3112,96.63
의료웰니스업,부산광역시,남구,202510,2044,2034,100.49,2007,101.84
서비스업,부산광역시,남구,202510,2214,2209,100.23,2169,102.07
쇼핑업,부산광역시,북구,202510,4495,4466,100.65,4511,99.65
여행/숙박업,부산광역시,북구,202510,114,113,100.88,112,101.79
운송업,부산광역시,북구,202510,302,301,100.33,298,101.34
식음료업,부산광역시,북구,202510,2674,2690,99.41,2798,95.57
의료웰니스업,부산광역시,북구,202510,1925,1917,100.42,1893,101.69
서비스업,부산광역시,북구,202510,1817,1825,99.56,1850,98.22
쇼핑업,부산광역시,해운대구,202510,9322,9260,100.67,9111,102.32
여행/숙박업,부산광역시,해운대구,202510,485,488,99.39,459,105.66
운송업,부산광역시,해운대구,202510,533,529,100.76,546,97.62
식음료업,부산광역시,해운대구,202510,4742,4772,99.37,4916,96.46
의료웰니스업,부산광역시,해운대구,202510,3313,3305,100.24,3243,102.16
서비스업,부산광역시,해운대구,202510,4210,4198,100.29,4235,99.41
쇼핑업,부산광역시,사하구,202510,5099,5068,100.61,5073,100.51
여행/숙박업,부산광역시,사하구,202510,94,94,100.0,82,114.63
운송업,부산광역시,사하구,202510,418,420,99.52,425,98.35
식음료업,부산광역시,사하구,202510,3601,3627,99.28,3755,95.9
의료웰니스업,부산광역시,사하구,202510,2354,2352,100.09,2324,101.29
서비스업,부산광역시,사하구,202510,2138,2142,99.81,2151,99.4
쇼핑업,부산광역시,금정구,202510,4406,4392,100.32,4378,100.64
여행/숙박업,부산광역시,금정구,202510,98,98,100.0,102,96.08
운송업,부산광역시,금정구,202510,382,382,100.0,373,102.41
식음료업,부산광역시,금정구,202510,3272,3265,100.21,3383,96.72
의료웰니스업,부산광역시,금정구,202510,1888,1888,100.0,1902,99.26
서비스업,부산광역시,금정구,202510,2093,2094,99.95,2134,98.08
쇼핑업,부산광역시,강서구,202510,3888,3830,101.51,3749,103.71
여행/숙박업,부산광역시,강서구,202510,89,89,100.0,79,112.66
운송업,부산광역시,강서구,202510,415,413,100.48,399,104.01
식음료업,부산광역시,강서구,202510,2602,2605,99.88,2678,97.16
의료웰니스업,부산광역시,강서구,202510,1037,1037,100.0,991,104.64
서비스업,부산광역시,강서구,202510,2002,1992,100.5,1892,105.81
쇼핑업,부산광역시,연제구,202510,4273,4246,100.64,4319,98.93
여행/숙박업,부산광역시,연제구,202510,130,129,100.78,133,97.74
운송업,부산광역시,연제구,202510,440,444,99.1,430,102.33
식음료업,부산광역시,연제구,202510,2821,2822,99.96,2932,96.21
의료웰니스업,부산광역시,연제구,202510,1959,1956,100.15,1925,101.77
서비스업,부산광역시,연제구,202510,3019,3019,100.0,2985,101.14
쇼핑업,부산광역시,수영구,202510,5303,5285,100.34,5017,105.7
여행/숙박업,부산광역시,수영구,202510,387,375,103.2,230,168.26
운송업,부산광역시,수영구,202510,317,317,100.0,322,98.45
식음료업,부산광역시,수영구,202510,3338,3354,99.52,3362,99.29
의료웰니스업,부산광역시,수영구,202510,1803,1798,100.28,1789,100.78
서비스업,부산광역시,수영구,202510,2010,2007,100.15,2008,100.1
쇼핑업,부산광역시,사상구,202510,4364,4348,100.37,4428,98.55
여행/숙박업,부산광역시,사상구,202510,138,138,100.0,143,96.5
운송업,부산광역시,사상구,202510,592,590,100.34,586,101.02
식음료업,부산광역시,사상구,202510,2820,2818,100.07,2896,97.38
의료웰니스업,부산광역시,사상구,202510,1401,1401,100.0,1388,100.94
서비스업,부산광역시,사상구,202510,1539,1542,99.81,1533,100.39
쇼핑업,부산광역시,기장군,202510,4150,4148,100.05,4057,102.29
여행/숙박업,부산광역시,기장군,202510,191,189,101.06,173,110.4
운송업,부산광역시,기장군,202510,385,385,100.0,380,101.32
식음료업,부산광역시,기장군,202510,3006,3007,99.97,3092,97.22
의료웰니스업,부산광역시,기장군,202510,1271,1269,100.16,1219,104.27
서비스업,부산광역시,기장군,202510,1712,1708,100.23,1704,100.47
쇼핑업,부산광역시,부산광역시 합계,202511,75359,75330,100.04,74609,101.01
여행/숙박업,부산광역시,부산광역시 합계,202511,3253,3231,100.68,2974,109.38
운송업,부산광역시,부산광역시 합계,202511,5828,5838,99.83,5796,100.55
식음료업,부산광역시,부산광역시 합계,202511,47722,47921,99.58,49308,96.78
의료웰니스업,부산광역시,부산광역시 합계,202511,28886,28880,100.02,28419,101.64
서비스업,부산광역시,부산광역시 합계,202511,31868,31871,99.99,31766,100.32
쇼핑업,부산광역시,중구,202511,2652,2656,99.85,2736,96.93
여행/숙박업,부산광역시,중구,202511,252,249,101.2,237,106.33
운송업,부산광역시,중구,202511,139,139,100.0,143,97.2
식음료업,부산광역시,중구,202511,1953,1963,99.49,1985,98.39
의료웰니스업,부산광역시,중구,202511,784,783,100.13,783,100.13
서비스업,부산광역시,중구,202511,499,499,100.0,508,98.23
쇼핑업,부산광역시,서구,202511,1898,1898,100.0,1915,99.11
여행/숙박업,부산광역시,서구,202511,80,79,101.27,83,96.39
운송업,부산광역시,서구,202511,161,164,98.17,162,99.38
식음료업,부산광역시,서구,202511,1405,1410,99.65,1425,98.6
의료웰니스업,부산광역시,서구,202511,770,769,100.13,769,100.13
서비스업,부산광역시,서구,202511,698,694,100.58,688,101.45
쇼핑업,부산광역시,동구,202511,3129,3119,100.32,3070,101.92
여행/숙박업,부산광역시,동구,202511,300,299,100.33,293,102.39
운송업,부산광역시,동구,202511,239,238,100.42,232,103.02
식음료업,부산광역시,동구,202511,1543,1542,100.06,1599,96.5
의료웰니스업,부산광역시,동구,202511,812,808,100.5,795,102.14
서비스업,부산광역시,동구,202511,800,792,101.01,803,99.63
쇼핑업,부산광역시,영도구,202511,1661,1670,99.46,1678,98.99
여행/숙박업,부산광역시,영도구,202511,127,125,101.6,117,108.55
운송업,부산광역시,영도구,202511,163,166,98.19,164,99.39
식음료업,부산광역시,영도구,202511,1406,1412,99.58,1442,97.5
의료웰니스업,부산광역시,영도구,202511,719,717,100.28,726,99.04
서비스업,부산광역시,영도구,202511,543,547,99.27,572,94.93
쇼핑업,부산광역시,부산진구,202511,9836,9815,100.21,9762,100.76
여행/숙박업,부산광역시,부산진구,202511,416,419,99.28,385,108.05
운송업,부산광역시,부산진구,202511,531,532,99.81,525,101.14
식음료업,부산광역시,부산진구,202511,6066,6082,99.74,6237,97.26
의료웰니스업,부산광역시,부산진구,202511,4101,4101,100.0,4000,102.53
서비스업,부산광역시,부산진구,202511,3539,3546,99.8,3513,100.74
쇼핑업,부산광역시,동래구,202511,5540,5574,99.39,5461,101.45
여행/숙박업,부산광역시,동래구,202511,194,195,99.49,197,98.48
운송업,부산광역시,동래구,202511,364,368,98.91,370,98.38
식음료업,부산광역시,동래구,202511,3599,3629,99.17,3739,96.26
의료웰니스업,부산광역시,동래구,202511,2695,2691,100.15,2617,102.98
서비스업,부산광역시,동래구,202511,2996,2995,100.03,2980,100.54
쇼핑업,부산광역시,남구,202511,5294,5296,99.96,5251,100.82
여행/숙박업,부산광역시,남구,202511,138,138,100.0,122,113.11
운송업,부산광역시,남구,202511,431,431,100.0,420,102.62
식음료업,부산광역시,남구,202511,2999,3007,99.73,3102,96.68
의료웰니스업,부산광역시,남구,202511,2032,2044,99.41,2002,101.5
서비스업,부산광역시,남구,202511,2216,2214,100.09,2167,102.26
쇼핑업,부산광역시,북구,202511,4500,4495,100.11,4525,99.45
여행/숙박업,부산광역시,북구,202511,113,114,99.12,111,101.8
운송업,부산광역시,북구,202511,298,302,98.68,300,99.33
식음료업,부산광역시,북구,202511,2664,2674,99.63,2787,95.59
의료웰니스업,부산광역시,북구,202511,1924,1925,99.95,1902,101.16
서비스업,부산광역시,북구,202511,1814,1817,99.83,1848,98.16
쇼핑업,부산광역시,해운대구,202511,9355,9322,100.35,9170,102.02
여행/숙박업,부산광역시,해운대구,202511,492,485,101.44,463,106.26
운송업,부산광역시,해운대구,202511,536,533,100.56,550,97.45
식음료업,부산광역시,해운대구,202511,4739,4742,99.94,4925,96.22
의료웰니스업,부산광역시,해운대구,202511,3305,3313,99.76,3251,101.66
서비스업,부산광역시,해운대구,202511,4203,4210,99.83,4242,99.08
쇼핑업,부산광역시,사하구,202511,5114,5099,100.29,5066,100.95
여행/숙박업,부산광역시,사하구,202511,94,94,100.0,84,111.9
운송업,부산광역시,사하구,202511,420,418,100.48,424,99.06
식음료업,부산광역시,사하구,202511,3586,3601,99.58,3735,96.01
의료웰니스업,부산광역시,사하구,202511,2344,2354,99.58,2321,100.99
서비스업,부산광역시,사하구,202511,2126,2138,99.44,2148,98.98
쇼핑업,부산광역시,금정구,202511,4396,4406,99.77,4380,100.37
여행/숙박업,부산광역시,금정구,202511,99,98,101.02,102,97.06
운송업,부산광역시,금정구,202511,389,382,101.83,374,104.01
식음료업,부산광역시,금정구,202511,3262,3272,99.69,3377,96.59
의료웰니스업,부산광역시,금정구,202511,1891,1888,100.16,1903,99.37
서비스업,부산광역시,금정구,202511,2081,2093,99.43,2137,97.38
쇼핑업,부산광역시,강서구,202511,3915,3888,100.69,3738,104.74
여행/숙박업,부산광역시,강서구,202511,91,89,102.25,79,115.19
운송업,부산광역시,강서구,202511,417,415,100.48,398,104.77
식음료업,부산광역시,강서구,202511,2600,2602,99.92,2681,96.98
의료웰니스업,부산광역시,강서구,202511,1045,1037,100.77,995,105.03
서비스업,부산광역시,강서구,202511,2021,2002,100.95,1894,106.71
쇼핑업,부산광역시,연제구,202511,4278,4273,100.12,4314,99.17
여행/숙박업,부산광역시,연제구,202511,131,130,100.77,131,100.0
운송업,부산광역시,연제구,202511,440,440,100.0,431,102.09
식음료업,부산광역시,연제구,202511,2794,2821,99.04,2919,95.72
의료웰니스업,부산광역시,연제구,202511,1957,1959,99.9,1932,101.29
서비스업,부산광역시,연제구,202511,3010,3019,99.7,2980,101.01
쇼핑업,부산광역시,수영구,202511,5276,5303,99.49,5022,105.06
여행/숙박업,부산광역시,수영구,202511,397,387,102.58,253,156.92
운송업,부산광역시,수영구,202511,313,317,98.74,322,97.2
식음료업,부산광역시,수영구,202511,3317,3338,99.37,3364,98.6
의료웰니스업,부산광역시,수영구,202511,1803,1803,100.0,1800,100.17
서비스업,부산광역시,수영구,202511,2023,2010,100.65,2003,101.0
쇼핑업,부산광역시,사상구,202511,4360,4364,99.91,4431,98.4
여행/숙박업,부산광역시,사상구,202511,138,138,100.0,140,98.57
운송업,부산광역시,사상구,202511,588,592,99.32,585,100.51
식음료업,부산광역시,사상구,202511,2790,2820,98.94,2895,96.37
의료웰니스업,부산광역시,사상구,202511,1411,1401,100.71,1391,101.44
서비스업,부산광역시,사상구,202511,1541,1539,100.13,1530,100.72
쇼핑업,부산광역시,기장군,202511,4153,4150,100.07,4088,101.59
여행/숙박업,부산광역시,기장군,202511,190,191,99.48,174,109.2
운송업,부산광역시,기장군,202511,384,385,99.74,380,101.05
식음료업,부산광역시,기장군,202511,2999,3006,99.77,3096,96.87
의료웰니스업,부산광역시,기장군,202511,1278,1271,100.55,1215,105.19
서비스업,부산광역시,기장군,202511,1715,1712,100.18,1693,101.3
쇼핑업,부산광역시,부산광역시 합계,202512,74972,75359,99.49,73904,101.45
여행/숙박업,부산광역시,부산광역시 합계,202512,3268,3253,100.46,2986,109.44
운송업,부산광역시,부산광역시 합계,202512,5821,5828,99.88,5769,100.9
식음료업,부산광역시,부산광역시 합계,202512,47483,47722,99.5,49000,96.9
의료웰니스업,부산광역시,부산광역시 합계,202512,28835,28886,99.82,28371,101.64
서비스업,부산광역시,부산광역시 합계,202512,31723,31868,99.54,31661,100.2
쇼핑업,부산광역시,중구,202512,2647,2652,99.81,2697,98.15
여행/숙박업,부산광역시,중구,202512,252,252,100.0,238,105.88
운송업,부산광역시,중구,202512,136,139,97.84,142,95.77
식음료업,부산광역시,중구,202512,1940,1953,99.33,1972,98.38
의료웰니스업,부산광역시,중구,202512,779,781,99.74,784,99.36
서비스업,부산광역시,중구,202512,487,499,97.6,503,96.82
쇼핑업,부산광역시,서구,202512,1901,1898,100.16,1898,100.16
여행/숙박업,부산광역시,서구,202512,81,80,101.25,82,98.78
운송업,부산광역시,서구,202512,159,161,98.76,158,100.63
식음료업,부산광역시,서구,202512,1398,1405,99.5,1418,98.59
의료웰니스업,부산광역시,서구,202512,767,770,99.61,758,101.19
서비스업,부산광역시,서구,202512,696,698,99.71,688,101.16
쇼핑업,부산광역시,동구,202512,3118,3129,99.65,3054,102.1
여행/숙박업,부산광역시,동구,202512,303,300,101.0,292,103.77
운송업,부산광역시,동구,202512,239,239,100.0,233,102.58
식음료업,부산광역시,동구,202512,1535,1543,99.48,1596,96.18
의료웰니스업,부산광역시,동구,202512,807,812,99.38,793,101.77
서비스업,부산광역시,동구,202512,796,800,99.5,791,100.63
쇼핑업,부산광역시,영도구,202512,1663,1661,100.12,1657,100.36
여행/숙박업,부산광역시,영도구,202512,125,127,98.43,120,104.17
운송업,부산광역시,영도구,202512,161,163,98.77,165,97.58
식음료업,부산광역시,영도구,202512,1383,1406,98.36,1433,96.51
의료웰니스업,부산광역시,영도구,202512,716,719,99.58,725,98.76
서비스업,부산광역시,영도구,202512,537,543,98.9,569,94.38
쇼핑업,부산광역시,부산진구,202512,9786,9836,99.49,9653,101.38
여행/숙박업,부산광역시,부산진구,202512,419,416,100.72,386,108.55
운송업,부산광역시,부산진구,202512,534,531,100.56,526,101.52
식음료업,부산광역시,부산진구,202512,6043,6066,99.62,6195,97.55
의료웰니스업,부산광역시,부산진구,202512,4098,4101,99.93,3982,102.91
서비스업,부산광역시,부산진구,202512,3528,3539,99.69,3515,100.37
쇼핑업,부산광역시,동래구,202512,5511,5540,99.48,5411,101.85
여행/숙박업,부산광역시,동래구,202512,193,194,99.48,196,98.47
운송업,부산광역시,동래구,202512,363,364,99.73,367,98.91
식음료업,부산광역시,동래구,202512,3571,3599,99.22,3700,96.51
의료웰니스업,부산광역시,동래구,202512,2676,2695,99.29,2611,102.49
서비스업,부산광역시,동래구,202512,2993,2996,99.9,2967,100.88
쇼핑업,부산광역시,남구,202512,5295,5294,100.02,5195,101.92
여행/숙박업,부산광역시,남구,202512,136,138,98.55,125,108.8
운송업,부산광역시,남구,202512,426,431,98.84,419,101.67
식음료업,부산광역시,남구,202512,2972,2999,99.1,3067,96.9
의료웰니스업,부산광역시,남구,202512,2034,2032,100.1,2005,101.45
서비스업,부산광역시,남구,202512,2205,2216,99.5,2157,102.23
쇼핑업,부산광역시,북구,202512,4459,4500,99.09,4451,100.18
여행/숙박업,부산광역시,북구,202512,115,113,101.77,110,104.55
운송업,부산광역시,북구,202512,297,298,99.66,304,97.7
식음료업,부산광역시,북구,202512,2662,2664,99.92,2774,95.96
의료웰니스업,부산광역시,북구,202512,1921,1924,99.84,1907,100.73
서비스업,부산광역시,북구,202512,1792,1814,98.79,1835,97.66
쇼핑업,부산광역시,해운대구,202512,9295,9355,99.36,9106,102.08
여행/숙박업,부산광역시,해운대구,202512,492,492,100.0,460,106.96
운송업,부산광역시,해운대구,202512,536,536,100.0,539,99.44
식음료업,부산광역시,해운대구,202512,4714,4739,99.47,4903,96.15
의료웰니스업,부산광역시,해운대구,202512,3298,3305,99.79,3239,101.82
서비스업,부산광역시,해운대구,202512,4193,4203,99.76,4207,99.67
쇼핑업,부산광역시,사하구,202512,5065,5114,99.04,5028,100.74
여행/숙박업,부산광역시,사하구,202512,92,94,97.87,89,103.37
운송업,부산광역시,사하구,202512,418,420,99.52,422,99.05
식음료업,부산광역시,사하구,202512,3578,3586,99.78,3717,96.26
의료웰니스업,부산광역시,사하구,202512,2340,2344,99.83,2321,100.82
서비스업,부산광역시,사하구,202512,2112,2126,99.34,2135,98.92
쇼핑업,부산광역시,금정구,202512,4372,4396,99.45,4351,100.48
여행/숙박업,부산광역시,금정구,202512,100,99,101.01,102,98.04
운송업,부산광역시,금정구,202512,398,389,102.31,373,106.7
식음료업,부산광역시,금정구,202512,3240,3262,99.33,3354,96.6
의료웰니스업,부산광역시,금정구,202512,1875,1891,99.15,1890,99.21
서비스업,부산광역시,금정구,202512,2072,2081,99.57,2126,97.46
쇼핑업,부산광역시,강서구,202512,3893,3915,99.44,3707,105.02
여행/숙박업,부산광역시,강서구,202512,90,91,98.9,81,111.11
운송업,부산광역시,강서구,202512,418,417,100.24,399,104.76
식음료업,부산광역시,강서구,202512,2589,2600,99.58,2655,97.51
의료웰니스업,부산광역시,강서구,202512,1050,1045,100.48,993,105.74
서비스업,부산광역시,강서구,202512,2031,2021,100.49,1902,106.78
쇼핑업,부산광역시,연제구,202512,4244,4278,99.21,4263,99.55
여행/숙박업,부산광역시,연제구,202512,133,131,101.53,131,101.53
운송업,부산광역시,연제구,202512,440,440,100.0,431,102.09
식음료업,부산광역시,연제구,202512,2782,2794,99.57,2903,95.83
의료웰니스업,부산광역시,연제구,202512,1969,1957,100.61,1934,101.81
서비스업,부산광역시,연제구,202512,2989,3010,99.3,2985,100.13
쇼핑업,부산광역시,수영구,202512,5255,5276,99.6,5004,105.02
여행/숙박업,부산광역시,수영구,202512,406,397,102.27,261,155.56
운송업,부산광역시,수영구,202512,310,313,99.04,317,97.79
식음료업,부산광역시,수영구,202512,3302,3317,99.55,3352,98.51
의료웰니스업,부산광역시,수영구,202512,1799,1803,99.78,1800,99.94
서비스업,부산광역시,수영구,202512,2013,2023,99.51,1986,101.36
쇼핑업,부산광역시,사상구,202512,4317,4360,99.01,4361,98.99
여행/숙박업,부산광역시,사상구,202512,139,138,100.72,139,100.0
운송업,부산광역시,사상구,202512,587,588,99.83,580,101.21
식음료업,부산광역시,사상구,202512,2789,2790,99.96,2872,97.11
의료웰니스업,부산광역시,사상구,202512,1411,1411,100.0,1386,101.8
서비스업,부산광역시,사상구,202512,1532,1541,99.42,1527,100.33
쇼핑업,부산광역시,기장군,202512,4149,4153,99.9,4066,102.04
여행/숙박업,부산광역시,기장군,202512,191,190,100.53,173,110.4
운송업,부산광역시,기장군,202512,383,384,99.74,379,101.06
식음료업,부산광역시,기장군,202512,2985,2999,99.53,3089,96.63
의료웰니스업,부산광역시,기장군,202512,1279,1278,100.08,1223,104.58
서비스업,부산광역시,기장군,202512,1706,1715,99.48,1711,99.71
쇼핑업,부산광역시,부산광역시 합계,202601,74546,74972,99.43,73610,101.27
여행/숙박업,부산광역시,부산광역시 합계,202601,3290,3268,100.67,3007,109.41
운송업,부산광역시,부산광역시 합계,202601,5819,5821,99.97,5770,100.85
식음료업,부산광역시,부산광역시 합계,202601,47461,47483,99.95,48893,97.07
의료웰니스업,부산광역시,부산광역시 합계,202601,28874,28835,100.14,28429,101.57
서비스업,부산광역시,부산광역시 합계,202601,31789,31723,100.21,31661,100.4
쇼핑업,부산광역시,중구,202601,2638,2647,99.66,2701,97.67
여행/숙박업,부산광역시,중구,202601,249,252,98.81,239,104.18
운송업,부산광역시,중구,202601,135,136,99.26,144,93.75
식음료업,부산광역시,중구,202601,1952,1940,100.62,1964,99.39
의료웰니스업,부산광역시,중구,202601,782,779,100.39,784,99.74
서비스업,부산광역시,중구,202601,487,487,100.0,502,97.01
쇼핑업,부산광역시,서구,202601,1878,1901,98.79,1873,100.27
여행/숙박업,부산광역시,서구,202601,81,81,100.0,82,98.78
운송업,부산광역시,서구,202601,159,159,100.0,159,100.0
식음료업,부산광역시,서구,202601,1398,1398,100.0,1417,98.66
의료웰니스업,부산광역시,서구,202601,770,767,100.39,761,101.18
서비스업,부산광역시,서구,202601,687,696,98.71,685,100.29
쇼핑업,부산광역시,동구,202601,3086,3118,98.97,3048,101.25
여행/숙박업,부산광역시,동구,202601,303,303,100.0,294,103.06
운송업,부산광역시,동구,202601,241,239,100.84,228,105.7
식음료업,부산광역시,동구,202601,1539,1535,100.26,1592,96.67
의료웰니스업,부산광역시,동구,202601,803,807,99.5,796,100.88
서비스업,부산광역시,동구,202601,790,796,99.25,788,100.25
쇼핑업,부산광역시,영도구,202601,1649,1663,99.16,1651,99.88
여행/숙박업,부산광역시,영도구,202601,128,125,102.4,122,104.92
운송업,부산광역시,영도구,202601,163,161,101.24,165,98.79
식음료업,부산광역시,영도구,202601,1380,1383,99.78,1436,96.1
의료웰니스업,부산광역시,영도구,202601,717,716,100.14,724,99.03
서비스업,부산광역시,영도구,202601,539,537,100.37,561,96.08
쇼핑업,부산광역시,부산진구,202601,9725,9786,99.38,9608,101.22
여행/숙박업,부산광역시,부산진구,202601,423,419,100.95,390,108.46
운송업,부산광역시,부산진구,202601,536,534,100.37,530,101.13
식음료업,부산광역시,부산진구,202601,6040,6043,99.95,6167,97.94
의료웰니스업,부산광역시,부산진구,202601,4107,4098,100.22,3989,102.96
서비스업,부산광역시,부산진구,202601,3528,3528,100.0,3512,100.46
쇼핑업,부산광역시,동래구,202601,5480,5511,99.44,5407,101.35
여행/숙박업,부산광역시,동래구,202601,195,193,101.04,198,98.48
운송업,부산광역시,동래구,202601,364,363,100.28,365,99.73
식음료업,부산광역시,동래구,202601,3574,3571,100.08,3692,96.8
의료웰니스업,부산광역시,동래구,202601,2689,2676,100.49,2618,102.71
서비스업,부산광역시,동래구,202601,3007,2993,100.47,2973,101.14
쇼핑업,부산광역시,남구,202601,5300,5295,100.09,5171,102.49
여행/숙박업,부산광역시,남구,202601,136,136,100.0,127,107.09
운송업,부산광역시,남구,202601,423,426,99.3,424,99.76
식음료업,부산광역시,남구,202601,2981,2972,100.3,3061,97.39
의료웰니스업,부산광역시,남구,202601,2036,2034,100.1,2011,101.24
서비스업,부산광역시,남구,202601,2205,2205,100.0,2155,102.32
쇼핑업,부산광역시,북구,202601,4416,4459,99.04,4429,99.71
여행/숙박업,부산광역시,북구,202601,115,115,100.0,110,104.55
운송업,부산광역시,북구,202601,292,297,98.32,302,96.69
식음료업,부산광역시,북구,202601,2647,2662,99.44,2765,95.73
의료웰니스업,부산광역시,북구,202601,1929,1921,100.42,1908,101.1
서비스업,부산광역시,북구,202601,1795,1792,100.17,1840,97.55
쇼핑업,부산광역시,해운대구,202601,9252,9295,99.54,9091,101.77
여행/숙박업,부산광역시,해운대구,202601,497,492,101.02,466,106.65
운송업,부산광역시,해운대구,202601,533,536,99.44,536,99.44
식음료업,부산광역시,해운대구,202601,4697,4714,99.64,4887,96.11
의료웰니스업,부산광역시,해운대구,202601,3303,3298,100.15,3242,101.88
서비스업,부산광역시,해운대구,202601,4195,4193,100.05,4196,99.98
쇼핑업,부산광역시,사하구,202601,5022,5065,99.15,5009,100.26
여행/숙박업,부산광역시,사하구,202601,94,92,102.17,90,104.44
운송업,부산광역시,사하구,202601,419,418,100.24,421,99.52
식음료업,부산광역시,사하구,202601,3569,3578,99.75,3722,95.89
의료웰니스업,부산광역시,사하구,202601,2333,2340,99.7,2328,100.21
서비스업,부산광역시,사하구,202601,2121,2112,100.43,2140,99.11
쇼핑업,부산광역시,금정구,202601,4368,4372,99.91,4314,101.25
여행/숙박업,부산광역시,금정구,202601,100,100,100.0,101,99.01
운송업,부산광역시,금정구,202601,399,398,100.25,375,106.4
식음료업,부산광역시,금정구,202601,3223,3240,99.48,3346,96.32
의료웰니스업,부산광역시,금정구,202601,1873,1875,99.89,1893,98.94
서비스업,부산광역시,금정구,202601,2082,2072,100.48,2122,98.11
쇼핑업,부산광역시,강서구,202601,3860,3893,99.15,3685,104.75
여행/숙박업,부산광역시,강서구,202601,88,90,97.78,82,107.32
운송업,부산광역시,강서구,202601,423,418,101.2,399,106.02
식음료업,부산광역시,강서구,202601,2588,2589,99.96,2653,97.55
의료웰니스업,부산광역시,강서구,202601,1052,1050,100.19,998,105.41
서비스업,부산광역시,강서구,202601,2048,2031,100.84,1915,106.95
쇼핑업,부산광역시,연제구,202601,4227,4244,99.6,4231,99.91
여행/숙박업,부산광역시,연제구,202601,134,133,100.75,128,104.69
운송업,부산광역시,연제구,202601,441,440,100.23,427,103.28
식음료업,부산광역시,연제구,202601,2770,2782,99.57,2894,95.72
의료웰니스업,부산광역시,연제구,202601,1974,1969,100.25,1941,101.7
서비스업,부산광역시,연제구,202601,2999,2989,100.33,2994,100.17
쇼핑업,부산광역시,수영구,202601,5214,5255,99.22,5015,103.97
여행/숙박업,부산광역시,수영구,202601,415,406,102.22,266,156.02
운송업,부산광역시,수영구,202601,310,310,100.0,321,96.57
식음료업,부산광역시,수영구,202601,3307,3302,100.15,3347,98.8
의료웰니스업,부산광역시,수영구,202601,1799,1799,100.0,1798,100.06
서비스업,부산광역시,수영구,202601,2020,2013,100.35,1985,101.76
쇼핑업,부산광역시,사상구,202601,4284,4317,99.24,4330,98.94
여행/숙박업,부산광역시,사상구,202601,140,139,100.72,138,101.45
운송업,부산광역시,사상구,202601,584,587,99.49,582,100.34
식음료업,부산광역시,사상구,202601,2799,2789,100.36,2872,97.46
의료웰니스업,부산광역시,사상구,202601,1408,1411,99.79,1388,101.44
서비스업,부산광역시,사상구,202601,1533,1532,100.07,1527,100.39
쇼핑업,부산광역시,기장군,202601,4147,4149,99.95,4045,102.52
여행/숙박업,부산광역시,기장군,202601,191,191,100.0,173,110.4
운송업,부산광역시,기장군,202601,381,383,99.48,378,100.79
식음료업,부산광역시,기장군,202601,2997,2985,100.4,3078,97.37
의료웰니스업,부산광역시,기장군,202601,1283,1279,100.31,1230,104.31
서비스업,부산광역시,기장군,202601,1714,1706,100.47,1710,100.23
쇼핑업,부산광역시,부산광역시 합계,202602,74364,74546,99.76,73497,101.18
여행/숙박업,부산광역시,부산광역시 합계,202602,3329,3290,101.19,3039,109.54
운송업,부산광역시,부산광역시 합계,202602,5826,5819,100.12,5797,100.5
식음료업,부산광역시,부산광역시 합계,202602,47393,47461,99.86,48820,97.08
의료웰니스업,부산광역시,부산광역시 합계,202602,28890,28874,100.06,28500,101.37
서비스업,부산광역시,부산광역시 합계,202602,31846,31789,100.18,31704,100.45
쇼핑업,부산광역시,중구,202602,2625,2638,99.51,2690,97.58
여행/숙박업,부산광역시,중구,202602,253,249,101.61,238,106.3
운송업,부산광역시,중구,202602,137,135,101.48,143,95.8
식음료업,부산광역시,중구,202602,1955,1952,100.15,1975,98.99
의료웰니스업,부산광역시,중구,202602,778,782,99.49,783,99.36
서비스업,부산광역시,중구,202602,489,487,100.41,503,97.22
쇼핑업,부산광역시,서구,202602,1871,1878,99.63,1875,99.79
여행/숙박업,부산광역시,서구,202602,83,81,102.47,80,103.75
운송업,부산광역시,서구,202602,158,159,99.37,158,100.0
식음료업,부산광역시,서구,202602,1399,1398,100.07,1410,99.22
의료웰니스업,부산광역시,서구,202602,773,770,100.39,760,101.71
서비스업,부산광역시,서구,202602,693,687,100.87,681,101.76
쇼핑업,부산광역시,동구,202602,3065,3086,99.32,3045,100.66
여행/숙박업,부산광역시,동구,202602,308,303,101.65,296,104.05
운송업,부산광역시,동구,202602,238,241,98.76,229,103.93
식음료업,부산광역시,동구,202602,1535,1539,99.74,1588,96.66
의료웰니스업,부산광역시,동구,202602,800,803,99.63,798,100.25
서비스업,부산광역시,동구,202602,792,790,100.25,794,99.75
쇼핑업,부산광역시,영도구,202602,1627,1649,98.67,1633,99.63
여행/숙박업,부산광역시,영도구,202602,134,128,104.69,121,110.74
운송업,부산광역시,영도구,202602,163,163,100.0,164,99.39
식음료업,부산광역시,영도구,202602,1384,1380,100.29,1432,96.65
의료웰니스업,부산광역시,영도구,202602,716,717,99.86,728,98.35
서비스업,부산광역시,영도구,202602,539,539,100.0,559,96.42
쇼핑업,부산광역시,부산진구,202602,9756,9725,100.32,9625,101.36
여행/숙박업,부산광역시,부산진구,202602,430,423,101.65,394,109.14
운송업,부산광역시,부산진구,202602,534,536,99.63,534,100.0
식음료업,부산광역시,부산진구,202602,6006,6040,99.44,6171,97.33
의료웰니스업,부산광역시,부산진구,202602,4118,4107,100.27,3993,103.13
서비스업,부산광역시,부산진구,202602,3520,3528,99.77,3539,99.46
쇼핑업,부산광역시,동래구,202602,5483,5480,100.05,5395,101.63
여행/숙박업,부산광역시,동래구,202602,197,195,101.03,198,99.49
운송업,부산광역시,동래구,202602,366,364,100.55,368,99.46
식음료업,부산광역시,동래구,202602,3571,3574,99.92,3712,96.2
의료웰니스업,부산광역시,동래구,202602,2693,2689,100.15,2621,102.75
서비스업,부산광역시,동래구,202602,3010,3007,100.1,2960,101.69
쇼핑업,부산광역시,남구,202602,5277,5300,99.57,5149,102.49
여행/숙박업,부산광역시,남구,202602,138,136,101.47,128,107.81
운송업,부산광역시,남구,202602,420,423,99.29,426,98.59
식음료업,부산광역시,남구,202602,2985,2981,100.13,3055,97.71
의료웰니스업,부산광역시,남구,202602,2037,2036,100.05,2014,101.14
서비스업,부산광역시,남구,202602,2224,2205,100.86,2164,102.77
쇼핑업,부산광역시,북구,202602,4413,4416,99.93,4406,100.16
여행/숙박업,부산광역시,북구,202602,115,115,100.0,111,103.6
운송업,부산광역시,북구,202602,296,292,101.37,300,98.67
식음료업,부산광역시,북구,202602,2641,2647,99.77,2748,96.11
의료웰니스업,부산광역시,북구,202602,1928,1929,99.95,1912,100.84
서비스업,부산광역시,북구,202602,1790,1795,99.72,1839,97.34
쇼핑업,부산광역시,해운대구,202602,9238,9252,99.85,9075,101.8
여행/숙박업,부산광역시,해운대구,202602,497,497,100.0,473,105.07
운송업,부산광역시,해운대구,202602,528,533,99.06,533,99.06
식음료업,부산광역시,해운대구,202602,4688,4697,99.81,4865,96.36
의료웰니스업,부산광역시,해운대구,202602,3310,3303,100.21,3259,101.56
서비스업,부산광역시,해운대구,202602,4206,4195,100.26,4203,100.07
쇼핑업,부산광역시,사하구,202602,5003,5022,99.62,4999,100.08
여행/숙박업,부산광역시,사하구,202602,94,94,100.0,89,105.62
운송업,부산광역시,사하구,202602,416,419,99.28,421,98.81
식음료업,부산광역시,사하구,202602,3556,3569,99.64,3725,95.46
의료웰니스업,부산광역시,사하구,202602,2334,2333,100.04,2319,100.65
서비스업,부산광역시,사하구,202602,2115,2121,99.72,2153,98.24
쇼핑업,부산광역시,금정구,202602,4351,4368,99.61,4316,100.81
여행/숙박업,부산광역시,금정구,202602,102,100,102.0,100,102.0
운송업,부산광역시,금정구,202602,404,399,101.25,382,105.76
식음료업,부산광역시,금정구,202602,3212,3223,99.66,3327,96.54
의료웰니스업,부산광역시,금정구,202602,1874,1873,100.05,1897,98.79
서비스업,부산광역시,금정구,202602,2080,2082,99.9,2107,98.72
쇼핑업,부산광역시,강서구,202602,3874,3860,100.36,3674,105.44
여행/숙박업,부산광역시,강서구,202602,89,88,101.14,84,105.95
운송업,부산광역시,강서구,202602,431,423,101.89,404,106.68
식음료업,부산광역시,강서구,202602,2594,2588,100.23,2635,98.44
의료웰니스업,부산광역시,강서구,202602,1054,1052,100.19,1013,104.05
서비스업,부산광역시,강서구,202602,2060,2048,100.59,1920,107.29
쇼핑업,부산광역시,연제구,202602,4206,4227,99.5,4200,100.14
여행/숙박업,부산광역시,연제구,202602,136,134,101.49,127,107.09
운송업,부산광역시,연제구,202602,437,441,99.09,433,100.92
식음료업,부산광역시,연제구,202602,2775,2770,100.18,2894,95.89
의료웰니스업,부산광역시,연제구,202602,1975,1974,100.05,1951,101.23
서비스업,부산광역시,연제구,202602,3011,2999,100.4,3002,100.3
쇼핑업,부산광역시,수영구,202602,5188,5214,99.5,5030,103.14
여행/숙박업,부산광역시,수영구,202602,418,415,100.72,286,146.15
운송업,부산광역시,수영구,202602,311,310,100.32,317,98.11
식음료업,부산광역시,수영구,202602,3302,3307,99.85,3352,98.51
의료웰니스업,부산광역시,수영구,202602,1802,1799,100.17,1799,100.17
서비스업,부산광역시,수영구,202602,2023,2020,100.15,1991,101.61
쇼핑업,부산광역시,사상구,202602,4254,4284,99.3,4334,98.15
여행/숙박업,부산광역시,사상구,202602,143,140,102.14,139,102.88
운송업,부산광역시,사상구,202602,588,584,100.68,589,99.83
식음료업,부산광역시,사상구,202602,2801,2799,100.07,2859,97.97
의료웰니스업,부산광역시,사상구,202602,1399,1408,99.36,1391,100.58
서비스업,부산광역시,사상구,202602,1537,1533,100.26,1528,100.59
쇼핑업,부산광역시,기장군,202602,4133,4147,99.66,4049,102.07
여행/숙박업,부산광역시,기장군,202602,191,191,100.0,174,109.77
운송업,부산광역시,기장군,202602,383,381,100.52,382,100.26
식음료업,부산광역시,기장군,202602,2989,2997,99.73,3072,97.3
의료웰니스업,부산광역시,기장군,202602,1283,1283,100.0,1243,103.22
서비스업,부산광역시,기장군,202602,1719,1714,100.29,1706,100.76
쇼핑업,부산광역시,부산광역시 합계,202603,74321,74364,99.94,73295,101.4
여행/숙박업,부산광역시,부산광역시 합계,202603,3364,3329,101.05,3065,109.76
운송업,부산광역시,부산광역시 합계,202603,5839,5826,100.22,5785,100.93
식음료업,부산광역시,부산광역시 합계,202603,47311,47393,99.83,48673,97.2
의료웰니스업,부산광역시,부산광역시 합계,202603,28959,28890,100.24,28540,101.47
서비스업,부산광역시,부산광역시 합계,202603,31866,31846,100.06,31691,100.55
쇼핑업,부산광역시,중구,202603,2616,2625,99.66,2666,98.12
여행/숙박업,부산광역시,중구,202603,256,253,101.19,238,107.56
운송업,부산광역시,중구,202603,136,137,99.27,140,97.14
식음료업,부산광역시,중구,202603,1957,1955,100.1,1976,99.04
의료웰니스업,부산광역시,중구,202603,781,778,100.39,782,99.87
서비스업,부산광역시,중구,202603,489,489,100.0,504,97.02
쇼핑업,부산광역시,서구,202603,1885,1871,100.75,1863,101.18
여행/숙박업,부산광역시,서구,202603,82,83,98.8,81,101.23
운송업,부산광역시,서구,202603,162,158,102.53,157,103.18
식음료업,부산광역시,서구,202603,1400,1396,100.29,1406,99.57
의료웰니스업,부산광역시,서구,202603,775,773,100.26,765,101.31
서비스업,부산광역시,서구,202603,698,693,100.72,680,102.65
쇼핑업,부산광역시,동구,202603,3067,3065,100.07,3040,100.89
여행/숙박업,부산광역시,동구,202603,309,308,100.32,293,105.46
운송업,부산광역시,동구,202603,239,238,100.42,230,103.91
식음료업,부산광역시,동구,202603,1547,1535,100.78,1578,98.04
의료웰니스업,부산광역시,동구,202603,801,800,100.12,798,100.38
서비스업,부산광역시,동구,202603,793,792,100.13,791,100.25
쇼핑업,부산광역시,영도구,202603,1627,1627,100.0,1622,100.31
여행/숙박업,부산광역시,영도구,202603,137,134,102.24,121,113.22
운송업,부산광역시,영도구,202603,161,163,98.77,163,98.77
식음료업,부산광역시,영도구,202603,1371,1384,99.06,1434,95.61
의료웰니스업,부산광역시,영도구,202603,715,716,99.86,730,97.95
서비스업,부산광역시,영도구,202603,547,539,101.48,551,99.27
쇼핑업,부산광역시,부산진구,202603,9775,9756,100.19,9593,101.9
여행/숙박업,부산광역시,부산진구,202603,432,430,100.47,402,107.46
운송업,부산광역시,부산진구,202603,534,534,100.0,532,100.38
식음료업,부산광역시,부산진구,202603,6009,6006,100.05,6157,97.6
의료웰니스업,부산광역시,부산진구,202603,4138,4118,100.49,4008,103.24
서비스업,부산광역시,부산진구,202603,3514,3520,99.83,3542,99.21
쇼핑업,부산광역시,동래구,202603,5508,5483,100.46,5401,101.98
여행/숙박업,부산광역시,동래구,202603,199,197,101.02,198,100.51
운송업,부산광역시,동래구,202603,366,366,100.0,365,100.27
식음료업,부산광역시,동래구,202603,3552,3571,99.47,3699,96.03
의료웰니스업,부산광역시,동래구,202603,2696,2693,100.11,2629,102.55
서비스업,부산광역시,동래구,202603,3005,3010,99.83,2969,101.21
쇼핑업,부산광역시,남구,202603,5292,5277,100.28,5154,102.68
여행/숙박업,부산광역시,남구,202603,143,138,103.62,131,109.16
운송업,부산광역시,남구,202603,421,420,100.24,425,99.06
식음료업,부산광역시,남구,202603,2987,2985,100.07,3034,98.45
의료웰니스업,부산광역시,남구,202603,2042,2037,100.25,2021,101.04
서비스업,부산광역시,남구,202603,2227,2224,100.13,2168,102.72
쇼핑업,부산광역시,북구,202603,4424,4413,100.25,4338,101.98
여행/숙박업,부산광역시,북구,202603,115,115,100.0,112,102.68
운송업,부산광역시,북구,202603,294,296,99.32,298,98.66
식음료업,부산광역시,북구,202603,2642,2641,100.04,2736,96.56
의료웰니스업,부산광역시,북구,202603,1938,1928,100.52,1916,101.15
서비스업,부산광역시,북구,202603,1779,1790,99.39,1832,97.11
쇼핑업,부산광역시,해운대구,202603,9191,9238,99.49,9020,101.9
여행/숙박업,부산광역시,해운대구,202603,500,497,100.6,468,106.84
운송업,부산광역시,해운대구,202603,528,528,100.0,535,98.69
식음료업,부산광역시,해운대구,202603,4683,4688,99.89,4842,96.72
의료웰니스업,부산광역시,해운대구,202603,3312,3310,100.06,3258,101.66
서비스업,부산광역시,해운대구,202603,4206,4206,100.0,4204,100.05
쇼핑업,부산광역시,사하구,202603,5003,5003,100.0,4991,100.24
여행/숙박업,부산광역시,사하구,202603,95,94,101.06,91,104.4
운송업,부산광역시,사하구,202603,422,416,101.44,422,100.0
식음료업,부산광역시,사하구,202603,3536,3556,99.44,3718,95.1
의료웰니스업,부산광역시,사하구,202603,2331,2334,99.87,2321,100.43
서비스업,부산광역시,사하구,202603,2115,2115,100.0,2144,98.65
쇼핑업,부산광역시,금정구,202603,4341,4351,99.77,4307,100.79
여행/숙박업,부산광역시,금정구,202603,104,102,101.96,99,105.05
운송업,부산광역시,금정구,202603,406,404,100.5,382,106.28
식음료업,부산광역시,금정구,202603,3188,3212,99.25,3319,96.05
의료웰니스업,부산광역시,금정구,202603,1879,1874,100.27,1893,99.26
서비스업,부산광역시,금정구,202603,2079,2080,99.95,2102,98.91
쇼핑업,부산광역시,강서구,202603,3888,3874,100.36,3672,105.88
여행/숙박업,부산광역시,강서구,202603,92,89,103.37,85,108.24
운송업,부산광역시,강서구,202603,435,431,100.93,401,108.48
식음료업,부산광역시,강서구,202603,2604,2594,100.39,2641,98.6
의료웰니스업,부산광역시,강서구,202603,1059,1054,100.47,1015,104.33
서비스업,부산광역시,강서구,202603,2080,2060,100.97,1927,107.94
쇼핑업,부산광역시,연제구,202603,4168,4206,99.1,4186,99.57
여행/숙박업,부산광역시,연제구,202603,137,136,100.74,128,107.03
운송업,부산광역시,연제구,202603,437,437,100.0,430,101.63
식음료업,부산광역시,연제구,202603,2776,2775,100.04,2880,96.39
의료웰니스업,부산광역시,연제구,202603,1973,1975,99.9,1948,101.28
서비스업,부산광역시,연제구,202603,3016,3011,100.17,3007,100.3
쇼핑업,부산광역시,수영구,202603,5195,5188,100.13,5067,102.53
여행/숙박업,부산광역시,수영구,202603,426,418,101.91,301,141.53
운송업,부산광역시,수영구,202603,311,311,100.0,317,98.11
식음료업,부산광역시,수영구,202603,3288,3302,99.58,3333,98.65
의료웰니스업,부산광역시,수영구,202603,1816,1802,100.78,1801,100.83
서비스업,부산광역시,수영구,202603,2027,2023,100.2,1990,101.86
쇼핑업,부산광역시,사상구,202603,4241,4254,99.69,4308,98.44
여행/숙박업,부산광역시,사상구,202603,144,143,100.7,138,104.35
운송업,부산광역시,사상구,202603,586,588,99.66,589,99.49
식음료업,부산광역시,사상구,202603,2787,2801,99.5,2852,97.72
의료웰니스업,부산광역시,사상구,202603,1395,1399,99.71,1390,100.36
서비스업,부산광역시,사상구,202603,1543,1537,100.39,1530,100.85
쇼핑업,부산광역시,기장군,202603,4100,4133,99.2,4065,100.86
여행/숙박업,부산광역시,기장군,202603,192,191,100.52,178,107.87
운송업,부산광역시,기장군,202603,385,383,100.52,385,100.0
식음료업,부산광역시,기장군,202603,2982,2989,99.77,3065,97.29
의료웰니스업,부산광역시,기장군,202603,1292,1283,100.7,1246,103.69
서비스업,부산광역시,기장군,202603,1710,1719,99.48,1696,100.83
쇼핑업,부산광역시,부산광역시 합계,202604,74508,74321,100.25,73569,101.28
여행/숙박업,부산광역시,부산광역시 합계,202604,3388,3364,100.71,3090,109.64
운송업,부산광역시,부산광역시 합계,202604,5836,5839,99.95,5803,100.57
식음료업,부산광역시,부산광역시 합계,202604,47252,47311,99.88,48617,97.19
의료웰니스업,부산광역시,부산광역시 합계,202604,28993,28959,100.12,28604,101.36
서비스업,부산광역시,부산광역시 합계,202604,31903,31866,100.12,31727,100.55
쇼핑업,부산광역시,중구,202604,2620,2616,100.15,2668,98.2
여행/숙박업,부산광역시,중구,202604,259,256,101.17,239,108.37
운송업,부산광역시,중구,202604,133,136,97.79,143,93.01
식음료업,부산광역시,중구,202604,1955,1957,99.9,1974,99.04
의료웰니스업,부산광역시,중구,202604,789,781,101.02,779,101.28
서비스업,부산광역시,중구,202604,487,489,99.59,503,96.82
쇼핑업,부산광역시,서구,202604,1886,1885,100.05,1875,100.59
여행/숙박업,부산광역시,서구,202604,83,82,101.22,81,102.47
운송업,부산광역시,서구,202604,162,162,100.0,155,104.52
식음료업,부산광역시,서구,202604,1406,1400,100.43,1406,100.0
의료웰니스업,부산광역시,서구,202604,772,775,99.61,769,100.39
서비스업,부산광역시,서구,202604,705,698,101.0,680,103.68
쇼핑업,부산광역시,동구,202604,3065,3067,99.93,3059,100.2
여행/숙박업,부산광역시,동구,202604,312,309,100.97,294,106.12
운송업,부산광역시,동구,202604,235,239,98.33,231,101.73
식음료업,부산광역시,동구,202604,1545,1547,99.87,1579,97.85
의료웰니스업,부산광역시,동구,202604,802,801,100.12,800,100.25
서비스업,부산광역시,동구,202604,790,793,99.62,787,100.38
쇼핑업,부산광역시,영도구,202604,1640,1627,100.8,1638,100.12
여행/숙박업,부산광역시,영도구,202604,138,137,100.73,122,113.11
운송업,부산광역시,영도구,202604,160,161,99.38,164,97.56
식음료업,부산광역시,영도구,202604,1366,1371,99.64,1431,95.46
의료웰니스업,부산광역시,영도구,202604,716,715,100.14,729,98.22
서비스업,부산광역시,영도구,202604,542,547,99.09,555,97.66
쇼핑업,부산광역시,부산진구,202604,9806,9775,100.32,9625,101.88
여행/숙박업,부산광역시,부산진구,202604,430,432,99.54,408,105.39
운송업,부산광역시,부산진구,202604,537,534,100.56,531,101.13
식음료업,부산광역시,부산진구,202604,6021,6009,100.2,6166,97.65
의료웰니스업,부산광역시,부산진구,202604,4145,4138,100.17,4026,102.96
서비스업,부산광역시,부산진구,202604,3520,3514,100.17,3558,98.93
쇼핑업,부산광역시,동래구,202604,5509,5508,100.02,5441,101.25
여행/숙박업,부산광역시,동래구,202604,203,199,102.01,197,103.05
운송업,부산광역시,동래구,202604,370,366,101.09,370,100.0
식음료업,부산광역시,동래구,202604,3549,3552,99.92,3676,96.55
의료웰니스업,부산광역시,동래구,202604,2696,2696,100.0,2641,102.08
서비스업,부산광역시,동래구,202604,3002,3005,99.9,2974,100.94
쇼핑업,부산광역시,남구,202604,5311,5292,100.36,5179,102.55
여행/숙박업,부산광역시,남구,202604,141,143,98.6,132,106.82
운송업,부산광역시,남구,202604,415,421,98.57,426,97.42
식음료업,부산광역시,남구,202604,2982,2987,99.83,3037,98.19
의료웰니스업,부산광역시,남구,202604,2034,2042,99.61,2024,100.49
서비스업,부산광역시,남구,202604,2240,2227,100.58,2169,103.27
쇼핑업,부산광역시,북구,202604,4414,4424,99.77,4340,101.71
여행/숙박업,부산광역시,북구,202604,115,115,100.0,113,101.77
운송업,부산광역시,북구,202604,296,294,100.68,300,98.67
식음료업,부산광역시,북구,202604,2638,2642,99.85,2743,96.17
의료웰니스업,부산광역시,북구,202604,1936,1938,99.9,1920,100.83
서비스업,부산광역시,북구,202604,1779,1779,100.0,1835,96.95
쇼핑업,부산광역시,해운대구,202604,9203,9191,100.13,9089,101.25
여행/숙박업,부산광역시,해운대구,202604,505,500,101.0,481,104.99
운송업,부산광역시,해운대구,202604,526,528,99.62,533,98.69
식음료업,부산광역시,해운대구,202604,4668,4683,99.68,4833,96.59
의료웰니스업,부산광역시,해운대구,202604,3311,3312,99.97,3272,101.19
서비스업,부산광역시,해운대구,202604,4202,4206,99.9,4201,100.02
쇼핑업,부산광역시,사하구,202604,5030,5003,100.54,4979,101.02
여행/숙박업,부산광역시,사하구,202604,94,95,98.95,91,103.3
운송업,부산광역시,사하구,202604,419,422,99.29,423,99.05
식음료업,부산광역시,사하구,202604,3523,3536,99.63,3705,95.09
의료웰니스업,부산광역시,사하구,202604,2334,2331,100.13,2330,100.17
서비스업,부산광역시,사하구,202604,2113,2115,99.91,2146,98.46
쇼핑업,부산광역시,금정구,202604,4350,4341,100.21,4285,101.52
여행/숙박업,부산광역시,금정구,202604,103,104,99.04,98,105.1
운송업,부산광역시,금정구,202604,406,406,100.0,384,105.73
식음료업,부산광역시,금정구,202604,3176,3188,99.62,3304,96.13
의료웰니스업,부산광역시,금정구,202604,1887,1879,100.43,1889,99.89
서비스업,부산광역시,금정구,202604,2077,2079,99.9,2103,98.76
쇼핑업,부산광역시,강서구,202604,3933,3888,101.16,3701,106.27
여행/숙박업,부산광역시,강서구,202604,93,92,101.09,85,109.41
운송업,부산광역시,강서구,202604,438,435,100.69,406,107.88
식음료업,부산광역시,강서구,202604,2608,2604,100.15,2630,99.16
의료웰니스업,부산광역시,강서구,202604,1065,1059,100.57,1016,104.82
서비스업,부산광역시,강서구,202604,2091,2080,100.53,1929,108.4
쇼핑업,부산광역시,연제구,202604,4191,4168,100.55,4196,99.88
여행/숙박업,부산광역시,연제구,202604,138,137,100.73,128,107.81
운송업,부산광역시,연제구,202604,435,437,99.54,430,101.16
식음료업,부산광역시,연제구,202604,2765,2776,99.6,2884,95.87
의료웰니스업,부산광역시,연제구,202604,1977,1973,100.2,1947,101.54
서비스업,부산광역시,연제구,202604,3028,3016,100.4,3008,100.66
쇼핑업,부산광역시,수영구,202604,5199,5195,100.08,5091,102.12
여행/숙박업,부산광역시,수영구,202604,436,426,102.35,306,142.48
운송업,부산광역시,수영구,202604,315,311,101.29,317,99.37
식음료업,부산광역시,수영구,202604,3287,3288,99.97,3346,98.24
의료웰니스업,부산광역시,수영구,202604,1821,1816,100.28,1800,101.17
서비스업,부산광역시,수영구,202604,2034,2027,100.35,1989,102.26
쇼핑업,부산광역시,사상구,202604,4248,4241,100.17,4318,98.38
여행/숙박업,부산광역시,사상구,202604,144,144,100.0,136,105.88
운송업,부산광역시,사상구,202604,587,586,100.17,590,99.49
식음료업,부산광역시,사상구,202604,2780,2787,99.75,2846,97.68
의료웰니스업,부산광역시,사상구,202604,1398,1395,100.22,1397,100.07
서비스업,부산광역시,사상구,202604,1544,1543,100.06,1533,100.72
쇼핑업,부산광역시,기장군,202604,4103,4100,100.07,4083,100.49
여행/숙박업,부산광역시,기장군,202604,192,192,100.0,178,107.87
운송업,부산광역시,기장군,202604,386,385,100.26,386,100.0
식음료업,부산광역시,기장군,202604,2983,2982,100.03,3057,97.58
의료웰니스업,부산광역시,기장군,202604,1294,1292,100.15,1246,103.85
서비스업,부산광역시,기장군,202604,1711,1710,100.06,1706,100.29
쇼핑업,부산광역시,부산광역시 합계,202605,74493,74508,99.98,73761,100.99
여행/숙박업,부산광역시,부산광역시 합계,202605,3416,3388,100.83,3108,109.91
운송업,부산광역시,부산광역시 합계,202605,5831,5836,99.91,5800,100.53
식음료업,부산광역시,부산광역시 합계,202605,47133,47252,99.75,48575,97.03
의료웰니스업,부산광역시,부산광역시 합계,202605,29011,28993,100.06,28644,101.28
서비스업,부산광역시,부산광역시 합계,202605,31888,31903,99.95,31723,100.52
쇼핑업,부산광역시,중구,202605,2604,2620,99.39,2649,98.3
여행/숙박업,부산광역시,중구,202605,265,259,102.32,238,111.34
운송업,부산광역시,중구,202605,134,133,100.75,139,96.4
식음료업,부산광역시,중구,202605,1948,1955,99.64,1969,98.93
의료웰니스업,부산광역시,중구,202605,788,789,99.87,782,100.77
서비스업,부산광역시,중구,202605,485,487,99.59,501,96.81
쇼핑업,부산광역시,서구,202605,1886,1886,100.0,1875,100.59
여행/숙박업,부산광역시,서구,202605,84,83,101.2,80,105.0
운송업,부산광역시,서구,202605,163,162,100.62,154,105.84
식음료업,부산광역시,서구,202605,1401,1406,99.64,1409,99.43
의료웰니스업,부산광역시,서구,202605,774,772,100.26,770,100.52
서비스업,부산광역시,서구,202605,710,705,100.71,684,103.8
쇼핑업,부산광역시,동구,202605,3062,3065,99.9,3067,99.84
여행/숙박업,부산광역시,동구,202605,315,312,100.96,294,107.14
운송업,부산광역시,동구,202605,239,235,101.7,233,102.58
식음료업,부산광역시,동구,202605,1543,1545,99.87,1575,97.97
의료웰니스업,부산광역시,동구,202605,801,802,99.88,800,100.12
서비스업,부산광역시,동구,202605,793,790,100.38,784,101.15
쇼핑업,부산광역시,영도구,202605,1643,1640,100.18,1647,99.76
여행/숙박업,부산광역시,영도구,202605,140,138,101.45,123,113.82
운송업,부산광역시,영도구,202605,159,160,99.38,163,97.55
식음료업,부산광역시,영도구,202605,1357,1366,99.34,1437,94.43
의료웰니스업,부산광역시,영도구,202605,711,716,99.3,729,97.53
서비스업,부산광역시,영도구,202605,543,542,100.18,553,98.19
쇼핑업,부산광역시,부산진구,202605,9812,9806,100.06,9627,101.92
여행/숙박업,부산광역시,부산진구,202605,434,430,100.93,412,105.34
운송업,부산광역시,부산진구,202605,539,537,100.37,532,101.32
식음료업,부산광역시,부산진구,202605,6007,6021,99.77,6151,97.66
의료웰니스업,부산광역시,부산진구,202605,4155,4145,100.24,4036,102.95
서비스업,부산광역시,부산진구,202605,3526,3520,100.17,3557,99.13
쇼핑업,부산광역시,동래구,202605,5489,5509,99.64,5466,100.42
여행/숙박업,부산광역시,동래구,202605,203,203,100.0,196,103.57
운송업,부산광역시,동래구,202605,370,370,100.0,371,99.73
식음료업,부산광역시,동래구,202605,3540,3549,99.75,3676,96.3
의료웰니스업,부산광역시,동래구,202605,2709,2696,100.48,2652,102.15
서비스업,부산광역시,동래구,202605,3002,3002,100.0,2973,100.98
쇼핑업,부산광역시,남구,202605,5322,5311,100.21,5201,102.33
여행/숙박업,부산광역시,남구,202605,145,141,102.84,130,111.54
운송업,부산광역시,남구,202605,414,415,99.76,427,96.96
식음료업,부산광역시,남구,202605,2972,2982,99.66,3034,97.96
의료웰니스업,부산광역시,남구,202605,2041,2034,100.34,2032,100.44
서비스업,부산광역시,남구,202605,2235,2240,99.78,2173,102.85
쇼핑업,부산광역시,북구,202605,4424,4414,100.23,4370,101.24
여행/숙박업,부산광역시,북구,202605,116,115,100.87,113,102.65
운송업,부산광역시,북구,202605,294,296,99.32,300,98.0
식음료업,부산광역시,북구,202605,2632,2638,99.77,2737,96.16
의료웰니스업,부산광역시,북구,202605,1937,1936,100.05,1915,101.15
서비스업,부산광역시,북구,202605,1774,1779,99.72,1848,96.0
쇼핑업,부산광역시,해운대구,202605,9226,9203,100.25,9133,101.02
여행/숙박업,부산광역시,해운대구,202605,503,505,99.6,482,104.36
운송업,부산광역시,해운대구,202605,526,526,100.0,531,99.06
식음료업,부산광역시,해운대구,202605,4675,4668,100.15,4831,96.77
의료웰니스업,부산광역시,해운대구,202605,3317,3311,100.18,3275,101.28
서비스업,부산광역시,해운대구,202605,4208,4202,100.14,4194,100.33
쇼핑업,부산광역시,사하구,202605,5014,5030,99.68,4984,100.6
여행/숙박업,부산광역시,사하구,202605,94,94,100.0,91,103.3
운송업,부산광역시,사하구,202605,421,419,100.48,417,100.96
식음료업,부산광역시,사하구,202605,3500,3523,99.35,3700,94.59
의료웰니스업,부산광역시,사하구,202605,2323,2334,99.53,2338,99.36
서비스업,부산광역시,사하구,202605,2103,2113,99.53,2140,98.27
쇼핑업,부산광역시,금정구,202605,4341,4350,99.79,4309,100.74
여행/숙박업,부산광역시,금정구,202605,103,103,100.0,97,106.19
운송업,부산광역시,금정구,202605,402,406,99.01,382,105.24
식음료업,부산광역시,금정구,202605,3152,3176,99.24,3304,95.4
의료웰니스업,부산광역시,금정구,202605,1883,1887,99.79,1886,99.84
서비스업,부산광역시,금정구,202605,2071,2074,99.86,2091,99.04
쇼핑업,부산광역시,강서구,202605,3962,3933,100.74,3714,106.68
여행/숙박업,부산광역시,강서구,202605,95,93,102.15,84,113.1
운송업,부산광역시,강서구,202605,437,438,99.77,407,107.37
식음료업,부산광역시,강서구,202605,2602,2608,99.77,2632,98.86
의료웰니스업,부산광역시,강서구,202605,1065,1065,100.0,1015,104.93
서비스업,부산광역시,강서구,202605,2088,2091,99.86,1945,107.35
쇼핑업,부산광역시,연제구,202605,4198,4191,100.17,4200,99.95
여행/숙박업,부산광역시,연제구,202605,139,138,100.72,128,108.59
운송업,부산광역시,연제구,202605,431,435,99.08,434,99.31
식음료업,부산광역시,연제구,202605,2768,2765,100.11,2872,96.38
의료웰니스업,부산광역시,연제구,202605,1982,1977,100.25,1944,101.95
서비스업,부산광역시,연제구,202605,3024,3028,99.87,3001,100.77
쇼핑업,부산광역시,수영구,202605,5170,5199,99.44,5121,100.96
여행/숙박업,부산광역시,수영구,202605,443,436,101.61,324,136.73
운송업,부산광역시,수영구,202605,315,315,100.0,315,100.0
식음료업,부산광역시,수영구,202605,3301,3287,100.43,3361,98.21
의료웰니스업,부산광역시,수영구,202605,1821,1821,100.0,1798,101.28
서비스업,부산광역시,수영구,202605,2033,2034,99.95,1992,102.06
쇼핑업,부산광역시,사상구,202605,4247,4248,99.98,4316,98.4
여행/숙박업,부산광역시,사상구,202605,142,144,98.61,135,105.19
운송업,부산광역시,사상구,202605,587,587,100.0,590,99.49
식음료업,부산광역시,사상구,202605,2777,2780,99.89,2839,97.82
의료웰니스업,부산광역시,사상구,202605,1390,1398,99.43,1401,99.21
서비스업,부산광역시,사상구,202605,1541,1544,99.81,1536,100.33
쇼핑업,부산광역시,기장군,202605,4093,4103,99.76,4080,100.32
여행/숙박업,부산광역시,기장군,202605,195,192,101.56,180,108.33
운송업,부산광역시,기장군,202605,384,386,99.48,390,98.46
식음료업,부산광역시,기장군,202605,2958,2983,99.16,3048,97.05
의료웰니스업,부산광역시,기장군,202605,1297,1294,100.23,1252,103.59
서비스업,부산광역시,기장군,202605,1711,1711,100.0,1698,100.77
쇼핑업,부산광역시,부산광역시 합계,202606,74656,74493,100.22,73974,100.92
여행/숙박업,부산광역시,부산광역시 합계,202606,3447,3416,100.91,3138,109.85
운송업,부산광역시,부산광역시 합계,202606,5859,5831,100.48,5812,100.81
식음료업,부산광역시,부산광역시 합계,202606,46961,47133,99.64,48396,97.03
의료웰니스업,부산광역시,부산광역시 합계,202606,29029,29011,100.06,28668,101.26
서비스업,부산광역시,부산광역시 합계,202606,31889,31888,100.0,31700,100.6
쇼핑업,부산광역시,중구,202606,2607,2604,100.12,2648,98.45
여행/숙박업,부산광역시,중구,202606,267,265,100.75,239,111.72
운송업,부산광역시,중구,202606,138,134,102.99,137,100.73
식음료업,부산광역시,중구,202606,1946,1948,99.9,1975,98.53
의료웰니스업,부산광역시,중구,202606,792,788,100.51,782,101.28
서비스업,부산광역시,중구,202606,487,485,100.41,495,98.38
쇼핑업,부산광역시,서구,202606,1881,1886,99.73,1883,99.89
여행/숙박업,부산광역시,서구,202606,85,84,101.19,80,106.25
운송업,부산광역시,서구,202606,163,163,100.0,157,103.82
식음료업,부산광역시,서구,202606,1393,1401,99.43,1412,98.65
의료웰니스업,부산광역시,서구,202606,775,774,100.13,770,100.65
서비스업,부산광역시,서구,202606,708,710,99.72,685,103.36
쇼핑업,부산광역시,동구,202606,3065,3062,100.1,3076,99.64
여행/숙박업,부산광역시,동구,202606,318,315,100.95,293,108.53
운송업,부산광역시,동구,202606,246,239,102.93,232,106.03
식음료업,부산광역시,동구,202606,1547,1543,100.26,1563,98.98
의료웰니스업,부산광역시,동구,202606,802,801,100.12,804,99.75
서비스업,부산광역시,동구,202606,794,793,100.13,784,101.28
쇼핑업,부산광역시,영도구,202606,1644,1643,100.06,1647,99.82
여행/숙박업,부산광역시,영도구,202606,142,140,101.43,122,116.39
운송업,부산광역시,영도구,202606,157,159,98.74,166,94.58
식음료업,부산광역시,영도구,202606,1347,1357,99.26,1429,94.26
의료웰니스업,부산광역시,영도구,202606,710,711,99.86,723,98.2
서비스업,부산광역시,영도구,202606,541,543,99.63,551,98.19
쇼핑업,부산광역시,부산진구,202606,9839,9812,100.28,9613,102.35
여행/숙박업,부산광역시,부산진구,202606,438,434,100.92,414,105.8
운송업,부산광역시,부산진구,202606,544,539,100.93,534,101.87
식음료업,부산광역시,부산진구,202606,5981,6007,99.57,6138,97.44
의료웰니스업,부산광역시,부산진구,202606,4147,4155,99.81,4041,102.62
서비스업,부산광역시,부산진구,202606,3528,3526,100.06,3535,99.8
쇼핑업,부산광역시,동래구,202606,5521,5489,100.58,5490,100.56
여행/숙박업,부산광역시,동래구,202606,205,203,100.99,198,103.54
운송업,부산광역시,동래구,202606,369,370,99.73,370,99.73
식음료업,부산광역시,동래구,202606,3521,3540,99.46,3656,96.31
의료웰니스업,부산광역시,동래구,202606,2707,2709,99.93,2671,101.35
서비스업,부산광역시,동래구,202606,3008,3002,100.2,2976,101.08
쇼핑업,부산광역시,남구,202606,5344,5322,100.41,5220,102.38
여행/숙박업,부산광역시,남구,202606,145,145,100.0,129,112.4
운송업,부산광역시,남구,202606,414,414,100.0,423,97.87
식음료업,부산광역시,남구,202606,2959,2972,99.56,3037,97.43
의료웰니스업,부산광역시,남구,202606,2048,2041,100.34,2024,101.19
서비스업,부산광역시,남구,202606,2237,2235,100.09,2178,102.71
쇼핑업,부산광역시,북구,202606,4455,4424,100.7,4385,101.6
여행/숙박업,부산광역시,북구,202606,112,113,99.12,113,99.12
운송업,부산광역시,북구,202606,296,294,100.68,303,97.69
식음료업,부산광역시,북구,202606,2635,2632,100.11,2711,97.2
의료웰니스업,부산광역시,북구,202606,1945,1937,100.41,1916,101.51
서비스업,부산광역시,북구,202606,1765,1774,99.49,1834,96.24
쇼핑업,부산광역시,해운대구,202606,9278,9226,100.56,9160,101.29
여행/숙박업,부산광역시,해운대구,202606,504,503,100.2,486,103.7
운송업,부산광역시,해운대구,202606,524,526,99.62,527,99.43
식음료업,부산광역시,해운대구,202606,4660,4675,99.68,4815,96.78
의료웰니스업,부산광역시,해운대구,202606,3310,3317,99.79,3276,101.04
서비스업,부산광역시,해운대구,202606,4197,4208,99.74,4193,100.1
쇼핑업,부산광역시,사하구,202606,5038,5014,100.48,5014,100.48
여행/숙박업,부산광역시,사하구,202606,94,94,100.0,93,101.08
운송업,부산광역시,사하구,202606,424,421,100.71,420,100.95
식음료업,부산광역시,사하구,202606,3483,3500,99.51,3681,94.62
의료웰니스업,부산광역시,사하구,202606,2329,2323,100.26,2341,99.49
서비스업,부산광역시,사하구,202606,2100,2103,99.86,2145,97.9
쇼핑업,부산광역시,금정구,202606,4331,4341,99.77,4319,100.28
여행/숙박업,부산광역시,금정구,202606,102,103,99.03,97,105.15
운송업,부산광역시,금정구,202606,402,402,100.0,385,104.42
식음료업,부산광역시,금정구,202606,3142,3152,99.68,3289,95.53
의료웰니스업,부산광역시,금정구,202606,1881,1883,99.89,1880,100.05
서비스업,부산광역시,금정구,202606,2065,2071,99.71,2082,99.18
쇼핑업,부산광역시,강서구,202606,3949,3959,99.75,3722,106.1
여행/숙박업,부산광역시,강서구,202606,97,95,102.11,85,114.12
운송업,부산광역시,강서구,202606,438,437,100.23,410,106.83
식음료업,부산광역시,강서구,202606,2604,2602,100.08,2618,99.47
의료웰니스업,부산광역시,강서구,202606,1064,1065,99.91,1017,104.62
서비스업,부산광역시,강서구,202606,2094,2088,100.29,1955,107.11
쇼핑업,부산광역시,연제구,202606,4177,4198,99.5,4206,99.31
여행/숙박업,부산광역시,연제구,202606,139,139,100.0,130,106.92
운송업,부산광역시,연제구,202606,435,431,100.93,435,100.0
식음료업,부산광역시,연제구,202606,2756,2768,99.57,2842,96.97
의료웰니스업,부산광역시,연제구,202606,1982,1982,100.0,1945,101.9
서비스업,부산광역시,연제구,202606,3032,3024,100.26,3006,100.86
쇼핑업,부산광역시,수영구,202606,5147,5170,99.56,5193,99.11
여행/숙박업,부산광역시,수영구,202606,460,443,103.84,336,136.9
운송업,부산광역시,수영구,202606,316,315,100.32,315,100.32
식음료업,부산광역시,수영구,202606,3287,3301,99.58,3361,97.8
의료웰니스업,부산광역시,수영구,202606,1833,1821,100.66,1802,101.72
서비스업,부산광역시,수영구,202606,2031,2033,99.9,1998,101.65
쇼핑업,부산광역시,사상구,202606,4256,4247,100.21,4316,98.61
여행/숙박업,부산광역시,사상구,202606,143,142,100.7,138,103.62
운송업,부산광역시,사상구,202606,591,587,100.68,592,99.83
식음료업,부산광역시,사상구,202606,2751,2777,99.06,2832,97.14
의료웰니스업,부산광역시,사상구,202606,1394,1390,100.29,1397,99.79
서비스업,부산광역시,사상구,202606,1541,1541,100.0,1535,100.39
쇼핑업,부산광역시,기장군,202606,4122,4093,100.71,4080,101.03
여행/숙박업,부산광역시,기장군,202606,194,195,99.49,184,105.43
운송업,부산광역시,기장군,202606,386,384,100.52,391,98.72
식음료업,부산광역시,기장군,202606,2949,2958,99.7,3037,97.1
의료웰니스업,부산광역시,기장군,202606,1293,1297,99.69,1260,102.62
서비스업,부산광역시,기장군,202606,1719,1711,100.47,1697,101.3
