연월,지역,원업종,6대업종,6대업종매핑신뢰도,폐업수,분석단위,지역합계검증,모델사용권장,원천발행연월,원천값유형,중복검증원천수
202410,부산광역시 합계,IT관련 및 연구개발업,,,22,부산업종,해당없음,부산업종추세,202510,전년동월,1
202410,부산광역시 합계,가구 및 기타제조업,,,0,부산업종,해당없음,부산업종추세,202510,전년동월,1
202410,부산광역시 합계,가사서비스업,,,0,부산업종,해당없음,부산업종추세,202510,전년동월,1
202410,부산광역시 합계,"가죽, 가방 및 신발류 제조업",,,5,부산업종,해당없음,부산업종추세,202510,전년동월,1
202410,부산광역시 합계,건설업,,,145,부산업종,해당없음,부산업종추세,202510,전년동월,1
202410,부산광역시 합계,고무 및 프라스틱 제품 제조업,,,0,부산업종,해당없음,부산업종추세,202510,전년동월,1
202410,부산광역시 합계,광고업 및 기타 산업관련 서비스업,,,131,부산업종,해당없음,부산업종추세,202510,전년동월,1
202410,부산광역시 합계,교육서비스업,,,92,부산업종,해당없음,부산업종추세,202510,전년동월,1
202410,부산광역시 합계,금융 및 금융관련 서비스업,,,8,부산업종,해당없음,부산업종추세,202510,전년동월,1
202410,부산광역시 합계,기계장비 등 장비 임대업,,,0,부산업종,해당없음,부산업종추세,202510,전년동월,1
202410,부산광역시 합계,기타 서비스업,,,127,부산업종,해당없음,부산업종추세,202510,전년동월,1
202410,부산광역시 합계,기타 운송장비 제조업,,,8,부산업종,해당없음,부산업종추세,202510,전년동월,1
202410,부산광역시 합계,기타 전지기계 및 전기변환장치 제조업,,,0,부산업종,해당없음,부산업종추세,202510,전년동월,1
202410,부산광역시 합계,기타기계 및 장비 제조업,,,16,부산업종,해당없음,부산업종추세,202510,전년동월,1
202410,부산광역시 합계,기타도급제조업,,,0,부산업종,해당없음,부산업종추세,202510,전년동월,1
202410,부산광역시 합계,농업,,,0,부산업종,해당없음,부산업종추세,202510,전년동월,1
202410,부산광역시 합계,도매 및 상품중개업,,,277,부산업종,해당없음,부산업종추세,202510,전년동월,1
202410,부산광역시 합계,목재 및 나무제품 제조업(가구제외),,,0,부산업종,해당없음,부산업종추세,202510,전년동월,1
202410,부산광역시 합계,"법무, 회계, 건축 및 상담업",,,34,부산업종,해당없음,부산업종추세,202510,전년동월,1
202410,부산광역시 합계,보건업,의료웰니스업,중간,11,부산업종,해당없음,부산업종추세,202510,전년동월,1
202410,부산광역시 합계,보험 및 보험관련 서비스업,,,0,부산업종,해당없음,부산업종추세,202510,전년동월,1
202410,부산광역시 합계,부동산업,서비스업,부분,398,부산업종,해당없음,부산업종추세,202510,전년동월,1
202410,부산광역시 합계,비금속광물 제품 제조업,,,0,부산업종,해당없음,부산업종추세,202510,전년동월,1
202410,부산광역시 합계,섬유제품 제조업,,,0,부산업종,해당없음,부산업종추세,202510,전년동월,1
202410,부산광역시 합계,소매업,쇼핑업,중간,972,부산업종,해당없음,부산업종추세,202510,전년동월,1
202410,부산광역시 합계,숙박업,여행/숙박업,중간,30,부산업종,해당없음,부산업종추세,202510,전년동월,1
202410,부산광역시 합계,어업,,,0,부산업종,해당없음,부산업종추세,202510,전년동월,1
202410,부산광역시 합계,여행알선 및 운수관련 서비스업,,,36,부산업종,해당없음,부산업종추세,202510,전년동월,1
202410,부산광역시 합계,"영상, 음향 및 통신장비 제조업",,,0,부산업종,해당없음,부산업종추세,202510,전년동월,1
202410,부산광역시 합계,"오락, 문화, 운동관련 산업 및 수리업",,,103,부산업종,해당없음,부산업종추세,202510,전년동월,1
202410,부산광역시 합계,운송업,운송업,중간,213,부산업종,해당없음,부산업종추세,202510,전년동월,1
202410,부산광역시 합계,위생관련 서비스업,,,0,부산업종,해당없음,부산업종추세,202510,전년동월,1
202410,부산광역시 합계,음식료품 및 담배제조업,,,23,부산업종,해당없음,부산업종추세,202510,전년동월,1
202410,부산광역시 합계,음식점업,식음료업,높음,650,부산업종,해당없음,부산업종추세,202510,전년동월,1
202410,부산광역시 합계,"의료, 정밀, 광학기기 및 시계제조업",,,0,부산업종,해당없음,부산업종추세,202510,전년동월,1
202410,부산광역시 합계,의복 및 모피 제품 제조업,,,0,부산업종,해당없음,부산업종추세,202510,전년동월,1
202410,부산광역시 합계,인적용역,,,77,부산업종,해당없음,부산업종추세,202510,전년동월,1
202410,부산광역시 합계,임업,,,0,부산업종,해당없음,부산업종추세,202510,전년동월,1
202410,부산광역시 합계,자동차 및 트레일러 제조업,,,0,부산업종,해당없음,부산업종추세,202510,전년동월,1
202410,부산광역시 합계,자동차관련 소매,운송업,부분,8,부산업종,해당없음,부산업종추세,202510,전년동월,1
202410,부산광역시 합계,"전기, 가스 및 수도사업",,,0,부산업종,해당없음,부산업종추세,202510,전년동월,1
202410,부산광역시 합계,제1차 금속산업 제조업,,,0,부산업종,해당없음,부산업종추세,202510,전년동월,1
202410,부산광역시 합계,조립금속제품 제조업(기계 및 장비 제외),,,16,부산업종,해당없음,부산업종추세,202510,전년동월,1
202410,부산광역시 합계,"출판, 인쇄 및 기록매체 제조업",,,5,부산업종,해당없음,부산업종추세,202510,전년동월,1
202410,부산광역시 합계,통신업,,,0,부산업종,해당없음,부산업종추세,202510,전년동월,1
202410,부산광역시 합계,"펄프, 종이 및 종이제품 제조업",,,0,부산업종,해당없음,부산업종추세,202510,전년동월,1
202410,부산광역시 합계,화합물 및 화학 제품 제조업,,,0,부산업종,해당없음,부산업종추세,202510,전년동월,1
202410,강서구,부동산업,서비스업,부분,39,지역업종,통과,지역업종학습,202510,전년동월,1
202410,강서구,소매업,쇼핑업,중간,63,지역업종,통과,지역업종학습,202510,전년동월,1
202410,강서구,음식점업,식음료업,높음,37,지역업종,통과,지역업종학습,202510,전년동월,1
202410,금정구,부동산업,서비스업,부분,21,지역업종,통과,지역업종학습,202510,전년동월,1
202410,금정구,소매업,쇼핑업,중간,60,지역업종,통과,지역업종학습,202510,전년동월,1
202410,금정구,음식점업,식음료업,높음,46,지역업종,통과,지역업종학습,202510,전년동월,1
202410,기장군,부동산업,서비스업,부분,16,지역업종,통과,지역업종학습,202510,전년동월,1
202410,기장군,소매업,쇼핑업,중간,62,지역업종,통과,지역업종학습,202510,전년동월,1
202410,기장군,음식점업,식음료업,높음,47,지역업종,통과,지역업종학습,202510,전년동월,1
202410,남구,부동산업,서비스업,부분,22,지역업종,통과,지역업종학습,202510,전년동월,1
202410,남구,소매업,쇼핑업,중간,78,지역업종,통과,지역업종학습,202510,전년동월,1
202410,남구,음식점업,식음료업,높음,44,지역업종,통과,지역업종학습,202510,전년동월,1
202410,동구,부동산업,서비스업,부분,17,지역업종,통과,지역업종학습,202510,전년동월,1
202410,동구,소매업,쇼핑업,중간,31,지역업종,통과,지역업종학습,202510,전년동월,1
202410,동구,음식점업,식음료업,높음,23,지역업종,통과,지역업종학습,202510,전년동월,1
202410,동래구,부동산업,서비스업,부분,20,지역업종,통과,지역업종학습,202510,전년동월,1
202410,동래구,소매업,쇼핑업,중간,50,지역업종,통과,지역업종학습,202510,전년동월,1
202410,동래구,음식점업,식음료업,높음,50,지역업종,통과,지역업종학습,202510,전년동월,1
202410,부산진구,부동산업,서비스업,부분,50,지역업종,통과,지역업종학습,202510,전년동월,1
202410,부산진구,소매업,쇼핑업,중간,137,지역업종,통과,지역업종학습,202510,전년동월,1
202410,부산진구,음식점업,식음료업,높음,75,지역업종,통과,지역업종학습,202510,전년동월,1
202410,북구,부동산업,서비스업,부분,14,지역업종,통과,지역업종학습,202510,전년동월,1
202410,북구,소매업,쇼핑업,중간,55,지역업종,통과,지역업종학습,202510,전년동월,1
202410,북구,음식점업,식음료업,높음,34,지역업종,통과,지역업종학습,202510,전년동월,1
202410,사상구,부동산업,서비스업,부분,18,지역업종,통과,지역업종학습,202510,전년동월,1
202410,사상구,소매업,쇼핑업,중간,65,지역업종,통과,지역업종학습,202510,전년동월,1
202410,사상구,음식점업,식음료업,높음,42,지역업종,통과,지역업종학습,202510,전년동월,1
202410,사하구,부동산업,서비스업,부분,9,지역업종,통과,지역업종학습,202510,전년동월,1
202410,사하구,소매업,쇼핑업,중간,73,지역업종,통과,지역업종학습,202510,전년동월,1
202410,사하구,음식점업,식음료업,높음,56,지역업종,통과,지역업종학습,202510,전년동월,1
202410,서구,부동산업,서비스업,부분,11,지역업종,통과,지역업종학습,202510,전년동월,1
202410,서구,소매업,쇼핑업,중간,17,지역업종,통과,지역업종학습,202510,전년동월,1
202410,서구,음식점업,식음료업,높음,14,지역업종,통과,지역업종학습,202510,전년동월,1
202410,수영구,부동산업,서비스업,부분,40,지역업종,통과,지역업종학습,202510,전년동월,1
202410,수영구,소매업,쇼핑업,중간,75,지역업종,통과,지역업종학습,202510,전년동월,1
202410,수영구,음식점업,식음료업,높음,48,지역업종,통과,지역업종학습,202510,전년동월,1
202410,연제구,부동산업,서비스업,부분,28,지역업종,통과,지역업종학습,202510,전년동월,1
202410,연제구,소매업,쇼핑업,중간,54,지역업종,통과,지역업종학습,202510,전년동월,1
202410,연제구,음식점업,식음료업,높음,34,지역업종,통과,지역업종학습,202510,전년동월,1
202410,영도구,부동산업,서비스업,부분,5,지역업종,통과,지역업종학습,202510,전년동월,1
202410,영도구,소매업,쇼핑업,중간,19,지역업종,통과,지역업종학습,202510,전년동월,1
202410,영도구,음식점업,식음료업,높음,17,지역업종,통과,지역업종학습,202510,전년동월,1
202410,중구,부동산업,서비스업,부분,20,지역업종,통과,지역업종학습,202510,전년동월,1
202410,중구,소매업,쇼핑업,중간,25,지역업종,통과,지역업종학습,202510,전년동월,1
202410,중구,음식점업,식음료업,높음,23,지역업종,통과,지역업종학습,202510,전년동월,1
202410,해운대구,부동산업,서비스업,부분,68,지역업종,통과,지역업종학습,202510,전년동월,1
202410,해운대구,소매업,쇼핑업,중간,108,지역업종,통과,지역업종학습,202510,전년동월,1
202410,해운대구,음식점업,식음료업,높음,60,지역업종,통과,지역업종학습,202510,전년동월,1
202410,강서구,업종전체,,,244,지역전체,통과,지역총량분석,202510,전년동월,1
202410,금정구,업종전체,,,234,지역전체,통과,지역총량분석,202510,전년동월,1
202410,기장군,업종전체,,,213,지역전체,통과,지역총량분석,202510,전년동월,1
202410,남구,업종전체,,,243,지역전체,통과,지역총량분석,202510,전년동월,1
202410,동구,업종전체,,,138,지역전체,통과,지역총량분석,202510,전년동월,1
202410,동래구,업종전체,,,206,지역전체,통과,지역총량분석,202510,전년동월,1
202410,부산광역시 합계,업종전체,,,3485,지역전체,통과,지역총량분석,202510,전년동월,1
202410,부산진구,업종전체,,,417,지역전체,통과,지역총량분석,202510,전년동월,1
202410,북구,업종전체,,,182,지역전체,통과,지역총량분석,202510,전년동월,1
202410,사상구,업종전체,,,228,지역전체,통과,지역총량분석,202510,전년동월,1
202410,사하구,업종전체,,,253,지역전체,통과,지역총량분석,202510,전년동월,1
202410,서구,업종전체,,,92,지역전체,통과,지역총량분석,202510,전년동월,1
202410,수영구,업종전체,,,245,지역전체,통과,지역총량분석,202510,전년동월,1
202410,연제구,업종전체,,,196,지역전체,통과,지역총량분석,202510,전년동월,1
202410,영도구,업종전체,,,85,지역전체,통과,지역총량분석,202510,전년동월,1
202410,중구,업종전체,,,117,지역전체,통과,지역총량분석,202510,전년동월,1
202410,해운대구,업종전체,,,392,지역전체,통과,지역총량분석,202510,전년동월,1
202411,부산광역시 합계,IT관련 및 연구개발업,,,24,부산업종,해당없음,부산업종추세,202511,전년동월,1
202411,부산광역시 합계,가구 및 기타제조업,,,0,부산업종,해당없음,부산업종추세,202511,전년동월,1
202411,부산광역시 합계,가사서비스업,,,0,부산업종,해당없음,부산업종추세,202511,전년동월,1
202411,부산광역시 합계,"가죽, 가방 및 신발류 제조업",,,11,부산업종,해당없음,부산업종추세,202511,전년동월,1
202411,부산광역시 합계,건설업,,,123,부산업종,해당없음,부산업종추세,202511,전년동월,1
202411,부산광역시 합계,고무 및 프라스틱 제품 제조업,,,0,부산업종,해당없음,부산업종추세,202511,전년동월,1
202411,부산광역시 합계,광고업 및 기타 산업관련 서비스업,,,130,부산업종,해당없음,부산업종추세,202511,전년동월,1
202411,부산광역시 합계,광업,,,0,부산업종,해당없음,부산업종추세,202511,전년동월,1
202411,부산광역시 합계,교육서비스업,,,97,부산업종,해당없음,부산업종추세,202511,전년동월,1
202411,부산광역시 합계,금융 및 금융관련 서비스업,,,11,부산업종,해당없음,부산업종추세,202511,전년동월,1
202411,부산광역시 합계,기계장비 등 장비 임대업,,,0,부산업종,해당없음,부산업종추세,202511,전년동월,1
202411,부산광역시 합계,기타 서비스업,,,138,부산업종,해당없음,부산업종추세,202511,전년동월,1
202411,부산광역시 합계,기타 운송장비 제조업,,,0,부산업종,해당없음,부산업종추세,202511,전년동월,1
202411,부산광역시 합계,기타 전지기계 및 전기변환장치 제조업,,,0,부산업종,해당없음,부산업종추세,202511,전년동월,1
202411,부산광역시 합계,기타기계 및 장비 제조업,,,10,부산업종,해당없음,부산업종추세,202511,전년동월,1
202411,부산광역시 합계,기타도급제조업,,,0,부산업종,해당없음,부산업종추세,202511,전년동월,1
202411,부산광역시 합계,농업,,,0,부산업종,해당없음,부산업종추세,202511,전년동월,1
202411,부산광역시 합계,도매 및 상품중개업,,,229,부산업종,해당없음,부산업종추세,202511,전년동월,1
202411,부산광역시 합계,목재 및 나무제품 제조업(가구제외),,,0,부산업종,해당없음,부산업종추세,202511,전년동월,1
202411,부산광역시 합계,"법무, 회계, 건축 및 상담업",,,47,부산업종,해당없음,부산업종추세,202511,전년동월,1
202411,부산광역시 합계,보건업,의료웰니스업,중간,10,부산업종,해당없음,부산업종추세,202511,전년동월,1
202411,부산광역시 합계,보험 및 보험관련 서비스업,,,0,부산업종,해당없음,부산업종추세,202511,전년동월,1
202411,부산광역시 합계,부동산업,서비스업,부분,386,부산업종,해당없음,부산업종추세,202511,전년동월,1
202411,부산광역시 합계,비금속광물 제품 제조업,,,0,부산업종,해당없음,부산업종추세,202511,전년동월,1
202411,부산광역시 합계,"사무, 계산 및 회계용 기계 조립업",,,0,부산업종,해당없음,부산업종추세,202511,전년동월,1
202411,부산광역시 합계,섬유제품 제조업,,,8,부산업종,해당없음,부산업종추세,202511,전년동월,1
202411,부산광역시 합계,소매업,쇼핑업,중간,1065,부산업종,해당없음,부산업종추세,202511,전년동월,1
202411,부산광역시 합계,숙박업,여행/숙박업,중간,18,부산업종,해당없음,부산업종추세,202511,전년동월,1
202411,부산광역시 합계,어업,,,0,부산업종,해당없음,부산업종추세,202511,전년동월,1
202411,부산광역시 합계,여행알선 및 운수관련 서비스업,,,44,부산업종,해당없음,부산업종추세,202511,전년동월,1
202411,부산광역시 합계,"영상, 음향 및 통신장비 제조업",,,0,부산업종,해당없음,부산업종추세,202511,전년동월,1
202411,부산광역시 합계,"오락, 문화, 운동관련 산업 및 수리업",,,84,부산업종,해당없음,부산업종추세,202511,전년동월,1
202411,부산광역시 합계,운송업,운송업,중간,174,부산업종,해당없음,부산업종추세,202511,전년동월,1
202411,부산광역시 합계,위생관련 서비스업,,,0,부산업종,해당없음,부산업종추세,202511,전년동월,1
202411,부산광역시 합계,음식료품 및 담배제조업,,,27,부산업종,해당없음,부산업종추세,202511,전년동월,1
202411,부산광역시 합계,음식점업,식음료업,높음,665,부산업종,해당없음,부산업종추세,202511,전년동월,1
202411,부산광역시 합계,"의료, 정밀, 광학기기 및 시계제조업",,,0,부산업종,해당없음,부산업종추세,202511,전년동월,1
202411,부산광역시 합계,의복 및 모피 제품 제조업,,,0,부산업종,해당없음,부산업종추세,202511,전년동월,1
202411,부산광역시 합계,인적용역,,,97,부산업종,해당없음,부산업종추세,202511,전년동월,1
202411,부산광역시 합계,자동차 및 트레일러 제조업,,,0,부산업종,해당없음,부산업종추세,202511,전년동월,1
202411,부산광역시 합계,자동차관련 소매,운송업,부분,9,부산업종,해당없음,부산업종추세,202511,전년동월,1
202411,부산광역시 합계,"전기, 가스 및 수도사업",,,0,부산업종,해당없음,부산업종추세,202511,전년동월,1
202411,부산광역시 합계,제1차 금속산업 제조업,,,0,부산업종,해당없음,부산업종추세,202511,전년동월,1
202411,부산광역시 합계,조립금속제품 제조업(기계 및 장비 제외),,,14,부산업종,해당없음,부산업종추세,202511,전년동월,1
202411,부산광역시 합계,"출판, 인쇄 및 기록매체 제조업",,,7,부산업종,해당없음,부산업종추세,202511,전년동월,1
202411,부산광역시 합계,통신업,,,0,부산업종,해당없음,부산업종추세,202511,전년동월,1
202411,부산광역시 합계,화합물 및 화학 제품 제조업,,,0,부산업종,해당없음,부산업종추세,202511,전년동월,1
202411,강서구,부동산업,서비스업,부분,29,지역업종,통과,지역업종학습,202511,전년동월,1
202411,강서구,소매업,쇼핑업,중간,48,지역업종,통과,지역업종학습,202511,전년동월,1
202411,강서구,음식점업,식음료업,높음,27,지역업종,통과,지역업종학습,202511,전년동월,1
202411,금정구,부동산업,서비스업,부분,17,지역업종,통과,지역업종학습,202511,전년동월,1
202411,금정구,소매업,쇼핑업,중간,50,지역업종,통과,지역업종학습,202511,전년동월,1
202411,금정구,음식점업,식음료업,높음,53,지역업종,통과,지역업종학습,202511,전년동월,1
202411,기장군,부동산업,서비스업,부분,21,지역업종,통과,지역업종학습,202511,전년동월,1
202411,기장군,소매업,쇼핑업,중간,56,지역업종,통과,지역업종학습,202511,전년동월,1
202411,기장군,음식점업,식음료업,높음,39,지역업종,통과,지역업종학습,202511,전년동월,1
202411,남구,부동산업,서비스업,부분,25,지역업종,통과,지역업종학습,202511,전년동월,1
202411,남구,소매업,쇼핑업,중간,69,지역업종,통과,지역업종학습,202511,전년동월,1
202411,남구,음식점업,식음료업,높음,42,지역업종,통과,지역업종학습,202511,전년동월,1
202411,동구,부동산업,서비스업,부분,19,지역업종,통과,지역업종학습,202511,전년동월,1
202411,동구,소매업,쇼핑업,중간,39,지역업종,통과,지역업종학습,202511,전년동월,1
202411,동구,음식점업,식음료업,높음,29,지역업종,통과,지역업종학습,202511,전년동월,1
202411,동래구,부동산업,서비스업,부분,20,지역업종,통과,지역업종학습,202511,전년동월,1
202411,동래구,소매업,쇼핑업,중간,79,지역업종,통과,지역업종학습,202511,전년동월,1
202411,동래구,음식점업,식음료업,높음,46,지역업종,통과,지역업종학습,202511,전년동월,1
202411,부산진구,부동산업,서비스업,부분,57,지역업종,통과,지역업종학습,202511,전년동월,1
202411,부산진구,소매업,쇼핑업,중간,144,지역업종,통과,지역업종학습,202511,전년동월,1
202411,부산진구,음식점업,식음료업,높음,86,지역업종,통과,지역업종학습,202511,전년동월,1
202411,북구,부동산업,서비스업,부분,15,지역업종,통과,지역업종학습,202511,전년동월,1
202411,북구,소매업,쇼핑업,중간,79,지역업종,통과,지역업종학습,202511,전년동월,1
202411,북구,음식점업,식음료업,높음,37,지역업종,통과,지역업종학습,202511,전년동월,1
202411,사상구,부동산업,서비스업,부분,20,지역업종,통과,지역업종학습,202511,전년동월,1
202411,사상구,소매업,쇼핑업,중간,75,지역업종,통과,지역업종학습,202511,전년동월,1
202411,사상구,음식점업,식음료업,높음,32,지역업종,통과,지역업종학습,202511,전년동월,1
202411,사하구,부동산업,서비스업,부분,11,지역업종,통과,지역업종학습,202511,전년동월,1
202411,사하구,소매업,쇼핑업,중간,84,지역업종,통과,지역업종학습,202511,전년동월,1
202411,사하구,음식점업,식음료업,높음,56,지역업종,통과,지역업종학습,202511,전년동월,1
202411,서구,부동산업,서비스업,부분,11,지역업종,통과,지역업종학습,202511,전년동월,1
202411,서구,소매업,쇼핑업,중간,21,지역업종,통과,지역업종학습,202511,전년동월,1
202411,서구,음식점업,식음료업,높음,20,지역업종,통과,지역업종학습,202511,전년동월,1
202411,수영구,부동산업,서비스업,부분,29,지역업종,통과,지역업종학습,202511,전년동월,1
202411,수영구,소매업,쇼핑업,중간,64,지역업종,통과,지역업종학습,202511,전년동월,1
202411,수영구,음식점업,식음료업,높음,53,지역업종,통과,지역업종학습,202511,전년동월,1
202411,연제구,부동산업,서비스업,부분,26,지역업종,통과,지역업종학습,202511,전년동월,1
202411,연제구,소매업,쇼핑업,중간,67,지역업종,통과,지역업종학습,202511,전년동월,1
202411,연제구,음식점업,식음료업,높음,44,지역업종,통과,지역업종학습,202511,전년동월,1
202411,영도구,부동산업,서비스업,부분,6,지역업종,통과,지역업종학습,202511,전년동월,1
202411,영도구,소매업,쇼핑업,중간,39,지역업종,통과,지역업종학습,202511,전년동월,1
202411,영도구,음식점업,식음료업,높음,19,지역업종,통과,지역업종학습,202511,전년동월,1
202411,중구,부동산업,서비스업,부분,16,지역업종,통과,지역업종학습,202511,전년동월,1
202411,중구,소매업,쇼핑업,중간,25,지역업종,통과,지역업종학습,202511,전년동월,1
202411,중구,음식점업,식음료업,높음,32,지역업종,통과,지역업종학습,202511,전년동월,1
202411,해운대구,부동산업,서비스업,부분,64,지역업종,통과,지역업종학습,202511,전년동월,1
202411,해운대구,소매업,쇼핑업,중간,126,지역업종,통과,지역업종학습,202511,전년동월,1
202411,해운대구,음식점업,식음료업,높음,50,지역업종,통과,지역업종학습,202511,전년동월,1
202411,강서구,업종전체,,,230,지역전체,통과,지역총량분석,202511,전년동월,1
202411,금정구,업종전체,,,221,지역전체,통과,지역총량분석,202511,전년동월,1
202411,기장군,업종전체,,,200,지역전체,통과,지역총량분석,202511,전년동월,1
202411,남구,업종전체,,,222,지역전체,통과,지역총량분석,202511,전년동월,1
202411,동구,업종전체,,,149,지역전체,통과,지역총량분석,202511,전년동월,1
202411,동래구,업종전체,,,234,지역전체,통과,지역총량분석,202511,전년동월,1
202411,부산광역시 합계,업종전체,,,3534,지역전체,통과,지역총량분석,202511,전년동월,1
202411,부산진구,업종전체,,,430,지역전체,통과,지역총량분석,202511,전년동월,1
202411,북구,업종전체,,,200,지역전체,통과,지역총량분석,202511,전년동월,1
202411,사상구,업종전체,,,244,지역전체,통과,지역총량분석,202511,전년동월,1
202411,사하구,업종전체,,,255,지역전체,통과,지역총량분석,202511,전년동월,1
202411,서구,업종전체,,,90,지역전체,통과,지역총량분석,202511,전년동월,1
202411,수영구,업종전체,,,221,지역전체,통과,지역총량분석,202511,전년동월,1
202411,연제구,업종전체,,,234,지역전체,통과,지역총량분석,202511,전년동월,1
202411,영도구,업종전체,,,99,지역전체,통과,지역총량분석,202511,전년동월,1
202411,중구,업종전체,,,124,지역전체,통과,지역총량분석,202511,전년동월,1
202411,해운대구,업종전체,,,381,지역전체,통과,지역총량분석,202511,전년동월,1
202412,부산광역시 합계,IT관련 및 연구개발업,,,67,부산업종,해당없음,부산업종추세,202512,전년동월,1
202412,부산광역시 합계,가구 및 기타제조업,,,21,부산업종,해당없음,부산업종추세,202512,전년동월,1
202412,부산광역시 합계,건설업,,,240,부산업종,해당없음,부산업종추세,202512,전년동월,1
202412,부산광역시 합계,고무 및 프라스틱 제품 제조업,,,0,부산업종,해당없음,부산업종추세,202512,전년동월,1
202412,부산광역시 합계,광고업 및 기타 산업관련 서비스업,,,220,부산업종,해당없음,부산업종추세,202512,전년동월,1
202412,부산광역시 합계,광업,,,0,부산업종,해당없음,부산업종추세,202512,전년동월,1
202412,부산광역시 합계,교육서비스업,,,182,부산업종,해당없음,부산업종추세,202512,전년동월,1
202412,부산광역시 합계,금융 및 금융관련 서비스업,,,22,부산업종,해당없음,부산업종추세,202512,전년동월,1
202412,부산광역시 합계,기계장비 등 장비 임대업,,,9,부산업종,해당없음,부산업종추세,202512,전년동월,1
202412,부산광역시 합계,기타 서비스업,,,219,부산업종,해당없음,부산업종추세,202512,전년동월,1
202412,부산광역시 합계,기타 운송장비 제조업,,,0,부산업종,해당없음,부산업종추세,202512,전년동월,1
202412,부산광역시 합계,기타 전지기계 및 전기변환장치 제조업,,,18,부산업종,해당없음,부산업종추세,202512,전년동월,1
202412,부산광역시 합계,기타기계 및 장비 제조업,,,42,부산업종,해당없음,부산업종추세,202512,전년동월,1
202412,부산광역시 합계,기타도급제조업,,,18,부산업종,해당없음,부산업종추세,202512,전년동월,1
202412,부산광역시 합계,농업,,,0,부산업종,해당없음,부산업종추세,202512,전년동월,1
202412,부산광역시 합계,도매 및 상품중개업,,,545,부산업종,해당없음,부산업종추세,202512,전년동월,1
202412,부산광역시 합계,목재 및 나무제품 제조업(가구제외),,,0,부산업종,해당없음,부산업종추세,202512,전년동월,1
202412,부산광역시 합계,보건업,의료웰니스업,중간,32,부산업종,해당없음,부산업종추세,202512,전년동월,1
202412,부산광역시 합계,보험 및 보험관련 서비스업,,,0,부산업종,해당없음,부산업종추세,202512,전년동월,1
202412,부산광역시 합계,부동산업,서비스업,부분,583,부산업종,해당없음,부산업종추세,202512,전년동월,1
202412,부산광역시 합계,비금속광물 제품 제조업,,,0,부산업종,해당없음,부산업종추세,202512,전년동월,1
202412,부산광역시 합계,섬유제품 제조업,,,11,부산업종,해당없음,부산업종추세,202512,전년동월,1
202412,부산광역시 합계,소매업,쇼핑업,중간,1932,부산업종,해당없음,부산업종추세,202512,전년동월,1
202412,부산광역시 합계,숙박업,여행/숙박업,중간,37,부산업종,해당없음,부산업종추세,202512,전년동월,1
202412,부산광역시 합계,어업,,,5,부산업종,해당없음,부산업종추세,202512,전년동월,1
202412,부산광역시 합계,여행알선 및 운수관련 서비스업,,,78,부산업종,해당없음,부산업종추세,202512,전년동월,1
202412,부산광역시 합계,운송업,운송업,중간,283,부산업종,해당없음,부산업종추세,202512,전년동월,1
202412,부산광역시 합계,위생관련 서비스업,,,0,부산업종,해당없음,부산업종추세,202512,전년동월,1
202412,부산광역시 합계,음식료품 및 담배제조업,,,43,부산업종,해당없음,부산업종추세,202512,전년동월,1
202412,부산광역시 합계,음식점업,식음료업,높음,852,부산업종,해당없음,부산업종추세,202512,전년동월,1
202412,부산광역시 합계,의복 및 모피 제품 제조업,,,0,부산업종,해당없음,부산업종추세,202512,전년동월,1
202412,부산광역시 합계,인적용역,,,121,부산업종,해당없음,부산업종추세,202512,전년동월,1
202412,부산광역시 합계,임업,,,0,부산업종,해당없음,부산업종추세,202512,전년동월,1
202412,부산광역시 합계,자동차 및 트레일러 제조업,,,0,부산업종,해당없음,부산업종추세,202512,전년동월,1
202412,부산광역시 합계,자동차관련 소매,운송업,부분,33,부산업종,해당없음,부산업종추세,202512,전년동월,1
202412,부산광역시 합계,재생재료 및 가공처리업,,,0,부산업종,해당없음,부산업종추세,202512,전년동월,1
202412,부산광역시 합계,제1차 금속산업 제조업,,,0,부산업종,해당없음,부산업종추세,202512,전년동월,1
202412,부산광역시 합계,조립금속제품 제조업(기계 및 장비 제외),,,25,부산업종,해당없음,부산업종추세,202512,전년동월,1
202412,부산광역시 합계,통신업,,,0,부산업종,해당없음,부산업종추세,202512,전년동월,1
202412,부산광역시 합계,화합물 및 화학 제품 제조업,,,0,부산업종,해당없음,부산업종추세,202512,전년동월,1
202412,강서구,도매 및 상품중개업,,,41,지역업종,통과,지역업종학습,202512,전년동월,1
202412,강서구,부동산업,서비스업,부분,46,지역업종,통과,지역업종학습,202512,전년동월,1
202412,강서구,소매업,쇼핑업,중간,107,지역업종,통과,지역업종학습,202512,전년동월,1
202412,강서구,음식점업,식음료업,높음,42,지역업종,통과,지역업종학습,202512,전년동월,1
202412,금정구,도매 및 상품중개업,,,40,지역업종,통과,지역업종학습,202512,전년동월,1
202412,금정구,부동산업,서비스업,부분,29,지역업종,통과,지역업종학습,202512,전년동월,1
202412,금정구,소매업,쇼핑업,중간,107,지역업종,통과,지역업종학습,202512,전년동월,1
202412,금정구,음식점업,식음료업,높음,48,지역업종,통과,지역업종학습,202512,전년동월,1
202412,기장군,도매 및 상품중개업,,,42,지역업종,통과,지역업종학습,202512,전년동월,1
202412,기장군,부동산업,서비스업,부분,34,지역업종,통과,지역업종학습,202512,전년동월,1
202412,기장군,소매업,쇼핑업,중간,78,지역업종,통과,지역업종학습,202512,전년동월,1
202412,기장군,음식점업,식음료업,높음,40,지역업종,통과,지역업종학습,202512,전년동월,1
202412,남구,도매 및 상품중개업,,,25,지역업종,통과,지역업종학습,202512,전년동월,1
202412,남구,부동산업,서비스업,부분,32,지역업종,통과,지역업종학습,202512,전년동월,1
202412,남구,소매업,쇼핑업,중간,132,지역업종,통과,지역업종학습,202512,전년동월,1
202412,남구,음식점업,식음료업,높음,57,지역업종,통과,지역업종학습,202512,전년동월,1
202412,동구,도매 및 상품중개업,,,24,지역업종,통과,지역업종학습,202512,전년동월,1
202412,동구,부동산업,서비스업,부분,31,지역업종,통과,지역업종학습,202512,전년동월,1
202412,동구,소매업,쇼핑업,중간,75,지역업종,통과,지역업종학습,202512,전년동월,1
202412,동구,음식점업,식음료업,높음,21,지역업종,통과,지역업종학습,202512,전년동월,1
202412,동래구,도매 및 상품중개업,,,37,지역업종,통과,지역업종학습,202512,전년동월,1
202412,동래구,부동산업,서비스업,부분,44,지역업종,통과,지역업종학습,202512,전년동월,1
202412,동래구,소매업,쇼핑업,중간,138,지역업종,통과,지역업종학습,202512,전년동월,1
202412,동래구,음식점업,식음료업,높음,74,지역업종,통과,지역업종학습,202512,전년동월,1
202412,부산진구,도매 및 상품중개업,,,68,지역업종,통과,지역업종학습,202512,전년동월,1
202412,부산진구,부동산업,서비스업,부분,58,지역업종,통과,지역업종학습,202512,전년동월,1
202412,부산진구,소매업,쇼핑업,중간,244,지역업종,통과,지역업종학습,202512,전년동월,1
202412,부산진구,음식점업,식음료업,높음,129,지역업종,통과,지역업종학습,202512,전년동월,1
202412,북구,도매 및 상품중개업,,,29,지역업종,통과,지역업종학습,202512,전년동월,1
202412,북구,부동산업,서비스업,부분,24,지역업종,통과,지역업종학습,202512,전년동월,1
202412,북구,소매업,쇼핑업,중간,188,지역업종,통과,지역업종학습,202512,전년동월,1
202412,북구,음식점업,식음료업,높음,44,지역업종,통과,지역업종학습,202512,전년동월,1
202412,사상구,도매 및 상품중개업,,,51,지역업종,통과,지역업종학습,202512,전년동월,1
202412,사상구,부동산업,서비스업,부분,36,지역업종,통과,지역업종학습,202512,전년동월,1
202412,사상구,소매업,쇼핑업,중간,97,지역업종,통과,지역업종학습,202512,전년동월,1
202412,사상구,음식점업,식음료업,높음,49,지역업종,통과,지역업종학습,202512,전년동월,1
202412,사하구,도매 및 상품중개업,,,29,지역업종,통과,지역업종학습,202512,전년동월,1
202412,사하구,부동산업,서비스업,부분,26,지역업종,통과,지역업종학습,202512,전년동월,1
202412,사하구,소매업,쇼핑업,중간,142,지역업종,통과,지역업종학습,202512,전년동월,1
202412,사하구,음식점업,식음료업,높음,69,지역업종,통과,지역업종학습,202512,전년동월,1
202412,서구,도매 및 상품중개업,,,22,지역업종,통과,지역업종학습,202512,전년동월,1
202412,서구,부동산업,서비스업,부분,12,지역업종,통과,지역업종학습,202512,전년동월,1
202412,서구,소매업,쇼핑업,중간,53,지역업종,통과,지역업종학습,202512,전년동월,1
202412,서구,음식점업,식음료업,높음,19,지역업종,통과,지역업종학습,202512,전년동월,1
202412,수영구,도매 및 상품중개업,,,19,지역업종,통과,지역업종학습,202512,전년동월,1
202412,수영구,부동산업,서비스업,부분,46,지역업종,통과,지역업종학습,202512,전년동월,1
202412,수영구,소매업,쇼핑업,중간,101,지역업종,통과,지역업종학습,202512,전년동월,1
202412,수영구,음식점업,식음료업,높음,66,지역업종,통과,지역업종학습,202512,전년동월,1
202412,연제구,도매 및 상품중개업,,,26,지역업종,통과,지역업종학습,202512,전년동월,1
202412,연제구,부동산업,서비스업,부분,33,지역업종,통과,지역업종학습,202512,전년동월,1
202412,연제구,소매업,쇼핑업,중간,126,지역업종,통과,지역업종학습,202512,전년동월,1
202412,연제구,음식점업,식음료업,높음,58,지역업종,통과,지역업종학습,202512,전년동월,1
202412,영도구,도매 및 상품중개업,,,11,지역업종,통과,지역업종학습,202512,전년동월,1
202412,영도구,부동산업,서비스업,부분,14,지역업종,통과,지역업종학습,202512,전년동월,1
202412,영도구,소매업,쇼핑업,중간,55,지역업종,통과,지역업종학습,202512,전년동월,1
202412,영도구,음식점업,식음료업,높음,23,지역업종,통과,지역업종학습,202512,전년동월,1
202412,중구,도매 및 상품중개업,,,24,지역업종,통과,지역업종학습,202512,전년동월,1
202412,중구,부동산업,서비스업,부분,22,지역업종,통과,지역업종학습,202512,전년동월,1
202412,중구,소매업,쇼핑업,중간,47,지역업종,통과,지역업종학습,202512,전년동월,1
202412,중구,음식점업,식음료업,높음,36,지역업종,통과,지역업종학습,202512,전년동월,1
202412,해운대구,도매 및 상품중개업,,,57,지역업종,통과,지역업종학습,202512,전년동월,1
202412,해운대구,부동산업,서비스업,부분,96,지역업종,통과,지역업종학습,202512,전년동월,1
202412,해운대구,소매업,쇼핑업,중간,242,지역업종,통과,지역업종학습,202512,전년동월,1
202412,해운대구,음식점업,식음료업,높음,77,지역업종,통과,지역업종학습,202512,전년동월,1
202412,강서구,업종전체,,,425,지역전체,통과,지역총량분석,202512,전년동월,1
202412,금정구,업종전체,,,375,지역전체,통과,지역총량분석,202512,전년동월,1
202412,기장군,업종전체,,,308,지역전체,통과,지역총량분석,202512,전년동월,1
202412,남구,업종전체,,,381,지역전체,통과,지역총량분석,202512,전년동월,1
202412,동구,업종전체,,,253,지역전체,통과,지역총량분석,202512,전년동월,1
202412,동래구,업종전체,,,448,지역전체,통과,지역총량분석,202512,전년동월,1
202412,부산광역시 합계,업종전체,,,6085,지역전체,통과,지역총량분석,202512,전년동월,1
202412,부산진구,업종전체,,,744,지역전체,통과,지역총량분석,202512,전년동월,1
202412,북구,업종전체,,,399,지역전체,통과,지역총량분석,202512,전년동월,1
202412,사상구,업종전체,,,392,지역전체,통과,지역총량분석,202512,전년동월,1
202412,사하구,업종전체,,,392,지역전체,통과,지역총량분석,202512,전년동월,1
202412,서구,업종전체,,,157,지역전체,통과,지역총량분석,202512,전년동월,1
202412,수영구,업종전체,,,363,지역전체,통과,지역총량분석,202512,전년동월,1
202412,연제구,업종전체,,,369,지역전체,통과,지역총량분석,202512,전년동월,1
202412,영도구,업종전체,,,162,지역전체,통과,지역총량분석,202512,전년동월,1
202412,중구,업종전체,,,197,지역전체,통과,지역총량분석,202512,전년동월,1
202412,해운대구,업종전체,,,720,지역전체,통과,지역총량분석,202512,전년동월,1
202501,부산광역시 합계,IT관련 및 연구개발업,,,36,부산업종,해당없음,부산업종추세,202601,전년동월,1
202501,부산광역시 합계,가구 및 기타제조업,,,9,부산업종,해당없음,부산업종추세,202601,전년동월,1
202501,부산광역시 합계,가사서비스업,,,0,부산업종,해당없음,부산업종추세,202601,전년동월,1
202501,부산광역시 합계,"가죽, 가방 및 신발류 제조업",,,8,부산업종,해당없음,부산업종추세,202601,전년동월,1
202501,부산광역시 합계,건설업,,,123,부산업종,해당없음,부산업종추세,202601,전년동월,1
202501,부산광역시 합계,고무 및 프라스틱 제품 제조업,,,0,부산업종,해당없음,부산업종추세,202601,전년동월,1
202501,부산광역시 합계,광고업 및 기타 산업관련 서비스업,,,130,부산업종,해당없음,부산업종추세,202601,전년동월,1
202501,부산광역시 합계,광업,,,0,부산업종,해당없음,부산업종추세,202601,전년동월,1
202501,부산광역시 합계,교육서비스업,,,103,부산업종,해당없음,부산업종추세,202601,전년동월,1
202501,부산광역시 합계,금융 및 금융관련 서비스업,,,10,부산업종,해당없음,부산업종추세,202601,전년동월,1
202501,부산광역시 합계,기계장비 등 장비 임대업,,,6,부산업종,해당없음,부산업종추세,202601,전년동월,1
202501,부산광역시 합계,기타 서비스업,,,123,부산업종,해당없음,부산업종추세,202601,전년동월,1
202501,부산광역시 합계,기타 운송장비 제조업,,,0,부산업종,해당없음,부산업종추세,202601,전년동월,1
202501,부산광역시 합계,기타 전지기계 및 전기변환장치 제조업,,,0,부산업종,해당없음,부산업종추세,202601,전년동월,1
202501,부산광역시 합계,기타기계 및 장비 제조업,,,6,부산업종,해당없음,부산업종추세,202601,전년동월,1
202501,부산광역시 합계,기타도급제조업,,,7,부산업종,해당없음,부산업종추세,202601,전년동월,1
202501,부산광역시 합계,농업,,,0,부산업종,해당없음,부산업종추세,202601,전년동월,1
202501,부산광역시 합계,도매 및 상품중개업,,,226,부산업종,해당없음,부산업종추세,202601,전년동월,1
202501,부산광역시 합계,목재 및 나무제품 제조업(가구제외),,,0,부산업종,해당없음,부산업종추세,202601,전년동월,1
202501,부산광역시 합계,"법무, 회계, 건축 및 상담업",,,40,부산업종,해당없음,부산업종추세,202601,전년동월,1
202501,부산광역시 합계,보건업,의료웰니스업,중간,15,부산업종,해당없음,부산업종추세,202601,전년동월,1
202501,부산광역시 합계,보험 및 보험관련 서비스업,,,8,부산업종,해당없음,부산업종추세,202601,전년동월,1
202501,부산광역시 합계,부동산업,서비스업,부분,406,부산업종,해당없음,부산업종추세,202601,전년동월,1
202501,부산광역시 합계,비금속광물 제품 제조업,,,0,부산업종,해당없음,부산업종추세,202601,전년동월,1
202501,부산광역시 합계,섬유제품 제조업,,,0,부산업종,해당없음,부산업종추세,202601,전년동월,1
202501,부산광역시 합계,소매업,쇼핑업,중간,1391,부산업종,해당없음,부산업종추세,202601,전년동월,1
202501,부산광역시 합계,숙박업,여행/숙박업,중간,22,부산업종,해당없음,부산업종추세,202601,전년동월,1
202501,부산광역시 합계,어업,,,0,부산업종,해당없음,부산업종추세,202601,전년동월,1
202501,부산광역시 합계,여행알선 및 운수관련 서비스업,,,50,부산업종,해당없음,부산업종추세,202601,전년동월,1
202501,부산광역시 합계,운송업,운송업,중간,164,부산업종,해당없음,부산업종추세,202601,전년동월,1
202501,부산광역시 합계,위생관련 서비스업,,,0,부산업종,해당없음,부산업종추세,202601,전년동월,1
202501,부산광역시 합계,음식료품 및 담배제조업,,,16,부산업종,해당없음,부산업종추세,202601,전년동월,1
202501,부산광역시 합계,음식점업,식음료업,높음,550,부산업종,해당없음,부산업종추세,202601,전년동월,1
202501,부산광역시 합계,의복 및 모피 제품 제조업,,,0,부산업종,해당없음,부산업종추세,202601,전년동월,1
202501,부산광역시 합계,인적용역,,,100,부산업종,해당없음,부산업종추세,202601,전년동월,1
202501,부산광역시 합계,임업,,,0,부산업종,해당없음,부산업종추세,202601,전년동월,1
202501,부산광역시 합계,자동차 및 트레일러 제조업,,,0,부산업종,해당없음,부산업종추세,202601,전년동월,1
202501,부산광역시 합계,자동차관련 소매,운송업,부분,16,부산업종,해당없음,부산업종추세,202601,전년동월,1
202501,부산광역시 합계,재생재료 및 가공처리업,,,0,부산업종,해당없음,부산업종추세,202601,전년동월,1
202501,부산광역시 합계,제1차 금속산업 제조업,,,0,부산업종,해당없음,부산업종추세,202601,전년동월,1
202501,부산광역시 합계,조립금속제품 제조업(기계 및 장비 제외),,,10,부산업종,해당없음,부산업종추세,202601,전년동월,1
202501,부산광역시 합계,통신업,,,8,부산업종,해당없음,부산업종추세,202601,전년동월,1
202501,부산광역시 합계,화합물 및 화학 제품 제조업,,,0,부산업종,해당없음,부산업종추세,202601,전년동월,1
202501,강서구,부동산업,서비스업,부분,19,지역업종,통과,지역업종학습,202601,전년동월,1
202501,강서구,소매업,쇼핑업,중간,71,지역업종,통과,지역업종학습,202601,전년동월,1
202501,강서구,음식점업,식음료업,높음,27,지역업종,통과,지역업종학습,202601,전년동월,1
202501,금정구,부동산업,서비스업,부분,15,지역업종,통과,지역업종학습,202601,전년동월,1
202501,금정구,소매업,쇼핑업,중간,95,지역업종,통과,지역업종학습,202601,전년동월,1
202501,금정구,음식점업,식음료업,높음,29,지역업종,통과,지역업종학습,202601,전년동월,1
202501,기장군,부동산업,서비스업,부분,23,지역업종,통과,지역업종학습,202601,전년동월,1
202501,기장군,소매업,쇼핑업,중간,74,지역업종,통과,지역업종학습,202601,전년동월,1
202501,기장군,음식점업,식음료업,높음,33,지역업종,통과,지역업종학습,202601,전년동월,1
202501,남구,부동산업,서비스업,부분,26,지역업종,통과,지역업종학습,202601,전년동월,1
202501,남구,소매업,쇼핑업,중간,98,지역업종,통과,지역업종학습,202601,전년동월,1
202501,남구,음식점업,식음료업,높음,37,지역업종,통과,지역업종학습,202601,전년동월,1
202501,동구,부동산업,서비스업,부분,19,지역업종,통과,지역업종학습,202601,전년동월,1
202501,동구,소매업,쇼핑업,중간,43,지역업종,통과,지역업종학습,202601,전년동월,1
202501,동구,음식점업,식음료업,높음,14,지역업종,통과,지역업종학습,202601,전년동월,1
202501,동래구,부동산업,서비스업,부분,27,지역업종,통과,지역업종학습,202601,전년동월,1
202501,동래구,소매업,쇼핑업,중간,111,지역업종,통과,지역업종학습,202601,전년동월,1
202501,동래구,음식점업,식음료업,높음,49,지역업종,통과,지역업종학습,202601,전년동월,1
202501,부산진구,부동산업,서비스업,부분,56,지역업종,통과,지역업종학습,202601,전년동월,1
202501,부산진구,소매업,쇼핑업,중간,193,지역업종,통과,지역업종학습,202601,전년동월,1
202501,부산진구,음식점업,식음료업,높음,90,지역업종,통과,지역업종학습,202601,전년동월,1
202501,북구,부동산업,서비스업,부분,14,지역업종,통과,지역업종학습,202601,전년동월,1
202501,북구,소매업,쇼핑업,중간,91,지역업종,통과,지역업종학습,202601,전년동월,1
202501,북구,음식점업,식음료업,높음,25,지역업종,통과,지역업종학습,202601,전년동월,1
202501,사상구,부동산업,서비스업,부분,8,지역업종,통과,지역업종학습,202601,전년동월,1
202501,사상구,소매업,쇼핑업,중간,76,지역업종,통과,지역업종학습,202601,전년동월,1
202501,사상구,음식점업,식음료업,높음,27,지역업종,통과,지역업종학습,202601,전년동월,1
202501,사하구,부동산업,서비스업,부분,22,지역업종,통과,지역업종학습,202601,전년동월,1
202501,사하구,소매업,쇼핑업,중간,97,지역업종,통과,지역업종학습,202601,전년동월,1
202501,사하구,음식점업,식음료업,높음,34,지역업종,통과,지역업종학습,202601,전년동월,1
202501,서구,부동산업,서비스업,부분,13,지역업종,통과,지역업종학습,202601,전년동월,1
202501,서구,소매업,쇼핑업,중간,42,지역업종,통과,지역업종학습,202601,전년동월,1
202501,서구,음식점업,식음료업,높음,11,지역업종,통과,지역업종학습,202601,전년동월,1
202501,수영구,부동산업,서비스업,부분,42,지역업종,통과,지역업종학습,202601,전년동월,1
202501,수영구,소매업,쇼핑업,중간,80,지역업종,통과,지역업종학습,202601,전년동월,1
202501,수영구,음식점업,식음료업,높음,33,지역업종,통과,지역업종학습,202601,전년동월,1
202501,연제구,부동산업,서비스업,부분,27,지역업종,통과,지역업종학습,202601,전년동월,1
202501,연제구,소매업,쇼핑업,중간,85,지역업종,통과,지역업종학습,202601,전년동월,1
202501,연제구,음식점업,식음료업,높음,46,지역업종,통과,지역업종학습,202601,전년동월,1
202501,영도구,부동산업,서비스업,부분,5,지역업종,통과,지역업종학습,202601,전년동월,1
202501,영도구,소매업,쇼핑업,중간,33,지역업종,통과,지역업종학습,202601,전년동월,1
202501,영도구,음식점업,식음료업,높음,13,지역업종,통과,지역업종학습,202601,전년동월,1
202501,중구,부동산업,서비스업,부분,19,지역업종,통과,지역업종학습,202601,전년동월,1
202501,중구,소매업,쇼핑업,중간,24,지역업종,통과,지역업종학습,202601,전년동월,1
202501,중구,음식점업,식음료업,높음,25,지역업종,통과,지역업종학습,202601,전년동월,1
202501,해운대구,부동산업,서비스업,부분,71,지역업종,통과,지역업종학습,202601,전년동월,1
202501,해운대구,소매업,쇼핑업,중간,178,지역업종,통과,지역업종학습,202601,전년동월,1
202501,해운대구,음식점업,식음료업,높음,57,지역업종,통과,지역업종학습,202601,전년동월,1
202501,강서구,업종전체,,,212,지역전체,통과,지역총량분석,202601,전년동월,1
202501,금정구,업종전체,,,225,지역전체,통과,지역총량분석,202601,전년동월,1
202501,기장군,업종전체,,,213,지역전체,통과,지역총량분석,202601,전년동월,1
202501,남구,업종전체,,,261,지역전체,통과,지역총량분석,202601,전년동월,1
202501,동구,업종전체,,,135,지역전체,통과,지역총량분석,202601,전년동월,1
202501,동래구,업종전체,,,293,지역전체,통과,지역총량분석,202601,전년동월,1
202501,부산광역시 합계,업종전체,,,3756,지역전체,통과,지역총량분석,202601,전년동월,1
202501,부산진구,업종전체,,,499,지역전체,통과,지역총량분석,202601,전년동월,1
202501,북구,업종전체,,,213,지역전체,통과,지역총량분석,202601,전년동월,1
202501,사상구,업종전체,,,207,지역전체,통과,지역총량분석,202601,전년동월,1
202501,사하구,업종전체,,,248,지역전체,통과,지역총량분석,202601,전년동월,1
202501,서구,업종전체,,,111,지역전체,통과,지역총량분석,202601,전년동월,1
202501,수영구,업종전체,,,234,지역전체,통과,지역총량분석,202601,전년동월,1
202501,연제구,업종전체,,,237,지역전체,통과,지역총량분석,202601,전년동월,1
202501,영도구,업종전체,,,93,지역전체,통과,지역총량분석,202601,전년동월,1
202501,중구,업종전체,,,106,지역전체,통과,지역총량분석,202601,전년동월,1
202501,해운대구,업종전체,,,469,지역전체,통과,지역총량분석,202601,전년동월,1
202502,부산광역시 합계,IT관련 및 연구개발업,,,30,부산업종,해당없음,부산업종추세,202602,전년동월,1
202502,부산광역시 합계,가구 및 기타제조업,,,7,부산업종,해당없음,부산업종추세,202602,전년동월,1
202502,부산광역시 합계,가사서비스업,,,0,부산업종,해당없음,부산업종추세,202602,전년동월,1
202502,부산광역시 합계,"가죽, 가방 및 신발류 제조업",,,0,부산업종,해당없음,부산업종추세,202602,전년동월,1
202502,부산광역시 합계,건설업,,,115,부산업종,해당없음,부산업종추세,202602,전년동월,1
202502,부산광역시 합계,고무 및 프라스틱 제품 제조업,,,0,부산업종,해당없음,부산업종추세,202602,전년동월,1
202502,부산광역시 합계,광고업 및 기타 산업관련 서비스업,,,146,부산업종,해당없음,부산업종추세,202602,전년동월,1
202502,부산광역시 합계,광업,,,0,부산업종,해당없음,부산업종추세,202602,전년동월,1
202502,부산광역시 합계,교육서비스업,,,102,부산업종,해당없음,부산업종추세,202602,전년동월,1
202502,부산광역시 합계,금융 및 금융관련 서비스업,,,13,부산업종,해당없음,부산업종추세,202602,전년동월,1
202502,부산광역시 합계,기계장비 등 장비 임대업,,,0,부산업종,해당없음,부산업종추세,202602,전년동월,1
202502,부산광역시 합계,기타 서비스업,,,137,부산업종,해당없음,부산업종추세,202602,전년동월,1
202502,부산광역시 합계,기타 운송장비 제조업,,,13,부산업종,해당없음,부산업종추세,202602,전년동월,1
202502,부산광역시 합계,기타 전지기계 및 전기변환장치 제조업,,,0,부산업종,해당없음,부산업종추세,202602,전년동월,1
202502,부산광역시 합계,기타기계 및 장비 제조업,,,19,부산업종,해당없음,부산업종추세,202602,전년동월,1
202502,부산광역시 합계,기타도급제조업,,,5,부산업종,해당없음,부산업종추세,202602,전년동월,1
202502,부산광역시 합계,농업,,,0,부산업종,해당없음,부산업종추세,202602,전년동월,1
202502,부산광역시 합계,도매 및 상품중개업,,,232,부산업종,해당없음,부산업종추세,202602,전년동월,1
202502,부산광역시 합계,목재 및 나무제품 제조업(가구제외),,,0,부산업종,해당없음,부산업종추세,202602,전년동월,1
202502,부산광역시 합계,"법무, 회계, 건축 및 상담업",,,53,부산업종,해당없음,부산업종추세,202602,전년동월,1
202502,부산광역시 합계,보건업,의료웰니스업,중간,7,부산업종,해당없음,부산업종추세,202602,전년동월,1
202502,부산광역시 합계,보험 및 보험관련 서비스업,,,8,부산업종,해당없음,부산업종추세,202602,전년동월,1
202502,부산광역시 합계,부동산업,서비스업,부분,379,부산업종,해당없음,부산업종추세,202602,전년동월,1
202502,부산광역시 합계,비금속광물 제품 제조업,,,0,부산업종,해당없음,부산업종추세,202602,전년동월,1
202502,부산광역시 합계,섬유제품 제조업,,,0,부산업종,해당없음,부산업종추세,202602,전년동월,1
202502,부산광역시 합계,소매업,쇼핑업,중간,1209,부산업종,해당없음,부산업종추세,202602,전년동월,1
202502,부산광역시 합계,숙박업,여행/숙박업,중간,17,부산업종,해당없음,부산업종추세,202602,전년동월,1
202502,부산광역시 합계,어업,,,6,부산업종,해당없음,부산업종추세,202602,전년동월,1
202502,부산광역시 합계,여행알선 및 운수관련 서비스업,,,44,부산업종,해당없음,부산업종추세,202602,전년동월,1
202502,부산광역시 합계,"영상, 음향 및 통신장비 제조업",,,0,부산업종,해당없음,부산업종추세,202602,전년동월,1
202502,부산광역시 합계,"오락, 문화, 운동관련 산업 및 수리업",,,95,부산업종,해당없음,부산업종추세,202602,전년동월,1
202502,부산광역시 합계,운송업,운송업,중간,182,부산업종,해당없음,부산업종추세,202602,전년동월,1
202502,부산광역시 합계,위생관련 서비스업,,,0,부산업종,해당없음,부산업종추세,202602,전년동월,1
202502,부산광역시 합계,음식료품 및 담배제조업,,,25,부산업종,해당없음,부산업종추세,202602,전년동월,1
202502,부산광역시 합계,음식점업,식음료업,높음,631,부산업종,해당없음,부산업종추세,202602,전년동월,1
202502,부산광역시 합계,"의료, 정밀, 광학기기 및 시계제조업",,,0,부산업종,해당없음,부산업종추세,202602,전년동월,1
202502,부산광역시 합계,의복 및 모피 제품 제조업,,,0,부산업종,해당없음,부산업종추세,202602,전년동월,1
202502,부산광역시 합계,인적용역,,,119,부산업종,해당없음,부산업종추세,202602,전년동월,1
202502,부산광역시 합계,임업,,,0,부산업종,해당없음,부산업종추세,202602,전년동월,1
202502,부산광역시 합계,자동차 및 트레일러 제조업,,,0,부산업종,해당없음,부산업종추세,202602,전년동월,1
202502,부산광역시 합계,자동차관련 소매,운송업,부분,17,부산업종,해당없음,부산업종추세,202602,전년동월,1
202502,부산광역시 합계,재생재료 및 가공처리업,,,0,부산업종,해당없음,부산업종추세,202602,전년동월,1
202502,부산광역시 합계,"전기, 가스 및 수도사업",,,0,부산업종,해당없음,부산업종추세,202602,전년동월,1
202502,부산광역시 합계,제1차 금속산업 제조업,,,0,부산업종,해당없음,부산업종추세,202602,전년동월,1
202502,부산광역시 합계,조립금속제품 제조업(기계 및 장비 제외),,,8,부산업종,해당없음,부산업종추세,202602,전년동월,1
202502,부산광역시 합계,"출판, 인쇄 및 기록매체 제조업",,,10,부산업종,해당없음,부산업종추세,202602,전년동월,1
202502,부산광역시 합계,통신업,,,0,부산업종,해당없음,부산업종추세,202602,전년동월,1
202502,부산광역시 합계,화합물 및 화학 제품 제조업,,,0,부산업종,해당없음,부산업종추세,202602,전년동월,1
202502,강서구,소매업,쇼핑업,중간,62,지역업종,통과,지역업종학습,202602,전년동월,1
202502,강서구,음식점업,식음료업,높음,41,지역업종,통과,지역업종학습,202602,전년동월,1
202502,금정구,소매업,쇼핑업,중간,60,지역업종,통과,지역업종학습,202602,전년동월,1
202502,금정구,음식점업,식음료업,높음,51,지역업종,통과,지역업종학습,202602,전년동월,1
202502,기장군,소매업,쇼핑업,중간,57,지역업종,통과,지역업종학습,202602,전년동월,1
202502,기장군,음식점업,식음료업,높음,35,지역업종,통과,지역업종학습,202602,전년동월,1
202502,남구,소매업,쇼핑업,중간,101,지역업종,통과,지역업종학습,202602,전년동월,1
202502,남구,음식점업,식음료업,높음,43,지역업종,통과,지역업종학습,202602,전년동월,1
202502,동구,소매업,쇼핑업,중간,37,지역업종,통과,지역업종학습,202602,전년동월,1
202502,동구,음식점업,식음료업,높음,15,지역업종,통과,지역업종학습,202602,전년동월,1
202502,동래구,소매업,쇼핑업,중간,106,지역업종,통과,지역업종학습,202602,전년동월,1
202502,동래구,음식점업,식음료업,높음,39,지역업종,통과,지역업종학습,202602,전년동월,1
202502,부산진구,소매업,쇼핑업,중간,152,지역업종,통과,지역업종학습,202602,전년동월,1
202502,부산진구,음식점업,식음료업,높음,93,지역업종,통과,지역업종학습,202602,전년동월,1
202502,북구,소매업,쇼핑업,중간,95,지역업종,통과,지역업종학습,202602,전년동월,1
202502,북구,음식점업,식음료업,높음,37,지역업종,통과,지역업종학습,202602,전년동월,1
202502,사상구,소매업,쇼핑업,중간,54,지역업종,통과,지역업종학습,202602,전년동월,1
202502,사상구,음식점업,식음료업,높음,33,지역업종,통과,지역업종학습,202602,전년동월,1
202502,사하구,소매업,쇼핑업,중간,88,지역업종,통과,지역업종학습,202602,전년동월,1
202502,사하구,음식점업,식음료업,높음,37,지역업종,통과,지역업종학습,202602,전년동월,1
202502,서구,소매업,쇼핑업,중간,32,지역업종,통과,지역업종학습,202602,전년동월,1
202502,서구,음식점업,식음료업,높음,14,지역업종,통과,지역업종학습,202602,전년동월,1
202502,수영구,소매업,쇼핑업,중간,68,지역업종,통과,지역업종학습,202602,전년동월,1
202502,수영구,음식점업,식음료업,높음,52,지역업종,통과,지역업종학습,202602,전년동월,1
202502,연제구,소매업,쇼핑업,중간,78,지역업종,통과,지역업종학습,202602,전년동월,1
202502,연제구,음식점업,식음료업,높음,34,지역업종,통과,지역업종학습,202602,전년동월,1
202502,영도구,소매업,쇼핑업,중간,30,지역업종,통과,지역업종학습,202602,전년동월,1
202502,영도구,음식점업,식음료업,높음,16,지역업종,통과,지역업종학습,202602,전년동월,1
202502,중구,소매업,쇼핑업,중간,37,지역업종,통과,지역업종학습,202602,전년동월,1
202502,중구,음식점업,식음료업,높음,18,지역업종,통과,지역업종학습,202602,전년동월,1
202502,해운대구,소매업,쇼핑업,중간,152,지역업종,통과,지역업종학습,202602,전년동월,1
202502,해운대구,음식점업,식음료업,높음,73,지역업종,통과,지역업종학습,202602,전년동월,1
202502,강서구,업종전체,,,230,지역전체,통과,지역총량분석,202602,전년동월,1
202502,금정구,업종전체,,,224,지역전체,통과,지역총량분석,202602,전년동월,1
202502,기장군,업종전체,,,194,지역전체,통과,지역총량분석,202602,전년동월,1
202502,남구,업종전체,,,273,지역전체,통과,지역총량분석,202602,전년동월,1
202502,동구,업종전체,,,118,지역전체,통과,지역총량분석,202602,전년동월,1
202502,동래구,업종전체,,,251,지역전체,통과,지역총량분석,202602,전년동월,1
202502,부산광역시 합계,업종전체,,,3689,지역전체,통과,지역총량분석,202602,전년동월,1
202502,부산진구,업종전체,,,450,지역전체,통과,지역총량분석,202602,전년동월,1
202502,북구,업종전체,,,223,지역전체,통과,지역총량분석,202602,전년동월,1
202502,사상구,업종전체,,,223,지역전체,통과,지역총량분석,202602,전년동월,1
202502,사하구,업종전체,,,259,지역전체,통과,지역총량분석,202602,전년동월,1
202502,서구,업종전체,,,100,지역전체,통과,지역총량분석,202602,전년동월,1
202502,수영구,업종전체,,,245,지역전체,통과,지역총량분석,202602,전년동월,1
202502,연제구,업종전체,,,224,지역전체,통과,지역총량분석,202602,전년동월,1
202502,영도구,업종전체,,,103,지역전체,통과,지역총량분석,202602,전년동월,1
202502,중구,업종전체,,,102,지역전체,통과,지역총량분석,202602,전년동월,1
202502,해운대구,업종전체,,,470,지역전체,통과,지역총량분석,202602,전년동월,1
202503,부산광역시 합계,IT관련 및 연구개발업,,,58,부산업종,해당없음,부산업종추세,202603,전년동월,1
202503,부산광역시 합계,가구 및 기타제조업,,,8,부산업종,해당없음,부산업종추세,202603,전년동월,1
202503,부산광역시 합계,가사서비스업,,,0,부산업종,해당없음,부산업종추세,202603,전년동월,1
202503,부산광역시 합계,"가죽, 가방 및 신발류 제조업",,,0,부산업종,해당없음,부산업종추세,202603,전년동월,1
202503,부산광역시 합계,건설업,,,190,부산업종,해당없음,부산업종추세,202603,전년동월,1
202503,부산광역시 합계,고무 및 프라스틱 제품 제조업,,,0,부산업종,해당없음,부산업종추세,202603,전년동월,1
202503,부산광역시 합계,광고업 및 기타 산업관련 서비스업,,,175,부산업종,해당없음,부산업종추세,202603,전년동월,1
202503,부산광역시 합계,교육서비스업,,,125,부산업종,해당없음,부산업종추세,202603,전년동월,1
202503,부산광역시 합계,금융 및 금융관련 서비스업,,,12,부산업종,해당없음,부산업종추세,202603,전년동월,1
202503,부산광역시 합계,기계장비 등 장비 임대업,,,5,부산업종,해당없음,부산업종추세,202603,전년동월,1
202503,부산광역시 합계,기타 서비스업,,,149,부산업종,해당없음,부산업종추세,202603,전년동월,1
202503,부산광역시 합계,기타 운송장비 제조업,,,19,부산업종,해당없음,부산업종추세,202603,전년동월,1
202503,부산광역시 합계,기타 전지기계 및 전기변환장치 제조업,,,0,부산업종,해당없음,부산업종추세,202603,전년동월,1
202503,부산광역시 합계,기타기계 및 장비 제조업,,,24,부산업종,해당없음,부산업종추세,202603,전년동월,1
202503,부산광역시 합계,기타도급제조업,,,9,부산업종,해당없음,부산업종추세,202603,전년동월,1
202503,부산광역시 합계,농업,,,0,부산업종,해당없음,부산업종추세,202603,전년동월,1
202503,부산광역시 합계,도매 및 상품중개업,,,334,부산업종,해당없음,부산업종추세,202603,전년동월,1
202503,부산광역시 합계,목재 및 나무제품 제조업(가구제외),,,0,부산업종,해당없음,부산업종추세,202603,전년동월,1
202503,부산광역시 합계,"법무, 회계, 건축 및 상담업",,,55,부산업종,해당없음,부산업종추세,202603,전년동월,1
202503,부산광역시 합계,보건업,의료웰니스업,중간,14,부산업종,해당없음,부산업종추세,202603,전년동월,1
202503,부산광역시 합계,보험 및 보험관련 서비스업,,,0,부산업종,해당없음,부산업종추세,202603,전년동월,1
202503,부산광역시 합계,부동산업,서비스업,부분,424,부산업종,해당없음,부산업종추세,202603,전년동월,1
202503,부산광역시 합계,비금속광물 제품 제조업,,,0,부산업종,해당없음,부산업종추세,202603,전년동월,1
202503,부산광역시 합계,"사무, 계산 및 회계용 기계 조립업",,,0,부산업종,해당없음,부산업종추세,202603,전년동월,1
202503,부산광역시 합계,섬유제품 제조업,,,0,부산업종,해당없음,부산업종추세,202603,전년동월,1
202503,부산광역시 합계,소매업,쇼핑업,중간,1191,부산업종,해당없음,부산업종추세,202603,전년동월,1
202503,부산광역시 합계,숙박업,여행/숙박업,중간,22,부산업종,해당없음,부산업종추세,202603,전년동월,1
202503,부산광역시 합계,어업,,,0,부산업종,해당없음,부산업종추세,202603,전년동월,1
202503,부산광역시 합계,여행알선 및 운수관련 서비스업,,,47,부산업종,해당없음,부산업종추세,202603,전년동월,1
202503,부산광역시 합계,"영상, 음향 및 통신장비 제조업",,,0,부산업종,해당없음,부산업종추세,202603,전년동월,1
202503,부산광역시 합계,"오락, 문화, 운동관련 산업 및 수리업",,,139,부산업종,해당없음,부산업종추세,202603,전년동월,1
202503,부산광역시 합계,운송업,운송업,중간,236,부산업종,해당없음,부산업종추세,202603,전년동월,1
202503,부산광역시 합계,위생관련 서비스업,,,0,부산업종,해당없음,부산업종추세,202603,전년동월,1
202503,부산광역시 합계,음식료품 및 담배제조업,,,29,부산업종,해당없음,부산업종추세,202603,전년동월,1
202503,부산광역시 합계,음식점업,식음료업,높음,715,부산업종,해당없음,부산업종추세,202603,전년동월,1
202503,부산광역시 합계,의복 및 모피 제품 제조업,,,0,부산업종,해당없음,부산업종추세,202603,전년동월,1
202503,부산광역시 합계,인적용역,,,121,부산업종,해당없음,부산업종추세,202603,전년동월,1
202503,부산광역시 합계,임업,,,0,부산업종,해당없음,부산업종추세,202603,전년동월,1
202503,부산광역시 합계,자동차 및 트레일러 제조업,,,0,부산업종,해당없음,부산업종추세,202603,전년동월,1
202503,부산광역시 합계,자동차관련 소매,운송업,부분,17,부산업종,해당없음,부산업종추세,202603,전년동월,1
202503,부산광역시 합계,재생재료 및 가공처리업,,,0,부산업종,해당없음,부산업종추세,202603,전년동월,1
202503,부산광역시 합계,제1차 금속산업 제조업,,,0,부산업종,해당없음,부산업종추세,202603,전년동월,1
202503,부산광역시 합계,조립금속제품 제조업(기계 및 장비 제외),,,15,부산업종,해당없음,부산업종추세,202603,전년동월,1
202503,부산광역시 합계,통신업,,,5,부산업종,해당없음,부산업종추세,202603,전년동월,1
202503,부산광역시 합계,화합물 및 화학 제품 제조업,,,0,부산업종,해당없음,부산업종추세,202603,전년동월,1
202503,강서구,소매업,쇼핑업,중간,74,지역업종,통과,지역업종학습,202603,전년동월,1
202503,강서구,음식점업,식음료업,높음,31,지역업종,통과,지역업종학습,202603,전년동월,1
202503,금정구,소매업,쇼핑업,중간,64,지역업종,통과,지역업종학습,202603,전년동월,1
202503,금정구,음식점업,식음료업,높음,41,지역업종,통과,지역업종학습,202603,전년동월,1
202503,기장군,소매업,쇼핑업,중간,47,지역업종,통과,지역업종학습,202603,전년동월,1
202503,기장군,음식점업,식음료업,높음,44,지역업종,통과,지역업종학습,202603,전년동월,1
202503,남구,소매업,쇼핑업,중간,70,지역업종,통과,지역업종학습,202603,전년동월,1
202503,남구,음식점업,식음료업,높음,46,지역업종,통과,지역업종학습,202603,전년동월,1
202503,동구,소매업,쇼핑업,중간,32,지역업종,통과,지역업종학습,202603,전년동월,1
202503,동구,음식점업,식음료업,높음,25,지역업종,통과,지역업종학습,202603,전년동월,1
202503,동래구,소매업,쇼핑업,중간,90,지역업종,통과,지역업종학습,202603,전년동월,1
202503,동래구,음식점업,식음료업,높음,56,지역업종,통과,지역업종학습,202603,전년동월,1
202503,부산진구,소매업,쇼핑업,중간,147,지역업종,통과,지역업종학습,202603,전년동월,1
202503,부산진구,음식점업,식음료업,높음,96,지역업종,통과,지역업종학습,202603,전년동월,1
202503,북구,소매업,쇼핑업,중간,123,지역업종,통과,지역업종학습,202603,전년동월,1
202503,북구,음식점업,식음료업,높음,40,지역업종,통과,지역업종학습,202603,전년동월,1
202503,사상구,소매업,쇼핑업,중간,75,지역업종,통과,지역업종학습,202603,전년동월,1
202503,사상구,음식점업,식음료업,높음,36,지역업종,통과,지역업종학습,202603,전년동월,1
202503,사하구,소매업,쇼핑업,중간,60,지역업종,통과,지역업종학습,202603,전년동월,1
202503,사하구,음식점업,식음료업,높음,55,지역업종,통과,지역업종학습,202603,전년동월,1
202503,서구,소매업,쇼핑업,중간,37,지역업종,통과,지역업종학습,202603,전년동월,1
202503,서구,음식점업,식음료업,높음,20,지역업종,통과,지역업종학습,202603,전년동월,1
202503,수영구,소매업,쇼핑업,중간,83,지역업종,통과,지역업종학습,202603,전년동월,1
202503,수영구,음식점업,식음료업,높음,62,지역업종,통과,지역업종학습,202603,전년동월,1
202503,연제구,소매업,쇼핑업,중간,72,지역업종,통과,지역업종학습,202603,전년동월,1
202503,연제구,음식점업,식음료업,높음,52,지역업종,통과,지역업종학습,202603,전년동월,1
202503,영도구,소매업,쇼핑업,중간,29,지역업종,통과,지역업종학습,202603,전년동월,1
202503,영도구,음식점업,식음료업,높음,10,지역업종,통과,지역업종학습,202603,전년동월,1
202503,중구,소매업,쇼핑업,중간,48,지역업종,통과,지역업종학습,202603,전년동월,1
202503,중구,음식점업,식음료업,높음,30,지역업종,통과,지역업종학습,202603,전년동월,1
202503,해운대구,소매업,쇼핑업,중간,140,지역업종,통과,지역업종학습,202603,전년동월,1
202503,해운대구,음식점업,식음료업,높음,71,지역업종,통과,지역업종학습,202603,전년동월,1
202503,강서구,업종전체,,,253,지역전체,통과,지역총량분석,202603,전년동월,1
202503,금정구,업종전체,,,254,지역전체,통과,지역총량분석,202603,전년동월,1
202503,기장군,업종전체,,,241,지역전체,통과,지역총량분석,202603,전년동월,1
202503,남구,업종전체,,,254,지역전체,통과,지역총량분석,202603,전년동월,1
202503,동구,업종전체,,,157,지역전체,통과,지역총량분석,202603,전년동월,1
202503,동래구,업종전체,,,283,지역전체,통과,지역총량분석,202603,전년동월,1
202503,부산광역시 합계,업종전체,,,4233,지역전체,통과,지역총량분석,202603,전년동월,1
202503,부산진구,업종전체,,,514,지역전체,통과,지역총량분석,202603,전년동월,1
202503,북구,업종전체,,,306,지역전체,통과,지역총량분석,202603,전년동월,1
202503,사상구,업종전체,,,271,지역전체,통과,지역총량분석,202603,전년동월,1
202503,사하구,업종전체,,,275,지역전체,통과,지역총량분석,202603,전년동월,1
202503,서구,업종전체,,,111,지역전체,통과,지역총량분석,202603,전년동월,1
202503,수영구,업종전체,,,280,지역전체,통과,지역총량분석,202603,전년동월,1
202503,연제구,업종전체,,,278,지역전체,통과,지역총량분석,202603,전년동월,1
202503,영도구,업종전체,,,106,지역전체,통과,지역총량분석,202603,전년동월,1
202503,중구,업종전체,,,185,지역전체,통과,지역총량분석,202603,전년동월,1
202503,해운대구,업종전체,,,465,지역전체,통과,지역총량분석,202603,전년동월,1
202504,부산광역시 합계,IT관련 및 연구개발업,,,45,부산업종,해당없음,부산업종추세,202604,전년동월,1
202504,부산광역시 합계,가구 및 기타제조업,,,7,부산업종,해당없음,부산업종추세,202604,전년동월,1
202504,부산광역시 합계,가사서비스업,,,0,부산업종,해당없음,부산업종추세,202604,전년동월,1
202504,부산광역시 합계,"가죽, 가방 및 신발류 제조업",,,0,부산업종,해당없음,부산업종추세,202604,전년동월,1
202504,부산광역시 합계,건설업,,,143,부산업종,해당없음,부산업종추세,202604,전년동월,1
202504,부산광역시 합계,고무 및 프라스틱 제품 제조업,,,0,부산업종,해당없음,부산업종추세,202604,전년동월,1
202504,부산광역시 합계,광고업 및 기타 산업관련 서비스업,,,138,부산업종,해당없음,부산업종추세,202604,전년동월,1
202504,부산광역시 합계,교육서비스업,,,81,부산업종,해당없음,부산업종추세,202604,전년동월,1
202504,부산광역시 합계,금융 및 금융관련 서비스업,,,9,부산업종,해당없음,부산업종추세,202604,전년동월,1
202504,부산광역시 합계,기계장비 등 장비 임대업,,,0,부산업종,해당없음,부산업종추세,202604,전년동월,1
202504,부산광역시 합계,기타 서비스업,,,151,부산업종,해당없음,부산업종추세,202604,전년동월,1
202504,부산광역시 합계,기타 운송장비 제조업,,,9,부산업종,해당없음,부산업종추세,202604,전년동월,1
202504,부산광역시 합계,기타 전지기계 및 전기변환장치 제조업,,,7,부산업종,해당없음,부산업종추세,202604,전년동월,1
202504,부산광역시 합계,기타기계 및 장비 제조업,,,18,부산업종,해당없음,부산업종추세,202604,전년동월,1
202504,부산광역시 합계,기타도급제조업,,,0,부산업종,해당없음,부산업종추세,202604,전년동월,1
202504,부산광역시 합계,농업,,,0,부산업종,해당없음,부산업종추세,202604,전년동월,1
202504,부산광역시 합계,도매 및 상품중개업,,,256,부산업종,해당없음,부산업종추세,202604,전년동월,1
202504,부산광역시 합계,목재 및 나무제품 제조업(가구제외),,,0,부산업종,해당없음,부산업종추세,202604,전년동월,1
202504,부산광역시 합계,"법무, 회계, 건축 및 상담업",,,40,부산업종,해당없음,부산업종추세,202604,전년동월,1
202504,부산광역시 합계,보건업,의료웰니스업,중간,9,부산업종,해당없음,부산업종추세,202604,전년동월,1
202504,부산광역시 합계,보험 및 보험관련 서비스업,,,8,부산업종,해당없음,부산업종추세,202604,전년동월,1
202504,부산광역시 합계,부동산업,서비스업,부분,300,부산업종,해당없음,부산업종추세,202604,전년동월,1
202504,부산광역시 합계,비금속광물 제품 제조업,,,0,부산업종,해당없음,부산업종추세,202604,전년동월,1
202504,부산광역시 합계,"사무, 계산 및 회계용 기계 조립업",,,0,부산업종,해당없음,부산업종추세,202604,전년동월,1
202504,부산광역시 합계,섬유제품 제조업,,,5,부산업종,해당없음,부산업종추세,202604,전년동월,1
202504,부산광역시 합계,소매업,쇼핑업,중간,1008,부산업종,해당없음,부산업종추세,202604,전년동월,1
202504,부산광역시 합계,숙박업,여행/숙박업,중간,18,부산업종,해당없음,부산업종추세,202604,전년동월,1
202504,부산광역시 합계,어업,,,0,부산업종,해당없음,부산업종추세,202604,전년동월,1
202504,부산광역시 합계,여행알선 및 운수관련 서비스업,,,31,부산업종,해당없음,부산업종추세,202604,전년동월,1
202504,부산광역시 합계,"영상, 음향 및 통신장비 제조업",,,0,부산업종,해당없음,부산업종추세,202604,전년동월,1
202504,부산광역시 합계,"오락, 문화, 운동관련 산업 및 수리업",,,106,부산업종,해당없음,부산업종추세,202604,전년동월,1
202504,부산광역시 합계,운송업,운송업,중간,210,부산업종,해당없음,부산업종추세,202604,전년동월,1
202504,부산광역시 합계,위생관련 서비스업,,,0,부산업종,해당없음,부산업종추세,202604,전년동월,1
202504,부산광역시 합계,음식료품 및 담배제조업,,,26,부산업종,해당없음,부산업종추세,202604,전년동월,1
202504,부산광역시 합계,음식점업,식음료업,높음,704,부산업종,해당없음,부산업종추세,202604,전년동월,1
202504,부산광역시 합계,의복 및 모피 제품 제조업,,,0,부산업종,해당없음,부산업종추세,202604,전년동월,1
202504,부산광역시 합계,인적용역,,,84,부산업종,해당없음,부산업종추세,202604,전년동월,1
202504,부산광역시 합계,자동차 및 트레일러 제조업,,,0,부산업종,해당없음,부산업종추세,202604,전년동월,1
202504,부산광역시 합계,자동차관련 소매,운송업,부분,12,부산업종,해당없음,부산업종추세,202604,전년동월,1
202504,부산광역시 합계,제1차 금속산업 제조업,,,0,부산업종,해당없음,부산업종추세,202604,전년동월,1
202504,부산광역시 합계,조립금속제품 제조업(기계 및 장비 제외),,,16,부산업종,해당없음,부산업종추세,202604,전년동월,1
202504,부산광역시 합계,통신업,,,0,부산업종,해당없음,부산업종추세,202604,전년동월,1
202504,부산광역시 합계,화합물 및 화학 제품 제조업,,,0,부산업종,해당없음,부산업종추세,202604,전년동월,1
202504,강서구,부동산업,서비스업,부분,14,지역업종,통과,지역업종학습,202604,전년동월,1
202504,강서구,소매업,쇼핑업,중간,52,지역업종,통과,지역업종학습,202604,전년동월,1
202504,강서구,음식점업,식음료업,높음,37,지역업종,통과,지역업종학습,202604,전년동월,1
202504,금정구,부동산업,서비스업,부분,14,지역업종,통과,지역업종학습,202604,전년동월,1
202504,금정구,소매업,쇼핑업,중간,69,지역업종,통과,지역업종학습,202604,전년동월,1
202504,금정구,음식점업,식음료업,높음,56,지역업종,통과,지역업종학습,202604,전년동월,1
202504,기장군,부동산업,서비스업,부분,23,지역업종,통과,지역업종학습,202604,전년동월,1
202504,기장군,소매업,쇼핑업,중간,57,지역업종,통과,지역업종학습,202604,전년동월,1
202504,기장군,음식점업,식음료업,높음,33,지역업종,통과,지역업종학습,202604,전년동월,1
202504,남구,부동산업,서비스업,부분,14,지역업종,통과,지역업종학습,202604,전년동월,1
202504,남구,소매업,쇼핑업,중간,80,지역업종,통과,지역업종학습,202604,전년동월,1
202504,남구,음식점업,식음료업,높음,38,지역업종,통과,지역업종학습,202604,전년동월,1
202504,동구,부동산업,서비스업,부분,21,지역업종,통과,지역업종학습,202604,전년동월,1
202504,동구,소매업,쇼핑업,중간,26,지역업종,통과,지역업종학습,202604,전년동월,1
202504,동구,음식점업,식음료업,높음,25,지역업종,통과,지역업종학습,202604,전년동월,1
202504,동래구,부동산업,서비스업,부분,24,지역업종,통과,지역업종학습,202604,전년동월,1
202504,동래구,소매업,쇼핑업,중간,72,지역업종,통과,지역업종학습,202604,전년동월,1
202504,동래구,음식점업,식음료업,높음,60,지역업종,통과,지역업종학습,202604,전년동월,1
202504,부산진구,부동산업,서비스업,부분,35,지역업종,통과,지역업종학습,202604,전년동월,1
202504,부산진구,소매업,쇼핑업,중간,131,지역업종,통과,지역업종학습,202604,전년동월,1
202504,부산진구,음식점업,식음료업,높음,114,지역업종,통과,지역업종학습,202604,전년동월,1
202504,북구,부동산업,서비스업,부분,12,지역업종,통과,지역업종학습,202604,전년동월,1
202504,북구,소매업,쇼핑업,중간,75,지역업종,통과,지역업종학습,202604,전년동월,1
202504,북구,음식점업,식음료업,높음,27,지역업종,통과,지역업종학습,202604,전년동월,1
202504,사상구,부동산업,서비스업,부분,12,지역업종,통과,지역업종학습,202604,전년동월,1
202504,사상구,소매업,쇼핑업,중간,53,지역업종,통과,지역업종학습,202604,전년동월,1
202504,사상구,음식점업,식음료업,높음,37,지역업종,통과,지역업종학습,202604,전년동월,1
202504,사하구,부동산업,서비스업,부분,8,지역업종,통과,지역업종학습,202604,전년동월,1
202504,사하구,소매업,쇼핑업,중간,81,지역업종,통과,지역업종학습,202604,전년동월,1
202504,사하구,음식점업,식음료업,높음,62,지역업종,통과,지역업종학습,202604,전년동월,1
202504,서구,부동산업,서비스업,부분,9,지역업종,통과,지역업종학습,202604,전년동월,1
202504,서구,소매업,쇼핑업,중간,27,지역업종,통과,지역업종학습,202604,전년동월,1
202504,서구,음식점업,식음료업,높음,17,지역업종,통과,지역업종학습,202604,전년동월,1
202504,수영구,부동산업,서비스업,부분,20,지역업종,통과,지역업종학습,202604,전년동월,1
202504,수영구,소매업,쇼핑업,중간,72,지역업종,통과,지역업종학습,202604,전년동월,1
202504,수영구,음식점업,식음료업,높음,50,지역업종,통과,지역업종학습,202604,전년동월,1
202504,연제구,부동산업,서비스업,부분,26,지역업종,통과,지역업종학습,202604,전년동월,1
202504,연제구,소매업,쇼핑업,중간,73,지역업종,통과,지역업종학습,202604,전년동월,1
202504,연제구,음식점업,식음료업,높음,47,지역업종,통과,지역업종학습,202604,전년동월,1
202504,영도구,부동산업,서비스업,부분,5,지역업종,통과,지역업종학습,202604,전년동월,1
202504,영도구,소매업,쇼핑업,중간,14,지역업종,통과,지역업종학습,202604,전년동월,1
202504,영도구,음식점업,식음료업,높음,13,지역업종,통과,지역업종학습,202604,전년동월,1
202504,중구,부동산업,서비스업,부분,12,지역업종,통과,지역업종학습,202604,전년동월,1
202504,중구,소매업,쇼핑업,중간,23,지역업종,통과,지역업종학습,202604,전년동월,1
202504,중구,음식점업,식음료업,높음,18,지역업종,통과,지역업종학습,202604,전년동월,1
202504,해운대구,부동산업,서비스업,부분,51,지역업종,통과,지역업종학습,202604,전년동월,1
202504,해운대구,소매업,쇼핑업,중간,103,지역업종,통과,지역업종학습,202604,전년동월,1
202504,해운대구,음식점업,식음료업,높음,70,지역업종,통과,지역업종학습,202604,전년동월,1
202504,강서구,업종전체,,,225,지역전체,통과,지역총량분석,202604,전년동월,1
202504,금정구,업종전체,,,239,지역전체,통과,지역총량분석,202604,전년동월,1
202504,기장군,업종전체,,,193,지역전체,통과,지역총량분석,202604,전년동월,1
202504,남구,업종전체,,,243,지역전체,통과,지역총량분석,202604,전년동월,1
202504,동구,업종전체,,,117,지역전체,통과,지역총량분석,202604,전년동월,1
202504,동래구,업종전체,,,266,지역전체,통과,지역총량분석,202604,전년동월,1
202504,부산광역시 합계,업종전체,,,3518,지역전체,통과,지역총량분석,202604,전년동월,1
202504,부산진구,업종전체,,,433,지역전체,통과,지역총량분석,202604,전년동월,1
202504,북구,업종전체,,,198,지역전체,통과,지역총량분석,202604,전년동월,1
202504,사상구,업종전체,,,200,지역전체,통과,지역총량분석,202604,전년동월,1
202504,사하구,업종전체,,,261,지역전체,통과,지역총량분석,202604,전년동월,1
202504,서구,업종전체,,,95,지역전체,통과,지역총량분석,202604,전년동월,1
202504,수영구,업종전체,,,220,지역전체,통과,지역총량분석,202604,전년동월,1
202504,연제구,업종전체,,,239,지역전체,통과,지역총량분석,202604,전년동월,1
202504,영도구,업종전체,,,78,지역전체,통과,지역총량분석,202604,전년동월,1
202504,중구,업종전체,,,110,지역전체,통과,지역총량분석,202604,전년동월,1
202504,해운대구,업종전체,,,401,지역전체,통과,지역총량분석,202604,전년동월,1
202505,부산광역시 합계,IT관련 및 연구개발업,,,26,부산업종,해당없음,부산업종추세,202605,전년동월,1
202505,부산광역시 합계,가구 및 기타제조업,,,9,부산업종,해당없음,부산업종추세,202605,전년동월,1
202505,부산광역시 합계,가사서비스업,,,0,부산업종,해당없음,부산업종추세,202605,전년동월,1
202505,부산광역시 합계,"가죽, 가방 및 신발류 제조업",,,0,부산업종,해당없음,부산업종추세,202605,전년동월,1
202505,부산광역시 합계,건설업,,,126,부산업종,해당없음,부산업종추세,202605,전년동월,1
202505,부산광역시 합계,고무 및 프라스틱 제품 제조업,,,13,부산업종,해당없음,부산업종추세,202605,전년동월,1
202505,부산광역시 합계,광고업 및 기타 산업관련 서비스업,,,143,부산업종,해당없음,부산업종추세,202605,전년동월,1
202505,부산광역시 합계,교육서비스업,,,96,부산업종,해당없음,부산업종추세,202605,전년동월,1
202505,부산광역시 합계,금융 및 금융관련 서비스업,,,9,부산업종,해당없음,부산업종추세,202605,전년동월,1
202505,부산광역시 합계,기계장비 등 장비 임대업,,,9,부산업종,해당없음,부산업종추세,202605,전년동월,1
202505,부산광역시 합계,기타 서비스업,,,147,부산업종,해당없음,부산업종추세,202605,전년동월,1
202505,부산광역시 합계,기타 운송장비 제조업,,,0,부산업종,해당없음,부산업종추세,202605,전년동월,1
202505,부산광역시 합계,기타 전지기계 및 전기변환장치 제조업,,,8,부산업종,해당없음,부산업종추세,202605,전년동월,1
202505,부산광역시 합계,기타기계 및 장비 제조업,,,20,부산업종,해당없음,부산업종추세,202605,전년동월,1
202505,부산광역시 합계,기타도급제조업,,,0,부산업종,해당없음,부산업종추세,202605,전년동월,1
202505,부산광역시 합계,농업,,,0,부산업종,해당없음,부산업종추세,202605,전년동월,1
202505,부산광역시 합계,도매 및 상품중개업,,,255,부산업종,해당없음,부산업종추세,202605,전년동월,1
202505,부산광역시 합계,목재 및 나무제품 제조업(가구제외),,,0,부산업종,해당없음,부산업종추세,202605,전년동월,1
202505,부산광역시 합계,"법무, 회계, 건축 및 상담업",,,39,부산업종,해당없음,부산업종추세,202605,전년동월,1
202505,부산광역시 합계,보건업,의료웰니스업,중간,10,부산업종,해당없음,부산업종추세,202605,전년동월,1
202505,부산광역시 합계,보험 및 보험관련 서비스업,,,0,부산업종,해당없음,부산업종추세,202605,전년동월,1
202505,부산광역시 합계,부동산업,서비스업,부분,361,부산업종,해당없음,부산업종추세,202605,전년동월,1
202505,부산광역시 합계,비금속광물 제품 제조업,,,0,부산업종,해당없음,부산업종추세,202605,전년동월,1
202505,부산광역시 합계,"사무, 계산 및 회계용 기계 조립업",,,0,부산업종,해당없음,부산업종추세,202605,전년동월,1
202505,부산광역시 합계,섬유제품 제조업,,,0,부산업종,해당없음,부산업종추세,202605,전년동월,1
202505,부산광역시 합계,소매업,쇼핑업,중간,1063,부산업종,해당없음,부산업종추세,202605,전년동월,1
202505,부산광역시 합계,숙박업,여행/숙박업,중간,35,부산업종,해당없음,부산업종추세,202605,전년동월,1
202505,부산광역시 합계,어업,,,0,부산업종,해당없음,부산업종추세,202605,전년동월,1
202505,부산광역시 합계,여행알선 및 운수관련 서비스업,,,47,부산업종,해당없음,부산업종추세,202605,전년동월,1
202505,부산광역시 합계,"영상, 음향 및 통신장비 제조업",,,0,부산업종,해당없음,부산업종추세,202605,전년동월,1
202505,부산광역시 합계,"오락, 문화, 운동관련 산업 및 수리업",,,104,부산업종,해당없음,부산업종추세,202605,전년동월,1
202505,부산광역시 합계,운송업,운송업,중간,175,부산업종,해당없음,부산업종추세,202605,전년동월,1
202505,부산광역시 합계,위생관련 서비스업,,,0,부산업종,해당없음,부산업종추세,202605,전년동월,1
202505,부산광역시 합계,음식료품 및 담배제조업,,,23,부산업종,해당없음,부산업종추세,202605,전년동월,1
202505,부산광역시 합계,음식점업,식음료업,높음,596,부산업종,해당없음,부산업종추세,202605,전년동월,1
202505,부산광역시 합계,의복 및 모피 제품 제조업,,,0,부산업종,해당없음,부산업종추세,202605,전년동월,1
202505,부산광역시 합계,인적용역,,,98,부산업종,해당없음,부산업종추세,202605,전년동월,1
202505,부산광역시 합계,임업,,,0,부산업종,해당없음,부산업종추세,202605,전년동월,1
202505,부산광역시 합계,자동차 및 트레일러 제조업,,,0,부산업종,해당없음,부산업종추세,202605,전년동월,1
202505,부산광역시 합계,자동차관련 소매,운송업,부분,10,부산업종,해당없음,부산업종추세,202605,전년동월,1
202505,부산광역시 합계,재생재료 및 가공처리업,,,0,부산업종,해당없음,부산업종추세,202605,전년동월,1
202505,부산광역시 합계,제1차 금속산업 제조업,,,0,부산업종,해당없음,부산업종추세,202605,전년동월,1
202505,부산광역시 합계,조립금속제품 제조업(기계 및 장비 제외),,,22,부산업종,해당없음,부산업종추세,202605,전년동월,1
202505,부산광역시 합계,통신업,,,0,부산업종,해당없음,부산업종추세,202605,전년동월,1
202505,부산광역시 합계,화합물 및 화학 제품 제조업,,,0,부산업종,해당없음,부산업종추세,202605,전년동월,1
202505,강서구,부동산업,서비스업,부분,20,지역업종,통과,지역업종학습,202605,전년동월,1
202505,강서구,소매업,쇼핑업,중간,55,지역업종,통과,지역업종학습,202605,전년동월,1
202505,강서구,음식점업,식음료업,높음,20,지역업종,통과,지역업종학습,202605,전년동월,1
202505,금정구,부동산업,서비스업,부분,16,지역업종,통과,지역업종학습,202605,전년동월,1
202505,금정구,소매업,쇼핑업,중간,54,지역업종,통과,지역업종학습,202605,전년동월,1
202505,금정구,음식점업,식음료업,높음,36,지역업종,통과,지역업종학습,202605,전년동월,1
202505,기장군,부동산업,서비스업,부분,24,지역업종,통과,지역업종학습,202605,전년동월,1
202505,기장군,소매업,쇼핑업,중간,56,지역업종,통과,지역업종학습,202605,전년동월,1
202505,기장군,음식점업,식음료업,높음,40,지역업종,통과,지역업종학습,202605,전년동월,1
202505,남구,부동산업,서비스업,부분,27,지역업종,통과,지역업종학습,202605,전년동월,1
202505,남구,소매업,쇼핑업,중간,58,지역업종,통과,지역업종학습,202605,전년동월,1
202505,남구,음식점업,식음료업,높음,31,지역업종,통과,지역업종학습,202605,전년동월,1
202505,동구,부동산업,서비스업,부분,17,지역업종,통과,지역업종학습,202605,전년동월,1
202505,동구,소매업,쇼핑업,중간,29,지역업종,통과,지역업종학습,202605,전년동월,1
202505,동구,음식점업,식음료업,높음,27,지역업종,통과,지역업종학습,202605,전년동월,1
202505,동래구,부동산업,서비스업,부분,30,지역업종,통과,지역업종학습,202605,전년동월,1
202505,동래구,소매업,쇼핑업,중간,74,지역업종,통과,지역업종학습,202605,전년동월,1
202505,동래구,음식점업,식음료업,높음,50,지역업종,통과,지역업종학습,202605,전년동월,1
202505,부산진구,부동산업,서비스업,부분,55,지역업종,통과,지역업종학습,202605,전년동월,1
202505,부산진구,소매업,쇼핑업,중간,155,지역업종,통과,지역업종학습,202605,전년동월,1
202505,부산진구,음식점업,식음료업,높음,91,지역업종,통과,지역업종학습,202605,전년동월,1
202505,북구,부동산업,서비스업,부분,12,지역업종,통과,지역업종학습,202605,전년동월,1
202505,북구,소매업,쇼핑업,중간,71,지역업종,통과,지역업종학습,202605,전년동월,1
202505,북구,음식점업,식음료업,높음,26,지역업종,통과,지역업종학습,202605,전년동월,1
202505,사상구,부동산업,서비스업,부분,13,지역업종,통과,지역업종학습,202605,전년동월,1
202505,사상구,소매업,쇼핑업,중간,67,지역업종,통과,지역업종학습,202605,전년동월,1
202505,사상구,음식점업,식음료업,높음,32,지역업종,통과,지역업종학습,202605,전년동월,1
202505,사하구,부동산업,서비스업,부분,15,지역업종,통과,지역업종학습,202605,전년동월,1
202505,사하구,소매업,쇼핑업,중간,95,지역업종,통과,지역업종학습,202605,전년동월,1
202505,사하구,음식점업,식음료업,높음,50,지역업종,통과,지역업종학습,202605,전년동월,1
202505,서구,부동산업,서비스업,부분,12,지역업종,통과,지역업종학습,202605,전년동월,1
202505,서구,소매업,쇼핑업,중간,27,지역업종,통과,지역업종학습,202605,전년동월,1
202505,서구,음식점업,식음료업,높음,13,지역업종,통과,지역업종학습,202605,전년동월,1
202505,수영구,부동산업,서비스업,부분,23,지역업종,통과,지역업종학습,202605,전년동월,1
202505,수영구,소매업,쇼핑업,중간,78,지역업종,통과,지역업종학습,202605,전년동월,1
202505,수영구,음식점업,식음료업,높음,38,지역업종,통과,지역업종학습,202605,전년동월,1
202505,연제구,부동산업,서비스업,부분,31,지역업종,통과,지역업종학습,202605,전년동월,1
202505,연제구,소매업,쇼핑업,중간,53,지역업종,통과,지역업종학습,202605,전년동월,1
202505,연제구,음식점업,식음료업,높음,46,지역업종,통과,지역업종학습,202605,전년동월,1
202505,영도구,부동산업,서비스업,부분,9,지역업종,통과,지역업종학습,202605,전년동월,1
202505,영도구,소매업,쇼핑업,중간,15,지역업종,통과,지역업종학습,202605,전년동월,1
202505,영도구,음식점업,식음료업,높음,10,지역업종,통과,지역업종학습,202605,전년동월,1
202505,중구,부동산업,서비스업,부분,7,지역업종,통과,지역업종학습,202605,전년동월,1
202505,중구,소매업,쇼핑업,중간,39,지역업종,통과,지역업종학습,202605,전년동월,1
202505,중구,음식점업,식음료업,높음,24,지역업종,통과,지역업종학습,202605,전년동월,1
202505,해운대구,부동산업,서비스업,부분,50,지역업종,통과,지역업종학습,202605,전년동월,1
202505,해운대구,소매업,쇼핑업,중간,137,지역업종,통과,지역업종학습,202605,전년동월,1
202505,해운대구,음식점업,식음료업,높음,62,지역업종,통과,지역업종학습,202605,전년동월,1
202505,강서구,업종전체,,,220,지역전체,통과,지역총량분석,202605,전년동월,1
202505,금정구,업종전체,,,224,지역전체,통과,지역총량분석,202605,전년동월,1
202505,기장군,업종전체,,,219,지역전체,통과,지역총량분석,202605,전년동월,1
202505,남구,업종전체,,,217,지역전체,통과,지역총량분석,202605,전년동월,1
202505,동구,업종전체,,,120,지역전체,통과,지역총량분석,202605,전년동월,1
202505,동래구,업종전체,,,249,지역전체,통과,지역총량분석,202605,전년동월,1
202505,부산광역시 합계,업종전체,,,3531,지역전체,통과,지역총량분석,202605,전년동월,1
202505,부산진구,업종전체,,,483,지역전체,통과,지역총량분석,202605,전년동월,1
202505,북구,업종전체,,,205,지역전체,통과,지역총량분석,202605,전년동월,1
202505,사상구,업종전체,,,198,지역전체,통과,지역총량분석,202605,전년동월,1
202505,사하구,업종전체,,,275,지역전체,통과,지역총량분석,202605,전년동월,1
202505,서구,업종전체,,,90,지역전체,통과,지역총량분석,202605,전년동월,1
202505,수영구,업종전체,,,230,지역전체,통과,지역총량분석,202605,전년동월,1
202505,연제구,업종전체,,,217,지역전체,통과,지역총량분석,202605,전년동월,1
202505,영도구,업종전체,,,70,지역전체,통과,지역총량분석,202605,전년동월,1
202505,중구,업종전체,,,113,지역전체,통과,지역총량분석,202605,전년동월,1
202505,해운대구,업종전체,,,401,지역전체,통과,지역총량분석,202605,전년동월,1
202509,부산광역시 합계,IT관련 및 연구개발업,,,31,부산업종,해당없음,부산업종추세,202510,전월,1
202509,부산광역시 합계,가구 및 기타제조업,,,0,부산업종,해당없음,부산업종추세,202510,전월,1
202509,부산광역시 합계,가사서비스업,,,0,부산업종,해당없음,부산업종추세,202510,전월,1
202509,부산광역시 합계,"가죽, 가방 및 신발류 제조업",,,5,부산업종,해당없음,부산업종추세,202510,전월,1
202509,부산광역시 합계,건설업,,,160,부산업종,해당없음,부산업종추세,202510,전월,1
202509,부산광역시 합계,고무 및 프라스틱 제품 제조업,,,0,부산업종,해당없음,부산업종추세,202510,전월,1
202509,부산광역시 합계,광고업 및 기타 산업관련 서비스업,,,151,부산업종,해당없음,부산업종추세,202510,전월,1
202509,부산광역시 합계,교육서비스업,,,102,부산업종,해당없음,부산업종추세,202510,전월,1
202509,부산광역시 합계,금융 및 금융관련 서비스업,,,13,부산업종,해당없음,부산업종추세,202510,전월,1
202509,부산광역시 합계,기계장비 등 장비 임대업,,,0,부산업종,해당없음,부산업종추세,202510,전월,1
202509,부산광역시 합계,기타 서비스업,,,139,부산업종,해당없음,부산업종추세,202510,전월,1
202509,부산광역시 합계,기타 운송장비 제조업,,,6,부산업종,해당없음,부산업종추세,202510,전월,1
202509,부산광역시 합계,기타 전지기계 및 전기변환장치 제조업,,,0,부산업종,해당없음,부산업종추세,202510,전월,1
202509,부산광역시 합계,기타기계 및 장비 제조업,,,10,부산업종,해당없음,부산업종추세,202510,전월,1
202509,부산광역시 합계,기타도급제조업,,,0,부산업종,해당없음,부산업종추세,202510,전월,1
202509,부산광역시 합계,농업,,,0,부산업종,해당없음,부산업종추세,202510,전월,1
202509,부산광역시 합계,도매 및 상품중개업,,,272,부산업종,해당없음,부산업종추세,202510,전월,1
202509,부산광역시 합계,목재 및 나무제품 제조업(가구제외),,,0,부산업종,해당없음,부산업종추세,202510,전월,1
202509,부산광역시 합계,"법무, 회계, 건축 및 상담업",,,51,부산업종,해당없음,부산업종추세,202510,전월,1
202509,부산광역시 합계,보건업,의료웰니스업,중간,13,부산업종,해당없음,부산업종추세,202510,전월,1
202509,부산광역시 합계,보험 및 보험관련 서비스업,,,0,부산업종,해당없음,부산업종추세,202510,전월,1
202509,부산광역시 합계,부동산업,서비스업,부분,460,부산업종,해당없음,부산업종추세,202510,전월,1
202509,부산광역시 합계,비금속광물 제품 제조업,,,0,부산업종,해당없음,부산업종추세,202510,전월,1
202509,부산광역시 합계,섬유제품 제조업,,,0,부산업종,해당없음,부산업종추세,202510,전월,1
202509,부산광역시 합계,소매업,쇼핑업,중간,890,부산업종,해당없음,부산업종추세,202510,전월,1
202509,부산광역시 합계,숙박업,여행/숙박업,중간,32,부산업종,해당없음,부산업종추세,202510,전월,1
202509,부산광역시 합계,어업,,,0,부산업종,해당없음,부산업종추세,202510,전월,1
202509,부산광역시 합계,여행알선 및 운수관련 서비스업,,,45,부산업종,해당없음,부산업종추세,202510,전월,1
202509,부산광역시 합계,"영상, 음향 및 통신장비 제조업",,,0,부산업종,해당없음,부산업종추세,202510,전월,1
202509,부산광역시 합계,"오락, 문화, 운동관련 산업 및 수리업",,,111,부산업종,해당없음,부산업종추세,202510,전월,1
202509,부산광역시 합계,운송업,운송업,중간,225,부산업종,해당없음,부산업종추세,202510,전월,1
202509,부산광역시 합계,위생관련 서비스업,,,0,부산업종,해당없음,부산업종추세,202510,전월,1
202509,부산광역시 합계,음식료품 및 담배제조업,,,29,부산업종,해당없음,부산업종추세,202510,전월,1
202509,부산광역시 합계,음식점업,식음료업,높음,675,부산업종,해당없음,부산업종추세,202510,전월,1
202509,부산광역시 합계,"의료, 정밀, 광학기기 및 시계제조업",,,0,부산업종,해당없음,부산업종추세,202510,전월,1
202509,부산광역시 합계,의복 및 모피 제품 제조업,,,0,부산업종,해당없음,부산업종추세,202510,전월,1
202509,부산광역시 합계,인적용역,,,83,부산업종,해당없음,부산업종추세,202510,전월,1
202509,부산광역시 합계,임업,,,0,부산업종,해당없음,부산업종추세,202510,전월,1
202509,부산광역시 합계,자동차 및 트레일러 제조업,,,0,부산업종,해당없음,부산업종추세,202510,전월,1
202509,부산광역시 합계,자동차관련 소매,운송업,부분,19,부산업종,해당없음,부산업종추세,202510,전월,1
202509,부산광역시 합계,"전기, 가스 및 수도사업",,,0,부산업종,해당없음,부산업종추세,202510,전월,1
202509,부산광역시 합계,제1차 금속산업 제조업,,,0,부산업종,해당없음,부산업종추세,202510,전월,1
202509,부산광역시 합계,조립금속제품 제조업(기계 및 장비 제외),,,9,부산업종,해당없음,부산업종추세,202510,전월,1
202509,부산광역시 합계,"출판, 인쇄 및 기록매체 제조업",,,7,부산업종,해당없음,부산업종추세,202510,전월,1
202509,부산광역시 합계,통신업,,,0,부산업종,해당없음,부산업종추세,202510,전월,1
202509,부산광역시 합계,"펄프, 종이 및 종이제품 제조업",,,0,부산업종,해당없음,부산업종추세,202510,전월,1
202509,부산광역시 합계,화합물 및 화학 제품 제조업,,,0,부산업종,해당없음,부산업종추세,202510,전월,1
202509,강서구,부동산업,서비스업,부분,37,지역업종,통과,지역업종학습,202510,전월,1
202509,강서구,소매업,쇼핑업,중간,37,지역업종,통과,지역업종학습,202510,전월,1
202509,강서구,음식점업,식음료업,높음,43,지역업종,통과,지역업종학습,202510,전월,1
202509,금정구,부동산업,서비스업,부분,22,지역업종,통과,지역업종학습,202510,전월,1
202509,금정구,소매업,쇼핑업,중간,48,지역업종,통과,지역업종학습,202510,전월,1
202509,금정구,음식점업,식음료업,높음,42,지역업종,통과,지역업종학습,202510,전월,1
202509,기장군,부동산업,서비스업,부분,22,지역업종,통과,지역업종학습,202510,전월,1
202509,기장군,소매업,쇼핑업,중간,40,지역업종,통과,지역업종학습,202510,전월,1
202509,기장군,음식점업,식음료업,높음,42,지역업종,통과,지역업종학습,202510,전월,1
202509,남구,부동산업,서비스업,부분,17,지역업종,통과,지역업종학습,202510,전월,1
202509,남구,소매업,쇼핑업,중간,67,지역업종,통과,지역업종학습,202510,전월,1
202509,남구,음식점업,식음료업,높음,28,지역업종,통과,지역업종학습,202510,전월,1
202509,동구,부동산업,서비스업,부분,64,지역업종,통과,지역업종학습,202510,전월,1
202509,동구,소매업,쇼핑업,중간,26,지역업종,통과,지역업종학습,202510,전월,1
202509,동구,음식점업,식음료업,높음,25,지역업종,통과,지역업종학습,202510,전월,1
202509,동래구,부동산업,서비스업,부분,20,지역업종,통과,지역업종학습,202510,전월,1
202509,동래구,소매업,쇼핑업,중간,67,지역업종,통과,지역업종학습,202510,전월,1
202509,동래구,음식점업,식음료업,높음,49,지역업종,통과,지역업종학습,202510,전월,1
202509,부산진구,부동산업,서비스업,부분,56,지역업종,통과,지역업종학습,202510,전월,1
202509,부산진구,소매업,쇼핑업,중간,97,지역업종,통과,지역업종학습,202510,전월,1
202509,부산진구,음식점업,식음료업,높음,99,지역업종,통과,지역업종학습,202510,전월,1
202509,북구,부동산업,서비스업,부분,16,지역업종,통과,지역업종학습,202510,전월,1
202509,북구,소매업,쇼핑업,중간,51,지역업종,통과,지역업종학습,202510,전월,1
202509,북구,음식점업,식음료업,높음,44,지역업종,통과,지역업종학습,202510,전월,1
202509,사상구,부동산업,서비스업,부분,25,지역업종,통과,지역업종학습,202510,전월,1
202509,사상구,소매업,쇼핑업,중간,50,지역업종,통과,지역업종학습,202510,전월,1
202509,사상구,음식점업,식음료업,높음,45,지역업종,통과,지역업종학습,202510,전월,1
202509,사하구,부동산업,서비스업,부분,13,지역업종,통과,지역업종학습,202510,전월,1
202509,사하구,소매업,쇼핑업,중간,67,지역업종,통과,지역업종학습,202510,전월,1
202509,사하구,음식점업,식음료업,높음,48,지역업종,통과,지역업종학습,202510,전월,1
202509,서구,부동산업,서비스업,부분,8,지역업종,통과,지역업종학습,202510,전월,1
202509,서구,소매업,쇼핑업,중간,17,지역업종,통과,지역업종학습,202510,전월,1
202509,서구,음식점업,식음료업,높음,18,지역업종,통과,지역업종학습,202510,전월,1
202509,수영구,부동산업,서비스업,부분,25,지역업종,통과,지역업종학습,202510,전월,1
202509,수영구,소매업,쇼핑업,중간,78,지역업종,통과,지역업종학습,202510,전월,1
202509,수영구,음식점업,식음료업,높음,47,지역업종,통과,지역업종학습,202510,전월,1
202509,연제구,부동산업,서비스업,부분,34,지역업종,통과,지역업종학습,202510,전월,1
202509,연제구,소매업,쇼핑업,중간,75,지역업종,통과,지역업종학습,202510,전월,1
202509,연제구,음식점업,식음료업,높음,34,지역업종,통과,지역업종학습,202510,전월,1
202509,영도구,부동산업,서비스업,부분,5,지역업종,통과,지역업종학습,202510,전월,1
202509,영도구,소매업,쇼핑업,중간,24,지역업종,통과,지역업종학습,202510,전월,1
202509,영도구,음식점업,식음료업,높음,19,지역업종,통과,지역업종학습,202510,전월,1
202509,중구,부동산업,서비스업,부분,11,지역업종,통과,지역업종학습,202510,전월,1
202509,중구,소매업,쇼핑업,중간,31,지역업종,통과,지역업종학습,202510,전월,1
202509,중구,음식점업,식음료업,높음,32,지역업종,통과,지역업종학습,202510,전월,1
202509,해운대구,부동산업,서비스업,부분,85,지역업종,통과,지역업종학습,202510,전월,1
202509,해운대구,소매업,쇼핑업,중간,115,지역업종,통과,지역업종학습,202510,전월,1
202509,해운대구,음식점업,식음료업,높음,60,지역업종,통과,지역업종학습,202510,전월,1
202509,강서구,업종전체,,,215,지역전체,통과,지역총량분석,202510,전월,1
202509,금정구,업종전체,,,208,지역전체,통과,지역총량분석,202510,전월,1
202509,기장군,업종전체,,,183,지역전체,통과,지역총량분석,202510,전월,1
202509,남구,업종전체,,,220,지역전체,통과,지역총량분석,202510,전월,1
202509,동구,업종전체,,,194,지역전체,통과,지역총량분석,202510,전월,1
202509,동래구,업종전체,,,248,지역전체,통과,지역총량분석,202510,전월,1
202509,부산광역시 합계,업종전체,,,3611,지역전체,통과,지역총량분석,202510,전월,1
202509,부산진구,업종전체,,,420,지역전체,통과,지역총량분석,202510,전월,1
202509,북구,업종전체,,,218,지역전체,통과,지역총량분석,202510,전월,1
202509,사상구,업종전체,,,250,지역전체,통과,지역총량분석,202510,전월,1
202509,사하구,업종전체,,,225,지역전체,통과,지역총량분석,202510,전월,1
202509,서구,업종전체,,,81,지역전체,통과,지역총량분석,202510,전월,1
202509,수영구,업종전체,,,233,지역전체,통과,지역총량분석,202510,전월,1
202509,연제구,업종전체,,,274,지역전체,통과,지역총량분석,202510,전월,1
202509,영도구,업종전체,,,87,지역전체,통과,지역총량분석,202510,전월,1
202509,중구,업종전체,,,140,지역전체,통과,지역총량분석,202510,전월,1
202509,해운대구,업종전체,,,415,지역전체,통과,지역총량분석,202510,전월,1
202510,부산광역시 합계,IT관련 및 연구개발업,,,32,부산업종,해당없음,부산업종추세,202510|202511,당월|전월,2
202510,부산광역시 합계,가구 및 기타제조업,,,0,부산업종,해당없음,부산업종추세,202510|202511,당월|전월,2
202510,부산광역시 합계,가사서비스업,,,0,부산업종,해당없음,부산업종추세,202510|202511,당월|전월,2
202510,부산광역시 합계,"가죽, 가방 및 신발류 제조업",,,15,부산업종,해당없음,부산업종추세,202510|202511,당월|전월,2
202510,부산광역시 합계,건설업,,,115,부산업종,해당없음,부산업종추세,202510|202511,당월|전월,2
202510,부산광역시 합계,고무 및 프라스틱 제품 제조업,,,0,부산업종,해당없음,부산업종추세,202510|202511,당월|전월,2
202510,부산광역시 합계,광고업 및 기타 산업관련 서비스업,,,106,부산업종,해당없음,부산업종추세,202510|202511,당월|전월,2
202510,부산광역시 합계,광업,,,0,부산업종,해당없음,부산업종추세,202511,전월,1
202510,부산광역시 합계,교육서비스업,,,69,부산업종,해당없음,부산업종추세,202510|202511,당월|전월,2
202510,부산광역시 합계,금융 및 금융관련 서비스업,,,8,부산업종,해당없음,부산업종추세,202510|202511,당월|전월,2
202510,부산광역시 합계,기계장비 등 장비 임대업,,,0,부산업종,해당없음,부산업종추세,202510|202511,당월|전월,2
202510,부산광역시 합계,기타 서비스업,,,105,부산업종,해당없음,부산업종추세,202510|202511,당월|전월,2
202510,부산광역시 합계,기타 전지기계 및 전기변환장치 제조업,,,0,부산업종,해당없음,부산업종추세,202510|202511,당월|전월,2
202510,부산광역시 합계,기타기계 및 장비 제조업,,,13,부산업종,해당없음,부산업종추세,202510|202511,당월|전월,2
202510,부산광역시 합계,기타도급제조업,,,0,부산업종,해당없음,부산업종추세,202510|202511,당월|전월,2
202510,부산광역시 합계,농업,,,0,부산업종,해당없음,부산업종추세,202510|202511,당월|전월,2
202510,부산광역시 합계,도매 및 상품중개업,,,194,부산업종,해당없음,부산업종추세,202510|202511,당월|전월,2
202510,부산광역시 합계,목재 및 나무제품 제조업(가구제외),,,0,부산업종,해당없음,부산업종추세,202510|202511,당월|전월,2
202510,부산광역시 합계,"법무, 회계, 건축 및 상담업",,,27,부산업종,해당없음,부산업종추세,202510|202511,당월|전월,2
202510,부산광역시 합계,보건업,의료웰니스업,중간,13,부산업종,해당없음,부산업종추세,202510|202511,당월|전월,2
202510,부산광역시 합계,보험 및 보험관련 서비스업,,,0,부산업종,해당없음,부산업종추세,202510|202511,당월|전월,2
202510,부산광역시 합계,부동산업,서비스업,부분,316,부산업종,해당없음,부산업종추세,202510|202511,당월|전월,2
202510,부산광역시 합계,비금속광물 제품 제조업,,,0,부산업종,해당없음,부산업종추세,202510|202511,당월|전월,2
202510,부산광역시 합계,"사무, 계산 및 회계용 기계 조립업",,,0,부산업종,해당없음,부산업종추세,202511,전월,1
202510,부산광역시 합계,소매업,쇼핑업,중간,732,부산업종,해당없음,부산업종추세,202510|202511,당월|전월,2
202510,부산광역시 합계,숙박업,여행/숙박업,중간,35,부산업종,해당없음,부산업종추세,202510|202511,당월|전월,2
202510,부산광역시 합계,어업,,,0,부산업종,해당없음,부산업종추세,202510|202511,당월|전월,2
202510,부산광역시 합계,여행알선 및 운수관련 서비스업,,,38,부산업종,해당없음,부산업종추세,202510|202511,당월|전월,2
202510,부산광역시 합계,"영상, 음향 및 통신장비 제조업",,,0,부산업종,해당없음,부산업종추세,202510|202511,당월|전월,2
202510,부산광역시 합계,"오락, 문화, 운동관련 산업 및 수리업",,,93,부산업종,해당없음,부산업종추세,202510|202511,당월|전월,2
202510,부산광역시 합계,운송업,운송업,중간,180,부산업종,해당없음,부산업종추세,202510|202511,당월|전월,2
202510,부산광역시 합계,위생관련 서비스업,,,0,부산업종,해당없음,부산업종추세,202510|202511,당월|전월,2
202510,부산광역시 합계,음식료품 및 담배제조업,,,23,부산업종,해당없음,부산업종추세,202510|202511,당월|전월,2
202510,부산광역시 합계,음식점업,식음료업,높음,605,부산업종,해당없음,부산업종추세,202510|202511,당월|전월,2
202510,부산광역시 합계,"의료, 정밀, 광학기기 및 시계제조업",,,0,부산업종,해당없음,부산업종추세,202510|202511,당월|전월,2
202510,부산광역시 합계,의복 및 모피 제품 제조업,,,0,부산업종,해당없음,부산업종추세,202510|202511,당월|전월,2
202510,부산광역시 합계,인적용역,,,76,부산업종,해당없음,부산업종추세,202510|202511,당월|전월,2
202510,부산광역시 합계,임업,,,0,부산업종,해당없음,부산업종추세,202510,당월,1
202510,부산광역시 합계,자동차 및 트레일러 제조업,,,0,부산업종,해당없음,부산업종추세,202510|202511,당월|전월,2
202510,부산광역시 합계,자동차관련 소매,운송업,부분,9,부산업종,해당없음,부산업종추세,202510|202511,당월|전월,2
202510,부산광역시 합계,"전기, 가스 및 수도사업",,,0,부산업종,해당없음,부산업종추세,202510|202511,당월|전월,2
202510,부산광역시 합계,제1차 금속산업 제조업,,,0,부산업종,해당없음,부산업종추세,202510|202511,당월|전월,2
202510,부산광역시 합계,조립금속제품 제조업(기계 및 장비 제외),,,11,부산업종,해당없음,부산업종추세,202510|202511,당월|전월,2
202510,부산광역시 합계,"출판, 인쇄 및 기록매체 제조업",,,9,부산업종,해당없음,부산업종추세,202510|202511,당월|전월,2
202510,부산광역시 합계,통신업,,,0,부산업종,해당없음,부산업종추세,202510|202511,당월|전월,2
202510,부산광역시 합계,"펄프, 종이 및 종이제품 제조업",,,0,부산업종,해당없음,부산업종추세,202510,당월,1
202510,부산광역시 합계,화합물 및 화학 제품 제조업,,,0,부산업종,해당없음,부산업종추세,202510|202511,당월|전월,2
202510,강서구,부동산업,서비스업,부분,36,지역업종,통과,지역업종학습,202510|202511,당월|전월,2
202510,강서구,소매업,쇼핑업,중간,37,지역업종,통과,지역업종학습,202510|202511,당월|전월,2
202510,강서구,음식점업,식음료업,높음,38,지역업종,통과,지역업종학습,202510|202511,당월|전월,2
202510,금정구,부동산업,서비스업,부분,12,지역업종,통과,지역업종학습,202510|202511,당월|전월,2
202510,금정구,소매업,쇼핑업,중간,44,지역업종,통과,지역업종학습,202510|202511,당월|전월,2
202510,금정구,음식점업,식음료업,높음,33,지역업종,통과,지역업종학습,202510|202511,당월|전월,2
202510,기장군,부동산업,서비스업,부분,20,지역업종,통과,지역업종학습,202510|202511,당월|전월,2
202510,기장군,소매업,쇼핑업,중간,46,지역업종,통과,지역업종학습,202510|202511,당월|전월,2
202510,기장군,음식점업,식음료업,높음,37,지역업종,통과,지역업종학습,202510|202511,당월|전월,2
202510,남구,부동산업,서비스업,부분,11,지역업종,통과,지역업종학습,202510|202511,당월|전월,2
202510,남구,소매업,쇼핑업,중간,52,지역업종,통과,지역업종학습,202510|202511,당월|전월,2
202510,남구,음식점업,식음료업,높음,31,지역업종,통과,지역업종학습,202510|202511,당월|전월,2
202510,동구,부동산업,서비스업,부분,26,지역업종,통과,지역업종학습,202510|202511,당월|전월,2
202510,동구,소매업,쇼핑업,중간,28,지역업종,통과,지역업종학습,202510|202511,당월|전월,2
202510,동구,음식점업,식음료업,높음,22,지역업종,통과,지역업종학습,202510|202511,당월|전월,2
202510,동래구,부동산업,서비스업,부분,20,지역업종,통과,지역업종학습,202510|202511,당월|전월,2
202510,동래구,소매업,쇼핑업,중간,61,지역업종,통과,지역업종학습,202510|202511,당월|전월,2
202510,동래구,음식점업,식음료업,높음,48,지역업종,통과,지역업종학습,202510|202511,당월|전월,2
202510,부산진구,부동산업,서비스업,부분,34,지역업종,통과,지역업종학습,202510|202511,당월|전월,2
202510,부산진구,소매업,쇼핑업,중간,92,지역업종,통과,지역업종학습,202510|202511,당월|전월,2
202510,부산진구,음식점업,식음료업,높음,69,지역업종,통과,지역업종학습,202510|202511,당월|전월,2
202510,북구,부동산업,서비스업,부분,10,지역업종,통과,지역업종학습,202510|202511,당월|전월,2
202510,북구,소매업,쇼핑업,중간,42,지역업종,통과,지역업종학습,202510|202511,당월|전월,2
202510,북구,음식점업,식음료업,높음,33,지역업종,통과,지역업종학습,202510|202511,당월|전월,2
202510,사상구,부동산업,서비스업,부분,11,지역업종,통과,지역업종학습,202510|202511,당월|전월,2
202510,사상구,소매업,쇼핑업,중간,38,지역업종,통과,지역업종학습,202510|202511,당월|전월,2
202510,사상구,음식점업,식음료업,높음,33,지역업종,통과,지역업종학습,202510|202511,당월|전월,2
202510,사하구,부동산업,서비스업,부분,12,지역업종,통과,지역업종학습,202510|202511,당월|전월,2
202510,사하구,소매업,쇼핑업,중간,47,지역업종,통과,지역업종학습,202510|202511,당월|전월,2
202510,사하구,음식점업,식음료업,높음,55,지역업종,통과,지역업종학습,202510|202511,당월|전월,2
202510,서구,부동산업,서비스업,부분,9,지역업종,통과,지역업종학습,202510|202511,당월|전월,2
202510,서구,소매업,쇼핑업,중간,23,지역업종,통과,지역업종학습,202510|202511,당월|전월,2
202510,서구,음식점업,식음료업,높음,13,지역업종,통과,지역업종학습,202510|202511,당월|전월,2
202510,수영구,부동산업,서비스업,부분,18,지역업종,통과,지역업종학습,202510|202511,당월|전월,2
202510,수영구,소매업,쇼핑업,중간,52,지역업종,통과,지역업종학습,202510|202511,당월|전월,2
202510,수영구,음식점업,식음료업,높음,49,지역업종,통과,지역업종학습,202510|202511,당월|전월,2
202510,연제구,부동산업,서비스업,부분,20,지역업종,통과,지역업종학습,202510|202511,당월|전월,2
202510,연제구,소매업,쇼핑업,중간,41,지역업종,통과,지역업종학습,202510|202511,당월|전월,2
202510,연제구,음식점업,식음료업,높음,41,지역업종,통과,지역업종학습,202510|202511,당월|전월,2
202510,영도구,부동산업,서비스업,부분,14,지역업종,통과,지역업종학습,202510|202511,당월|전월,2
202510,영도구,소매업,쇼핑업,중간,11,지역업종,통과,지역업종학습,202510|202511,당월|전월,2
202510,영도구,음식점업,식음료업,높음,16,지역업종,통과,지역업종학습,202510|202511,당월|전월,2
202510,중구,부동산업,서비스업,부분,7,지역업종,통과,지역업종학습,202510|202511,당월|전월,2
202510,중구,소매업,쇼핑업,중간,18,지역업종,통과,지역업종학습,202510|202511,당월|전월,2
202510,중구,음식점업,식음료업,높음,21,지역업종,통과,지역업종학습,202510|202511,당월|전월,2
202510,해운대구,부동산업,서비스업,부분,56,지역업종,통과,지역업종학습,202510|202511,당월|전월,2
202510,해운대구,소매업,쇼핑업,중간,100,지역업종,통과,지역업종학습,202510|202511,당월|전월,2
202510,해운대구,음식점업,식음료업,높음,66,지역업종,통과,지역업종학습,202510|202511,당월|전월,2
202510,강서구,업종전체,,,213,지역전체,통과,지역총량분석,202510|202511,당월|전월,2
202510,금정구,업종전체,,,165,지역전체,통과,지역총량분석,202510|202511,당월|전월,2
202510,기장군,업종전체,,,170,지역전체,통과,지역총량분석,202510|202511,당월|전월,2
202510,남구,업종전체,,,177,지역전체,통과,지역총량분석,202510|202511,당월|전월,2
202510,동구,업종전체,,,118,지역전체,통과,지역총량분석,202510|202511,당월|전월,2
202510,동래구,업종전체,,,209,지역전체,통과,지역총량분석,202510|202511,당월|전월,2
202510,부산광역시 합계,업종전체,,,2891,지역전체,통과,지역총량분석,202510|202511,당월|전월,2
202510,부산진구,업종전체,,,335,지역전체,통과,지역총량분석,202510|202511,당월|전월,2
202510,북구,업종전체,,,150,지역전체,통과,지역총량분석,202510|202511,당월|전월,2
202510,사상구,업종전체,,,169,지역전체,통과,지역총량분석,202510|202511,당월|전월,2
202510,사하구,업종전체,,,213,지역전체,통과,지역총량분석,202510|202511,당월|전월,2
202510,서구,업종전체,,,89,지역전체,통과,지역총량분석,202510|202511,당월|전월,2
202510,수영구,업종전체,,,191,지역전체,통과,지역총량분석,202510|202511,당월|전월,2
202510,연제구,업종전체,,,194,지역전체,통과,지역총량분석,202510|202511,당월|전월,2
202510,영도구,업종전체,,,71,지역전체,통과,지역총량분석,202510|202511,당월|전월,2
202510,중구,업종전체,,,84,지역전체,통과,지역총량분석,202510|202511,당월|전월,2
202510,해운대구,업종전체,,,343,지역전체,통과,지역총량분석,202510|202511,당월|전월,2
202511,부산광역시 합계,IT관련 및 연구개발업,,,27,부산업종,해당없음,부산업종추세,202511|202512,당월|전월,2
202511,부산광역시 합계,가사서비스업,,,0,부산업종,해당없음,부산업종추세,202511,당월,1
202511,부산광역시 합계,"가죽, 가방 및 신발류 제조업",,,6,부산업종,해당없음,부산업종추세,202511,당월,1
202511,부산광역시 합계,건설업,,,147,부산업종,해당없음,부산업종추세,202511|202512,당월|전월,2
202511,부산광역시 합계,고무 및 프라스틱 제품 제조업,,,0,부산업종,해당없음,부산업종추세,202511|202512,당월|전월,2
202511,부산광역시 합계,광고업 및 기타 산업관련 서비스업,,,149,부산업종,해당없음,부산업종추세,202511|202512,당월|전월,2
202511,부산광역시 합계,광업,,,0,부산업종,해당없음,부산업종추세,202511|202512,당월|전월,2
202511,부산광역시 합계,교육서비스업,,,89,부산업종,해당없음,부산업종추세,202511|202512,당월|전월,2
202511,부산광역시 합계,금융 및 금융관련 서비스업,,,12,부산업종,해당없음,부산업종추세,202511|202512,당월|전월,2
202511,부산광역시 합계,기타 서비스업,,,121,부산업종,해당없음,부산업종추세,202511|202512,당월|전월,2
202511,부산광역시 합계,기타 운송장비 제조업,,,0,부산업종,해당없음,부산업종추세,202511|202512,당월|전월,2
202511,부산광역시 합계,기타기계 및 장비 제조업,,,27,부산업종,해당없음,부산업종추세,202511|202512,당월|전월,2
202511,부산광역시 합계,농업,,,0,부산업종,해당없음,부산업종추세,202511|202512,당월|전월,2
202511,부산광역시 합계,도매 및 상품중개업,,,260,부산업종,해당없음,부산업종추세,202511|202512,당월|전월,2
202511,부산광역시 합계,목재 및 나무제품 제조업(가구제외),,,0,부산업종,해당없음,부산업종추세,202511|202512,당월|전월,2
202511,부산광역시 합계,"법무, 회계, 건축 및 상담업",,,37,부산업종,해당없음,부산업종추세,202511,당월,1
202511,부산광역시 합계,보건업,의료웰니스업,중간,9,부산업종,해당없음,부산업종추세,202511|202512,당월|전월,2
202511,부산광역시 합계,보험 및 보험관련 서비스업,,,0,부산업종,해당없음,부산업종추세,202511|202512,당월|전월,2
202511,부산광역시 합계,부동산업,서비스업,부분,363,부산업종,해당없음,부산업종추세,202511|202512,당월|전월,2
202511,부산광역시 합계,비금속광물 제품 제조업,,,0,부산업종,해당없음,부산업종추세,202511|202512,당월|전월,2
202511,부산광역시 합계,"사무, 계산 및 회계용 기계 조립업",,,0,부산업종,해당없음,부산업종추세,202511,당월,1
202511,부산광역시 합계,섬유제품 제조업,,,6,부산업종,해당없음,부산업종추세,202511|202512,당월|전월,2
202511,부산광역시 합계,소매업,쇼핑업,중간,1020,부산업종,해당없음,부산업종추세,202511|202512,당월|전월,2
202511,부산광역시 합계,숙박업,여행/숙박업,중간,30,부산업종,해당없음,부산업종추세,202511|202512,당월|전월,2
202511,부산광역시 합계,여행알선 및 운수관련 서비스업,,,38,부산업종,해당없음,부산업종추세,202511|202512,당월|전월,2
202511,부산광역시 합계,"영상, 음향 및 통신장비 제조업",,,0,부산업종,해당없음,부산업종추세,202511,당월,1
202511,부산광역시 합계,"오락, 문화, 운동관련 산업 및 수리업",,,122,부산업종,해당없음,부산업종추세,202511,당월,1
202511,부산광역시 합계,운송업,운송업,중간,231,부산업종,해당없음,부산업종추세,202511|202512,당월|전월,2
202511,부산광역시 합계,위생관련 서비스업,,,0,부산업종,해당없음,부산업종추세,202511|202512,당월|전월,2
202511,부산광역시 합계,음식료품 및 담배제조업,,,24,부산업종,해당없음,부산업종추세,202511|202512,당월|전월,2
202511,부산광역시 합계,음식점업,식음료업,높음,624,부산업종,해당없음,부산업종추세,202511|202512,당월|전월,2
202511,부산광역시 합계,"의료, 정밀, 광학기기 및 시계제조업",,,0,부산업종,해당없음,부산업종추세,202511,당월,1
202511,부산광역시 합계,의복 및 모피 제품 제조업,,,0,부산업종,해당없음,부산업종추세,202511|202512,당월|전월,2
202511,부산광역시 합계,인적용역,,,99,부산업종,해당없음,부산업종추세,202511|202512,당월|전월,2
202511,부산광역시 합계,임업,,,0,부산업종,해당없음,부산업종추세,202512,전월,1
202511,부산광역시 합계,자동차 및 트레일러 제조업,,,0,부산업종,해당없음,부산업종추세,202511|202512,당월|전월,2
202511,부산광역시 합계,자동차관련 소매,운송업,부분,12,부산업종,해당없음,부산업종추세,202511|202512,당월|전월,2
202511,부산광역시 합계,재생재료 및 가공처리업,,,0,부산업종,해당없음,부산업종추세,202512,전월,1
202511,부산광역시 합계,"전기, 가스 및 수도사업",,,0,부산업종,해당없음,부산업종추세,202511,당월,1
202511,부산광역시 합계,제1차 금속산업 제조업,,,0,부산업종,해당없음,부산업종추세,202511|202512,당월|전월,2
202511,부산광역시 합계,조립금속제품 제조업(기계 및 장비 제외),,,8,부산업종,해당없음,부산업종추세,202511|202512,당월|전월,2
202511,부산광역시 합계,"출판, 인쇄 및 기록매체 제조업",,,11,부산업종,해당없음,부산업종추세,202511,당월,1
202511,부산광역시 합계,통신업,,,0,부산업종,해당없음,부산업종추세,202511|202512,당월|전월,2
202511,부산광역시 합계,화합물 및 화학 제품 제조업,,,0,부산업종,해당없음,부산업종추세,202511|202512,당월|전월,2
202511,강서구,도매 및 상품중개업,,,21,지역업종,통과,지역업종학습,202512,전월,1
202511,강서구,부동산업,서비스업,부분,41,지역업종,통과,지역업종학습,202511|202512,당월|전월,2
202511,강서구,소매업,쇼핑업,중간,62,지역업종,통과,지역업종학습,202511|202512,당월|전월,2
202511,강서구,음식점업,식음료업,높음,28,지역업종,통과,지역업종학습,202511|202512,당월|전월,2
202511,금정구,도매 및 상품중개업,,,18,지역업종,통과,지역업종학습,202512,전월,1
202511,금정구,부동산업,서비스업,부분,10,지역업종,통과,지역업종학습,202511|202512,당월|전월,2
202511,금정구,소매업,쇼핑업,중간,61,지역업종,통과,지역업종학습,202511|202512,당월|전월,2
202511,금정구,음식점업,식음료업,높음,39,지역업종,통과,지역업종학습,202511|202512,당월|전월,2
202511,기장군,도매 및 상품중개업,,,13,지역업종,통과,지역업종학습,202512,전월,1
202511,기장군,부동산업,서비스업,부분,21,지역업종,통과,지역업종학습,202511|202512,당월|전월,2
202511,기장군,소매업,쇼핑업,중간,59,지역업종,통과,지역업종학습,202511|202512,당월|전월,2
202511,기장군,음식점업,식음료업,높음,34,지역업종,통과,지역업종학습,202511|202512,당월|전월,2
202511,남구,도매 및 상품중개업,,,14,지역업종,통과,지역업종학습,202512,전월,1
202511,남구,부동산업,서비스업,부분,16,지역업종,통과,지역업종학습,202511|202512,당월|전월,2
202511,남구,소매업,쇼핑업,중간,68,지역업종,통과,지역업종학습,202511|202512,당월|전월,2
202511,남구,음식점업,식음료업,높음,42,지역업종,통과,지역업종학습,202511|202512,당월|전월,2
202511,동구,도매 및 상품중개업,,,10,지역업종,통과,지역업종학습,202512,전월,1
202511,동구,부동산업,서비스업,부분,38,지역업종,통과,지역업종학습,202511|202512,당월|전월,2
202511,동구,소매업,쇼핑업,중간,32,지역업종,통과,지역업종학습,202511|202512,당월|전월,2
202511,동구,음식점업,식음료업,높음,20,지역업종,통과,지역업종학습,202511|202512,당월|전월,2
202511,동래구,도매 및 상품중개업,,,19,지역업종,통과,지역업종학습,202512,전월,1
202511,동래구,부동산업,서비스업,부분,24,지역업종,통과,지역업종학습,202511|202512,당월|전월,2
202511,동래구,소매업,쇼핑업,중간,86,지역업종,통과,지역업종학습,202511|202512,당월|전월,2
202511,동래구,음식점업,식음료업,높음,59,지역업종,통과,지역업종학습,202511|202512,당월|전월,2
202511,부산진구,도매 및 상품중개업,,,26,지역업종,통과,지역업종학습,202512,전월,1
202511,부산진구,부동산업,서비스업,부분,30,지역업종,통과,지역업종학습,202511|202512,당월|전월,2
202511,부산진구,소매업,쇼핑업,중간,123,지역업종,통과,지역업종학습,202511|202512,당월|전월,2
202511,부산진구,음식점업,식음료업,높음,87,지역업종,통과,지역업종학습,202511|202512,당월|전월,2
202511,북구,도매 및 상품중개업,,,15,지역업종,통과,지역업종학습,202512,전월,1
202511,북구,부동산업,서비스업,부분,15,지역업종,통과,지역업종학습,202511|202512,당월|전월,2
202511,북구,소매업,쇼핑업,중간,77,지역업종,통과,지역업종학습,202511|202512,당월|전월,2
202511,북구,음식점업,식음료업,높음,33,지역업종,통과,지역업종학습,202511|202512,당월|전월,2
202511,사상구,도매 및 상품중개업,,,24,지역업종,통과,지역업종학습,202512,전월,1
202511,사상구,부동산업,서비스업,부분,23,지역업종,통과,지역업종학습,202511|202512,당월|전월,2
202511,사상구,소매업,쇼핑업,중간,54,지역업종,통과,지역업종학습,202511|202512,당월|전월,2
202511,사상구,음식점업,식음료업,높음,34,지역업종,통과,지역업종학습,202511|202512,당월|전월,2
202511,사하구,도매 및 상품중개업,,,20,지역업종,통과,지역업종학습,202512,전월,1
202511,사하구,부동산업,서비스업,부분,14,지역업종,통과,지역업종학습,202511|202512,당월|전월,2
202511,사하구,소매업,쇼핑업,중간,62,지역업종,통과,지역업종학습,202511|202512,당월|전월,2
202511,사하구,음식점업,식음료업,높음,47,지역업종,통과,지역업종학습,202511|202512,당월|전월,2
202511,서구,도매 및 상품중개업,,,9,지역업종,통과,지역업종학습,202512,전월,1
202511,서구,부동산업,서비스업,부분,12,지역업종,통과,지역업종학습,202511|202512,당월|전월,2
202511,서구,소매업,쇼핑업,중간,22,지역업종,통과,지역업종학습,202511|202512,당월|전월,2
202511,서구,음식점업,식음료업,높음,16,지역업종,통과,지역업종학습,202511|202512,당월|전월,2
202511,수영구,도매 및 상품중개업,,,14,지역업종,통과,지역업종학습,202512,전월,1
202511,수영구,부동산업,서비스업,부분,18,지역업종,통과,지역업종학습,202511|202512,당월|전월,2
202511,수영구,소매업,쇼핑업,중간,71,지역업종,통과,지역업종학습,202511|202512,당월|전월,2
202511,수영구,음식점업,식음료업,높음,39,지역업종,통과,지역업종학습,202511|202512,당월|전월,2
202511,연제구,도매 및 상품중개업,,,9,지역업종,통과,지역업종학습,202512,전월,1
202511,연제구,부동산업,서비스업,부분,33,지역업종,통과,지역업종학습,202511|202512,당월|전월,2
202511,연제구,소매업,쇼핑업,중간,61,지역업종,통과,지역업종학습,202511|202512,당월|전월,2
202511,연제구,음식점업,식음료업,높음,58,지역업종,통과,지역업종학습,202511|202512,당월|전월,2
202511,영도구,도매 및 상품중개업,,,7,지역업종,통과,지역업종학습,202512,전월,1
202511,영도구,부동산업,서비스업,부분,15,지역업종,통과,지역업종학습,202511|202512,당월|전월,2
202511,영도구,소매업,쇼핑업,중간,25,지역업종,통과,지역업종학습,202511|202512,당월|전월,2
202511,영도구,음식점업,식음료업,높음,14,지역업종,통과,지역업종학습,202511|202512,당월|전월,2
202511,중구,도매 및 상품중개업,,,11,지역업종,통과,지역업종학습,202512,전월,1
202511,중구,부동산업,서비스업,부분,11,지역업종,통과,지역업종학습,202511|202512,당월|전월,2
202511,중구,소매업,쇼핑업,중간,30,지역업종,통과,지역업종학습,202511|202512,당월|전월,2
202511,중구,음식점업,식음료업,높음,22,지역업종,통과,지역업종학습,202511|202512,당월|전월,2
202511,해운대구,도매 및 상품중개업,,,30,지역업종,통과,지역업종학습,202512,전월,1
202511,해운대구,부동산업,서비스업,부분,42,지역업종,통과,지역업종학습,202511|202512,당월|전월,2
202511,해운대구,소매업,쇼핑업,중간,127,지역업종,통과,지역업종학습,202511|202512,당월|전월,2
202511,해운대구,음식점업,식음료업,높음,52,지역업종,통과,지역업종학습,202511|202512,당월|전월,2
202511,강서구,업종전체,,,240,지역전체,통과,지역총량분석,202511|202512,당월|전월,2
202511,금정구,업종전체,,,216,지역전체,통과,지역총량분석,202511|202512,당월|전월,2
202511,기장군,업종전체,,,190,지역전체,통과,지역총량분석,202511|202512,당월|전월,2
202511,남구,업종전체,,,233,지역전체,통과,지역총량분석,202511|202512,당월|전월,2
202511,동구,업종전체,,,144,지역전체,통과,지역총량분석,202511|202512,당월|전월,2
202511,동래구,업종전체,,,271,지역전체,통과,지역총량분석,202511|202512,당월|전월,2
202511,부산광역시 합계,업종전체,,,3540,지역전체,통과,지역총량분석,202511|202512,당월|전월,2
202511,부산진구,업종전체,,,410,지역전체,통과,지역총량분석,202511|202512,당월|전월,2
202511,북구,업종전체,,,205,지역전체,통과,지역총량분석,202511|202512,당월|전월,2
202511,사상구,업종전체,,,218,지역전체,통과,지역총량분석,202511|202512,당월|전월,2
202511,사하구,업종전체,,,248,지역전체,통과,지역총량분석,202511|202512,당월|전월,2
202511,서구,업종전체,,,97,지역전체,통과,지역총량분석,202511|202512,당월|전월,2
202511,수영구,업종전체,,,212,지역전체,통과,지역총량분석,202511|202512,당월|전월,2
202511,연제구,업종전체,,,267,지역전체,통과,지역총량분석,202511|202512,당월|전월,2
202511,영도구,업종전체,,,99,지역전체,통과,지역총량분석,202511|202512,당월|전월,2
202511,중구,업종전체,,,112,지역전체,통과,지역총량분석,202511|202512,당월|전월,2
202511,해운대구,업종전체,,,378,지역전체,통과,지역총량분석,202511|202512,당월|전월,2
202512,부산광역시 합계,IT관련 및 연구개발업,,,76,부산업종,해당없음,부산업종추세,202512|202601,당월|전월,2
202512,부산광역시 합계,가구 및 기타제조업,,,17,부산업종,해당없음,부산업종추세,202512|202601,당월|전월,2
202512,부산광역시 합계,가사서비스업,,,0,부산업종,해당없음,부산업종추세,202601,전월,1
202512,부산광역시 합계,"가죽, 가방 및 신발류 제조업",,,14,부산업종,해당없음,부산업종추세,202601,전월,1
202512,부산광역시 합계,건설업,,,272,부산업종,해당없음,부산업종추세,202512|202601,당월|전월,2
202512,부산광역시 합계,고무 및 프라스틱 제품 제조업,,,0,부산업종,해당없음,부산업종추세,202512|202601,당월|전월,2
202512,부산광역시 합계,광고업 및 기타 산업관련 서비스업,,,237,부산업종,해당없음,부산업종추세,202512|202601,당월|전월,2
202512,부산광역시 합계,광업,,,0,부산업종,해당없음,부산업종추세,202512|202601,당월|전월,2
202512,부산광역시 합계,교육서비스업,,,193,부산업종,해당없음,부산업종추세,202512|202601,당월|전월,2
202512,부산광역시 합계,금융 및 금융관련 서비스업,,,21,부산업종,해당없음,부산업종추세,202512|202601,당월|전월,2
202512,부산광역시 합계,기계장비 등 장비 임대업,,,13,부산업종,해당없음,부산업종추세,202512|202601,당월|전월,2
202512,부산광역시 합계,기타 서비스업,,,229,부산업종,해당없음,부산업종추세,202512|202601,당월|전월,2
202512,부산광역시 합계,기타 운송장비 제조업,,,0,부산업종,해당없음,부산업종추세,202512|202601,당월|전월,2
202512,부산광역시 합계,기타기계 및 장비 제조업,,,37,부산업종,해당없음,부산업종추세,202512|202601,당월|전월,2
202512,부산광역시 합계,기타도급제조업,,,15,부산업종,해당없음,부산업종추세,202512|202601,당월|전월,2
202512,부산광역시 합계,농업,,,0,부산업종,해당없음,부산업종추세,202512|202601,당월|전월,2
202512,부산광역시 합계,도매 및 상품중개업,,,515,부산업종,해당없음,부산업종추세,202512|202601,당월|전월,2
202512,부산광역시 합계,목재 및 나무제품 제조업(가구제외),,,0,부산업종,해당없음,부산업종추세,202512|202601,당월|전월,2
202512,부산광역시 합계,"법무, 회계, 건축 및 상담업",,,92,부산업종,해당없음,부산업종추세,202601,전월,1
202512,부산광역시 합계,보건업,의료웰니스업,중간,39,부산업종,해당없음,부산업종추세,202512|202601,당월|전월,2
202512,부산광역시 합계,부동산업,서비스업,부분,692,부산업종,해당없음,부산업종추세,202512|202601,당월|전월,2
202512,부산광역시 합계,비금속광물 제품 제조업,,,0,부산업종,해당없음,부산업종추세,202512|202601,당월|전월,2
202512,부산광역시 합계,소매업,쇼핑업,중간,1715,부산업종,해당없음,부산업종추세,202512|202601,당월|전월,2
202512,부산광역시 합계,숙박업,여행/숙박업,중간,53,부산업종,해당없음,부산업종추세,202512|202601,당월|전월,2
202512,부산광역시 합계,여행알선 및 운수관련 서비스업,,,89,부산업종,해당없음,부산업종추세,202512|202601,당월|전월,2
202512,부산광역시 합계,운송업,운송업,중간,270,부산업종,해당없음,부산업종추세,202512|202601,당월|전월,2
202512,부산광역시 합계,위생관련 서비스업,,,0,부산업종,해당없음,부산업종추세,202512|202601,당월|전월,2
202512,부산광역시 합계,음식료품 및 담배제조업,,,35,부산업종,해당없음,부산업종추세,202512|202601,당월|전월,2
202512,부산광역시 합계,음식점업,식음료업,높음,811,부산업종,해당없음,부산업종추세,202512|202601,당월|전월,2
202512,부산광역시 합계,의복 및 모피 제품 제조업,,,0,부산업종,해당없음,부산업종추세,202512|202601,당월|전월,2
202512,부산광역시 합계,인적용역,,,133,부산업종,해당없음,부산업종추세,202512|202601,당월|전월,2
202512,부산광역시 합계,임업,,,0,부산업종,해당없음,부산업종추세,202512|202601,당월|전월,2
202512,부산광역시 합계,자동차 및 트레일러 제조업,,,0,부산업종,해당없음,부산업종추세,202512|202601,당월|전월,2
202512,부산광역시 합계,자동차관련 소매,운송업,부분,38,부산업종,해당없음,부산업종추세,202512|202601,당월|전월,2
202512,부산광역시 합계,재생재료 및 가공처리업,,,0,부산업종,해당없음,부산업종추세,202512|202601,당월|전월,2
202512,부산광역시 합계,제1차 금속산업 제조업,,,0,부산업종,해당없음,부산업종추세,202512|202601,당월|전월,2
202512,부산광역시 합계,조립금속제품 제조업(기계 및 장비 제외),,,17,부산업종,해당없음,부산업종추세,202512|202601,당월|전월,2
202512,부산광역시 합계,화합물 및 화학 제품 제조업,,,0,부산업종,해당없음,부산업종추세,202512|202601,당월|전월,2
202512,강서구,도매 및 상품중개업,,,56,지역업종,통과,지역업종학습,202512,당월,1
202512,강서구,부동산업,서비스업,부분,58,지역업종,통과,지역업종학습,202512|202601,당월|전월,2
202512,강서구,소매업,쇼핑업,중간,73,지역업종,통과,지역업종학습,202512|202601,당월|전월,2
202512,강서구,음식점업,식음료업,높음,40,지역업종,통과,지역업종학습,202512|202601,당월|전월,2
202512,금정구,도매 및 상품중개업,,,24,지역업종,통과,지역업종학습,202512,당월,1
202512,금정구,부동산업,서비스업,부분,24,지역업종,통과,지역업종학습,202512|202601,당월|전월,2
202512,금정구,소매업,쇼핑업,중간,119,지역업종,통과,지역업종학습,202512|202601,당월|전월,2
202512,금정구,음식점업,식음료업,높음,63,지역업종,통과,지역업종학습,202512|202601,당월|전월,2
202512,기장군,도매 및 상품중개업,,,30,지역업종,통과,지역업종학습,202512,당월,1
202512,기장군,부동산업,서비스업,부분,34,지역업종,통과,지역업종학습,202512|202601,당월|전월,2
202512,기장군,소매업,쇼핑업,중간,91,지역업종,통과,지역업종학습,202512|202601,당월|전월,2
202512,기장군,음식점업,식음료업,높음,46,지역업종,통과,지역업종학습,202512|202601,당월|전월,2
202512,남구,도매 및 상품중개업,,,25,지역업종,통과,지역업종학습,202512,당월,1
202512,남구,부동산업,서비스업,부분,27,지역업종,통과,지역업종학습,202512|202601,당월|전월,2
202512,남구,소매업,쇼핑업,중간,118,지역업종,통과,지역업종학습,202512|202601,당월|전월,2
202512,남구,음식점업,식음료업,높음,64,지역업종,통과,지역업종학습,202512|202601,당월|전월,2
202512,동구,도매 및 상품중개업,,,22,지역업종,통과,지역업종학습,202512,당월,1
202512,동구,부동산업,서비스업,부분,50,지역업종,통과,지역업종학습,202512|202601,당월|전월,2
202512,동구,소매업,쇼핑업,중간,76,지역업종,통과,지역업종학습,202512|202601,당월|전월,2
202512,동구,음식점업,식음료업,높음,28,지역업종,통과,지역업종학습,202512|202601,당월|전월,2
202512,동래구,도매 및 상품중개업,,,30,지역업종,통과,지역업종학습,202512,당월,1
202512,동래구,부동산업,서비스업,부분,42,지역업종,통과,지역업종학습,202512|202601,당월|전월,2
202512,동래구,소매업,쇼핑업,중간,136,지역업종,통과,지역업종학습,202512|202601,당월|전월,2
202512,동래구,음식점업,식음료업,높음,63,지역업종,통과,지역업종학습,202512|202601,당월|전월,2
202512,부산진구,도매 및 상품중개업,,,52,지역업종,통과,지역업종학습,202512,당월,1
202512,부산진구,부동산업,서비스업,부분,89,지역업종,통과,지역업종학습,202512|202601,당월|전월,2
202512,부산진구,소매업,쇼핑업,중간,216,지역업종,통과,지역업종학습,202512|202601,당월|전월,2
202512,부산진구,음식점업,식음료업,높음,117,지역업종,통과,지역업종학습,202512|202601,당월|전월,2
202512,북구,도매 및 상품중개업,,,30,지역업종,통과,지역업종학습,202512,당월,1
202512,북구,부동산업,서비스업,부분,33,지역업종,통과,지역업종학습,202512|202601,당월|전월,2
202512,북구,소매업,쇼핑업,중간,134,지역업종,통과,지역업종학습,202512|202601,당월|전월,2
202512,북구,음식점업,식음료업,높음,38,지역업종,통과,지역업종학습,202512|202601,당월|전월,2
202512,사상구,도매 및 상품중개업,,,53,지역업종,통과,지역업종학습,202512,당월,1
202512,사상구,부동산업,서비스업,부분,43,지역업종,통과,지역업종학습,202512|202601,당월|전월,2
202512,사상구,소매업,쇼핑업,중간,108,지역업종,통과,지역업종학습,202512|202601,당월|전월,2
202512,사상구,음식점업,식음료업,높음,34,지역업종,통과,지역업종학습,202512|202601,당월|전월,2
202512,사하구,도매 및 상품중개업,,,27,지역업종,통과,지역업종학습,202512,당월,1
202512,사하구,부동산업,서비스업,부분,26,지역업종,통과,지역업종학습,202512|202601,당월|전월,2
202512,사하구,소매업,쇼핑업,중간,116,지역업종,통과,지역업종학습,202512|202601,당월|전월,2
202512,사하구,음식점업,식음료업,높음,57,지역업종,통과,지역업종학습,202512|202601,당월|전월,2
202512,서구,도매 및 상품중개업,,,16,지역업종,통과,지역업종학습,202512,당월,1
202512,서구,부동산업,서비스업,부분,24,지역업종,통과,지역업종학습,202512|202601,당월|전월,2
202512,서구,소매업,쇼핑업,중간,38,지역업종,통과,지역업종학습,202512|202601,당월|전월,2
202512,서구,음식점업,식음료업,높음,15,지역업종,통과,지역업종학습,202512|202601,당월|전월,2
202512,수영구,도매 및 상품중개업,,,24,지역업종,통과,지역업종학습,202512,당월,1
202512,수영구,부동산업,서비스업,부분,56,지역업종,통과,지역업종학습,202512|202601,당월|전월,2
202512,수영구,소매업,쇼핑업,중간,101,지역업종,통과,지역업종학습,202512|202601,당월|전월,2
202512,수영구,음식점업,식음료업,높음,59,지역업종,통과,지역업종학습,202512|202601,당월|전월,2
202512,연제구,도매 및 상품중개업,,,26,지역업종,통과,지역업종학습,202512,당월,1
202512,연제구,부동산업,서비스업,부분,59,지역업종,통과,지역업종학습,202512|202601,당월|전월,2
202512,연제구,소매업,쇼핑업,중간,106,지역업종,통과,지역업종학습,202512|202601,당월|전월,2
202512,연제구,음식점업,식음료업,높음,49,지역업종,통과,지역업종학습,202512|202601,당월|전월,2
202512,영도구,도매 및 상품중개업,,,10,지역업종,통과,지역업종학습,202512,당월,1
202512,영도구,부동산업,서비스업,부분,12,지역업종,통과,지역업종학습,202512|202601,당월|전월,2
202512,영도구,소매업,쇼핑업,중간,37,지역업종,통과,지역업종학습,202512|202601,당월|전월,2
202512,영도구,음식점업,식음료업,높음,24,지역업종,통과,지역업종학습,202512|202601,당월|전월,2
202512,중구,도매 및 상품중개업,,,20,지역업종,통과,지역업종학습,202512,당월,1
202512,중구,부동산업,서비스업,부분,20,지역업종,통과,지역업종학습,202512|202601,당월|전월,2
202512,중구,소매업,쇼핑업,중간,35,지역업종,통과,지역업종학습,202512|202601,당월|전월,2
202512,중구,음식점업,식음료업,높음,37,지역업종,통과,지역업종학습,202512|202601,당월|전월,2
202512,해운대구,도매 및 상품중개업,,,70,지역업종,통과,지역업종학습,202512,당월,1
202512,해운대구,부동산업,서비스업,부분,95,지역업종,통과,지역업종학습,202512|202601,당월|전월,2
202512,해운대구,소매업,쇼핑업,중간,211,지역업종,통과,지역업종학습,202512|202601,당월|전월,2
202512,해운대구,음식점업,식음료업,높음,77,지역업종,통과,지역업종학습,202512|202601,당월|전월,2
202512,강서구,업종전체,,,425,지역전체,통과,지역총량분석,202512|202601,당월|전월,2
202512,금정구,업종전체,,,391,지역전체,통과,지역총량분석,202512|202601,당월|전월,2
202512,기장군,업종전체,,,315,지역전체,통과,지역총량분석,202512|202601,당월|전월,2
202512,남구,업종전체,,,365,지역전체,통과,지역총량분석,202512|202601,당월|전월,2
202512,동구,업종전체,,,263,지역전체,통과,지역총량분석,202512|202601,당월|전월,2
202512,동래구,업종전체,,,430,지역전체,통과,지역총량분석,202512|202601,당월|전월,2
202512,부산광역시 합계,업종전체,,,5951,지역전체,통과,지역총량분석,202512|202601,당월|전월,2
202512,부산진구,업종전체,,,677,지역전체,통과,지역총량분석,202512|202601,당월|전월,2
202512,북구,업종전체,,,344,지역전체,통과,지역총량분석,202512|202601,당월|전월,2
202512,사상구,업종전체,,,394,지역전체,통과,지역총량분석,202512|202601,당월|전월,2
202512,사하구,업종전체,,,402,지역전체,통과,지역총량분석,202512|202601,당월|전월,2
202512,서구,업종전체,,,154,지역전체,통과,지역총량분석,202512|202601,당월|전월,2
202512,수영구,업종전체,,,376,지역전체,통과,지역총량분석,202512|202601,당월|전월,2
202512,연제구,업종전체,,,382,지역전체,통과,지역총량분석,202512|202601,당월|전월,2
202512,영도구,업종전체,,,144,지역전체,통과,지역총량분석,202512|202601,당월|전월,2
202512,중구,업종전체,,,178,지역전체,통과,지역총량분석,202512|202601,당월|전월,2
202512,해운대구,업종전체,,,711,지역전체,통과,지역총량분석,202512|202601,당월|전월,2
202601,부산광역시 합계,IT관련 및 연구개발업,,,56,부산업종,해당없음,부산업종추세,202601|202602,당월|전월,2
202601,부산광역시 합계,가구 및 기타제조업,,,5,부산업종,해당없음,부산업종추세,202601|202602,당월|전월,2
202601,부산광역시 합계,가사서비스업,,,0,부산업종,해당없음,부산업종추세,202601|202602,당월|전월,2
202601,부산광역시 합계,건설업,,,180,부산업종,해당없음,부산업종추세,202601|202602,당월|전월,2
202601,부산광역시 합계,고무 및 프라스틱 제품 제조업,,,0,부산업종,해당없음,부산업종추세,202601|202602,당월|전월,2
202601,부산광역시 합계,광고업 및 기타 산업관련 서비스업,,,190,부산업종,해당없음,부산업종추세,202601|202602,당월|전월,2
202601,부산광역시 합계,광업,,,0,부산업종,해당없음,부산업종추세,202601|202602,당월|전월,2
202601,부산광역시 합계,교육서비스업,,,136,부산업종,해당없음,부산업종추세,202601|202602,당월|전월,2
202601,부산광역시 합계,금융 및 금융관련 서비스업,,,16,부산업종,해당없음,부산업종추세,202601|202602,당월|전월,2
202601,부산광역시 합계,기타 서비스업,,,187,부산업종,해당없음,부산업종추세,202601|202602,당월|전월,2
202601,부산광역시 합계,기타 전지기계 및 전기변환장치 제조업,,,0,부산업종,해당없음,부산업종추세,202601|202602,당월|전월,2
202601,부산광역시 합계,기타기계 및 장비 제조업,,,14,부산업종,해당없음,부산업종추세,202601|202602,당월|전월,2
202601,부산광역시 합계,기타도급제조업,,,8,부산업종,해당없음,부산업종추세,202601|202602,당월|전월,2
202601,부산광역시 합계,농업,,,0,부산업종,해당없음,부산업종추세,202601|202602,당월|전월,2
202601,부산광역시 합계,도매 및 상품중개업,,,278,부산업종,해당없음,부산업종추세,202601|202602,당월|전월,2
202601,부산광역시 합계,목재 및 나무제품 제조업(가구제외),,,0,부산업종,해당없음,부산업종추세,202601|202602,당월|전월,2
202601,부산광역시 합계,"법무, 회계, 건축 및 상담업",,,46,부산업종,해당없음,부산업종추세,202601|202602,당월|전월,2
202601,부산광역시 합계,보건업,의료웰니스업,중간,17,부산업종,해당없음,부산업종추세,202601|202602,당월|전월,2
202601,부산광역시 합계,보험 및 보험관련 서비스업,,,12,부산업종,해당없음,부산업종추세,202601|202602,당월|전월,2
202601,부산광역시 합계,부동산업,서비스업,부분,539,부산업종,해당없음,부산업종추세,202601|202602,당월|전월,2
202601,부산광역시 합계,비금속광물 제품 제조업,,,0,부산업종,해당없음,부산업종추세,202601|202602,당월|전월,2
202601,부산광역시 합계,섬유제품 제조업,,,0,부산업종,해당없음,부산업종추세,202601|202602,당월|전월,2
202601,부산광역시 합계,소매업,쇼핑업,중간,1620,부산업종,해당없음,부산업종추세,202601|202602,당월|전월,2
202601,부산광역시 합계,숙박업,여행/숙박업,중간,29,부산업종,해당없음,부산업종추세,202601|202602,당월|전월,2
202601,부산광역시 합계,여행알선 및 운수관련 서비스업,,,48,부산업종,해당없음,부산업종추세,202601|202602,당월|전월,2
202601,부산광역시 합계,"영상, 음향 및 통신장비 제조업",,,0,부산업종,해당없음,부산업종추세,202602,전월,1
202601,부산광역시 합계,"오락, 문화, 운동관련 산업 및 수리업",,,137,부산업종,해당없음,부산업종추세,202602,전월,1
202601,부산광역시 합계,운송업,운송업,중간,222,부산업종,해당없음,부산업종추세,202601|202602,당월|전월,2
202601,부산광역시 합계,위생관련 서비스업,,,0,부산업종,해당없음,부산업종추세,202601|202602,당월|전월,2
202601,부산광역시 합계,음식료품 및 담배제조업,,,23,부산업종,해당없음,부산업종추세,202601|202602,당월|전월,2
202601,부산광역시 합계,음식점업,식음료업,높음,596,부산업종,해당없음,부산업종추세,202601|202602,당월|전월,2
202601,부산광역시 합계,"의료, 정밀, 광학기기 및 시계제조업",,,0,부산업종,해당없음,부산업종추세,202602,전월,1
202601,부산광역시 합계,의복 및 모피 제품 제조업,,,0,부산업종,해당없음,부산업종추세,202601|202602,당월|전월,2
202601,부산광역시 합계,인적용역,,,109,부산업종,해당없음,부산업종추세,202601|202602,당월|전월,2
202601,부산광역시 합계,임업,,,0,부산업종,해당없음,부산업종추세,202601|202602,당월|전월,2
202601,부산광역시 합계,자동차 및 트레일러 제조업,,,0,부산업종,해당없음,부산업종추세,202601|202602,당월|전월,2
202601,부산광역시 합계,자동차관련 소매,운송업,부분,28,부산업종,해당없음,부산업종추세,202601|202602,당월|전월,2
202601,부산광역시 합계,재생재료 및 가공처리업,,,0,부산업종,해당없음,부산업종추세,202601|202602,당월|전월,2
202601,부산광역시 합계,"전기, 가스 및 수도사업",,,0,부산업종,해당없음,부산업종추세,202602,전월,1
202601,부산광역시 합계,제1차 금속산업 제조업,,,0,부산업종,해당없음,부산업종추세,202601|202602,당월|전월,2
202601,부산광역시 합계,조립금속제품 제조업(기계 및 장비 제외),,,6,부산업종,해당없음,부산업종추세,202601|202602,당월|전월,2
202601,부산광역시 합계,"출판, 인쇄 및 기록매체 제조업",,,19,부산업종,해당없음,부산업종추세,202602,전월,1
202601,부산광역시 합계,화합물 및 화학 제품 제조업,,,0,부산업종,해당없음,부산업종추세,202601|202602,당월|전월,2
202601,강서구,부동산업,서비스업,부분,42,지역업종,통과,지역업종학습,202601,당월,1
202601,강서구,소매업,쇼핑업,중간,90,지역업종,통과,지역업종학습,202601|202602,당월|전월,2
202601,강서구,음식점업,식음료업,높음,34,지역업종,통과,지역업종학습,202601|202602,당월|전월,2
202601,금정구,부동산업,서비스업,부분,33,지역업종,통과,지역업종학습,202601,당월,1
202601,금정구,소매업,쇼핑업,중간,88,지역업종,통과,지역업종학습,202601|202602,당월|전월,2
202601,금정구,음식점업,식음료업,높음,43,지역업종,통과,지역업종학습,202601|202602,당월|전월,2
202601,기장군,부동산업,서비스업,부분,18,지역업종,통과,지역업종학습,202601,당월,1
202601,기장군,소매업,쇼핑업,중간,78,지역업종,통과,지역업종학습,202601|202602,당월|전월,2
202601,기장군,음식점업,식음료업,높음,25,지역업종,통과,지역업종학습,202601|202602,당월|전월,2
202601,남구,부동산업,서비스업,부분,36,지역업종,통과,지역업종학습,202601,당월,1
202601,남구,소매업,쇼핑업,중간,107,지역업종,통과,지역업종학습,202601|202602,당월|전월,2
202601,남구,음식점업,식음료업,높음,32,지역업종,통과,지역업종학습,202601|202602,당월|전월,2
202601,동구,부동산업,서비스업,부분,45,지역업종,통과,지역업종학습,202601,당월,1
202601,동구,소매업,쇼핑업,중간,64,지역업종,통과,지역업종학습,202601|202602,당월|전월,2
202601,동구,음식점업,식음료업,높음,23,지역업종,통과,지역업종학습,202601|202602,당월|전월,2
202601,동래구,부동산업,서비스업,부분,40,지역업종,통과,지역업종학습,202601,당월,1
202601,동래구,소매업,쇼핑업,중간,132,지역업종,통과,지역업종학습,202601|202602,당월|전월,2
202601,동래구,음식점업,식음료업,높음,48,지역업종,통과,지역업종학습,202601|202602,당월|전월,2
202601,부산진구,부동산업,서비스업,부분,65,지역업종,통과,지역업종학습,202601,당월,1
202601,부산진구,소매업,쇼핑업,중간,201,지역업종,통과,지역업종학습,202601|202602,당월|전월,2
202601,부산진구,음식점업,식음료업,높음,86,지역업종,통과,지역업종학습,202601|202602,당월|전월,2
202601,북구,부동산업,서비스업,부분,22,지역업종,통과,지역업종학습,202601,당월,1
202601,북구,소매업,쇼핑업,중간,110,지역업종,통과,지역업종학습,202601|202602,당월|전월,2
202601,북구,음식점업,식음료업,높음,38,지역업종,통과,지역업종학습,202601|202602,당월|전월,2
202601,사상구,부동산업,서비스업,부분,22,지역업종,통과,지역업종학습,202601,당월,1
202601,사상구,소매업,쇼핑업,중간,79,지역업종,통과,지역업종학습,202601|202602,당월|전월,2
202601,사상구,음식점업,식음료업,높음,28,지역업종,통과,지역업종학습,202601|202602,당월|전월,2
202601,사하구,부동산업,서비스업,부분,26,지역업종,통과,지역업종학습,202601,당월,1
202601,사하구,소매업,쇼핑업,중간,128,지역업종,통과,지역업종학습,202601|202602,당월|전월,2
202601,사하구,음식점업,식음료업,높음,53,지역업종,통과,지역업종학습,202601|202602,당월|전월,2
202601,서구,부동산업,서비스업,부분,8,지역업종,통과,지역업종학습,202601,당월,1
202601,서구,소매업,쇼핑업,중간,38,지역업종,통과,지역업종학습,202601|202602,당월|전월,2
202601,서구,음식점업,식음료업,높음,9,지역업종,통과,지역업종학습,202601|202602,당월|전월,2
202601,수영구,부동산업,서비스업,부분,47,지역업종,통과,지역업종학습,202601,당월,1
202601,수영구,소매업,쇼핑업,중간,117,지역업종,통과,지역업종학습,202601|202602,당월|전월,2
202601,수영구,음식점업,식음료업,높음,40,지역업종,통과,지역업종학습,202601|202602,당월|전월,2
202601,연제구,부동산업,서비스업,부분,31,지역업종,통과,지역업종학습,202601,당월,1
202601,연제구,소매업,쇼핑업,중간,109,지역업종,통과,지역업종학습,202601|202602,당월|전월,2
202601,연제구,음식점업,식음료업,높음,47,지역업종,통과,지역업종학습,202601|202602,당월|전월,2
202601,영도구,부동산업,서비스업,부분,9,지역업종,통과,지역업종학습,202601,당월,1
202601,영도구,소매업,쇼핑업,중간,32,지역업종,통과,지역업종학습,202601|202602,당월|전월,2
202601,영도구,음식점업,식음료업,높음,15,지역업종,통과,지역업종학습,202601|202602,당월|전월,2
202601,중구,부동산업,서비스업,부분,13,지역업종,통과,지역업종학습,202601,당월,1
202601,중구,소매업,쇼핑업,중간,32,지역업종,통과,지역업종학습,202601|202602,당월|전월,2
202601,중구,음식점업,식음료업,높음,18,지역업종,통과,지역업종학습,202601|202602,당월|전월,2
202601,해운대구,부동산업,서비스업,부분,82,지역업종,통과,지역업종학습,202601,당월,1
202601,해운대구,소매업,쇼핑업,중간,215,지역업종,통과,지역업종학습,202601|202602,당월|전월,2
202601,해운대구,음식점업,식음료업,높음,57,지역업종,통과,지역업종학습,202601|202602,당월|전월,2
202601,강서구,업종전체,,,285,지역전체,통과,지역총량분석,202601|202602,당월|전월,2
202601,금정구,업종전체,,,274,지역전체,통과,지역총량분석,202601|202602,당월|전월,2
202601,기장군,업종전체,,,228,지역전체,통과,지역총량분석,202601|202602,당월|전월,2
202601,남구,업종전체,,,331,지역전체,통과,지역총량분석,202601|202602,당월|전월,2
202601,동구,업종전체,,,206,지역전체,통과,지역총량분석,202601|202602,당월|전월,2
202601,동래구,업종전체,,,370,지역전체,통과,지역총량분석,202601|202602,당월|전월,2
202601,부산광역시 합계,업종전체,,,4617,지역전체,통과,지역총량분석,202601|202602,당월|전월,2
202601,부산진구,업종전체,,,566,지역전체,통과,지역총량분석,202601|202602,당월|전월,2
202601,북구,업종전체,,,275,지역전체,통과,지역총량분석,202601|202602,당월|전월,2
202601,사상구,업종전체,,,247,지역전체,통과,지역총량분석,202601|202602,당월|전월,2
202601,사하구,업종전체,,,333,지역전체,통과,지역총량분석,202601|202602,당월|전월,2
202601,서구,업종전체,,,101,지역전체,통과,지역총량분석,202601|202602,당월|전월,2
202601,수영구,업종전체,,,328,지역전체,통과,지역총량분석,202601|202602,당월|전월,2
202601,연제구,업종전체,,,295,지역전체,통과,지역총량분석,202601|202602,당월|전월,2
202601,영도구,업종전체,,,104,지역전체,통과,지역총량분석,202601|202602,당월|전월,2
202601,중구,업종전체,,,121,지역전체,통과,지역총량분석,202601|202602,당월|전월,2
202601,해운대구,업종전체,,,553,지역전체,통과,지역총량분석,202601|202602,당월|전월,2
202602,부산광역시 합계,IT관련 및 연구개발업,,,42,부산업종,해당없음,부산업종추세,202602|202603,당월|전월,2
202602,부산광역시 합계,가구 및 기타제조업,,,6,부산업종,해당없음,부산업종추세,202602|202603,당월|전월,2
202602,부산광역시 합계,가사서비스업,,,0,부산업종,해당없음,부산업종추세,202602|202603,당월|전월,2
202602,부산광역시 합계,"가죽, 가방 및 신발류 제조업",,,0,부산업종,해당없음,부산업종추세,202602|202603,당월|전월,2
202602,부산광역시 합계,건설업,,,123,부산업종,해당없음,부산업종추세,202602|202603,당월|전월,2
202602,부산광역시 합계,고무 및 프라스틱 제품 제조업,,,0,부산업종,해당없음,부산업종추세,202602|202603,당월|전월,2
202602,부산광역시 합계,광고업 및 기타 산업관련 서비스업,,,133,부산업종,해당없음,부산업종추세,202602|202603,당월|전월,2
202602,부산광역시 합계,광업,,,0,부산업종,해당없음,부산업종추세,202602,당월,1
202602,부산광역시 합계,교육서비스업,,,105,부산업종,해당없음,부산업종추세,202602|202603,당월|전월,2
202602,부산광역시 합계,금융 및 금융관련 서비스업,,,8,부산업종,해당없음,부산업종추세,202602|202603,당월|전월,2
202602,부산광역시 합계,기타 서비스업,,,133,부산업종,해당없음,부산업종추세,202602|202603,당월|전월,2
202602,부산광역시 합계,기타 운송장비 제조업,,,6,부산업종,해당없음,부산업종추세,202602|202603,당월|전월,2
202602,부산광역시 합계,기타 전지기계 및 전기변환장치 제조업,,,0,부산업종,해당없음,부산업종추세,202602|202603,당월|전월,2
202602,부산광역시 합계,기타기계 및 장비 제조업,,,11,부산업종,해당없음,부산업종추세,202602|202603,당월|전월,2
202602,부산광역시 합계,기타도급제조업,,,7,부산업종,해당없음,부산업종추세,202602|202603,당월|전월,2
202602,부산광역시 합계,농업,,,0,부산업종,해당없음,부산업종추세,202602|202603,당월|전월,2
202602,부산광역시 합계,도매 및 상품중개업,,,179,부산업종,해당없음,부산업종추세,202602|202603,당월|전월,2
202602,부산광역시 합계,목재 및 나무제품 제조업(가구제외),,,0,부산업종,해당없음,부산업종추세,202602|202603,당월|전월,2
202602,부산광역시 합계,"법무, 회계, 건축 및 상담업",,,31,부산업종,해당없음,부산업종추세,202602|202603,당월|전월,2
202602,부산광역시 합계,보건업,의료웰니스업,중간,13,부산업종,해당없음,부산업종추세,202602|202603,당월|전월,2
202602,부산광역시 합계,부동산업,서비스업,부분,400,부산업종,해당없음,부산업종추세,202602|202603,당월|전월,2
202602,부산광역시 합계,비금속광물 제품 제조업,,,0,부산업종,해당없음,부산업종추세,202602|202603,당월|전월,2
202602,부산광역시 합계,"사무, 계산 및 회계용 기계 조립업",,,0,부산업종,해당없음,부산업종추세,202603,전월,1
202602,부산광역시 합계,섬유제품 제조업,,,0,부산업종,해당없음,부산업종추세,202602|202603,당월|전월,2
202602,부산광역시 합계,소매업,쇼핑업,중간,1106,부산업종,해당없음,부산업종추세,202602|202603,당월|전월,2
202602,부산광역시 합계,숙박업,여행/숙박업,중간,25,부산업종,해당없음,부산업종추세,202602|202603,당월|전월,2
202602,부산광역시 합계,여행알선 및 운수관련 서비스업,,,39,부산업종,해당없음,부산업종추세,202602|202603,당월|전월,2
202602,부산광역시 합계,"영상, 음향 및 통신장비 제조업",,,0,부산업종,해당없음,부산업종추세,202602|202603,당월|전월,2
202602,부산광역시 합계,"오락, 문화, 운동관련 산업 및 수리업",,,117,부산업종,해당없음,부산업종추세,202602|202603,당월|전월,2
202602,부산광역시 합계,운송업,운송업,중간,158,부산업종,해당없음,부산업종추세,202602|202603,당월|전월,2
202602,부산광역시 합계,위생관련 서비스업,,,0,부산업종,해당없음,부산업종추세,202602|202603,당월|전월,2
202602,부산광역시 합계,음식료품 및 담배제조업,,,22,부산업종,해당없음,부산업종추세,202602|202603,당월|전월,2
202602,부산광역시 합계,음식점업,식음료업,높음,538,부산업종,해당없음,부산업종추세,202602|202603,당월|전월,2
202602,부산광역시 합계,"의료, 정밀, 광학기기 및 시계제조업",,,0,부산업종,해당없음,부산업종추세,202602,당월,1
202602,부산광역시 합계,의복 및 모피 제품 제조업,,,0,부산업종,해당없음,부산업종추세,202602|202603,당월|전월,2
202602,부산광역시 합계,인적용역,,,103,부산업종,해당없음,부산업종추세,202602|202603,당월|전월,2
202602,부산광역시 합계,임업,,,0,부산업종,해당없음,부산업종추세,202602|202603,당월|전월,2
202602,부산광역시 합계,자동차 및 트레일러 제조업,,,0,부산업종,해당없음,부산업종추세,202602|202603,당월|전월,2
202602,부산광역시 합계,자동차관련 소매,운송업,부분,17,부산업종,해당없음,부산업종추세,202602|202603,당월|전월,2
202602,부산광역시 합계,재생재료 및 가공처리업,,,0,부산업종,해당없음,부산업종추세,202602|202603,당월|전월,2
202602,부산광역시 합계,"전기, 가스 및 수도사업",,,0,부산업종,해당없음,부산업종추세,202602,당월,1
202602,부산광역시 합계,제1차 금속산업 제조업,,,0,부산업종,해당없음,부산업종추세,202602|202603,당월|전월,2
202602,부산광역시 합계,조립금속제품 제조업(기계 및 장비 제외),,,16,부산업종,해당없음,부산업종추세,202602|202603,당월|전월,2
202602,부산광역시 합계,"출판, 인쇄 및 기록매체 제조업",,,7,부산업종,해당없음,부산업종추세,202602,당월,1
202602,부산광역시 합계,화합물 및 화학 제품 제조업,,,0,부산업종,해당없음,부산업종추세,202602|202603,당월|전월,2
202602,강서구,소매업,쇼핑업,중간,49,지역업종,통과,지역업종학습,202602|202603,당월|전월,2
202602,강서구,음식점업,식음료업,높음,23,지역업종,통과,지역업종학습,202602|202603,당월|전월,2
202602,금정구,소매업,쇼핑업,중간,62,지역업종,통과,지역업종학습,202602|202603,당월|전월,2
202602,금정구,음식점업,식음료업,높음,28,지역업종,통과,지역업종학습,202602|202603,당월|전월,2
202602,기장군,소매업,쇼핑업,중간,65,지역업종,통과,지역업종학습,202602|202603,당월|전월,2
202602,기장군,음식점업,식음료업,높음,33,지역업종,통과,지역업종학습,202602|202603,당월|전월,2
202602,남구,소매업,쇼핑업,중간,98,지역업종,통과,지역업종학습,202602|202603,당월|전월,2
202602,남구,음식점업,식음료업,높음,33,지역업종,통과,지역업종학습,202602|202603,당월|전월,2
202602,동구,소매업,쇼핑업,중간,41,지역업종,통과,지역업종학습,202602|202603,당월|전월,2
202602,동구,음식점업,식음료업,높음,14,지역업종,통과,지역업종학습,202602|202603,당월|전월,2
202602,동래구,소매업,쇼핑업,중간,78,지역업종,통과,지역업종학습,202602|202603,당월|전월,2
202602,동래구,음식점업,식음료업,높음,47,지역업종,통과,지역업종학습,202602|202603,당월|전월,2
202602,부산진구,소매업,쇼핑업,중간,142,지역업종,통과,지역업종학습,202602|202603,당월|전월,2
202602,부산진구,음식점업,식음료업,높음,90,지역업종,통과,지역업종학습,202602|202603,당월|전월,2
202602,북구,소매업,쇼핑업,중간,60,지역업종,통과,지역업종학습,202602|202603,당월|전월,2
202602,북구,음식점업,식음료업,높음,31,지역업종,통과,지역업종학습,202602|202603,당월|전월,2
202602,사상구,소매업,쇼핑업,중간,70,지역업종,통과,지역업종학습,202602|202603,당월|전월,2
202602,사상구,음식점업,식음료업,높음,25,지역업종,통과,지역업종학습,202602|202603,당월|전월,2
202602,사하구,소매업,쇼핑업,중간,88,지역업종,통과,지역업종학습,202602|202603,당월|전월,2
202602,사하구,음식점업,식음료업,높음,41,지역업종,통과,지역업종학습,202602|202603,당월|전월,2
202602,서구,소매업,쇼핑업,중간,23,지역업종,통과,지역업종학습,202602|202603,당월|전월,2
202602,서구,음식점업,식음료업,높음,13,지역업종,통과,지역업종학습,202602|202603,당월|전월,2
202602,수영구,소매업,쇼핑업,중간,79,지역업종,통과,지역업종학습,202602|202603,당월|전월,2
202602,수영구,음식점업,식음료업,높음,42,지역업종,통과,지역업종학습,202602|202603,당월|전월,2
202602,연제구,소매업,쇼핑업,중간,72,지역업종,통과,지역업종학습,202602|202603,당월|전월,2
202602,연제구,음식점업,식음료업,높음,33,지역업종,통과,지역업종학습,202602|202603,당월|전월,2
202602,영도구,소매업,쇼핑업,중간,33,지역업종,통과,지역업종학습,202602|202603,당월|전월,2
202602,영도구,음식점업,식음료업,높음,9,지역업종,통과,지역업종학습,202602|202603,당월|전월,2
202602,중구,소매업,쇼핑업,중간,21,지역업종,통과,지역업종학습,202602|202603,당월|전월,2
202602,중구,음식점업,식음료업,높음,16,지역업종,통과,지역업종학습,202602|202603,당월|전월,2
202602,해운대구,소매업,쇼핑업,중간,125,지역업종,통과,지역업종학습,202602|202603,당월|전월,2
202602,해운대구,음식점업,식음료업,높음,60,지역업종,통과,지역업종학습,202602|202603,당월|전월,2
202602,강서구,업종전체,,,197,지역전체,통과,지역총량분석,202602|202603,당월|전월,2
202602,금정구,업종전체,,,195,지역전체,통과,지역총량분석,202602|202603,당월|전월,2
202602,기장군,업종전체,,,206,지역전체,통과,지역총량분석,202602|202603,당월|전월,2
202602,남구,업종전체,,,261,지역전체,통과,지역총량분석,202602|202603,당월|전월,2
202602,동구,업종전체,,,127,지역전체,통과,지역총량분석,202602|202603,당월|전월,2
202602,동래구,업종전체,,,258,지역전체,통과,지역총량분석,202602|202603,당월|전월,2
202602,부산광역시 합계,업종전체,,,3409,지역전체,통과,지역총량분석,202602|202603,당월|전월,2
202602,부산진구,업종전체,,,428,지역전체,통과,지역총량분석,202602|202603,당월|전월,2
202602,북구,업종전체,,,193,지역전체,통과,지역총량분석,202602|202603,당월|전월,2
202602,사상구,업종전체,,,198,지역전체,통과,지역총량분석,202602|202603,당월|전월,2
202602,사하구,업종전체,,,261,지역전체,통과,지역총량분석,202602|202603,당월|전월,2
202602,서구,업종전체,,,67,지역전체,통과,지역총량분석,202602|202603,당월|전월,2
202602,수영구,업종전체,,,234,지역전체,통과,지역총량분석,202602|202603,당월|전월,2
202602,연제구,업종전체,,,225,지역전체,통과,지역총량분석,202602|202603,당월|전월,2
202602,영도구,업종전체,,,81,지역전체,통과,지역총량분석,202602|202603,당월|전월,2
202602,중구,업종전체,,,80,지역전체,통과,지역총량분석,202602|202603,당월|전월,2
202602,해운대구,업종전체,,,398,지역전체,통과,지역총량분석,202602|202603,당월|전월,2
202603,부산광역시 합계,IT관련 및 연구개발업,,,45,부산업종,해당없음,부산업종추세,202603|202604,당월|전월,2
202603,부산광역시 합계,가구 및 기타제조업,,,15,부산업종,해당없음,부산업종추세,202603|202604,당월|전월,2
202603,부산광역시 합계,가사서비스업,,,0,부산업종,해당없음,부산업종추세,202603|202604,당월|전월,2
202603,부산광역시 합계,"가죽, 가방 및 신발류 제조업",,,0,부산업종,해당없음,부산업종추세,202603|202604,당월|전월,2
202603,부산광역시 합계,건설업,,,168,부산업종,해당없음,부산업종추세,202603|202604,당월|전월,2
202603,부산광역시 합계,고무 및 프라스틱 제품 제조업,,,0,부산업종,해당없음,부산업종추세,202603|202604,당월|전월,2
202603,부산광역시 합계,광고업 및 기타 산업관련 서비스업,,,154,부산업종,해당없음,부산업종추세,202603|202604,당월|전월,2
202603,부산광역시 합계,교육서비스업,,,117,부산업종,해당없음,부산업종추세,202603|202604,당월|전월,2
202603,부산광역시 합계,금융 및 금융관련 서비스업,,,13,부산업종,해당없음,부산업종추세,202603|202604,당월|전월,2
202603,부산광역시 합계,기타 서비스업,,,172,부산업종,해당없음,부산업종추세,202603|202604,당월|전월,2
202603,부산광역시 합계,기타 운송장비 제조업,,,12,부산업종,해당없음,부산업종추세,202603|202604,당월|전월,2
202603,부산광역시 합계,기타기계 및 장비 제조업,,,25,부산업종,해당없음,부산업종추세,202603|202604,당월|전월,2
202603,부산광역시 합계,농업,,,0,부산업종,해당없음,부산업종추세,202603|202604,당월|전월,2
202603,부산광역시 합계,도매 및 상품중개업,,,304,부산업종,해당없음,부산업종추세,202603|202604,당월|전월,2
202603,부산광역시 합계,목재 및 나무제품 제조업(가구제외),,,0,부산업종,해당없음,부산업종추세,202603|202604,당월|전월,2
202603,부산광역시 합계,"법무, 회계, 건축 및 상담업",,,72,부산업종,해당없음,부산업종추세,202603|202604,당월|전월,2
202603,부산광역시 합계,보건업,의료웰니스업,중간,17,부산업종,해당없음,부산업종추세,202603|202604,당월|전월,2
202603,부산광역시 합계,부동산업,서비스업,부분,494,부산업종,해당없음,부산업종추세,202603|202604,당월|전월,2
202603,부산광역시 합계,비금속광물 제품 제조업,,,0,부산업종,해당없음,부산업종추세,202603|202604,당월|전월,2
202603,부산광역시 합계,"사무, 계산 및 회계용 기계 조립업",,,0,부산업종,해당없음,부산업종추세,202603|202604,당월|전월,2
202603,부산광역시 합계,소매업,쇼핑업,중간,1154,부산업종,해당없음,부산업종추세,202603|202604,당월|전월,2
202603,부산광역시 합계,숙박업,여행/숙박업,중간,32,부산업종,해당없음,부산업종추세,202603|202604,당월|전월,2
202603,부산광역시 합계,어업,,,0,부산업종,해당없음,부산업종추세,202603|202604,당월|전월,2
202603,부산광역시 합계,여행알선 및 운수관련 서비스업,,,50,부산업종,해당없음,부산업종추세,202603|202604,당월|전월,2
202603,부산광역시 합계,"영상, 음향 및 통신장비 제조업",,,0,부산업종,해당없음,부산업종추세,202603|202604,당월|전월,2
202603,부산광역시 합계,"오락, 문화, 운동관련 산업 및 수리업",,,125,부산업종,해당없음,부산업종추세,202603|202604,당월|전월,2
202603,부산광역시 합계,운송업,운송업,중간,279,부산업종,해당없음,부산업종추세,202603|202604,당월|전월,2
202603,부산광역시 합계,위생관련 서비스업,,,0,부산업종,해당없음,부산업종추세,202603|202604,당월|전월,2
202603,부산광역시 합계,음식료품 및 담배제조업,,,25,부산업종,해당없음,부산업종추세,202603|202604,당월|전월,2
202603,부산광역시 합계,음식점업,식음료업,높음,758,부산업종,해당없음,부산업종추세,202603|202604,당월|전월,2
202603,부산광역시 합계,의복 및 모피 제품 제조업,,,0,부산업종,해당없음,부산업종추세,202603|202604,당월|전월,2
202603,부산광역시 합계,인적용역,,,112,부산업종,해당없음,부산업종추세,202603|202604,당월|전월,2
202603,부산광역시 합계,임업,,,0,부산업종,해당없음,부산업종추세,202603,당월,1
202603,부산광역시 합계,자동차 및 트레일러 제조업,,,0,부산업종,해당없음,부산업종추세,202603|202604,당월|전월,2
202603,부산광역시 합계,자동차관련 소매,운송업,부분,15,부산업종,해당없음,부산업종추세,202603|202604,당월|전월,2
202603,부산광역시 합계,재생재료 및 가공처리업,,,0,부산업종,해당없음,부산업종추세,202603,당월,1
202603,부산광역시 합계,제1차 금속산업 제조업,,,0,부산업종,해당없음,부산업종추세,202603|202604,당월|전월,2
202603,부산광역시 합계,조립금속제품 제조업(기계 및 장비 제외),,,21,부산업종,해당없음,부산업종추세,202603|202604,당월|전월,2
202603,부산광역시 합계,화합물 및 화학 제품 제조업,,,0,부산업종,해당없음,부산업종추세,202603|202604,당월|전월,2
202603,강서구,부동산업,서비스업,부분,39,지역업종,통과,지역업종학습,202604,전월,1
202603,강서구,소매업,쇼핑업,중간,61,지역업종,통과,지역업종학습,202603|202604,당월|전월,2
202603,강서구,음식점업,식음료업,높음,36,지역업종,통과,지역업종학습,202603|202604,당월|전월,2
202603,금정구,부동산업,서비스업,부분,23,지역업종,통과,지역업종학습,202604,전월,1
202603,금정구,소매업,쇼핑업,중간,66,지역업종,통과,지역업종학습,202603|202604,당월|전월,2
202603,금정구,음식점업,식음료업,높음,62,지역업종,통과,지역업종학습,202603|202604,당월|전월,2
202603,기장군,부동산업,서비스업,부분,24,지역업종,통과,지역업종학습,202604,전월,1
202603,기장군,소매업,쇼핑업,중간,61,지역업종,통과,지역업종학습,202603|202604,당월|전월,2
202603,기장군,음식점업,식음료업,높음,39,지역업종,통과,지역업종학습,202603|202604,당월|전월,2
202603,남구,부동산업,서비스업,부분,23,지역업종,통과,지역업종학습,202604,전월,1
202603,남구,소매업,쇼핑업,중간,83,지역업종,통과,지역업종학습,202603|202604,당월|전월,2
202603,남구,음식점업,식음료업,높음,51,지역업종,통과,지역업종학습,202603|202604,당월|전월,2
202603,동구,부동산업,서비스업,부분,48,지역업종,통과,지역업종학습,202604,전월,1
202603,동구,소매업,쇼핑업,중간,34,지역업종,통과,지역업종학습,202603|202604,당월|전월,2
202603,동구,음식점업,식음료업,높음,13,지역업종,통과,지역업종학습,202603|202604,당월|전월,2
202603,동래구,부동산업,서비스업,부분,31,지역업종,통과,지역업종학습,202604,전월,1
202603,동래구,소매업,쇼핑업,중간,91,지역업종,통과,지역업종학습,202603|202604,당월|전월,2
202603,동래구,음식점업,식음료업,높음,70,지역업종,통과,지역업종학습,202603|202604,당월|전월,2
202603,부산진구,부동산업,서비스업,부분,76,지역업종,통과,지역업종학습,202604,전월,1
202603,부산진구,소매업,쇼핑업,중간,149,지역업종,통과,지역업종학습,202603|202604,당월|전월,2
202603,부산진구,음식점업,식음료업,높음,102,지역업종,통과,지역업종학습,202603|202604,당월|전월,2
202603,북구,부동산업,서비스업,부분,22,지역업종,통과,지역업종학습,202604,전월,1
202603,북구,소매업,쇼핑업,중간,79,지역업종,통과,지역업종학습,202603|202604,당월|전월,2
202603,북구,음식점업,식음료업,높음,34,지역업종,통과,지역업종학습,202603|202604,당월|전월,2
202603,사상구,부동산업,서비스업,부분,33,지역업종,통과,지역업종학습,202604,전월,1
202603,사상구,소매업,쇼핑업,중간,66,지역업종,통과,지역업종학습,202603|202604,당월|전월,2
202603,사상구,음식점업,식음료업,높음,39,지역업종,통과,지역업종학습,202603|202604,당월|전월,2
202603,사하구,부동산업,서비스업,부분,20,지역업종,통과,지역업종학습,202604,전월,1
202603,사하구,소매업,쇼핑업,중간,92,지역업종,통과,지역업종학습,202603|202604,당월|전월,2
202603,사하구,음식점업,식음료업,높음,65,지역업종,통과,지역업종학습,202603|202604,당월|전월,2
202603,서구,부동산업,서비스업,부분,6,지역업종,통과,지역업종학습,202604,전월,1
202603,서구,소매업,쇼핑업,중간,25,지역업종,통과,지역업종학습,202603|202604,당월|전월,2
202603,서구,음식점업,식음료업,높음,23,지역업종,통과,지역업종학습,202603|202604,당월|전월,2
202603,수영구,부동산업,서비스업,부분,36,지역업종,통과,지역업종학습,202604,전월,1
202603,수영구,소매업,쇼핑업,중간,63,지역업종,통과,지역업종학습,202603|202604,당월|전월,2
202603,수영구,음식점업,식음료업,높음,57,지역업종,통과,지역업종학습,202603|202604,당월|전월,2
202603,연제구,부동산업,서비스업,부분,25,지역업종,통과,지역업종학습,202604,전월,1
202603,연제구,소매업,쇼핑업,중간,84,지역업종,통과,지역업종학습,202603|202604,당월|전월,2
202603,연제구,음식점업,식음료업,높음,52,지역업종,통과,지역업종학습,202603|202604,당월|전월,2
202603,영도구,부동산업,서비스업,부분,5,지역업종,통과,지역업종학습,202604,전월,1
202603,영도구,소매업,쇼핑업,중간,26,지역업종,통과,지역업종학습,202603|202604,당월|전월,2
202603,영도구,음식점업,식음료업,높음,22,지역업종,통과,지역업종학습,202603|202604,당월|전월,2
202603,중구,부동산업,서비스업,부분,14,지역업종,통과,지역업종학습,202604,전월,1
202603,중구,소매업,쇼핑업,중간,35,지역업종,통과,지역업종학습,202603|202604,당월|전월,2
202603,중구,음식점업,식음료업,높음,25,지역업종,통과,지역업종학습,202603|202604,당월|전월,2
202603,해운대구,부동산업,서비스업,부분,69,지역업종,통과,지역업종학습,202604,전월,1
202603,해운대구,소매업,쇼핑업,중간,139,지역업종,통과,지역업종학습,202603|202604,당월|전월,2
202603,해운대구,음식점업,식음료업,높음,68,지역업종,통과,지역업종학습,202603|202604,당월|전월,2
202603,강서구,업종전체,,,288,지역전체,통과,지역총량분석,202603|202604,당월|전월,2
202603,금정구,업종전체,,,269,지역전체,통과,지역총량분석,202603|202604,당월|전월,2
202603,기장군,업종전체,,,235,지역전체,통과,지역총량분석,202603|202604,당월|전월,2
202603,남구,업종전체,,,280,지역전체,통과,지역총량분석,202603|202604,당월|전월,2
202603,동구,업종전체,,,154,지역전체,통과,지역총량분석,202603|202604,당월|전월,2
202603,동래구,업종전체,,,336,지역전체,통과,지역총량분석,202603|202604,당월|전월,2
202603,부산광역시 합계,업종전체,,,4286,지역전체,통과,지역총량분석,202603|202604,당월|전월,2
202603,부산진구,업종전체,,,549,지역전체,통과,지역총량분석,202603|202604,당월|전월,2
202603,북구,업종전체,,,238,지역전체,통과,지역총량분석,202603|202604,당월|전월,2
202603,사상구,업종전체,,,292,지역전체,통과,지역총량분석,202603|202604,당월|전월,2
202603,사하구,업종전체,,,293,지역전체,통과,지역총량분석,202603|202604,당월|전월,2
202603,서구,업종전체,,,98,지역전체,통과,지역총량분석,202603|202604,당월|전월,2
202603,수영구,업종전체,,,261,지역전체,통과,지역총량분석,202603|202604,당월|전월,2
202603,연제구,업종전체,,,301,지역전체,통과,지역총량분석,202603|202604,당월|전월,2
202603,영도구,업종전체,,,96,지역전체,통과,지역총량분석,202603|202604,당월|전월,2
202603,중구,업종전체,,,126,지역전체,통과,지역총량분석,202603|202604,당월|전월,2
202603,해운대구,업종전체,,,470,지역전체,통과,지역총량분석,202603|202604,당월|전월,2
202604,부산광역시 합계,IT관련 및 연구개발업,,,39,부산업종,해당없음,부산업종추세,202604|202605,당월|전월,2
202604,부산광역시 합계,가구 및 기타제조업,,,7,부산업종,해당없음,부산업종추세,202604|202605,당월|전월,2
202604,부산광역시 합계,가사서비스업,,,0,부산업종,해당없음,부산업종추세,202604|202605,당월|전월,2
202604,부산광역시 합계,"가죽, 가방 및 신발류 제조업",,,0,부산업종,해당없음,부산업종추세,202604|202605,당월|전월,2
202604,부산광역시 합계,건설업,,,166,부산업종,해당없음,부산업종추세,202604|202605,당월|전월,2
202604,부산광역시 합계,광고업 및 기타 산업관련 서비스업,,,158,부산업종,해당없음,부산업종추세,202604|202605,당월|전월,2
202604,부산광역시 합계,교육서비스업,,,111,부산업종,해당없음,부산업종추세,202604|202605,당월|전월,2
202604,부산광역시 합계,금융 및 금융관련 서비스업,,,7,부산업종,해당없음,부산업종추세,202604|202605,당월|전월,2
202604,부산광역시 합계,기타 서비스업,,,161,부산업종,해당없음,부산업종추세,202604|202605,당월|전월,2
202604,부산광역시 합계,기타 전지기계 및 전기변환장치 제조업,,,6,부산업종,해당없음,부산업종추세,202604|202605,당월|전월,2
202604,부산광역시 합계,기타기계 및 장비 제조업,,,12,부산업종,해당없음,부산업종추세,202604|202605,당월|전월,2
202604,부산광역시 합계,기타도급제조업,,,0,부산업종,해당없음,부산업종추세,202604|202605,당월|전월,2
202604,부산광역시 합계,농업,,,0,부산업종,해당없음,부산업종추세,202604|202605,당월|전월,2
202604,부산광역시 합계,도매 및 상품중개업,,,256,부산업종,해당없음,부산업종추세,202604|202605,당월|전월,2
202604,부산광역시 합계,목재 및 나무제품 제조업(가구제외),,,0,부산업종,해당없음,부산업종추세,202604|202605,당월|전월,2
202604,부산광역시 합계,"법무, 회계, 건축 및 상담업",,,38,부산업종,해당없음,부산업종추세,202604|202605,당월|전월,2
202604,부산광역시 합계,보건업,의료웰니스업,중간,18,부산업종,해당없음,부산업종추세,202604|202605,당월|전월,2
202604,부산광역시 합계,부동산업,서비스업,부분,432,부산업종,해당없음,부산업종추세,202604|202605,당월|전월,2
202604,부산광역시 합계,비금속광물 제품 제조업,,,0,부산업종,해당없음,부산업종추세,202604|202605,당월|전월,2
202604,부산광역시 합계,"사무, 계산 및 회계용 기계 조립업",,,0,부산업종,해당없음,부산업종추세,202604|202605,당월|전월,2
202604,부산광역시 합계,소매업,쇼핑업,중간,963,부산업종,해당없음,부산업종추세,202604|202605,당월|전월,2
202604,부산광역시 합계,숙박업,여행/숙박업,중간,42,부산업종,해당없음,부산업종추세,202604|202605,당월|전월,2
202604,부산광역시 합계,어업,,,0,부산업종,해당없음,부산업종추세,202604|202605,당월|전월,2
202604,부산광역시 합계,여행알선 및 운수관련 서비스업,,,54,부산업종,해당없음,부산업종추세,202604|202605,당월|전월,2
202604,부산광역시 합계,"영상, 음향 및 통신장비 제조업",,,0,부산업종,해당없음,부산업종추세,202604|202605,당월|전월,2
202604,부산광역시 합계,"오락, 문화, 운동관련 산업 및 수리업",,,136,부산업종,해당없음,부산업종추세,202604|202605,당월|전월,2
202604,부산광역시 합계,운송업,운송업,중간,216,부산업종,해당없음,부산업종추세,202604|202605,당월|전월,2
202604,부산광역시 합계,위생관련 서비스업,,,0,부산업종,해당없음,부산업종추세,202604|202605,당월|전월,2
202604,부산광역시 합계,음식료품 및 담배제조업,,,25,부산업종,해당없음,부산업종추세,202604|202605,당월|전월,2
202604,부산광역시 합계,음식점업,식음료업,높음,687,부산업종,해당없음,부산업종추세,202604|202605,당월|전월,2
202604,부산광역시 합계,의복 및 모피 제품 제조업,,,0,부산업종,해당없음,부산업종추세,202604|202605,당월|전월,2
202604,부산광역시 합계,인적용역,,,109,부산업종,해당없음,부산업종추세,202604|202605,당월|전월,2
202604,부산광역시 합계,임업,,,0,부산업종,해당없음,부산업종추세,202605,전월,1
202604,부산광역시 합계,자동차 및 트레일러 제조업,,,0,부산업종,해당없음,부산업종추세,202604|202605,당월|전월,2
202604,부산광역시 합계,자동차관련 소매,운송업,부분,15,부산업종,해당없음,부산업종추세,202604|202605,당월|전월,2
202604,부산광역시 합계,재생재료 및 가공처리업,,,0,부산업종,해당없음,부산업종추세,202605,전월,1
202604,부산광역시 합계,제1차 금속산업 제조업,,,0,부산업종,해당없음,부산업종추세,202604|202605,당월|전월,2
202604,부산광역시 합계,조립금속제품 제조업(기계 및 장비 제외),,,12,부산업종,해당없음,부산업종추세,202604|202605,당월|전월,2
202604,부산광역시 합계,통신업,,,0,부산업종,해당없음,부산업종추세,202604|202605,당월|전월,2
202604,부산광역시 합계,화합물 및 화학 제품 제조업,,,0,부산업종,해당없음,부산업종추세,202604|202605,당월|전월,2
202604,강서구,부동산업,서비스업,부분,14,지역업종,통과,지역업종학습,202604|202605,당월|전월,2
202604,강서구,소매업,쇼핑업,중간,36,지역업종,통과,지역업종학습,202604|202605,당월|전월,2
202604,강서구,음식점업,식음료업,높음,28,지역업종,통과,지역업종학습,202604|202605,당월|전월,2
202604,금정구,부동산업,서비스업,부분,19,지역업종,통과,지역업종학습,202604|202605,당월|전월,2
202604,금정구,소매업,쇼핑업,중간,49,지역업종,통과,지역업종학습,202604|202605,당월|전월,2
202604,금정구,음식점업,식음료업,높음,39,지역업종,통과,지역업종학습,202604|202605,당월|전월,2
202604,기장군,부동산업,서비스업,부분,22,지역업종,통과,지역업종학습,202604|202605,당월|전월,2
202604,기장군,소매업,쇼핑업,중간,58,지역업종,통과,지역업종학습,202604|202605,당월|전월,2
202604,기장군,음식점업,식음료업,높음,39,지역업종,통과,지역업종학습,202604|202605,당월|전월,2
202604,남구,부동산업,서비스업,부분,28,지역업종,통과,지역업종학습,202604|202605,당월|전월,2
202604,남구,소매업,쇼핑업,중간,61,지역업종,통과,지역업종학습,202604|202605,당월|전월,2
202604,남구,음식점업,식음료업,높음,50,지역업종,통과,지역업종학습,202604|202605,당월|전월,2
202604,동구,부동산업,서비스업,부분,30,지역업종,통과,지역업종학습,202604|202605,당월|전월,2
202604,동구,소매업,쇼핑업,중간,36,지역업종,통과,지역업종학습,202604|202605,당월|전월,2
202604,동구,음식점업,식음료업,높음,20,지역업종,통과,지역업종학습,202604|202605,당월|전월,2
202604,동래구,부동산업,서비스업,부분,31,지역업종,통과,지역업종학습,202604|202605,당월|전월,2
202604,동래구,소매업,쇼핑업,중간,81,지역업종,통과,지역업종학습,202604|202605,당월|전월,2
202604,동래구,음식점업,식음료업,높음,52,지역업종,통과,지역업종학습,202604|202605,당월|전월,2
202604,부산진구,부동산업,서비스업,부분,56,지역업종,통과,지역업종학습,202604|202605,당월|전월,2
202604,부산진구,소매업,쇼핑업,중간,122,지역업종,통과,지역업종학습,202604|202605,당월|전월,2
202604,부산진구,음식점업,식음료업,높음,100,지역업종,통과,지역업종학습,202604|202605,당월|전월,2
202604,북구,부동산업,서비스업,부분,14,지역업종,통과,지역업종학습,202604|202605,당월|전월,2
202604,북구,소매업,쇼핑업,중간,88,지역업종,통과,지역업종학습,202604|202605,당월|전월,2
202604,북구,음식점업,식음료업,높음,38,지역업종,통과,지역업종학습,202604|202605,당월|전월,2
202604,사상구,부동산업,서비스업,부분,15,지역업종,통과,지역업종학습,202604|202605,당월|전월,2
202604,사상구,소매업,쇼핑업,중간,54,지역업종,통과,지역업종학습,202604|202605,당월|전월,2
202604,사상구,음식점업,식음료업,높음,43,지역업종,통과,지역업종학습,202604|202605,당월|전월,2
202604,사하구,부동산업,서비스업,부분,19,지역업종,통과,지역업종학습,202604|202605,당월|전월,2
202604,사하구,소매업,쇼핑업,중간,68,지역업종,통과,지역업종학습,202604|202605,당월|전월,2
202604,사하구,음식점업,식음료업,높음,69,지역업종,통과,지역업종학습,202604|202605,당월|전월,2
202604,서구,부동산업,서비스업,부분,11,지역업종,통과,지역업종학습,202604|202605,당월|전월,2
202604,서구,소매업,쇼핑업,중간,24,지역업종,통과,지역업종학습,202604|202605,당월|전월,2
202604,서구,음식점업,식음료업,높음,16,지역업종,통과,지역업종학습,202604|202605,당월|전월,2
202604,수영구,부동산업,서비스업,부분,46,지역업종,통과,지역업종학습,202604|202605,당월|전월,2
202604,수영구,소매업,쇼핑업,중간,68,지역업종,통과,지역업종학습,202604|202605,당월|전월,2
202604,수영구,음식점업,식음료업,높음,63,지역업종,통과,지역업종학습,202604|202605,당월|전월,2
202604,연제구,부동산업,서비스업,부분,31,지역업종,통과,지역업종학습,202604|202605,당월|전월,2
202604,연제구,소매업,쇼핑업,중간,58,지역업종,통과,지역업종학습,202604|202605,당월|전월,2
202604,연제구,음식점업,식음료업,높음,41,지역업종,통과,지역업종학습,202604|202605,당월|전월,2
202604,영도구,부동산업,서비스업,부분,6,지역업종,통과,지역업종학습,202604|202605,당월|전월,2
202604,영도구,소매업,쇼핑업,중간,20,지역업종,통과,지역업종학습,202604|202605,당월|전월,2
202604,영도구,음식점업,식음료업,높음,17,지역업종,통과,지역업종학습,202604|202605,당월|전월,2
202604,중구,부동산업,서비스업,부분,13,지역업종,통과,지역업종학습,202604|202605,당월|전월,2
202604,중구,소매업,쇼핑업,중간,17,지역업종,통과,지역업종학습,202604|202605,당월|전월,2
202604,중구,음식점업,식음료업,높음,15,지역업종,통과,지역업종학습,202604|202605,당월|전월,2
202604,해운대구,부동산업,서비스업,부분,77,지역업종,통과,지역업종학습,202604|202605,당월|전월,2
202604,해운대구,소매업,쇼핑업,중간,123,지역업종,통과,지역업종학습,202604|202605,당월|전월,2
202604,해운대구,음식점업,식음료업,높음,57,지역업종,통과,지역업종학습,202604|202605,당월|전월,2
202604,강서구,업종전체,,,208,지역전체,통과,지역총량분석,202604|202605,당월|전월,2
202604,금정구,업종전체,,,212,지역전체,통과,지역총량분석,202604|202605,당월|전월,2
202604,기장군,업종전체,,,218,지역전체,통과,지역총량분석,202604|202605,당월|전월,2
202604,남구,업종전체,,,258,지역전체,통과,지역총량분석,202604|202605,당월|전월,2
202604,동구,업종전체,,,146,지역전체,통과,지역총량분석,202604|202605,당월|전월,2
202604,동래구,업종전체,,,270,지역전체,통과,지역총량분석,202604|202605,당월|전월,2
202604,부산광역시 합계,업종전체,,,3770,지역전체,통과,지역총량분석,202604|202605,당월|전월,2
202604,부산진구,업종전체,,,471,지역전체,통과,지역총량분석,202604|202605,당월|전월,2
202604,북구,업종전체,,,244,지역전체,통과,지역총량분석,202604|202605,당월|전월,2
202604,사상구,업종전체,,,217,지역전체,통과,지역총량분석,202604|202605,당월|전월,2
202604,사하구,업종전체,,,308,지역전체,통과,지역총량분석,202604|202605,당월|전월,2
202604,서구,업종전체,,,96,지역전체,통과,지역총량분석,202604|202605,당월|전월,2
202604,수영구,업종전체,,,291,지역전체,통과,지역총량분석,202604|202605,당월|전월,2
202604,연제구,업종전체,,,229,지역전체,통과,지역총량분석,202604|202605,당월|전월,2
202604,영도구,업종전체,,,87,지역전체,통과,지역총량분석,202604|202605,당월|전월,2
202604,중구,업종전체,,,95,지역전체,통과,지역총량분석,202604|202605,당월|전월,2
202604,해운대구,업종전체,,,420,지역전체,통과,지역총량분석,202604|202605,당월|전월,2
202605,부산광역시 합계,IT관련 및 연구개발업,,,44,부산업종,해당없음,부산업종추세,202605,당월,1
202605,부산광역시 합계,가구 및 기타제조업,,,10,부산업종,해당없음,부산업종추세,202605,당월,1
202605,부산광역시 합계,가사서비스업,,,0,부산업종,해당없음,부산업종추세,202605,당월,1
202605,부산광역시 합계,"가죽, 가방 및 신발류 제조업",,,0,부산업종,해당없음,부산업종추세,202605,당월,1
202605,부산광역시 합계,건설업,,,184,부산업종,해당없음,부산업종추세,202605,당월,1
202605,부산광역시 합계,고무 및 프라스틱 제품 제조업,,,5,부산업종,해당없음,부산업종추세,202605,당월,1
202605,부산광역시 합계,광고업 및 기타 산업관련 서비스업,,,140,부산업종,해당없음,부산업종추세,202605,당월,1
202605,부산광역시 합계,교육서비스업,,,109,부산업종,해당없음,부산업종추세,202605,당월,1
202605,부산광역시 합계,금융 및 금융관련 서비스업,,,16,부산업종,해당없음,부산업종추세,202605,당월,1
202605,부산광역시 합계,기계장비 등 장비 임대업,,,7,부산업종,해당없음,부산업종추세,202605,당월,1
202605,부산광역시 합계,기타 서비스업,,,149,부산업종,해당없음,부산업종추세,202605,당월,1
202605,부산광역시 합계,기타 운송장비 제조업,,,0,부산업종,해당없음,부산업종추세,202605,당월,1
202605,부산광역시 합계,기타 전지기계 및 전기변환장치 제조업,,,12,부산업종,해당없음,부산업종추세,202605,당월,1
202605,부산광역시 합계,기타기계 및 장비 제조업,,,20,부산업종,해당없음,부산업종추세,202605,당월,1
202605,부산광역시 합계,기타도급제조업,,,0,부산업종,해당없음,부산업종추세,202605,당월,1
202605,부산광역시 합계,농업,,,0,부산업종,해당없음,부산업종추세,202605,당월,1
202605,부산광역시 합계,도매 및 상품중개업,,,249,부산업종,해당없음,부산업종추세,202605,당월,1
202605,부산광역시 합계,목재 및 나무제품 제조업(가구제외),,,0,부산업종,해당없음,부산업종추세,202605,당월,1
202605,부산광역시 합계,"법무, 회계, 건축 및 상담업",,,39,부산업종,해당없음,부산업종추세,202605,당월,1
202605,부산광역시 합계,보건업,의료웰니스업,중간,23,부산업종,해당없음,부산업종추세,202605,당월,1
202605,부산광역시 합계,보험 및 보험관련 서비스업,,,0,부산업종,해당없음,부산업종추세,202605,당월,1
202605,부산광역시 합계,부동산업,서비스업,부분,371,부산업종,해당없음,부산업종추세,202605,당월,1
202605,부산광역시 합계,비금속광물 제품 제조업,,,0,부산업종,해당없음,부산업종추세,202605,당월,1
202605,부산광역시 합계,"사무, 계산 및 회계용 기계 조립업",,,0,부산업종,해당없음,부산업종추세,202605,당월,1
202605,부산광역시 합계,섬유제품 제조업,,,0,부산업종,해당없음,부산업종추세,202605,당월,1
202605,부산광역시 합계,소매업,쇼핑업,중간,1077,부산업종,해당없음,부산업종추세,202605,당월,1
202605,부산광역시 합계,숙박업,여행/숙박업,중간,35,부산업종,해당없음,부산업종추세,202605,당월,1
202605,부산광역시 합계,어업,,,0,부산업종,해당없음,부산업종추세,202605,당월,1
202605,부산광역시 합계,여행알선 및 운수관련 서비스업,,,52,부산업종,해당없음,부산업종추세,202605,당월,1
202605,부산광역시 합계,"영상, 음향 및 통신장비 제조업",,,0,부산업종,해당없음,부산업종추세,202605,당월,1
202605,부산광역시 합계,"오락, 문화, 운동관련 산업 및 수리업",,,108,부산업종,해당없음,부산업종추세,202605,당월,1
202605,부산광역시 합계,운송업,운송업,중간,211,부산업종,해당없음,부산업종추세,202605,당월,1
202605,부산광역시 합계,위생관련 서비스업,,,0,부산업종,해당없음,부산업종추세,202605,당월,1
202605,부산광역시 합계,음식료품 및 담배제조업,,,29,부산업종,해당없음,부산업종추세,202605,당월,1
202605,부산광역시 합계,음식점업,식음료업,높음,615,부산업종,해당없음,부산업종추세,202605,당월,1
202605,부산광역시 합계,의복 및 모피 제품 제조업,,,0,부산업종,해당없음,부산업종추세,202605,당월,1
202605,부산광역시 합계,인적용역,,,107,부산업종,해당없음,부산업종추세,202605,당월,1
202605,부산광역시 합계,임업,,,0,부산업종,해당없음,부산업종추세,202605,당월,1
202605,부산광역시 합계,자동차 및 트레일러 제조업,,,0,부산업종,해당없음,부산업종추세,202605,당월,1
202605,부산광역시 합계,자동차관련 소매,운송업,부분,11,부산업종,해당없음,부산업종추세,202605,당월,1
202605,부산광역시 합계,재생재료 및 가공처리업,,,0,부산업종,해당없음,부산업종추세,202605,당월,1
202605,부산광역시 합계,제1차 금속산업 제조업,,,0,부산업종,해당없음,부산업종추세,202605,당월,1
202605,부산광역시 합계,조립금속제품 제조업(기계 및 장비 제외),,,16,부산업종,해당없음,부산업종추세,202605,당월,1
202605,부산광역시 합계,통신업,,,0,부산업종,해당없음,부산업종추세,202605,당월,1
202605,부산광역시 합계,화합물 및 화학 제품 제조업,,,0,부산업종,해당없음,부산업종추세,202605,당월,1
202605,강서구,도매 및 상품중개업,,,12,지역업종,통과,지역업종학습,202605,당월,1
202605,강서구,부동산업,서비스업,부분,29,지역업종,통과,지역업종학습,202605,당월,1
202605,강서구,소매업,쇼핑업,중간,57,지역업종,통과,지역업종학습,202605,당월,1
202605,강서구,음식점업,식음료업,높음,30,지역업종,통과,지역업종학습,202605,당월,1
202605,금정구,도매 및 상품중개업,,,10,지역업종,통과,지역업종학습,202605,당월,1
202605,금정구,부동산업,서비스업,부분,17,지역업종,통과,지역업종학습,202605,당월,1
202605,금정구,소매업,쇼핑업,중간,58,지역업종,통과,지역업종학습,202605,당월,1
202605,금정구,음식점업,식음료업,높음,47,지역업종,통과,지역업종학습,202605,당월,1
202605,기장군,도매 및 상품중개업,,,16,지역업종,통과,지역업종학습,202605,당월,1
202605,기장군,부동산업,서비스업,부분,15,지역업종,통과,지역업종학습,202605,당월,1
202605,기장군,소매업,쇼핑업,중간,62,지역업종,통과,지역업종학습,202605,당월,1
202605,기장군,음식점업,식음료업,높음,38,지역업종,통과,지역업종학습,202605,당월,1
202605,남구,도매 및 상품중개업,,,10,지역업종,통과,지역업종학습,202605,당월,1
202605,남구,부동산업,서비스업,부분,23,지역업종,통과,지역업종학습,202605,당월,1
202605,남구,소매업,쇼핑업,중간,81,지역업종,통과,지역업종학습,202605,당월,1
202605,남구,음식점업,식음료업,높음,44,지역업종,통과,지역업종학습,202605,당월,1
202605,동구,도매 및 상품중개업,,,10,지역업종,통과,지역업종학습,202605,당월,1
202605,동구,부동산업,서비스업,부분,18,지역업종,통과,지역업종학습,202605,당월,1
202605,동구,소매업,쇼핑업,중간,38,지역업종,통과,지역업종학습,202605,당월,1
202605,동구,음식점업,식음료업,높음,17,지역업종,통과,지역업종학습,202605,당월,1
202605,동래구,도매 및 상품중개업,,,23,지역업종,통과,지역업종학습,202605,당월,1
202605,동래구,부동산업,서비스업,부분,20,지역업종,통과,지역업종학습,202605,당월,1
202605,동래구,소매업,쇼핑업,중간,86,지역업종,통과,지역업종학습,202605,당월,1
202605,동래구,음식점업,식음료업,높음,45,지역업종,통과,지역업종학습,202605,당월,1
202605,부산진구,도매 및 상품중개업,,,32,지역업종,통과,지역업종학습,202605,당월,1
202605,부산진구,부동산업,서비스업,부분,38,지역업종,통과,지역업종학습,202605,당월,1
202605,부산진구,소매업,쇼핑업,중간,145,지역업종,통과,지역업종학습,202605,당월,1
202605,부산진구,음식점업,식음료업,높음,90,지역업종,통과,지역업종학습,202605,당월,1
202605,북구,도매 및 상품중개업,,,13,지역업종,통과,지역업종학습,202605,당월,1
202605,북구,부동산업,서비스업,부분,15,지역업종,통과,지역업종학습,202605,당월,1
202605,북구,소매업,쇼핑업,중간,66,지역업종,통과,지역업종학습,202605,당월,1
202605,북구,음식점업,식음료업,높음,33,지역업종,통과,지역업종학습,202605,당월,1
202605,사상구,도매 및 상품중개업,,,21,지역업종,통과,지역업종학습,202605,당월,1
202605,사상구,부동산업,서비스업,부분,22,지역업종,통과,지역업종학습,202605,당월,1
202605,사상구,소매업,쇼핑업,중간,56,지역업종,통과,지역업종학습,202605,당월,1
202605,사상구,음식점업,식음료업,높음,31,지역업종,통과,지역업종학습,202605,당월,1
202605,사하구,도매 및 상품중개업,,,19,지역업종,통과,지역업종학습,202605,당월,1
202605,사하구,부동산업,서비스업,부분,30,지역업종,통과,지역업종학습,202605,당월,1
202605,사하구,소매업,쇼핑업,중간,80,지역업종,통과,지역업종학습,202605,당월,1
202605,사하구,음식점업,식음료업,높음,42,지역업종,통과,지역업종학습,202605,당월,1
202605,서구,도매 및 상품중개업,,,11,지역업종,통과,지역업종학습,202605,당월,1
202605,서구,부동산업,서비스업,부분,9,지역업종,통과,지역업종학습,202605,당월,1
202605,서구,소매업,쇼핑업,중간,27,지역업종,통과,지역업종학습,202605,당월,1
202605,서구,음식점업,식음료업,높음,12,지역업종,통과,지역업종학습,202605,당월,1
202605,수영구,도매 및 상품중개업,,,15,지역업종,통과,지역업종학습,202605,당월,1
202605,수영구,부동산업,서비스업,부분,29,지역업종,통과,지역업종학습,202605,당월,1
202605,수영구,소매업,쇼핑업,중간,71,지역업종,통과,지역업종학습,202605,당월,1
202605,수영구,음식점업,식음료업,높음,51,지역업종,통과,지역업종학습,202605,당월,1
202605,연제구,도매 및 상품중개업,,,10,지역업종,통과,지역업종학습,202605,당월,1
202605,연제구,부동산업,서비스업,부분,20,지역업종,통과,지역업종학습,202605,당월,1
202605,연제구,소매업,쇼핑업,중간,68,지역업종,통과,지역업종학습,202605,당월,1
202605,연제구,음식점업,식음료업,높음,44,지역업종,통과,지역업종학습,202605,당월,1
202605,영도구,도매 및 상품중개업,,,0,지역업종,통과,지역업종학습,202605,당월,1
202605,영도구,부동산업,서비스업,부분,6,지역업종,통과,지역업종학습,202605,당월,1
202605,영도구,소매업,쇼핑업,중간,25,지역업종,통과,지역업종학습,202605,당월,1
202605,영도구,음식점업,식음료업,높음,19,지역업종,통과,지역업종학습,202605,당월,1
202605,중구,도매 및 상품중개업,,,5,지역업종,통과,지역업종학습,202605,당월,1
202605,중구,부동산업,서비스업,부분,7,지역업종,통과,지역업종학습,202605,당월,1
202605,중구,소매업,쇼핑업,중간,31,지역업종,통과,지역업종학습,202605,당월,1
202605,중구,음식점업,식음료업,높음,26,지역업종,통과,지역업종학습,202605,당월,1
202605,해운대구,도매 및 상품중개업,,,42,지역업종,통과,지역업종학습,202605,당월,1
202605,해운대구,부동산업,서비스업,부분,73,지역업종,통과,지역업종학습,202605,당월,1
202605,해운대구,소매업,쇼핑업,중간,126,지역업종,통과,지역업종학습,202605,당월,1
202605,해운대구,음식점업,식음료업,높음,46,지역업종,통과,지역업종학습,202605,당월,1
202605,강서구,업종전체,,,242,지역전체,통과,지역총량분석,202605,당월,1
202605,금정구,업종전체,,,217,지역전체,통과,지역총량분석,202605,당월,1
202605,기장군,업종전체,,,203,지역전체,통과,지역총량분석,202605,당월,1
202605,남구,업종전체,,,254,지역전체,통과,지역총량분석,202605,당월,1
202605,동구,업종전체,,,118,지역전체,통과,지역총량분석,202605,당월,1
202605,동래구,업종전체,,,267,지역전체,통과,지역총량분석,202605,당월,1
202605,부산광역시 합계,업종전체,,,3716,지역전체,통과,지역총량분석,202605,당월,1
202605,부산진구,업종전체,,,488,지역전체,통과,지역총량분석,202605,당월,1
202605,북구,업종전체,,,211,지역전체,통과,지역총량분석,202605,당월,1
202605,사상구,업종전체,,,232,지역전체,통과,지역총량분석,202605,당월,1
202605,사하구,업종전체,,,280,지역전체,통과,지역총량분석,202605,당월,1
202605,서구,업종전체,,,89,지역전체,통과,지역총량분석,202605,당월,1
202605,수영구,업종전체,,,253,지역전체,통과,지역총량분석,202605,당월,1
202605,연제구,업종전체,,,242,지역전체,통과,지역총량분석,202605,당월,1
202605,영도구,업종전체,,,85,지역전체,통과,지역총량분석,202605,당월,1
202605,중구,업종전체,,,100,지역전체,통과,지역총량분석,202605,당월,1
202605,해운대구,업종전체,,,435,지역전체,통과,지역총량분석,202605,당월,1
