기준년월,행정구,시간대,평균이용금액(만원),평균이용건수
202301,강서구,00시,4419.0212,675
202301,강서구,01시,2419.8613,415
202301,강서구,02시,1806.1998,299
202301,강서구,03시,1367.2677,219
202301,강서구,04시,1792.5293,240
202301,강서구,05시,3066.0294,495
202301,강서구,06시,6864.3171,1572
202301,강서구,07시,9455.5661,2496
202301,강서구,08시,13576.9224,2933
202301,강서구,09시,18806.7219,3640
202301,강서구,10시,29116.6847,4363
202301,강서구,11시,34838.6323,6047
202301,강서구,12시,36818.5112,8383
202301,강서구,13시,40570.2921,6578
202301,강서구,14시,38491.7231,6212
202301,강서구,15시,39717.6645,6172
202301,강서구,16시,38838.6503,6314
202301,강서구,17시,34226.8157,6675
202301,강서구,18시,31315.5487,6547
202301,강서구,19시,28049.7214,5464
202301,강서구,20시,23487.2356,4363
202301,강서구,21시,15880.2526,2861
202301,강서구,22시,10077.9654,1685
202301,강서구,23시,6092.728,1009
202301,금정구,00시,3125.9047,1202
202301,금정구,01시,2111.9307,757
202301,금정구,02시,1397.6008,528
202301,금정구,03시,857.5587,364
202301,금정구,04시,702.6864,300
202301,금정구,05시,976.8276,425
202301,금정구,06시,1979.7374,804
202301,금정구,07시,2746.8792,1233
202301,금정구,08시,4928.1337,2207
202301,금정구,09시,11259.7828,3796
202301,금정구,10시,23432.6844,5201
202301,금정구,11시,26866.2412,6815
202301,금정구,12시,30863.6335,9215
202301,금정구,13시,30358.6651,8241
202301,금정구,14시,31240.8695,8159
202301,금정구,15시,32697.0831,8267
202301,금정구,16시,30001.6641,8267
202301,금정구,17시,30493.472,8519
202301,금정구,18시,29240.383,8612
202301,금정구,19시,25213.7082,7165
202301,금정구,20시,19273.3648,5624
202301,금정구,21시,12731.5518,4314
202301,금정구,22시,7838.2685,2984
202301,금정구,23시,4832.5223,1868
202301,기장군,00시,1800.8588,583
202301,기장군,01시,1185.7616,365
202301,기장군,02시,731.123,239
202301,기장군,03시,433.9157,155
202301,기장군,04시,379.4986,135
202301,기장군,05시,836.9466,284
202301,기장군,06시,1871.3698,642
202301,기장군,07시,3215.2564,1126
202301,기장군,08시,5022.0636,1726
202301,기장군,09시,9808.3058,2926
202301,기장군,10시,17519.588,4211
202301,기장군,11시,30747.3502,6213
202301,기장군,12시,42068.328,8800
202301,기장군,13시,46733.5301,8600
202301,기장군,14시,50608.6865,8809
202301,기장군,15시,47729.8474,8533
202301,기장군,16시,45714.09,8103
202301,기장군,17시,42767.1152,7743
202301,기장군,18시,36899.4789,6963
202301,기장군,19시,30071.2839,5619
202301,기장군,20시,20026.4484,4079
202301,기장군,21시,9333.2269,2635
202301,기장군,22시,4699.5542,1563
202301,기장군,23시,2951.4378,961
202301,남구,00시,4112.373,1480
202301,남구,01시,2860.6685,982
202301,남구,02시,1917.2403,677
202301,남구,03시,1318.0331,480
202301,남구,04시,1336.1412,414
202301,남구,05시,2001.1669,588
202301,남구,06시,2512.1926,852
202301,남구,07시,3217.6869,1259
202301,남구,08시,6186.0708,2550
202301,남구,09시,13049.203,3953
202301,남구,10시,23298.6025,5509
202301,남구,11시,28657.2033,7397
202301,남구,12시,32645.9603,9765
202301,남구,13시,29421.5062,8205
202301,남구,14시,31596.2398,8340
202301,남구,15시,33896.4374,8687
202301,남구,16시,33032.0083,8880
202301,남구,17시,31894.6642,8860
202301,남구,18시,30362.2168,8922
202301,남구,19시,27956.1692,7714
202301,남구,20시,22342.1934,6118
202301,남구,21시,15762.8457,4808
202301,남구,22시,9619.2805,3369
202301,남구,23시,6159.6835,2235
202301,동구,00시,2320.6024,617
202301,동구,01시,1705.7576,473
202301,동구,02시,1300.4429,332
202301,동구,03시,852.5649,241
202301,동구,04시,844.8959,252
202301,동구,05시,818.7831,370
202301,동구,06시,1099.5013,634
202301,동구,07시,2058.2486,1003
202301,동구,08시,3281.5856,1887
202301,동구,09시,8843.1966,2585
202301,동구,10시,14858.1273,3075
202301,동구,11시,18712.1832,4616
202301,동구,12시,19304.7615,6188
202301,동구,13시,15391.2109,4602
202301,동구,14시,15932.9437,4234
202301,동구,15시,16044.6436,4105
202301,동구,16시,14955.4227,4101
202301,동구,17시,13079.1412,3927
202301,동구,18시,12385.8554,4165
202301,동구,19시,11850.4221,3588
202301,동구,20시,9122.0387,2748
202301,동구,21시,6031.3541,2088
202301,동구,22시,4184.5803,1395
202301,동구,23시,2991.4091,916
202301,동래구,00시,5854.5906,1661
202301,동래구,01시,3922.8932,1078
202301,동래구,02시,2747.355,740
202301,동래구,03시,1713.9149,508
202301,동래구,04시,1239.0442,432
202301,동래구,05시,1523.5026,677
202301,동래구,06시,2257.9411,979
202301,동래구,07시,2584.5471,1299
202301,동래구,08시,8175.9711,2684
202301,동래구,09시,20019.3121,4884
202301,동래구,10시,34653.6269,6797
202301,동래구,11시,41144.902,8601
202301,동래구,12시,44996.0351,10751
202301,동래구,13시,40042.8916,9587
202301,동래구,14시,42903.9246,9901
202301,동래구,15시,43970.0844,10247
202301,동래구,16시,43048.4739,10392
202301,동래구,17시,37996.0301,10268
202301,동래구,18시,38026.173,10292
202301,동래구,19시,34724.8181,8814
202301,동래구,20시,28565.6223,7188
202301,동래구,21시,20663.4865,5681
202301,동래구,22시,12757.7291,3907
202301,동래구,23시,8755.0675,2528
202301,부산진구,00시,11422.7119,3358
202301,부산진구,01시,8111.0209,2468
202301,부산진구,02시,5833.8387,1831
202301,부산진구,03시,4026.0381,1353
202301,부산진구,04시,2966.7048,1063
202301,부산진구,05시,3046.089,1319
202301,부산진구,06시,3618.8238,1609
202301,부산진구,07시,4305.4045,2219
202301,부산진구,08시,10573.6265,4515
202301,부산진구,09시,30473.0308,7495
202301,부산진구,10시,53417.0808,10187
202301,부산진구,11시,70416.6627,13954
202301,부산진구,12시,74241.4659,19063
202301,부산진구,13시,69551.2255,17273
202301,부산진구,14시,81525.3952,17318
202301,부산진구,15시,84158.4775,17781
202301,부산진구,16시,77007.9962,17519
202301,부산진구,17시,71342.5699,17476
202301,부산진구,18시,65063.5975,17456
202301,부산진구,19시,59267.8782,15088
202301,부산진구,20시,47916.0404,12311
202301,부산진구,21시,33018.6287,9518
202301,부산진구,22시,22282.7122,6933
202301,부산진구,23시,16087.813,4812
202301,북구,00시,3964.2461,1297
202301,북구,01시,2796.4144,867
202301,북구,02시,2017.1656,590
202301,북구,03시,1264.2932,423
202301,북구,04시,1023.9359,374
202301,북구,05시,1373.7465,592
202301,북구,06시,2230.4528,963
202301,북구,07시,2748.1921,1262
202301,북구,08시,5513.2164,2263
202301,북구,09시,16361.3078,4703
202301,북구,10시,34128.7069,7250
202301,북구,11시,41304.8608,9313
202301,북구,12시,42524.393,11081
202301,북구,13시,41182.718,10155
202301,북구,14시,47279.4291,10872
202301,북구,15시,49800.6011,11909
202301,북구,16시,50267.0839,12245
202301,북구,17시,47703.6168,12243
202301,북구,18시,43903.6578,11889
202301,북구,19시,37203.8725,9571
202301,북구,20시,29011.2755,7545
202301,북구,21시,18757.0917,5617
202301,북구,22시,9407.7662,3118
202301,북구,23시,6045.4558,1966
202301,사상구,00시,4064.9105,1225
202301,사상구,01시,2783.0719,848
202301,사상구,02시,1838.4881,594
202301,사상구,03시,1250.8062,425
202301,사상구,04시,1350.7716,415
202301,사상구,05시,2239.4816,707
202301,사상구,06시,3872.1544,1280
202301,사상구,07시,5265.1114,2170
202301,사상구,08시,8364.4596,2983
202301,사상구,09시,16383.1616,4142
202301,사상구,10시,25248.8034,5491
202301,사상구,11시,31085.2397,6967
202301,사상구,12시,33353.3682,9065
202301,사상구,13시,32305.3227,7606
202301,사상구,14시,35146.5999,7687
202301,사상구,15시,35838.0022,7888
202301,사상구,16시,34446.6574,7900
202301,사상구,17시,31638.069,8327
202301,사상구,18시,30265.6972,8518
202301,사상구,19시,27398.3552,7130
202301,사상구,20시,23703.2377,5790
202301,사상구,21시,14925.2689,4394
202301,사상구,22시,9031.4809,2844
202301,사상구,23시,5980.0122,1828
202301,사하구,00시,4845.9933,1471
202301,사하구,01시,3458.414,991
202301,사하구,02시,2203.5358,699
202301,사하구,03시,1456.2516,503
202301,사하구,04시,1308.4065,446
202301,사하구,05시,1543.3591,667
202301,사하구,06시,2809.9218,1391
202301,사하구,07시,3716.4925,2040
202301,사하구,08시,6333.2469,2807
202301,사하구,09시,14809.7323,4429
202301,사하구,10시,25533.8713,6149
202301,사하구,11시,30617.9933,7954
202301,사하구,12시,34187.9012,10082
202301,사하구,13시,29502.7381,8453
202301,사하구,14시,33469.6092,9097
202301,사하구,15시,35253.7363,9523
202301,사하구,16시,35270.6682,9620
202301,사하구,17시,34524.5971,10180
202301,사하구,18시,33835.2616,10289
202301,사하구,19시,30402.8556,8525
202301,사하구,20시,24880.2896,6811
202301,사하구,21시,16081.7428,5056
202301,사하구,22시,10261.4546,3428
202301,사하구,23시,6949.7797,2261
202301,서구,00시,1262.4507,419
202301,서구,01시,910.5037,274
202301,서구,02시,501.6446,174
202301,서구,03시,301.6179,117
202301,서구,04시,358.0215,121
202301,서구,05시,681.5584,212
202301,서구,06시,1036.641,460
202301,서구,07시,2560.4005,823
202301,서구,08시,6060.8298,1546
202301,서구,09시,14936.6746,2552
202301,서구,10시,22387.8994,3214
202301,서구,11시,22195.7592,3626
202301,서구,12시,19665.6395,4296
202301,서구,13시,16772.2232,3483
202301,서구,14시,18631.7291,3795
202301,서구,15시,16076.6442,3632
202301,서구,16시,14132.4896,3364
202301,서구,17시,10785.2625,2991
202301,서구,18시,9564.8887,2830
202301,서구,19시,8531.7796,2351
202301,서구,20시,6644.5497,1890
202301,서구,21시,4613.559,1484
202301,서구,22시,2791.4444,1063
202301,서구,23시,1836.5797,667
202301,수영구,00시,5064.3429,1493
202301,수영구,01시,3707.5753,990
202301,수영구,02시,2290.3894,676
202301,수영구,03시,1331.3928,450
202301,수영구,04시,906.0984,343
202301,수영구,05시,911.1537,410
202301,수영구,06시,1180.0898,582
202301,수영구,07시,1877.212,868
202301,수영구,08시,4609.4392,1907
202301,수영구,09시,12567.4652,3319
202301,수영구,10시,22928.8594,4686
202301,수영구,11시,27429.6281,6022
202301,수영구,12시,29208.6305,7701
202301,수영구,13시,28374.0046,7018
202301,수영구,14시,30027.248,7313
202301,수영구,15시,28799.3071,7377
202301,수영구,16시,44806.8629,9154
202301,수영구,17시,41669.847,8238
202301,수영구,18시,26338.8482,7298
202301,수영구,19시,26422.9136,6529
202301,수영구,20시,24080.2083,5645
202301,수영구,21시,17300.3506,4624
202301,수영구,22시,10783.6943,3194
202301,수영구,23시,7458.9856,2145
202301,연제구,00시,4049.5848,1138
202301,연제구,01시,3149.5839,790
202301,연제구,02시,1881.087,562
202301,연제구,03시,1211.772,389
202301,연제구,04시,840.6939,326
202301,연제구,05시,929.5938,455
202301,연제구,06시,1450.3248,655
202301,연제구,07시,2154.5736,984
202301,연제구,08시,4966.8367,2259
202301,연제구,09시,14187.2183,3522
202301,연제구,10시,26968.1324,5001
202301,연제구,11시,32740.7671,6700
202301,연제구,12시,36651.7935,9229
202301,연제구,13시,32119.8724,7219
202301,연제구,14시,34355.4443,7209
202301,연제구,15시,34868.2058,7586
202301,연제구,16시,33822.3965,7713
202301,연제구,17시,31175.6926,7678
202301,연제구,18시,29491.7528,7870
202301,연제구,19시,27631.8303,6767
202301,연제구,20시,23857.9663,5560
202301,연제구,21시,17404.9599,4307
202301,연제구,22시,10157.4275,2896
202301,연제구,23시,6389.2213,1815
202301,영도구,00시,1282.5321,452
202301,영도구,01시,819.5583,306
202301,영도구,02시,577.1048,210
202301,영도구,03시,303.2661,136
202301,영도구,04시,226.2415,140
202301,영도구,05시,324.996,207
202301,영도구,06시,534.3163,397
202301,영도구,07시,968.5408,584
202301,영도구,08시,1687.4788,941
202301,영도구,09시,4231.6418,1458
202301,영도구,10시,7090.0465,1998
202301,영도구,11시,9885.8701,2772
202301,영도구,12시,10868.1884,3594
202301,영도구,13시,9827.5447,2920
202301,영도구,14시,9828.7544,2987
202301,영도구,15시,10290.5876,3027
202301,영도구,16시,9544.4824,2935
202301,영도구,17시,9149.8261,2993
202301,영도구,18시,8907.7975,2889
202301,영도구,19시,8612.8944,2395
202301,영도구,20시,6523.9754,1800
202301,영도구,21시,4172.8475,1406
202301,영도구,22시,2701.1253,988
202301,영도구,23시,1780.493,657
202301,중구,00시,2646.1019,581
202301,중구,01시,1889.3128,409
202301,중구,02시,1184.2701,278
202301,중구,03시,793.7427,193
202301,중구,04시,471.5816,167
202301,중구,05시,352.4549,180
202301,중구,06시,507.2915,241
202301,중구,07시,763.6604,419
202301,중구,08시,1922.2292,1128
202301,중구,09시,4626.5057,1363
202301,중구,10시,9022.3374,1923
202301,중구,11시,14806.8661,3203
202301,중구,12시,20518.2669,5429
202301,중구,13시,20926.6718,4855
202301,중구,14시,22412.5976,4904
202301,중구,15시,22779.7126,4801
202301,중구,16시,21268.2848,4632
202301,중구,17시,19008.9989,4358
202301,중구,18시,18775.1541,4316
202301,중구,19시,18188.4197,3732
202301,중구,20시,13731.1191,2862
202301,중구,21시,8583.8452,1950
202301,중구,22시,5556.0687,1282
202301,중구,23시,3952.47,858
202301,해운대구,00시,6215.5771,2139
202301,해운대구,01시,4232.5911,1402
202301,해운대구,02시,2641.1968,943
202301,해운대구,03시,1747.125,642
202301,해운대구,04시,1327.1014,556
202301,해운대구,05시,1816.1611,749
202301,해운대구,06시,3224.6153,1230
202301,해운대구,07시,4481.6375,2077
202301,해운대구,08시,10320.1357,4219
202301,해운대구,09시,24600.7601,7038
202301,해운대구,10시,46403.6446,9895
202301,해운대구,11시,68589.4146,13424
202301,해운대구,12시,77290.3524,17585
202301,해운대구,13시,75335.6631,15615
202301,해운대구,14시,84749.1185,15972
202301,해운대구,15시,85815.2525,16027
202301,해운대구,16시,79321.1906,15718
202301,해운대구,17시,73414.5789,15316
202301,해운대구,18시,69749.7613,14801
202301,해운대구,19시,62547.645,12757
202301,해운대구,20시,43094.5709,9867
202301,해운대구,21시,26633.8833,7488
202301,해운대구,22시,15762.9622,5202
202301,해운대구,23시,9499.5702,3298
202302,강서구,00시,4934.4212,707
202302,강서구,01시,2869.4228,419
202302,강서구,02시,1882.2789,285
202302,강서구,03시,1418.5368,226
202302,강서구,04시,2249.2973,269
202302,강서구,05시,3383.333,553
202302,강서구,06시,7331.7908,1722
202302,강서구,07시,10557.216,2755
202302,강서구,08시,13702.0395,3246
202302,강서구,09시,26154.3204,3989
202302,강서구,10시,33898.9492,4659
202302,강서구,11시,40845.3928,6454
202302,강서구,12시,38535.0901,9147
202302,강서구,13시,41918.1802,6987
202302,강서구,14시,45257.3493,6370
202302,강서구,15시,42940.1663,6297
202302,강서구,16시,39997.1066,6655
202302,강서구,17시,37162.1423,7009
202302,강서구,18시,33094.8813,7084
202302,강서구,19시,30656.7344,6017
202302,강서구,20시,25170.9943,4714
202302,강서구,21시,17101.1849,3083
202302,강서구,22시,10785.347,1820
202302,강서구,23시,6821.4908,1083
202302,금정구,00시,3023.9774,1202
202302,금정구,01시,1976.2549,727
202302,금정구,02시,1261.502,503
202302,금정구,03시,796.594,341
202302,금정구,04시,535.8544,295
202302,금정구,05시,905.1704,452
202302,금정구,06시,1806.6658,843
202302,금정구,07시,3692.1311,1406
202302,금정구,08시,5962.1411,2452
202302,금정구,09시,16046.9929,4167
202302,금정구,10시,25314.1205,5518
202302,금정구,11시,28555.9654,7264
202302,금정구,12시,34130.4275,10023
202302,금정구,13시,31888.9497,8554
202302,금정구,14시,31667.0931,8454
202302,금정구,15시,31566.7027,8446
202302,금정구,16시,32223.2122,8590
202302,금정구,17시,31172.8911,9017
202302,금정구,18시,29550.941,9279
202302,금정구,19시,27089.1143,7771
202302,금정구,20시,20749.3701,6113
202302,금정구,21시,12970.4854,4518
202302,금정구,22시,8008.2669,3129
202302,금정구,23시,4841.5948,1957
202302,기장군,00시,1769.4018,592
202302,기장군,01시,961.4568,352
202302,기장군,02시,635.8058,231
202302,기장군,03시,349.8695,144
202302,기장군,04시,410.3222,145
202302,기장군,05시,855.6445,295
202302,기장군,06시,2103.1986,705
202302,기장군,07시,3200.7163,1249
202302,기장군,08시,5119.867,1843
202302,기장군,09시,10425.0368,3100
202302,기장군,10시,18760.1899,4439
202302,기장군,11시,30615.3017,6625
202302,기장군,12시,44421.3397,9578
202302,기장군,13시,47977.9949,9145
202302,기장군,14시,48851.2002,9133
202302,기장군,15시,48386.8705,8804
202302,기장군,16시,45484.3792,8442
202302,기장군,17시,41418.1072,8178
202302,기장군,18시,38802.257,7666
202302,기장군,19시,32099.8065,6238
202302,기장군,20시,22278.4139,4528
202302,기장군,21시,9758.4455,2850
202302,기장군,22시,5041.2333,1720
202302,기장군,23시,3287.0541,1030
202302,남구,00시,3843.0123,1459
202302,남구,01시,2809.2924,981
202302,남구,02시,1771.9075,672
202302,남구,03시,1336.8581,485
202302,남구,04시,1254.2417,440
202302,남구,05시,1889.2764,602
202302,남구,06시,2617.579,885
202302,남구,07시,3384.4753,1385
202302,남구,08시,6157.4716,2884
202302,남구,09시,13057.6727,4198
202302,남구,10시,23590.782,5845
202302,남구,11시,28617.579,7841
202302,남구,12시,33414.256,10666
202302,남구,13시,29305.0665,8619
202302,남구,14시,31124.0934,8602
202302,남구,15시,32649.3951,8941
202302,남구,16시,33677.5982,9158
202302,남구,17시,31408.0264,9264
202302,남구,18시,30773.0284,9553
202302,남구,19시,27740.0944,8171
202302,남구,20시,23368.9484,6545
202302,남구,21시,15846.4601,5087
202302,남구,22시,9998.9649,3570
202302,남구,23시,6106.2127,2342
202302,동구,00시,2178.2478,638
202302,동구,01시,1676.6258,478
202302,동구,02시,1284.4317,327
202302,동구,03시,843.1794,226
202302,동구,04시,673.2729,262
202302,동구,05시,826.0359,397
202302,동구,06시,1155.9518,656
202302,동구,07시,2414.4207,1138
202302,동구,08시,4281.6503,2137
202302,동구,09시,8660.6518,2852
202302,동구,10시,16360.4033,3290
202302,동구,11시,19275.5341,5006
202302,동구,12시,19430.7832,6859
202302,동구,13시,16371.6859,4934
202302,동구,14시,16048.7911,4474
202302,동구,15시,15813.6079,4339
202302,동구,16시,14895.7304,4423
202302,동구,17시,14441.2057,4255
202302,동구,18시,13526.1126,4609
202302,동구,19시,12602.988,4013
202302,동구,20시,10076.3473,3010
202302,동구,21시,6510.193,2216
202302,동구,22시,4434.3964,1527
202302,동구,23시,3352.8691,971
202302,동래구,00시,5714.7437,1591
202302,동래구,01시,3715.8949,1048
202302,동래구,02시,2443.3555,702
202302,동래구,03시,1675.3931,493
202302,동래구,04시,1200.7049,428
202302,동래구,05시,1813.76,731
202302,동래구,06시,2178.2492,1066
202302,동래구,07시,3450.5442,1489
202302,동래구,08시,8208.1007,2962
202302,동래구,09시,21983.0334,5335
202302,동래구,10시,36280.269,7308
202302,동래구,11시,42879.3749,9142
202302,동래구,12시,45106.068,11630
202302,동래구,13시,39011.4508,10022
202302,동래구,14시,42787.5214,10128
202302,동래구,15시,42742.7007,10555
202302,동래구,16시,40911.0327,10657
202302,동래구,17시,37851.9068,10610
202302,동래구,18시,38458.7639,10995
202302,동래구,19시,35942.0152,9430
202302,동래구,20시,29959.6953,7707
202302,동래구,21시,20477.9006,5947
202302,동래구,22시,13011.9438,4122
202302,동래구,23시,8595.5919,2626
202302,부산진구,00시,10470.8643,3313
202302,부산진구,01시,7842.1892,2410
202302,부산진구,02시,5300.6539,1735
202302,부산진구,03시,3665.1963,1261
202302,부산진구,04시,3015.3549,1048
202302,부산진구,05시,2941.3765,1359
202302,부산진구,06시,4173.5781,1711
202302,부산진구,07시,4925.743,2392
202302,부산진구,08시,11479.051,4943
202302,부산진구,09시,32008.3539,8112
202302,부산진구,10시,56726.5567,10726
202302,부산진구,11시,72847.1035,14709
202302,부산진구,12시,77037.5527,20741
202302,부산진구,13시,72384.7732,18312
202302,부산진구,14시,80392.7384,18177
202302,부산진구,15시,84723.3677,18467
202302,부산진구,16시,76600.5216,18360
202302,부산진구,17시,68408.6201,18215
202302,부산진구,18시,66230.5881,18730
202302,부산진구,19시,63902.1285,16238
202302,부산진구,20시,50969.2756,13122
202302,부산진구,21시,34372.5019,10063
202302,부산진구,22시,22911.1852,7325
202302,부산진구,23시,16140.2587,4972
202302,북구,00시,3697.3636,1253
202302,북구,01시,2543.6026,822
202302,북구,02시,1888.5247,568
202302,북구,03시,1429.6953,395
202302,북구,04시,1007.1212,361
202302,북구,05시,1407.3335,616
202302,북구,06시,2183.6149,1074
202302,북구,07시,2595.1582,1382
202302,북구,08시,5868.3083,2553
202302,북구,09시,17066.6071,5065
202302,북구,10시,31259.9044,7386
202302,북구,11시,36692.6269,9402
202302,북구,12시,39107.8621,11426
202302,북구,13시,35062.3873,10053
202302,북구,14시,42677.6252,10605
202302,북구,15시,45326.3785,11666
202302,북구,16시,44915.9523,12245
202302,북구,17시,43931.6247,12509
202302,북구,18시,42325.8582,12547
202302,북구,19시,36280.3354,10177
202302,북구,20시,29628.9436,8100
202302,북구,21시,18801.7256,5894
202302,북구,22시,9131.9485,3255
202302,북구,23시,5957.882,2006
202302,사상구,00시,3823.3027,1220
202302,사상구,01시,2440.499,838
202302,사상구,02시,1803.5383,565
202302,사상구,03시,1223.0512,416
202302,사상구,04시,1172.9389,422
202302,사상구,05시,2340.5869,769
202302,사상구,06시,3730.2527,1386
202302,사상구,07시,5491.7734,2435
202302,사상구,08시,8632.2317,3317
202302,사상구,09시,16668.1666,4434
202302,사상구,10시,25605.5999,5712
202302,사상구,11시,29251.0345,7193
202302,사상구,12시,31610.2866,9571
202302,사상구,13시,29825.5526,7740
202302,사상구,14시,34241.529,7696
202302,사상구,15시,33102.8921,7903
202302,사상구,16시,32261.6159,8021
202302,사상구,17시,30445.242,8653
202302,사상구,18시,29579.7481,9117
202302,사상구,19시,27688.2931,7653
202302,사상구,20시,22994.2824,6104
202302,사상구,21시,14808.0082,4591
202302,사상구,22시,9181.4216,2974
202302,사상구,23시,6083.439,1914
202302,사하구,00시,4747.4558,1490
202302,사하구,01시,3166.5452,979
202302,사하구,02시,2193.496,682
202302,사하구,03시,1413.2762,492
202302,사하구,04시,1262.091,445
202302,사하구,05시,1694.4133,724
202302,사하구,06시,3089.437,1548
202302,사하구,07시,4017.0854,2243
202302,사하구,08시,6111.2148,3070
202302,사하구,09시,17812.14,4874
202302,사하구,10시,29170.4986,6558
202302,사하구,11시,31535.4182,8494
202302,사하구,12시,36057.5815,10789
202302,사하구,13시,31078.1393,8872
202302,사하구,14시,32969.9015,9386
202302,사하구,15시,36367.6838,9719
202302,사하구,16시,33925.9888,9832
202302,사하구,17시,33751.5152,10584
202302,사하구,18시,34763.2669,11193
202302,사하구,19시,31763.9996,9262
202302,사하구,20시,26693.2572,7286
202302,사하구,21시,16619.4809,5334
202302,사하구,22시,10606.5773,3599
202302,사하구,23시,7118.899,2330
202302,서구,00시,1284.7427,407
202302,서구,01시,767.8306,267
202302,서구,02시,387.6495,171
202302,서구,03시,301.186,110
202302,서구,04시,302.4493,112
202302,서구,05시,466.6554,210
202302,서구,06시,1089.2481,491
202302,서구,07시,2791.626,899
202302,서구,08시,6321.8762,1698
202302,서구,09시,17318.7385,2803
202302,서구,10시,23769.5297,3470
202302,서구,11시,23103.2539,3988
202302,서구,12시,19267.4205,4760
202302,서구,13시,17024.3546,3748
202302,서구,14시,19849.3717,4079
202302,서구,15시,17191.1737,3911
202302,서구,16시,14461.5054,3544
202302,서구,17시,11243.2582,3237
202302,서구,18시,10089.6063,3110
202302,서구,19시,9509.4576,2621
202302,서구,20시,7391.6884,2077
202302,서구,21시,4971.5724,1604
202302,서구,22시,2799.5695,1131
202302,서구,23시,1690.0942,675
202302,수영구,00시,5132.1155,1490
202302,수영구,01시,3206.1113,977
202302,수영구,02시,2227.6084,660
202302,수영구,03시,1364.501,433
202302,수영구,04시,818.5191,338
202302,수영구,05시,868.7887,421
202302,수영구,06시,1389.1482,623
202302,수영구,07시,1856.5968,929
202302,수영구,08시,4406.2839,2061
202302,수영구,09시,13032.5202,3602
202302,수영구,10시,20026.2871,4940
202302,수영구,11시,29234.6008,6455
202302,수영구,12시,30283.9368,8325
202302,수영구,13시,29459.1069,7497
202302,수영구,14시,29607.2997,7578
202302,수영구,15시,28309.0647,7613
202302,수영구,16시,55968.9606,9637
202302,수영구,17시,40947.8358,8642
202302,수영구,18시,26173.1278,7841
202302,수영구,19시,27937.0123,7246
202302,수영구,20시,25084.836,6208
202302,수영구,21시,18819.7449,4997
202302,수영구,22시,11638.6118,3552
202302,수영구,23시,8079.3492,2354
202302,연제구,00시,3729.2789,1149
202302,연제구,01시,2810.5652,760
202302,연제구,02시,1775.9499,527
202302,연제구,03시,1203.1431,374
202302,연제구,04시,798.0751,324
202302,연제구,05시,916.3786,481
202302,연제구,06시,1407.1535,719
202302,연제구,07시,2311.1945,1083
202302,연제구,08시,5658.1008,2493
202302,연제구,09시,13427.1672,3814
202302,연제구,10시,23689.7981,5252
202302,연제구,11시,34252.0882,7067
202302,연제구,12시,34790.2287,9948
202302,연제구,13시,28354.1639,7400
202302,연제구,14시,31085.5075,7249
202302,연제구,15시,32431.7021,7615
202302,연제구,16시,30525.228,7824
202302,연제구,17시,28567.0689,7871
202302,연제구,18시,26954.5257,8224
202302,연제구,19시,26885.1473,7221
202302,연제구,20시,25039.5448,5950
202302,연제구,21시,16945.0158,4517
202302,연제구,22시,9566.009,3035
202302,연제구,23시,6075.2066,1893
202302,영도구,00시,1300.8368,446
202302,영도구,01시,889.7972,302
202302,영도구,02시,500.3771,200
202302,영도구,03시,301.7379,136
202302,영도구,04시,321.1835,137
202302,영도구,05시,365.6658,213
202302,영도구,06시,734.4145,434
202302,영도구,07시,959.6729,671
202302,영도구,08시,1667.6028,1001
202302,영도구,09시,4560.8482,1589
202302,영도구,10시,7426.1366,2082
202302,영도구,11시,9156.8606,2957
202302,영도구,12시,11758.4387,3966
202302,영도구,13시,9568.7977,3075
202302,영도구,14시,9421.6208,3096
202302,영도구,15시,9761.2849,3142
202302,영도구,16시,8961.4685,3030
202302,영도구,17시,8966.3242,3138
202302,영도구,18시,9483.4312,3140
202302,영도구,19시,8937.9947,2614
202302,영도구,20시,6762.9671,1964
202302,영도구,21시,4457.6583,1508
202302,영도구,22시,2991.5727,1051
202302,영도구,23시,1821.508,690
202302,중구,00시,2580.725,565
202302,중구,01시,1799.2813,384
202302,중구,02시,1079.396,260
202302,중구,03시,755.3357,187
202302,중구,04시,423.2514,150
202302,중구,05시,375.3631,172
202302,중구,06시,601.6868,260
202302,중구,07시,821.2618,478
202302,중구,08시,1699.0387,1249
202302,중구,09시,4530.2273,1417
202302,중구,10시,9430.505,2064
202302,중구,11시,14782.5378,3439
202302,중구,12시,21491.2137,5864
202302,중구,13시,20424.6512,5078
202302,중구,14시,21709.9335,5054
202302,중구,15시,21722.9216,4995
202302,중구,16시,19610.1706,4758
202302,중구,17시,18077.6579,4500
202302,중구,18시,18290.9008,4533
202302,중구,19시,18307.3654,3970
202302,중구,20시,15092.546,3096
202302,중구,21시,8814.8245,2069
202302,중구,22시,5685.7394,1375
202302,중구,23시,3790.1556,896
202302,해운대구,00시,6105.1336,2118
202302,해운대구,01시,4311.3308,1347
202302,해운대구,02시,2535.8938,903
202302,해운대구,03시,1619.5585,634
202302,해운대구,04시,1283.3991,550
202302,해운대구,05시,1852.1841,758
202302,해운대구,06시,3064.3378,1289
202302,해운대구,07시,4792.9512,2248
202302,해운대구,08시,10967.1625,4583
202302,해운대구,09시,26260.3333,7677
202302,해운대구,10시,50118.9781,10601
202302,해운대구,11시,69987.907,14490
202302,해운대구,12시,81928.7419,19140
202302,해운대구,13시,78297.628,16708
202302,해운대구,14시,84978.467,16725
202302,해운대구,15시,88427.4996,16716
202302,해운대구,16시,84167.1213,16472
202302,해운대구,17시,76676.7764,16045
202302,해운대구,18시,72453.8068,15979
202302,해운대구,19시,66390.2418,13787
202302,해운대구,20시,47250.1383,10781
202302,해운대구,21시,28364.6531,8077
202302,해운대구,22시,16588.1099,5597
202302,해운대구,23시,10032.0692,3516
202303,강서구,00시,4160.4655,667
202303,강서구,01시,2536.7301,394
202303,강서구,02시,1677.0958,280
202303,강서구,03시,1715.5776,245
202303,강서구,04시,2048.316,258
202303,강서구,05시,3689.9949,605
202303,강서구,06시,8001.797,1835
202303,강서구,07시,11221.6489,2902
202303,강서구,08시,14874.7278,3338
202303,강서구,09시,22892.5637,4108
202303,강서구,10시,30666.4563,4741
202303,강서구,11시,36706.4709,6492
202303,강서구,12시,37450.1285,9298
202303,강서구,13시,40169.221,7089
202303,강서구,14시,40737.3549,6531
202303,강서구,15시,39661.1744,6345
202303,강서구,16시,38358.2441,6747
202303,강서구,17시,33509.0095,7243
202303,강서구,18시,32172.3714,7193
202303,강서구,19시,28969.2441,6139
202303,강서구,20시,25124.3228,4794
202303,강서구,21시,17012.8659,3113
202303,강서구,22시,10498.4649,1813
202303,강서구,23시,6228.9944,1061
202303,금정구,00시,3221.7162,1251
202303,금정구,01시,2016.3506,744
202303,금정구,02시,1274.6149,495
202303,금정구,03시,780.9556,325
202303,금정구,04시,525.9694,286
202303,금정구,05시,1066.7644,477
202303,금정구,06시,2065.8182,914
202303,금정구,07시,3731.7296,1541
202303,금정구,08시,5853.5959,2968
202303,금정구,09시,13042.8967,4668
202303,금정구,10시,22081.3513,6182
202303,금정구,11시,27874.419,8186
202303,금정구,12시,34139.9356,11586
202303,금정구,13시,31102.2436,9445
202303,금정구,14시,34853.5194,8863
202303,금정구,15시,30052.0243,8846
202303,금정구,16시,31948.4553,9289
202303,금정구,17시,32439.7859,9737
202303,금정구,18시,30463.4064,10022
202303,금정구,19시,27411.466,8290
202303,금정구,20시,20739.5099,6457
202303,금정구,21시,13408.2487,4766
202303,금정구,22시,8235.4366,3259
202303,금정구,23시,4981.5473,2041
202303,기장군,00시,1776.1699,574
202303,기장군,01시,976.3296,320
202303,기장군,02시,558.2523,210
202303,기장군,03시,353.71,137
202303,기장군,04시,437.2815,136
202303,기장군,05시,814.4465,317
202303,기장군,06시,2290.1543,794
202303,기장군,07시,3513.7935,1413
202303,기장군,08시,4858.747,2060
202303,기장군,09시,10439.3171,3268
202303,기장군,10시,16953.8318,4463
202303,기장군,11시,31178.6302,6615
202303,기장군,12시,44594.9062,9491
202303,기장군,13시,48227.4837,9029
202303,기장군,14시,46983.8231,8863
202303,기장군,15시,44173.3873,8517
202303,기장군,16시,43040.2068,8295
202303,기장군,17시,40710.9077,8128
202303,기장군,18시,38526.5142,7655
202303,기장군,19시,30909.8627,6222
202303,기장군,20시,21600.6041,4530
202303,기장군,21시,9746.608,2833
202303,기장군,22시,5127.3046,1698
202303,기장군,23시,3019.2105,992
202303,남구,00시,4183.2902,1495
202303,남구,01시,2688.1454,957
202303,남구,02시,1772.8782,649
202303,남구,03시,1405.1736,470
202303,남구,04시,1391.6646,420
202303,남구,05시,1994.5694,618
202303,남구,06시,3181.5657,971
202303,남구,07시,4019.1702,1637
202303,남구,08시,6543.0015,3277
202303,남구,09시,13757.8321,4918
202303,남구,10시,23838.8402,6429
202303,남구,11시,30397.5202,8856
202303,남구,12시,33962.0563,12095
202303,남구,13시,28503.1044,9522
202303,남구,14시,31532.9237,9222
202303,남구,15시,32499.1093,9620
202303,남구,16시,33615.4047,9970
202303,남구,17시,33695.377,10228
202303,남구,18시,31222.6121,10251
202303,남구,19시,28738.3814,8798
202303,남구,20시,23767.8609,6959
202303,남구,21시,16501.4308,5356
202303,남구,22시,10090.1474,3695
202303,남구,23시,6094.9311,2386
202303,동구,00시,2037.1953,626
202303,동구,01시,1791.7996,448
202303,동구,02시,1027.1208,308
202303,동구,03시,854.5495,215
202303,동구,04시,718.9727,229
202303,동구,05시,795.7356,395
202303,동구,06시,1621.2541,690
202303,동구,07시,2427.0147,1165
202303,동구,08시,4096.4667,2202
202303,동구,09시,9758.3165,2877
202303,동구,10시,16016.1567,3282
202303,동구,11시,18266.5062,5006
202303,동구,12시,20654.7422,6705
202303,동구,13시,15662.5449,4781
202303,동구,14시,15258.0364,4324
202303,동구,15시,15119.733,4228
202303,동구,16시,14760.6319,4301
202303,동구,17시,13440.2049,4136
202303,동구,18시,12972.9363,4429
202303,동구,19시,12085.4976,3837
202303,동구,20시,9092.1272,2921
202303,동구,21시,6375.8814,2175
202303,동구,22시,4155.6481,1442
202303,동구,23시,2882.8608,934
202303,동래구,00시,5134.3713,1555
202303,동래구,01시,3638.1704,1015
202303,동래구,02시,2411.8807,686
202303,동래구,03시,1582.933,458
202303,동래구,04시,1123.4332,405
202303,동래구,05시,1762.2654,759
202303,동래구,06시,2656.0799,1170
202303,동래구,07시,3622.9179,1631
202303,동래구,08시,8883.533,3188
202303,동래구,09시,21544.8987,5607
202303,동래구,10시,36209.5012,7434
202303,동래구,11시,41751.7464,9243
202303,동래구,12시,44439.4961,11651
202303,동래구,13시,38269.0981,10077
202303,동래구,14시,43217.0994,10201
202303,동래구,15시,42119.455,10595
202303,동래구,16시,40958.0882,10895
202303,동래구,17시,38556.3706,11196
202303,동래구,18시,40220.8897,11439
202303,동래구,19시,36550.1469,9807
202303,동래구,20시,30241.6333,7944
202303,동래구,21시,20929.5746,6105
202303,동래구,22시,13435.3725,4140
202303,동래구,23시,8671.4987,2574
202303,부산진구,00시,10197.2836,3225
202303,부산진구,01시,6983.3143,2254
202303,부산진구,02시,4973.7389,1604
202303,부산진구,03시,3174.4625,1163
202303,부산진구,04시,2312.8841,948
202303,부산진구,05시,2914.4451,1347
202303,부산진구,06시,3290.566,1769
202303,부산진구,07시,5025.1666,2546
202303,부산진구,08시,11680.4637,5392
202303,부산진구,09시,29987.7629,8711
202303,부산진구,10시,54299.1103,11354
202303,부산진구,11시,71504.4365,15500
202303,부산진구,12시,78043.327,21428
202303,부산진구,13시,69647.4464,18448
202303,부산진구,14시,78744.2774,17842
202303,부산진구,15시,80294.9464,18065
202303,부산진구,16시,74496.7739,18343
202303,부산진구,17시,66897.4552,18446
202303,부산진구,18시,65695.3981,18864
202303,부산진구,19시,61706.8063,16327
202303,부산진구,20시,49267.3031,13101
202303,부산진구,21시,32695.3973,10003
202303,부산진구,22시,21353.1501,7148
202303,부산진구,23시,14796.6169,4761
202303,북구,00시,3726.3715,1237
202303,북구,01시,2409.9357,772
202303,북구,02시,1585.0162,521
202303,북구,03시,1068.1549,367
202303,북구,04시,936.5973,364
202303,북구,05시,1429.7984,630
202303,북구,06시,2283.9555,1114
202303,북구,07시,2845.8742,1522
202303,북구,08시,5779.7745,2774
202303,북구,09시,18279.1867,5458
202303,북구,10시,32900.9195,7797
202303,북구,11시,37641.9167,9732
202303,북구,12시,40099.0213,11655
202303,북구,13시,37992.4231,10382
202303,북구,14시,42387.3989,10872
202303,북구,15시,44585.7709,11941
202303,북구,16시,46611.6933,12690
202303,북구,17시,47036.5627,13138
202303,북구,18시,44640.81,13109
202303,북구,19시,38526.9686,10729
202303,북구,20시,30255.0931,8359
202303,북구,21시,19494.882,6129
202303,북구,22시,8804.8181,3206
202303,북구,23시,5407.2419,1921
202303,사상구,00시,3796.2353,1257
202303,사상구,01시,2398.0071,814
202303,사상구,02시,1738.9249,566
202303,사상구,03시,1279.8654,417
202303,사상구,04시,1131.1067,411
202303,사상구,05시,2315.3889,795
202303,사상구,06시,3697.9368,1446
202303,사상구,07시,5321.6275,2578
202303,사상구,08시,9041.2961,3659
202303,사상구,09시,17584.2995,5011
202303,사상구,10시,24138.9522,6193
202303,사상구,11시,29779.4359,7913
202303,사상구,12시,33112.0929,10716
202303,사상구,13시,30325.7767,8652
202303,사상구,14시,30554.8167,8217
202303,사상구,15시,33361.4056,8303
202303,사상구,16시,33229.5328,8515
202303,사상구,17시,31843.7085,9227
202303,사상구,18시,30651.9113,9534
202303,사상구,19시,28263.3938,8073
202303,사상구,20시,24160.0835,6474
202303,사상구,21시,15497.1348,4802
202303,사상구,22시,9269.7676,3063
202303,사상구,23시,5957.3611,1958
202303,사하구,00시,4635.1298,1488
202303,사하구,01시,3290.5225,987
202303,사하구,02시,2173.9679,674
202303,사하구,03시,1392.945,474
202303,사하구,04시,1110.448,441
202303,사하구,05시,1724.199,796
202303,사하구,06시,3075.2505,1649
202303,사하구,07시,4066.5179,2461
202303,사하구,08시,6584.9553,3392
202303,사하구,09시,16121.7789,5304
202303,사하구,10시,26618.7509,6984
202303,사하구,11시,32318.1234,9048
202303,사하구,12시,33817.7309,11300
202303,사하구,13시,28434.5076,9314
202303,사하구,14시,32652.5363,9463
202303,사하구,15시,33227.0228,9779
202303,사하구,16시,33655.5082,10173
202303,사하구,17시,35027.1132,11051
202303,사하구,18시,35864.397,11596
202303,사하구,19시,31893.0104,9567
202303,사하구,20시,26239.6825,7529
202303,사하구,21시,17344.1158,5572
202303,사하구,22시,10645.2091,3633
202303,사하구,23시,6944.843,2319
202303,서구,00시,1172.9869,415
202303,서구,01시,777.214,259
202303,서구,02시,434.5757,173
202303,서구,03시,498.3057,122
202303,서구,04시,267.125,109
202303,서구,05시,708.3766,215
202303,서구,06시,1038.034,527
202303,서구,07시,2959.6114,1000
202303,서구,08시,6302.4789,1888
202303,서구,09시,16059.9056,2933
202303,서구,10시,22939.3839,3673
202303,서구,11시,24388.9405,4283
202303,서구,12시,19336.2388,4990
202303,서구,13시,16179.5194,3993
202303,서구,14시,19349.5718,4183
202303,서구,15시,16665.2461,3974
202303,서구,16시,13935.6125,3629
202303,서구,17시,10964.7323,3352
202303,서구,18시,9706.3145,3232
202303,서구,19시,9042.6604,2712
202303,서구,20시,7373.9916,2168
202303,서구,21시,5121.7445,1639
202303,서구,22시,3078.5145,1151
202303,서구,23시,2013.2985,688
202303,수영구,00시,4851.7553,1426
202303,수영구,01시,3307.7788,950
202303,수영구,02시,2101.8815,627
202303,수영구,03시,1268.0107,403
202303,수영구,04시,848.6144,328
202303,수영구,05시,955.7339,443
202303,수영구,06시,1280.8604,656
202303,수영구,07시,1999.7834,1044
202303,수영구,08시,4248.7275,2176
202303,수영구,09시,12480.8545,3755
202303,수영구,10시,21626.8186,5039
202303,수영구,11시,28839.6441,6451
202303,수영구,12시,30793.1281,8237
202303,수영구,13시,25781.6515,7282
202303,수영구,14시,27445.2053,7340
202303,수영구,15시,30581.1167,7677
202303,수영구,16시,27142.0634,7652
202303,수영구,17시,37769.2883,8485
202303,수영구,18시,49211.6452,9774
202303,수영구,19시,25734.7332,7059
202303,수영구,20시,23507.5189,6020
202303,수영구,21시,17448.1929,4807
202303,수영구,22시,11419.9471,3385
202303,수영구,23시,7816.5988,2243
202303,연제구,00시,3769.8481,1112
202303,연제구,01시,2687.8693,748
202303,연제구,02시,1736.0397,517
202303,연제구,03시,1123.8751,370
202303,연제구,04시,834.4508,318
202303,연제구,05시,916.9837,497
202303,연제구,06시,1445.957,762
202303,연제구,07시,2233.9498,1228
202303,연제구,08시,4857.0126,2734
202303,연제구,09시,12594.0798,4045
202303,연제구,10시,26243.3438,5376
202303,연제구,11시,32024.8495,7168
202303,연제구,12시,34276.0608,10065
202303,연제구,13시,27908.1703,7590
202303,연제구,14시,29480.6528,7309
202303,연제구,15시,30439.0074,7568
202303,연제구,16시,30901.8739,7984
202303,연제구,17시,28443.7496,8168
202303,연제구,18시,27377.6552,8581
202303,연제구,19시,26354.2137,7322
202303,연제구,20시,24018.4729,6049
202303,연제구,21시,16910.8114,4677
202303,연제구,22시,9413.8734,3056
202303,연제구,23시,5887.2104,1873
202303,영도구,00시,1212.2088,476
202303,영도구,01시,806.4547,305
202303,영도구,02시,464.5866,199
202303,영도구,03시,263.2057,124
202303,영도구,04시,256.9543,145
202303,영도구,05시,444.7632,213
202303,영도구,06시,661.1196,467
202303,영도구,07시,1116.8274,737
202303,영도구,08시,1944.5655,1120
202303,영도구,09시,4679.3923,1776
202303,영도구,10시,7353.518,2201
202303,영도구,11시,9105.01,3146
202303,영도구,12시,11306.5078,4205
202303,영도구,13시,9571.977,3218
202303,영도구,14시,9075.1817,3077
202303,영도구,15시,9254.5737,3086
202303,영도구,16시,9581.6209,3132
202303,영도구,17시,8777.1112,3276
202303,영도구,18시,9357.4792,3252
202303,영도구,19시,9125.7511,2708
202303,영도구,20시,6878.642,2076
202303,영도구,21시,4407.9408,1547
202303,영도구,22시,2831.6846,1077
202303,영도구,23시,2034.0823,777
202303,중구,00시,2578.9434,557
202303,중구,01시,1691.7852,375
202303,중구,02시,1108.9748,263
202303,중구,03시,697.9013,180
202303,중구,04시,493.2787,135
202303,중구,05시,351.0353,166
202303,중구,06시,503.2765,267
202303,중구,07시,658.5994,501
202303,중구,08시,1686.5308,1311
202303,중구,09시,4225.3242,1495
202303,중구,10시,9073.5939,2062
202303,중구,11시,14851.6865,3491
202303,중구,12시,20337.4335,5833
202303,중구,13시,21193.2515,5025
202303,중구,14시,21718.2512,4826
202303,중구,15시,20144.7608,4763
202303,중구,16시,19540.3869,4509
202303,중구,17시,17699.7179,4275
202303,중구,18시,17338.2416,4308
202303,중구,19시,17058.0593,3784
202303,중구,20시,13235.342,2867
202303,중구,21시,7873.7295,1901
202303,중구,22시,5401.4696,1299
202303,중구,23시,3708.4703,852
202303,해운대구,00시,5770.3969,1984
202303,해운대구,01시,3686.1753,1255
202303,해운대구,02시,2328.9668,821
202303,해운대구,03시,1639.349,605
202303,해운대구,04시,1168.35,524
202303,해운대구,05시,1771.4773,792
202303,해운대구,06시,2922.7358,1340
202303,해운대구,07시,4959.929,2405
202303,해운대구,08시,10591.367,4889
202303,해운대구,09시,25444.7746,7920
202303,해운대구,10시,45680.0568,10387
202303,해운대구,11시,68305.8268,13917
202303,해운대구,12시,75320.6757,18407
202303,해운대구,13시,74634.5692,16013
202303,해운대구,14시,78791.9981,15845
202303,해운대구,15시,82797.0808,15965
202303,해운대구,16시,76985.1927,15942
202303,해운대구,17시,75198.367,15863
202303,해운대구,18시,69737.4439,15536
202303,해운대구,19시,62556.5306,13311
202303,해운대구,20시,43599.5086,10265
202303,해운대구,21시,26461.7791,7674
202303,해운대구,22시,14859.8188,5236
202303,해운대구,23시,9316.2449,3302
202304,강서구,00시,4459.023,695
202304,강서구,01시,2616.2879,414
202304,강서구,02시,1852.6419,299
202304,강서구,03시,1585.9169,237
202304,강서구,04시,2045.8604,247
202304,강서구,05시,4091.0472,622
202304,강서구,06시,8666.707,1973
202304,강서구,07시,11149.9386,2984
202304,강서구,08시,14493.1489,3428
202304,강서구,09시,26307.0052,4207
202304,강서구,10시,36420.1054,4929
202304,강서구,11시,38689.989,6682
202304,강서구,12시,39370.8301,9284
202304,강서구,13시,47701.5918,7160
202304,강서구,14시,42312.5176,6540
202304,강서구,15시,42429.988,6434
202304,강서구,16시,40975.5526,6689
202304,강서구,17시,39345.429,7164
202304,강서구,18시,32109.2923,7196
202304,강서구,19시,28531.9317,6169
202304,강서구,20시,25269.1908,4860
202304,강서구,21시,16282.7555,3168
202304,강서구,22시,10120.6743,1861
202304,강서구,23시,6042.2484,1066
202304,금정구,00시,3133.5898,1324
202304,금정구,01시,2074.001,820
202304,금정구,02시,1350.5989,538
202304,금정구,03시,855.831,367
202304,금정구,04시,614.3146,328
202304,금정구,05시,968.9309,513
202304,금정구,06시,2086.6973,961
202304,금정구,07시,4673.631,1634
202304,금정구,08시,5519.1795,3077
202304,금정구,09시,13364.2065,4904
202304,금정구,10시,23109.6087,6370
202304,금정구,11시,29128.1141,8301
202304,금정구,12시,34227.7877,11266
202304,금정구,13시,31358.5046,9431
202304,금정구,14시,30257.8692,8788
202304,금정구,15시,30554.5205,8659
202304,금정구,16시,30187.1614,8961
202304,금정구,17시,30718.6911,9542
202304,금정구,18시,29936.2622,9883
202304,금정구,19시,27227.0639,8330
202304,금정구,20시,20720.6271,6351
202304,금정구,21시,13664.4474,4802
202304,금정구,22시,7429.6772,3251
202304,금정구,23시,4946.1856,2111
202304,기장군,00시,1830.8454,620
202304,기장군,01시,1053.6057,357
202304,기장군,02시,647.476,227
202304,기장군,03시,338.7301,145
202304,기장군,04시,438.9782,160
202304,기장군,05시,980.9324,353
202304,기장군,06시,2574.1962,860
202304,기장군,07시,3623.5227,1478
202304,기장군,08시,5610.1215,2215
202304,기장군,09시,11885.0707,3531
202304,기장군,10시,19086.2571,4795
202304,기장군,11시,32679.6424,6967
202304,기장군,12시,46575.109,9879
202304,기장군,13시,49182.1355,9419
202304,기장군,14시,48501.2366,9123
202304,기장군,15시,45402.7958,8723
202304,기장군,16시,43985.0538,8507
202304,기장군,17시,41351.8182,8283
202304,기장군,18시,38180.4649,7784
202304,기장군,19시,33302.7057,6503
202304,기장군,20시,22279.164,4711
202304,기장군,21시,10444.4833,2976
202304,기장군,22시,5228.5458,1781
202304,기장군,23시,3227.1018,1044
202304,남구,00시,4151.487,1582
202304,남구,01시,2847.7545,1041
202304,남구,02시,1777.3368,707
202304,남구,03시,1479.9367,505
202304,남구,04시,1417.6696,451
202304,남구,05시,2220.615,662
202304,남구,06시,3305.1273,1064
202304,남구,07시,4372.8588,1764
202304,남구,08시,6942.1275,3395
202304,남구,09시,14303.3962,5162
202304,남구,10시,25350.8133,6775
202304,남구,11시,29749.7354,8993
202304,남구,12시,33617.8978,11986
202304,남구,13시,28837.2977,9617
202304,남구,14시,31704.1457,9147
202304,남구,15시,32729.3286,9431
202304,남구,16시,32471.1165,9873
202304,남구,17시,31271.1384,10085
202304,남구,18시,31266.5034,10228
202304,남구,19시,28816.0933,8754
202304,남구,20시,24039.2008,7052
202304,남구,21시,15979.2838,5470
202304,남구,22시,9754.1413,3740
202304,남구,23시,6184.7222,2453
202304,동구,00시,2203.5724,630
202304,동구,01시,1668.2956,454
202304,동구,02시,1220.499,321
202304,동구,03시,826.6943,221
202304,동구,04시,991.4444,248
202304,동구,05시,976.7881,409
202304,동구,06시,1897.5785,745
202304,동구,07시,2687.2101,1283
202304,동구,08시,3971.0464,2309
202304,동구,09시,10244.8738,3109
202304,동구,10시,15405.1327,3455
202304,동구,11시,20112.9929,5114
202304,동구,12시,20437.9602,6752
202304,동구,13시,18519.621,4995
202304,동구,14시,15343.5443,4399
202304,동구,15시,15220.9378,4316
202304,동구,16시,14956.1237,4366
202304,동구,17시,13038.9659,4199
202304,동구,18시,13086.4972,4466
202304,동구,19시,12805.0349,3923
202304,동구,20시,9362.2541,2968
202304,동구,21시,6388.9733,2232
202304,동구,22시,4345.1348,1508
202304,동구,23시,2928.3187,968
202304,동래구,00시,5733.9565,1658
202304,동래구,01시,3953.0097,1045
202304,동래구,02시,2661.542,696
202304,동래구,03시,1630.5778,481
202304,동래구,04시,1236.5364,440
202304,동래구,05시,1993.5773,803
202304,동래구,06시,2734.625,1220
202304,동래구,07시,3465.9237,1767
202304,동래구,08시,9494.7518,3422
202304,동래구,09시,23044.9837,5907
202304,동래구,10시,38757.2462,7776
202304,동래구,11시,45163.2057,9487
202304,동래구,12시,41802.7563,11765
202304,동래구,13시,38685.8206,10297
202304,동래구,14시,41554.8135,10157
202304,동래구,15시,39588.3678,10482
202304,동래구,16시,38929.1822,10873
202304,동래구,17시,39948.2621,11335
202304,동래구,18시,37861.3209,11524
202304,동래구,19시,34886.6803,9930
202304,동래구,20시,29767.8631,8073
202304,동래구,21시,20832.7819,6174
202304,동래구,22시,12948.0196,4252
202304,동래구,23시,8136.4664,2660
202304,부산진구,00시,9996.6689,3275
202304,부산진구,01시,7333.4891,2375
202304,부산진구,02시,5141.525,1699
202304,부산진구,03시,3331.4966,1233
202304,부산진구,04시,2731.2668,1024
202304,부산진구,05시,3190.6133,1378
202304,부산진구,06시,3899.873,1881
202304,부산진구,07시,5021.4229,2714
202304,부산진구,08시,11444.2928,5524
202304,부산진구,09시,31575.7634,9161
202304,부산진구,10시,55234.2297,11880
202304,부산진구,11시,73805.8819,15933
202304,부산진구,12시,76712.6376,21438
202304,부산진구,13시,68905.3351,18685
202304,부산진구,14시,75065.2287,17997
202304,부산진구,15시,77148.7768,18139
202304,부산진구,16시,72398.0236,18313
202304,부산진구,17시,65574.8659,18334
202304,부산진구,18시,64589.2288,18599
202304,부산진구,19시,60548.2631,16115
202304,부산진구,20시,49417.4518,13078
202304,부산진구,21시,32175.0496,9991
202304,부산진구,22시,20913.6003,7180
202304,부산진구,23시,14947.2845,4855
202304,북구,00시,3691.8568,1236
202304,북구,01시,2532.9452,828
202304,북구,02시,1871.7094,553
202304,북구,03시,1197.2204,401
202304,북구,04시,993.6639,372
202304,북구,05시,1455.8107,659
202304,북구,06시,2616.6888,1185
202304,북구,07시,3080.8072,1631
202304,북구,08시,6182.0881,2908
202304,북구,09시,18896.2994,5817
202304,북구,10시,32725.233,8169
202304,북구,11시,40175.5525,10087
202304,북구,12시,40802.7263,11902
202304,북구,13시,39875.8859,10514
202304,북구,14시,39545.2671,10697
202304,북구,15시,43964.9958,11668
202304,북구,16시,44298.4823,12330
202304,북구,17시,45194.7222,12890
202304,북구,18시,43429.6973,12836
202304,북구,19시,37673.0066,10648
202304,북구,20시,30336.8569,8421
202304,북구,21시,19383.9703,6155
202304,북구,22시,8733.794,3247
202304,북구,23시,5849.0926,1988
202304,사상구,00시,3912.3084,1305
202304,사상구,01시,2635.2402,869
202304,사상구,02시,1867.3064,594
202304,사상구,03시,1262.1988,439
202304,사상구,04시,1179.6854,441
202304,사상구,05시,2278.385,812
202304,사상구,06시,3988.9469,1588
202304,사상구,07시,5986.2644,2722
202304,사상구,08시,9352.4447,3822
202304,사상구,09시,17268.9078,5183
202304,사상구,10시,24905.4557,6549
202304,사상구,11시,29688.1441,8145
202304,사상구,12시,32749.006,10658
202304,사상구,13시,31280.053,8738
202304,사상구,14시,31211.8472,8219
202304,사상구,15시,33298.2754,8305
202304,사상구,16시,32190.3592,8506
202304,사상구,17시,30143.6986,9141
202304,사상구,18시,29775.0257,9483
202304,사상구,19시,28830.4587,8096
202304,사상구,20시,23340.3851,6532
202304,사상구,21시,15095.8717,4861
202304,사상구,22시,9268.8496,3133
202304,사상구,23시,6131.5373,1963
202304,사하구,00시,4704.4443,1509
202304,사하구,01시,3337.8979,1002
202304,사하구,02시,2150.894,690
202304,사하구,03시,1375.3178,489
202304,사하구,04시,1159.9369,455
202304,사하구,05시,1756.4524,812
202304,사하구,06시,3148.3086,1725
202304,사하구,07시,4231.7192,2581
202304,사하구,08시,7104.4753,3613
202304,사하구,09시,16779.4889,5637
202304,사하구,10시,27104.3816,7424
202304,사하구,11시,32010.1095,9288
202304,사하구,12시,34825.8839,11563
202304,사하구,13시,29357.3105,9535
202304,사하구,14시,31794.7981,9728
202304,사하구,15시,33443.5253,9806
202304,사하구,16시,33021.8147,10175
202304,사하구,17시,33943.6792,11137
202304,사하구,18시,34731.0218,11448
202304,사하구,19시,32302.1155,9570
202304,사하구,20시,26011.5419,7597
202304,사하구,21시,17236.0191,5593
202304,사하구,22시,10448.7654,3682
202304,사하구,23시,6970.829,2355
202304,서구,00시,1253.0585,433
202304,서구,01시,749.265,275
202304,서구,02시,489.0065,179
202304,서구,03시,350.5156,124
202304,서구,04시,219.8515,116
202304,서구,05시,690.335,220
202304,서구,06시,1059.3401,577
202304,서구,07시,3339.9165,1024
202304,서구,08시,6421.0078,1874
202304,서구,09시,16988.1997,2986
202304,서구,10시,22633.6192,3659
202304,서구,11시,23106.8893,4295
202304,서구,12시,19755.1096,4854
202304,서구,13시,17129.0515,3981
202304,서구,14시,17693.7585,4099
202304,서구,15시,17324.3008,3855
202304,서구,16시,13755.3819,3569
202304,서구,17시,11015.6672,3341
202304,서구,18시,10141.7967,3238
202304,서구,19시,9057.6063,2757
202304,서구,20시,7456.9274,2201
202304,서구,21시,4926.8482,1694
202304,서구,22시,2987.0526,1182
202304,서구,23시,1900.0927,722
202304,수영구,00시,5149.597,1524
202304,수영구,01시,3403.7021,993
202304,수영구,02시,2109.1161,658
202304,수영구,03시,1340.2083,434
202304,수영구,04시,857.8371,362
202304,수영구,05시,896.7979,449
202304,수영구,06시,1307.9343,700
202304,수영구,07시,2251.2802,1139
202304,수영구,08시,4546.8825,2307
202304,수영구,09시,12518.1495,3945
202304,수영구,10시,21213.5715,5318
202304,수영구,11시,27263.9321,6595
202304,수영구,12시,28260.0191,8367
202304,수영구,13시,27078.5915,7369
202304,수영구,14시,29268.961,7488
202304,수영구,15시,26877.9029,7418
202304,수영구,16시,40231.5059,9513
202304,수영구,17시,25632.1096,7555
202304,수영구,18시,33447.2326,8714
202304,수영구,19시,25888.1342,7212
202304,수영구,20시,23355.5354,6125
202304,수영구,21시,17967.6551,5077
202304,수영구,22시,11211.0734,3553
202304,수영구,23시,7567.4879,2313
202304,연제구,00시,3850.8431,1193
202304,연제구,01시,2616.6441,765
202304,연제구,02시,1881.325,541
202304,연제구,03시,1151.6709,381
202304,연제구,04시,867.4702,331
202304,연제구,05시,917.9238,511
202304,연제구,06시,1576.008,813
202304,연제구,07시,2404.1922,1296
202304,연제구,08시,4644.3688,2782
202304,연제구,09시,13228.8353,4237
202304,연제구,10시,25464.1899,5648
202304,연제구,11시,32625.7807,7287
202304,연제구,12시,34297.2157,10095
202304,연제구,13시,29182.2924,7662
202304,연제구,14시,31292.8748,7391
202304,연제구,15시,30879.6673,7737
202304,연제구,16시,28902.9358,8047
202304,연제구,17시,27912.5836,8198
202304,연제구,18시,27587.8398,8495
202304,연제구,19시,26612.7294,7421
202304,연제구,20시,24144.8567,6192
202304,연제구,21시,16575.353,4728
202304,연제구,22시,8879.5262,3045
202304,연제구,23시,5953.9712,1907
202304,영도구,00시,1259.3099,494
202304,영도구,01시,889.7424,326
202304,영도구,02시,627.7873,228
202304,영도구,03시,366.4787,149
202304,영도구,04시,294.4526,158
202304,영도구,05시,351.0145,229
202304,영도구,06시,696.4902,490
202304,영도구,07시,1215.3783,759
202304,영도구,08시,1966.6261,1137
202304,영도구,09시,4933.8345,1849
202304,영도구,10시,7805.7992,2379
202304,영도구,11시,9288.4357,3250
202304,영도구,12시,11460.1512,4262
202304,영도구,13시,9615.3962,3284
202304,영도구,14시,9245.3349,3176
202304,영도구,15시,9120.8467,3192
202304,영도구,16시,8888.1227,3129
202304,영도구,17시,9012.9676,3293
202304,영도구,18시,9518.1976,3279
202304,영도구,19시,9087.8375,2714
202304,영도구,20시,7170.8369,2116
202304,영도구,21시,4486.5387,1598
202304,영도구,22시,3010.3628,1155
202304,영도구,23시,2034.593,798
202304,중구,00시,2622.6147,562
202304,중구,01시,1844.8516,399
202304,중구,02시,1218.4919,284
202304,중구,03시,776.9529,187
202304,중구,04시,428.7286,148
202304,중구,05시,351.1229,171
202304,중구,06시,529.0033,276
202304,중구,07시,962.5746,545
202304,중구,08시,1761.6629,1354
202304,중구,09시,4823.4387,1563
202304,중구,10시,9863.3852,2184
202304,중구,11시,15400.939,3563
202304,중구,12시,20652.4499,5853
202304,중구,13시,20605.7109,5158
202304,중구,14시,21988.8971,5009
202304,중구,15시,21570.9953,4865
202304,중구,16시,19826.3958,4634
202304,중구,17시,18560.1167,4413
202304,중구,18시,17750.4184,4306
202304,중구,19시,17684.8068,3813
202304,중구,20시,13644.0093,2942
202304,중구,21시,7974.4962,1954
202304,중구,22시,5417.0522,1323
202304,중구,23시,3815.5278,895
202304,해운대구,00시,5952.6364,2122
202304,해운대구,01시,3785.8101,1331
202304,해운대구,02시,2620.3373,882
202304,해운대구,03시,1666.6529,629
202304,해운대구,04시,1343.4352,563
202304,해운대구,05시,1902.6187,818
202304,해운대구,06시,3373.1154,1454
202304,해운대구,07시,4958.95,2596
202304,해운대구,08시,11045.9516,5168
202304,해운대구,09시,28258.1517,8453
202304,해운대구,10시,47321.9193,10967
202304,해운대구,11시,71094.5254,14414
202304,해운대구,12시,79257.5055,18761
202304,해운대구,13시,75771.1938,16450
202304,해운대구,14시,82271.5334,16098
202304,해운대구,15시,81408.6756,16159
202304,해운대구,16시,79429.6096,16005
202304,해운대구,17시,71763.4452,15779
202304,해운대구,18시,71470.3085,15483
202304,해운대구,19시,63348.641,13585
202304,해운대구,20시,43949.3673,10624
202304,해운대구,21시,26862.3063,7977
202304,해운대구,22시,15318.43,5511
202304,해운대구,23시,9682.5531,3491
202305,강서구,00시,4780.0171,688
202305,강서구,01시,2645.0651,421
202305,강서구,02시,1777.5523,275
202305,강서구,03시,1562.8117,212
202305,강서구,04시,1886.2295,234
202305,강서구,05시,3994.6992,632
202305,강서구,06시,8785.6875,1988
202305,강서구,07시,10352.9806,2918
202305,강서구,08시,14613.012,3380
202305,강서구,09시,24250.878,4131
202305,강서구,10시,34752.9467,4944
202305,강서구,11시,40986.6129,6678
202305,강서구,12시,38542.3393,9080
202305,강서구,13시,39722.0007,6998
202305,강서구,14시,40055.0422,6478
202305,강서구,15시,41638.6265,6361
202305,강서구,16시,40037.9715,6685
202305,강서구,17시,36847.9628,7255
202305,강서구,18시,32895.9639,7179
202305,강서구,19시,29255.4565,6217
202305,강서구,20시,24759.7243,4961
202305,강서구,21시,17016.4305,3250
202305,강서구,22시,10706.8001,1906
202305,강서구,23시,5966.8204,1078
202305,금정구,00시,3061.6773,1317
202305,금정구,01시,2018.4583,785
202305,금정구,02시,1324.1475,531
202305,금정구,03시,821.0842,368
202305,금정구,04시,560.0146,311
202305,금정구,05시,1149.1102,532
202305,금정구,06시,2338.8811,996
202305,금정구,07시,4256.8442,1639
202305,금정구,08시,6057.3133,3049
202305,금정구,09시,13885.6276,4812
202305,금정구,10시,23091.273,6354
202305,금정구,11시,26990.3395,8158
202305,금정구,12시,34519.7658,11223
202305,금정구,13시,30753.0424,9307
202305,금정구,14시,33569.1628,8718
202305,금정구,15시,31818.5644,8640
202305,금정구,16시,30131.1652,9064
202305,금정구,17시,30678.5499,9688
202305,금정구,18시,30887.4138,9870
202305,금정구,19시,28115.4981,8392
202305,금정구,20시,21881.4696,6541
202305,금정구,21시,14260.4586,4946
202305,금정구,22시,7871.9585,3296
202305,금정구,23시,5039.332,2119
202305,기장군,00시,1825.6546,619
202305,기장군,01시,1112.5664,367
202305,기장군,02시,600.4169,231
202305,기장군,03시,383.5019,145
202305,기장군,04시,454.4492,159
202305,기장군,05시,1026.5559,380
202305,기장군,06시,2703.3327,876
202305,기장군,07시,3572.4428,1458
202305,기장군,08시,5473.617,2196
202305,기장군,09시,10934.6741,3487
202305,기장군,10시,19239.6231,4754
202305,기장군,11시,32616.917,7015
202305,기장군,12시,45999.6758,9834
202305,기장군,13시,48706.2306,9220
202305,기장군,14시,46668.1081,9002
202305,기장군,15시,44721.1046,8651
202305,기장군,16시,41578.2661,8384
202305,기장군,17시,40280.8492,8207
202305,기장군,18시,38000.9075,7739
202305,기장군,19시,32489.1631,6514
202305,기장군,20시,23256.4363,4962
202305,기장군,21시,10379.3318,3101
202305,기장군,22시,5249.2038,1840
202305,기장군,23시,3086.2431,1039
202305,남구,00시,4009.6509,1571
202305,남구,01시,2761.6552,1013
202305,남구,02시,1750.6747,687
202305,남구,03시,1423.413,498
202305,남구,04시,1447.2623,436
202305,남구,05시,1921.5743,659
202305,남구,06시,3102.3191,1040
202305,남구,07시,3856.1001,1746
202305,남구,08시,6424.4359,3299
202305,남구,09시,13879.8839,5037
202305,남구,10시,23845.3133,6618
202305,남구,11시,29800.012,8835
202305,남구,12시,33791.1821,11809
202305,남구,13시,28483.0076,9328
202305,남구,14시,29787.508,8955
202305,남구,15시,31515.9289,9301
202305,남구,16시,33240.1198,9831
202305,남구,17시,32016.7053,10079
202305,남구,18시,31649.4279,10190
202305,남구,19시,29445.1865,8898
202305,남구,20시,24323.2009,7209
202305,남구,21시,16774.6554,5598
202305,남구,22시,9481.4141,3759
202305,남구,23시,6167.1262,2473
202305,동구,00시,2542.855,655
202305,동구,01시,1599.7035,471
202305,동구,02시,1208.7743,337
202305,동구,03시,854.9228,226
202305,동구,04시,607.1794,244
202305,동구,05시,1113.8,429
202305,동구,06시,2113.463,787
202305,동구,07시,2732.5281,1292
202305,동구,08시,4416.6005,2355
202305,동구,09시,9123.454,3109
202305,동구,10시,15789.7535,3496
202305,동구,11시,19501.7845,5126
202305,동구,12시,20870.7946,6767
202305,동구,13시,17019.0683,5060
202305,동구,14시,16230.4829,4515
202305,동구,15시,15952.8754,4423
202305,동구,16시,16316.0577,4519
202305,동구,17시,14250.853,4360
202305,동구,18시,13392.9802,4549
202305,동구,19시,12757.187,3971
202305,동구,20시,9552.6028,3092
202305,동구,21시,6211.7887,2323
202305,동구,22시,4412.4994,1530
202305,동구,23시,3163.7414,970
202305,동래구,00시,5474.0388,1623
202305,동래구,01시,3930.4381,1036
202305,동래구,02시,2541.0154,689
202305,동래구,03시,1578.5346,481
202305,동래구,04시,1271.2528,447
202305,동래구,05시,2007.0378,831
202305,동래구,06시,2828.2687,1227
202305,동래구,07시,3354.2905,1709
202305,동래구,08시,9245.4036,3372
202305,동래구,09시,23258.3159,5807
202305,동래구,10시,35505.7909,7621
202305,동래구,11시,45330.3593,9427
202305,동래구,12시,45216.8975,11745
202305,동래구,13시,37544.7485,10064
202305,동래구,14시,40674.0615,10141
202305,동래구,15시,42262.003,10507
202305,동래구,16시,40458.3092,11003
202305,동래구,17시,39508.7452,11399
202305,동래구,18시,38337.9322,11557
202305,동래구,19시,36478.8362,10005
202305,동래구,20시,30162.1201,8183
202305,동래구,21시,20608.79,6234
202305,동래구,22시,12770.5704,4217
202305,동래구,23시,8508.8089,2659
202305,부산진구,00시,9922.1646,3327
202305,부산진구,01시,7243.8028,2394
202305,부산진구,02시,4981.8707,1716
202305,부산진구,03시,3547.1619,1263
202305,부산진구,04시,2597.1766,1042
202305,부산진구,05시,2958.8568,1429
202305,부산진구,06시,3789.8096,1872
202305,부산진구,07시,5544.9117,2713
202305,부산진구,08시,10892.37,5583
202305,부산진구,09시,31766.9219,9158
202305,부산진구,10시,56359.1304,11890
202305,부산진구,11시,72047.2384,15996
202305,부산진구,12시,76864.7179,21613
202305,부산진구,13시,70548.0554,18767
202305,부산진구,14시,75849.2039,18061
202305,부산진구,15시,79152.2505,18294
202305,부산진구,16시,73954.4917,18742
202305,부산진구,17시,68902.6518,18899
202305,부산진구,18시,65840.1318,18971
202305,부산진구,19시,61513.6958,16516
202305,부산진구,20시,48231.7726,13395
202305,부산진구,21시,32578.3239,10233
202305,부산진구,22시,21381.1661,7314
202305,부산진구,23시,14601.5419,4890
202305,북구,00시,3582.8279,1241
202305,북구,01시,2433.9235,799
202305,북구,02시,1851.8094,556
202305,북구,03시,1224.9844,392
202305,북구,04시,970.5618,385
202305,북구,05시,1603.5176,687
202305,북구,06시,2376.9948,1171
202305,북구,07시,3022.7301,1610
202305,북구,08시,6005.809,2830
202305,북구,09시,18204.104,5738
202305,북구,10시,32665.0648,8064
202305,북구,11시,40272.4923,9978
202305,북구,12시,39643.3002,11762
202305,북구,13시,36019.461,10300
202305,북구,14시,39525.8464,10609
202305,북구,15시,43609.4375,11499
202305,북구,16시,43964.7473,12329
202305,북구,17시,44461.1554,12730
202305,북구,18시,43184.6932,12680
202305,북구,19시,37966.1066,10595
202305,북구,20시,29968.2713,8484
202305,북구,21시,18837.0429,6139
202305,북구,22시,8618.6429,3249
202305,북구,23시,5655.0733,2010
202305,사상구,00시,3936.4336,1276
202305,사상구,01시,2683.7007,832
202305,사상구,02시,1749.0184,576
202305,사상구,03시,1269.2727,424
202305,사상구,04시,1054.3804,425
202305,사상구,05시,2332.658,823
202305,사상구,06시,3973.8743,1563
202305,사상구,07시,5680.8722,2653
202305,사상구,08시,8891.4744,3708
202305,사상구,09시,19266.0089,5067
202305,사상구,10시,24601.3563,6406
202305,사상구,11시,30482.8968,7929
202305,사상구,12시,32088.6553,10586
202305,사상구,13시,30329.7048,8477
202305,사상구,14시,31666.2528,8071
202305,사상구,15시,33084.6315,8205
202305,사상구,16시,31321.7699,8466
202305,사상구,17시,30021.6523,9073
202305,사상구,18시,29644.0943,9319
202305,사상구,19시,27480.4481,7942
202305,사상구,20시,23889.4395,6584
202305,사상구,21시,15502.8373,4916
202305,사상구,22시,9259.6943,3159
202305,사상구,23시,5848.6976,1947
202305,사하구,00시,4574.0094,1484
202305,사하구,01시,3037.6237,989
202305,사하구,02시,2067.3689,684
202305,사하구,03시,1393.6539,493
202305,사하구,04시,1091.3857,449
202305,사하구,05시,1712.6868,826
202305,사하구,06시,3049.9627,1699
202305,사하구,07시,4062.8116,2516
202305,사하구,08시,6498.1153,3548
202305,사하구,09시,16091.2604,5577
202305,사하구,10시,27714.1007,7453
202305,사하구,11시,32629.4608,9280
202305,사하구,12시,34672.9741,11480
202305,사하구,13시,29605.4716,9442
202305,사하구,14시,32289.4777,9594
202305,사하구,15시,33251.0979,9801
202305,사하구,16시,35325.5939,10222
202305,사하구,17시,34704.5525,11155
202305,사하구,18시,36077.7605,11485
202305,사하구,19시,33531.0536,9631
202305,사하구,20시,26493.0353,7750
202305,사하구,21시,16807.549,5634
202305,사하구,22시,10607.4527,3747
202305,사하구,23시,7058.9167,2346
202305,서구,00시,1065.7982,425
202305,서구,01시,704.8762,280
202305,서구,02시,509.5682,175
202305,서구,03시,412.1346,128
202305,서구,04시,232.0776,110
202305,서구,05시,638.9068,234
202305,서구,06시,1320.4912,580
202305,서구,07시,3132.5116,1051
202305,서구,08시,6786.0087,1908
202305,서구,09시,15835.208,2958
202305,서구,10시,22655.5897,3641
202305,서구,11시,23924.5057,4286
202305,서구,12시,19893.9463,4967
202305,서구,13시,16731.8349,4040
202305,서구,14시,18579.7478,4152
202305,서구,15시,16985.7541,3959
202305,서구,16시,14477.4775,3659
202305,서구,17시,11297.5948,3385
202305,서구,18시,10500.4098,3249
202305,서구,19시,9385.8716,2742
202305,서구,20시,7541.6332,2275
202305,서구,21시,5034.3243,1715
202305,서구,22시,3042.9448,1201
202305,서구,23시,2063.1633,705
202305,수영구,00시,5117.8371,1576
202305,수영구,01시,3559.0134,1037
202305,수영구,02시,2299.7497,687
202305,수영구,03시,1451.6047,455
202305,수영구,04시,941.0675,370
202305,수영구,05시,996.684,477
202305,수영구,06시,1499.4888,718
202305,수영구,07시,2187.2168,1120
202305,수영구,08시,4725.7716,2272
202305,수영구,09시,12396.825,3924
202305,수영구,10시,20654.512,5257
202305,수영구,11시,28286.9855,6611
202305,수영구,12시,28375.9988,8268
202305,수영구,13시,26747.711,7234
202305,수영구,14시,28076.1574,7316
202305,수영구,15시,27973.6801,7551
202305,수영구,16시,26611.6711,7602
202305,수영구,17시,25850.7795,7697
202305,수영구,18시,40952.1028,10524
202305,수영구,19시,26007.5093,7150
202305,수영구,20시,24007.198,6322
202305,수영구,21시,17761.9739,5157
202305,수영구,22시,11573.8352,3640
202305,수영구,23시,7933.5131,2423
202305,연제구,00시,3795.4,1170
202305,연제구,01시,2733.3552,751
202305,연제구,02시,1814.5648,527
202305,연제구,03시,1200.4264,384
202305,연제구,04시,809.7823,328
202305,연제구,05시,1094.4983,539
202305,연제구,06시,1489.2927,810
202305,연제구,07시,2642.5473,1261
202305,연제구,08시,4938.4842,2809
202305,연제구,09시,15025.6982,4225
202305,연제구,10시,27915.0238,5613
202305,연제구,11시,31591.9074,7273
202305,연제구,12시,33180.987,10034
202305,연제구,13시,27698.1181,7482
202305,연제구,14시,31179.5703,7325
202305,연제구,15시,29860.5454,7618
202305,연제구,16시,29828.956,8026
202305,연제구,17시,28174.5696,8190
202305,연제구,18시,27745.8981,8503
202305,연제구,19시,27246.8379,7421
202305,연제구,20시,24460.0085,6227
202305,연제구,21시,17088.0141,4777
202305,연제구,22시,8960.8972,3023
202305,연제구,23시,5848.5021,1911
202305,영도구,00시,1199.9843,488
202305,영도구,01시,802.9288,318
202305,영도구,02시,486.8059,205
202305,영도구,03시,302.4603,146
202305,영도구,04시,242.8236,139
202305,영도구,05시,338.6362,241
202305,영도구,06시,638.713,505
202305,영도구,07시,1191.8618,768
202305,영도구,08시,1827.0427,1151
202305,영도구,09시,4725.4251,1902
202305,영도구,10시,8071.7689,2352
202305,영도구,11시,9669.2568,3206
202305,영도구,12시,11845.1097,4272
202305,영도구,13시,9624.168,3293
202305,영도구,14시,9338.3878,3187
202305,영도구,15시,9505.2661,3203
202305,영도구,16시,8872.4992,3208
202305,영도구,17시,9371.0955,3342
202305,영도구,18시,9672.1354,3308
202305,영도구,19시,9576.8606,2737
202305,영도구,20시,7144.8831,2189
202305,영도구,21시,4548.2267,1625
202305,영도구,22시,2805.2181,1140
202305,영도구,23시,1898.6848,791
202305,중구,00시,2487.1934,582
202305,중구,01시,1826.4001,398
202305,중구,02시,1177.1278,281
202305,중구,03시,819.4506,190
202305,중구,04시,391.798,137
202305,중구,05시,389.5322,176
202305,중구,06시,548.0676,266
202305,중구,07시,917.3343,537
202305,중구,08시,1939.1482,1320
202305,중구,09시,5020.0108,1578
202305,중구,10시,10005.2136,2258
202305,중구,11시,15663.4476,3658
202305,중구,12시,21071.6976,6004
202305,중구,13시,20267.2608,5217
202305,중구,14시,21909.2075,5036
202305,중구,15시,23262.8497,4937
202305,중구,16시,20415.0312,4655
202305,중구,17시,18719.4071,4435
202305,중구,18시,18092.1426,4415
202305,중구,19시,17740.3006,3927
202305,중구,20시,13426.1395,3040
202305,중구,21시,8417.477,2030
202305,중구,22시,5506.222,1362
202305,중구,23시,3659.9144,871
202305,해운대구,00시,6285.485,2177
202305,해운대구,01시,4080.1572,1401
202305,해운대구,02시,2724.9503,929
202305,해운대구,03시,1637.5116,628
202305,해운대구,04시,1403.1997,568
202305,해운대구,05시,1924.4005,843
202305,해운대구,06시,3452.0458,1490
202305,해운대구,07시,5305.5921,2616
202305,해운대구,08시,11407.7441,5115
202305,해운대구,09시,28111.2105,8426
202305,해운대구,10시,48841.3296,10967
202305,해운대구,11시,69349.3359,14400
202305,해운대구,12시,79980.3149,18750
202305,해운대구,13시,75386.1257,16215
202305,해운대구,14시,86482.1376,15991
202305,해운대구,15시,86350.8553,15999
202305,해운대구,16시,81312.5223,16265
202305,해운대구,17시,73476.583,16013
202305,해운대구,18시,71110.3791,15659
202305,해운대구,19시,66845.0398,13715
202305,해운대구,20시,45461.4497,10922
202305,해운대구,21시,28123.8139,8266
202305,해운대구,22시,15585.0019,5629
202305,해운대구,23시,9999.0617,3509
202306,강서구,00시,5533.3673,739
202306,강서구,01시,3149.1704,445
202306,강서구,02시,2063.3626,312
202306,강서구,03시,1547.9737,230
202306,강서구,04시,1972.3071,249
202306,강서구,05시,4020.2383,661
202306,강서구,06시,8535.4984,2079
202306,강서구,07시,11235.6561,3075
202306,강서구,08시,14653.8662,3542
202306,강서구,09시,24635.3647,4305
202306,강서구,10시,33359.5743,5006
202306,강서구,11시,36105.3075,6811
202306,강서구,12시,39285.7695,9385
202306,강서구,13시,38912.9276,7194
202306,강서구,14시,37428.5371,6616
202306,강서구,15시,41629.9195,6478
202306,강서구,16시,37929.8164,6846
202306,강서구,17시,34926.0309,7434
202306,강서구,18시,31707.1721,7321
202306,강서구,19시,29054.8283,6484
202306,강서구,20시,26158.5899,5334
202306,강서구,21시,17948.6403,3548
202306,강서구,22시,11843.2072,2081
202306,강서구,23시,7059.0687,1171
202306,금정구,00시,3189.2317,1409
202306,금정구,01시,2093.4536,866
202306,금정구,02시,1485.3094,600
202306,금정구,03시,856.5416,408
202306,금정구,04시,568.7696,354
202306,금정구,05시,1153.0867,600
202306,금정구,06시,2248.2339,1067
202306,금정구,07시,4110.5586,1743
202306,금정구,08시,7486.8509,3122
202306,금정구,09시,14178.8989,4931
202306,금정구,10시,22506.82,6325
202306,금정구,11시,27652.3457,8028
202306,금정구,12시,33646.0504,10903
202306,금정구,13시,29879.917,9207
202306,금정구,14시,31874.2252,8757
202306,금정구,15시,29783.9723,8698
202306,금정구,16시,31997.0111,8925
202306,금정구,17시,30781.3046,9551
202306,금정구,18시,30031.4201,9958
202306,금정구,19시,27579.117,8581
202306,금정구,20시,22426.4897,6869
202306,금정구,21시,13903.0544,5105
202306,금정구,22시,7803.5546,3433
202306,금정구,23시,5061.8745,2242
202306,기장군,00시,1906.8792,667
202306,기장군,01시,1115.8806,384
202306,기장군,02시,705.6197,244
202306,기장군,03시,344.5548,161
202306,기장군,04시,401.3935,168
202306,기장군,05시,1125.6558,417
202306,기장군,06시,2677.2661,929
202306,기장군,07시,3472.7781,1527
202306,기장군,08시,5451.9615,2310
202306,기장군,09시,11202.4849,3601
202306,기장군,10시,19027.9785,4860
202306,기장군,11시,31556.5224,6991
202306,기장군,12시,43269.7458,9761
202306,기장군,13시,44267.9934,9135
202306,기장군,14시,44341.4756,9006
202306,기장군,15시,41152.7356,8609
202306,기장군,16시,40024.9143,8382
202306,기장군,17시,38448.3115,8317
202306,기장군,18시,37036.4985,7914
202306,기장군,19시,32490.3369,6889
202306,기장군,20시,23395.3962,5245
202306,기장군,21시,10973.7814,3362
202306,기장군,22시,5654.4214,2002
202306,기장군,23시,3328.174,1173
202306,남구,00시,4194.4273,1649
202306,남구,01시,2735.1616,1075
202306,남구,02시,1813.1965,740
202306,남구,03시,1394.0021,523
202306,남구,04시,1380.4917,467
202306,남구,05시,2081.2243,719
202306,남구,06시,3416.4398,1069
202306,남구,07시,4107.0945,1756
202306,남구,08시,6883.3031,3389
202306,남구,09시,14708.5499,5141
202306,남구,10시,25664.2259,6844
202306,남구,11시,30683.7139,8968
202306,남구,12시,33336.6431,11668
202306,남구,13시,28980.7975,9347
202306,남구,14시,30583.1179,9290
202306,남구,15시,32384.7711,9465
202306,남구,16시,31786.2066,9878
202306,남구,17시,31606.873,10143
202306,남구,18시,31691.8323,10357
202306,남구,19시,29231.5089,9094
202306,남구,20시,24375.6217,7509
202306,남구,21시,16800.1622,5826
202306,남구,22시,9550.73,3876
202306,남구,23시,6338.0633,2603
202306,동구,00시,2117.1092,682
202306,동구,01시,1666.875,493
202306,동구,02시,1221.1529,330
202306,동구,03시,876.9222,240
202306,동구,04시,881.4372,264
202306,동구,05시,1125.6241,443
202306,동구,06시,1954.2223,821
202306,동구,07시,3021.7348,1322
202306,동구,08시,4702.6456,2431
202306,동구,09시,9855.3872,3202
202306,동구,10시,16914.4852,3657
202306,동구,11시,19786.5972,5359
202306,동구,12시,21929.1785,7088
202306,동구,13시,17378.1252,5251
202306,동구,14시,16089.3385,4676
202306,동구,15시,16269.2521,4547
202306,동구,16시,15417.7066,4566
202306,동구,17시,13898.7959,4413
202306,동구,18시,13654.9014,4731
202306,동구,19시,12131.9906,4083
202306,동구,20시,9929.7122,3206
202306,동구,21시,6623.3401,2401
202306,동구,22시,4705.5915,1615
202306,동구,23시,3375.6796,1039
202306,동래구,00시,5620.0745,1710
202306,동래구,01시,3878.2884,1090
202306,동래구,02시,2605.2436,726
202306,동래구,03시,1457.7339,502
202306,동래구,04시,1215.1501,460
202306,동래구,05시,1917.0677,852
202306,동래구,06시,2373.5446,1221
202306,동래구,07시,3328.7441,1712
202306,동래구,08시,8796.3279,3493
202306,동래구,09시,22912.6646,6001
202306,동래구,10시,39075.7561,7987
202306,동래구,11시,49018.7814,9622
202306,동래구,12시,47084.6309,11883
202306,동래구,13시,38884.6019,10331
202306,동래구,14시,45978.1532,10385
202306,동래구,15시,41439.2561,10534
202306,동래구,16시,41591.6902,11268
202306,동래구,17시,39228.3934,11603
202306,동래구,18시,38537.5738,11945
202306,동래구,19시,36382.2658,10443
202306,동래구,20시,32065.2082,8700
202306,동래구,21시,21815.1476,6635
202306,동래구,22시,13685.4883,4492
202306,동래구,23시,8996.8777,2878
202306,부산진구,00시,10204.8613,3429
202306,부산진구,01시,7236.7195,2433
202306,부산진구,02시,5000.3388,1768
202306,부산진구,03시,3592.1829,1310
202306,부산진구,04시,2712.9091,1071
202306,부산진구,05시,3163.8212,1489
202306,부산진구,06시,4137.2049,1986
202306,부산진구,07시,5768.9047,2825
202306,부산진구,08시,12604.6567,5803
202306,부산진구,09시,32610.7076,9465
202306,부산진구,10시,57309.7652,12290
202306,부산진구,11시,73614.7015,16300
202306,부산진구,12시,77271.9587,21648
202306,부산진구,13시,70342.3937,18904
202306,부산진구,14시,79317.3832,18532
202306,부산진구,15시,79899.4484,18627
202306,부산진구,16시,75016.9129,18950
202306,부산진구,17시,68272.9144,18941
202306,부산진구,18시,64520.2154,19232
202306,부산진구,19시,60950.904,16907
202306,부산진구,20시,51599.2239,14165
202306,부산진구,21시,34154.884,10761
202306,부산진구,22시,21826.3954,7650
202306,부산진구,23시,15520.5197,5195
202306,북구,00시,3762.3259,1317
202306,북구,01시,2544.7299,852
202306,북구,02시,1788.5896,577
202306,북구,03시,1215.8858,412
202306,북구,04시,1022.1286,424
202306,북구,05시,1524.0046,736
202306,북구,06시,2403.3645,1208
202306,북구,07시,3203.3926,1699
202306,북구,08시,6179.6949,2972
202306,북구,09시,19729.3651,5994
202306,북구,10시,32485.3674,8389
202306,북구,11시,40243.6456,10140
202306,북구,12시,39757.0533,11942
202306,북구,13시,37082.9091,10500
202306,북구,14시,39362.079,10765
202306,북구,15시,43162.9104,11696
202306,북구,16시,44808.9208,12426
202306,북구,17시,43910.3531,12965
202306,북구,18시,43916.2841,13007
202306,북구,19시,39287.9144,11121
202306,북구,20시,32626.2257,9222
202306,북구,21시,20525.7907,6703
202306,북구,22시,9194.5138,3478
202306,북구,23시,6063.9279,2148
202306,사상구,00시,4036.3571,1364
202306,사상구,01시,2751.147,882
202306,사상구,02시,1776.4508,626
202306,사상구,03시,1305.2919,452
202306,사상구,04시,1177.3321,456
202306,사상구,05시,2512.1466,872
202306,사상구,06시,4026.2704,1642
202306,사상구,07시,5874.4619,2778
202306,사상구,08시,9463.8361,3856
202306,사상구,09시,17790.124,5287
202306,사상구,10시,26301.1197,6606
202306,사상구,11시,30364.2227,8047
202306,사상구,12시,32292.9609,10465
202306,사상구,13시,29470.6478,8477
202306,사상구,14시,31350.0754,8148
202306,사상구,15시,31594.9642,8306
202306,사상구,16시,31767.0058,8518
202306,사상구,17시,30445.5325,9138
202306,사상구,18시,30446.9653,9571
202306,사상구,19시,28331.0055,8208
202306,사상구,20시,24227.5636,6957
202306,사상구,21시,15823.3444,5231
202306,사상구,22시,9277.6797,3287
202306,사상구,23시,6013.7667,2076
202306,사하구,00시,4876.7509,1594
202306,사하구,01시,3270.995,1039
202306,사하구,02시,2240.8295,737
202306,사하구,03시,1462.747,512
202306,사하구,04시,1152.2612,479
202306,사하구,05시,1790.7685,873
202306,사하구,06시,3332.7676,1817
202306,사하구,07시,4318.6291,2647
202306,사하구,08시,6633.7328,3674
202306,사하구,09시,16865.9648,5744
202306,사하구,10시,27900.8193,7543
202306,사하구,11시,31545.6357,9431
202306,사하구,12시,34066.5282,11596
202306,사하구,13시,28804.8171,9474
202306,사하구,14시,32498.3163,9664
202306,사하구,15시,33713.0054,9859
202306,사하구,16시,32968.5414,10326
202306,사하구,17시,34540.4907,11257
202306,사하구,18시,35067.526,11720
202306,사하구,19시,33445.5583,10034
202306,사하구,20시,27829.7372,8333
202306,사하구,21시,17897.113,6055
202306,사하구,22시,10836.9713,3949
202306,사하구,23시,7210.4461,2513
202306,서구,00시,1189.2929,470
202306,서구,01시,938.1305,295
202306,서구,02시,468.3258,196
202306,서구,03시,288.2715,143
202306,서구,04시,349.9657,129
202306,서구,05시,673.4769,261
202306,서구,06시,1161.633,613
202306,서구,07시,3173.887,1117
202306,서구,08시,6979.6499,1991
202306,서구,09시,16802.7827,3139
202306,서구,10시,23091.3288,3797
202306,서구,11시,24856.0966,4387
202306,서구,12시,21149.745,5029
202306,서구,13시,16879.1468,4046
202306,서구,14시,20580.2779,4293
202306,서구,15시,16811.3255,4009
202306,서구,16시,14886.18,3680
202306,서구,17시,11174.5711,3486
202306,서구,18시,10369.4647,3349
202306,서구,19시,9764.1132,2905
202306,서구,20시,7872.9474,2423
202306,서구,21시,5430.264,1851
202306,서구,22시,3240.827,1289
202306,서구,23시,2021.4402,798
202306,수영구,00시,5575.0969,1753
202306,수영구,01시,3684.3929,1149
202306,수영구,02시,2356.598,756
202306,수영구,03시,1398.4175,511
202306,수영구,04시,969.7054,407
202306,수영구,05시,1065.4729,528
202306,수영구,06시,1404.1059,756
202306,수영구,07시,2161.784,1179
202306,수영구,08시,4735.8896,2337
202306,수영구,09시,12619.1656,4028
202306,수영구,10시,22314.8533,5486
202306,수영구,11시,28980.0507,6897
202306,수영구,12시,30812.3833,8541
202306,수영구,13시,25860.2205,7539
202306,수영구,14시,27771.1273,7661
202306,수영구,15시,31820.4101,8774
202306,수영구,16시,26631.7281,7867
202306,수영구,17시,29106.3067,8775
202306,수영구,18시,29292.897,9021
202306,수영구,19시,26501.5926,7585
202306,수영구,20시,24897.8515,6803
202306,수영구,21시,19232.5487,5649
202306,수영구,22시,12377.6883,4003
202306,수영구,23시,8342.973,2645
202306,연제구,00시,4063.6682,1260
202306,연제구,01시,2868.2892,817
202306,연제구,02시,1843.553,563
202306,연제구,03시,1285.8994,418
202306,연제구,04시,945.4139,350
202306,연제구,05시,1139.4065,561
202306,연제구,06시,1706.2229,865
202306,연제구,07시,2645.5427,1311
202306,연제구,08시,6478.2995,2892
202306,연제구,09시,15150.741,4448
202306,연제구,10시,27515.2307,5752
202306,연제구,11시,35344.0041,7394
202306,연제구,12시,35343.3721,10170
202306,연제구,13시,28386.1033,7591
202306,연제구,14시,29233.8415,7443
202306,연제구,15시,31521.1506,7686
202306,연제구,16시,30770.2483,7969
202306,연제구,17시,29118.2442,8292
202306,연제구,18시,27697.8414,8657
202306,연제구,19시,26947.2,7610
202306,연제구,20시,25676.0613,6495
202306,연제구,21시,18289.6475,5121
202306,연제구,22시,9968.1772,3247
202306,연제구,23시,6361.8368,2062
202306,영도구,00시,1322.1123,529
202306,영도구,01시,867.8931,340
202306,영도구,02시,487.0832,216
202306,영도구,03시,336.4127,166
202306,영도구,04시,226.0087,153
202306,영도구,05시,381.8323,255
202306,영도구,06시,696.9775,543
202306,영도구,07시,1140.7187,797
202306,영도구,08시,1896.3016,1171
202306,영도구,09시,4999.2136,1922
202306,영도구,10시,8093.4743,2437
202306,영도구,11시,9820.8177,3372
202306,영도구,12시,11988.9754,4406
202306,영도구,13시,9535.3579,3381
202306,영도구,14시,9163.7411,3303
202306,영도구,15시,8816.8493,3318
202306,영도구,16시,9353.5627,3317
202306,영도구,17시,9179.628,3389
202306,영도구,18시,9530.4795,3406
202306,영도구,19시,9274.2502,2889
202306,영도구,20시,7362.0865,2285
202306,영도구,21시,4794.3598,1714
202306,영도구,22시,3209.1477,1237
202306,영도구,23시,2054.3558,830
202306,중구,00시,2578.156,602
202306,중구,01시,1780.064,412
202306,중구,02시,1258.7097,290
202306,중구,03시,704.0102,195
202306,중구,04시,392.2625,157
202306,중구,05시,386.9984,179
202306,중구,06시,623.9508,275
202306,중구,07시,1060.3163,574
202306,중구,08시,1781.6895,1426
202306,중구,09시,4922.4297,1689
202306,중구,10시,10473.2392,2354
202306,중구,11시,16330.1521,3887
202306,중구,12시,21920.3828,6226
202306,중구,13시,20553.7924,5381
202306,중구,14시,22654.8938,5224
202306,중구,15시,20676.7718,5033
202306,중구,16시,20339.0124,4734
202306,중구,17시,17824.9341,4567
202306,중구,18시,17958.1965,4512
202306,중구,19시,17686.5441,3996
202306,중구,20시,14309.42,3193
202306,중구,21시,8453.9591,2151
202306,중구,22시,5459.4826,1409
202306,중구,23시,3894.4853,940
202306,해운대구,00시,6630.4402,2365
202306,해운대구,01시,4406.3095,1535
202306,해운대구,02시,2811.1976,992
202306,해운대구,03시,1695.9252,695
202306,해운대구,04시,1307.7473,605
202306,해운대구,05시,2072.932,905
202306,해운대구,06시,3453.9318,1589
202306,해운대구,07시,5611.3073,2689
202306,해운대구,08시,11193.0332,5413
202306,해운대구,09시,27931.6495,8719
202306,해운대구,10시,49009.5375,11288
202306,해운대구,11시,70855.6086,14849
202306,해운대구,12시,81927.7592,19341
202306,해운대구,13시,76073.0395,17023
202306,해운대구,14시,84890.8436,16740
202306,해운대구,15시,86454.9848,16665
202306,해운대구,16시,83714.4307,16623
202306,해운대구,17시,74190.0451,16521
202306,해운대구,18시,75800.715,16223
202306,해운대구,19시,63952.7864,14237
202306,해운대구,20시,47929.8861,11762
202306,해운대구,21시,29373.0288,8993
202306,해운대구,22시,16955.0355,6089
202306,해운대구,23시,10800.5229,3888
202307,강서구,00시,5157.2516,727
202307,강서구,01시,2867.6137,445
202307,강서구,02시,1780.0868,297
202307,강서구,03시,1371.8789,213
202307,강서구,04시,1773.3315,245
202307,강서구,05시,3553.1132,630
202307,강서구,06시,8043.2338,1981
202307,강서구,07시,10198.8583,2985
202307,강서구,08시,13655.7506,3434
202307,강서구,09시,23728.8077,4221
202307,강서구,10시,28363.5933,4972
202307,강서구,11시,32334.1895,6669
202307,강서구,12시,36343.4966,9100
202307,강서구,13시,37216.7421,7029
202307,강서구,14시,36148.4139,6452
202307,강서구,15시,36664.7248,6180
202307,강서구,16시,34965.3482,6502
202307,강서구,17시,34086.7627,7066
202307,강서구,18시,31138.2993,7031
202307,강서구,19시,29115.55,6358
202307,강서구,20시,25529.9329,5243
202307,강서구,21시,16980.2439,3379
202307,강서구,22시,11113.5716,2022
202307,강서구,23시,6513.2469,1132
202307,금정구,00시,3106.5662,1255
202307,금정구,01시,2056.6196,782
202307,금정구,02시,1307.1052,541
202307,금정구,03시,767.1052,376
202307,금정구,04시,642.6942,346
202307,금정구,05시,1121.9336,541
202307,금정구,06시,2256.1813,1038
202307,금정구,07시,3004.001,1656
202307,금정구,08시,5529.7709,2895
202307,금정구,09시,14485.7717,4755
202307,금정구,10시,23500.6352,6138
202307,금정구,11시,26503.3104,7564
202307,금정구,12시,32687.6197,10048
202307,금정구,13시,30343.2233,8563
202307,금정구,14시,31597.0774,8052
202307,금정구,15시,28340.7129,7885
202307,금정구,16시,29199.0501,8142
202307,금정구,17시,29503.3215,8759
202307,금정구,18시,28701.1916,9120
202307,금정구,19시,26485.9841,8078
202307,금정구,20시,20458.9023,6409
202307,금정구,21시,13075.6909,4768
202307,금정구,22시,7549.4322,3186
202307,금정구,23시,4746.8052,2014
202307,기장군,00시,1943.5227,660
202307,기장군,01시,1127.6431,394
202307,기장군,02시,670.4551,260
202307,기장군,03시,378.7555,162
202307,기장군,04시,410.367,172
202307,기장군,05시,1055.0622,382
202307,기장군,06시,2158.7277,833
202307,기장군,07시,3431.7932,1488
202307,기장군,08시,5311.4698,2211
202307,기장군,09시,11164.7962,3553
202307,기장군,10시,18709.143,4859
202307,기장군,11시,30497.6472,6994
202307,기장군,12시,41372.7053,9690
202307,기장군,13시,43920.3648,9125
202307,기장군,14시,41981.663,8802
202307,기장군,15시,39045.7173,8258
202307,기장군,16시,37284.8918,7956
202307,기장군,17시,36193.0947,7885
202307,기장군,18시,35750.2474,7696
202307,기장군,19시,31394.8126,6748
202307,기장군,20시,22882.5888,5125
202307,기장군,21시,10228.5797,3229
202307,기장군,22시,5510.1222,1933
202307,기장군,23시,3266.55,1118
202307,남구,00시,3838.3012,1465
202307,남구,01시,2815.6566,991
202307,남구,02시,1727.1184,689
202307,남구,03시,1246.2284,470
202307,남구,04시,1326.5724,440
202307,남구,05시,2076.6386,682
202307,남구,06시,3080.4503,1061
202307,남구,07시,3654.7653,1690
202307,남구,08시,6177.234,3183
202307,남구,09시,14092.3923,4783
202307,남구,10시,23336.0552,6489
202307,남구,11시,28304.7749,8304
202307,남구,12시,31341.1894,10680
202307,남구,13시,27519.4388,8671
202307,남구,14시,30353.3935,8524
202307,남구,15시,28856.7786,8564
202307,남구,16시,28822.9875,8851
202307,남구,17시,28701.1731,9194
202307,남구,18시,30303.9247,9631
202307,남구,19시,27935.5835,8615
202307,남구,20시,23331.318,7149
202307,남구,21시,15760.0435,5458
202307,남구,22시,9220.5457,3621
202307,남구,23시,5635.6206,2332
202307,동구,00시,2284.8179,687
202307,동구,01시,1676.5383,509
202307,동구,02시,1241.7085,355
202307,동구,03시,1083.512,242
202307,동구,04시,1003.0529,279
202307,동구,05시,966.0338,438
202307,동구,06시,1925.3384,799
202307,동구,07시,2826.6821,1353
202307,동구,08시,4395.5257,2452
202307,동구,09시,10231.6626,3162
202307,동구,10시,16695.6821,3652
202307,동구,11시,18794.2839,5290
202307,동구,12시,19535.6075,6818
202307,동구,13시,17096.38,5182
202307,동구,14시,16672.3583,4634
202307,동구,15시,16009.3306,4351
202307,동구,16시,14244.5601,4379
202307,동구,17시,13077.0661,4274
202307,동구,18시,13266.7564,4570
202307,동구,19시,12465.7835,4029
202307,동구,20시,9648.8907,3166
202307,동구,21시,6351.3864,2348
202307,동구,22시,4240.1517,1595
202307,동구,23시,3193.3371,1020
202307,동래구,00시,5352.9396,1647
202307,동래구,01시,3625.4687,1056
202307,동래구,02시,2602.0774,749
202307,동래구,03시,1671.3812,508
202307,동래구,04시,1280.6736,459
202307,동래구,05시,1932.2986,815
202307,동래구,06시,2428.2219,1202
202307,동래구,07시,3441.7884,1668
202307,동래구,08시,9925.6621,3424
202307,동래구,09시,22974.9782,5930
202307,동래구,10시,39005.6576,7936
202307,동래구,11시,45929.7042,9554
202307,동래구,12시,43970.7244,11804
202307,동래구,13시,38746.0448,10052
202307,동래구,14시,40682.9306,9956
202307,동래구,15시,39297.2915,9856
202307,동래구,16시,40910.8036,10454
202307,동래구,17시,38396.755,10781
202307,동래구,18시,36834.4294,11254
202307,동래구,19시,35812.9177,10036
202307,동래구,20시,30760.3737,8311
202307,동래구,21시,20313.5413,6260
202307,동래구,22시,12471.4736,4192
202307,동래구,23시,8733.3924,2675
202307,부산진구,00시,10254.5359,3435
202307,부산진구,01시,7302.5146,2453
202307,부산진구,02시,5117.6523,1793
202307,부산진구,03시,3723.2568,1342
202307,부산진구,04시,2676.0263,1129
202307,부산진구,05시,3051.971,1449
202307,부산진구,06시,3918.5508,1960
202307,부산진구,07시,5315.4136,2807
202307,부산진구,08시,11499.113,5661
202307,부산진구,09시,31728.7377,9295
202307,부산진구,10시,54233.7682,12075
202307,부산진구,11시,72090.2553,15942
202307,부산진구,12시,76837.9931,21140
202307,부산진구,13시,67833.041,18468
202307,부산진구,14시,72837.6422,17936
202307,부산진구,15시,75172.407,17750
202307,부산진구,16시,71785.3145,18005
202307,부산진구,17시,65401.2516,18194
202307,부산진구,18시,63084.3042,18695
202307,부산진구,19시,59180.0896,16555
202307,부산진구,20시,48350.3491,13749
202307,부산진구,21시,32734.0622,10483
202307,부산진구,22시,20942.2726,7434
202307,부산진구,23시,14652.3743,4962
202307,북구,00시,3859.5563,1291
202307,북구,01시,2502.9517,865
202307,북구,02시,1818.9878,588
202307,북구,03시,1127.6121,422
202307,북구,04시,1003.0037,426
202307,북구,05시,1502.2613,695
202307,북구,06시,2310.4512,1182
202307,북구,07시,3132.6986,1638
202307,북구,08시,6083.8493,2880
202307,북구,09시,18958.3606,5961
202307,북구,10시,34749.9696,8566
202307,북구,11시,39538.2194,10381
202307,북구,12시,39747.4009,11913
202307,북구,13시,37659.2733,10377
202307,북구,14시,39730.2688,10517
202307,북구,15시,40945.9236,11074
202307,북구,16시,42427.5405,11779
202307,북구,17시,42354.785,12296
202307,북구,18시,41856.8423,12510
202307,북구,19시,37885.2031,10841
202307,북구,20시,31049.2958,8939
202307,북구,21시,19661.0232,6536
202307,북구,22시,8744.5266,3333
202307,북구,23시,5577.8049,2040
202307,사상구,00시,3915.782,1286
202307,사상구,01시,2657.5244,874
202307,사상구,02시,1775.3587,601
202307,사상구,03시,1316.5466,443
202307,사상구,04시,1194.8641,454
202307,사상구,05시,2566.8265,834
202307,사상구,06시,4201.7051,1620
202307,사상구,07시,5764.5308,2689
202307,사상구,08시,8898.4729,3672
202307,사상구,09시,17419.5907,5106
202307,사상구,10시,25157.1152,6473
202307,사상구,11시,29301.8582,7795
202307,사상구,12시,35075.1917,9814
202307,사상구,13시,28859.7039,7974
202307,사상구,14시,30318.2339,7692
202307,사상구,15시,30182.8115,7721
202307,사상구,16시,30088.0727,7912
202307,사상구,17시,29749.4313,8647
202307,사상구,18시,28853.12,9014
202307,사상구,19시,28028.005,7900
202307,사상구,20시,23103.7209,6646
202307,사상구,21시,14928.2378,4936
202307,사상구,22시,9155.5695,3142
202307,사상구,23시,5925.0376,1964
202307,사하구,00시,4614.87,1543
202307,사하구,01시,3204.4218,1030
202307,사하구,02시,2264.6372,708
202307,사하구,03시,1470.8284,504
202307,사하구,04시,1126.6394,476
202307,사하구,05시,1922.3485,818
202307,사하구,06시,3085.6058,1745
202307,사하구,07시,4268.0871,2527
202307,사하구,08시,6386.7492,3428
202307,사하구,09시,15965.8864,5610
202307,사하구,10시,27203.2816,7372
202307,사하구,11시,32294.3438,9141
202307,사하구,12시,33989.1233,11052
202307,사하구,13시,28384.3862,9012
202307,사하구,14시,30297.9371,9176
202307,사하구,15시,31259.4111,9213
202307,사하구,16시,30892.904,9609
202307,사하구,17시,32506.3082,10656
202307,사하구,18시,33873.7952,11154
202307,사하구,19시,31990.4093,9655
202307,사하구,20시,26460.8707,8013
202307,사하구,21시,16847.2279,5837
202307,사하구,22시,10377.5019,3803
202307,사하구,23시,6918.1101,2353
202307,서구,00시,1228.2637,442
202307,서구,01시,768.1764,292
202307,서구,02시,574.5006,193
202307,서구,03시,336.8356,135
202307,서구,04시,381.6256,120
202307,서구,05시,678.794,261
202307,서구,06시,1299.4059,587
202307,서구,07시,3179.9113,1057
202307,서구,08시,6156.4961,1869
202307,서구,09시,15142.9547,3016
202307,서구,10시,21184.5548,3579
202307,서구,11시,21382.5941,4061
202307,서구,12시,18618.4058,4719
202307,서구,13시,15529.7281,3757
202307,서구,14시,17490.8001,3896
202307,서구,15시,16003.1138,3683
202307,서구,16시,12881.8313,3439
202307,서구,17시,10291.2476,3242
202307,서구,18시,9743.9967,3127
202307,서구,19시,9207.0287,2765
202307,서구,20시,7407.941,2308
202307,서구,21시,5280.1546,1760
202307,서구,22시,3023.4327,1200
202307,서구,23시,1786.0438,728
202307,수영구,00시,5534.5583,1716
202307,수영구,01시,3802.1883,1149
202307,수영구,02시,2405.9783,764
202307,수영구,03시,1505.8225,521
202307,수영구,04시,919.9701,401
202307,수영구,05시,1161.61,508
202307,수영구,06시,1424.6976,771
202307,수영구,07시,2134.091,1158
202307,수영구,08시,4321.0342,2356
202307,수영구,09시,11796.2875,3992
202307,수영구,10시,21891.7418,5406
202307,수영구,11시,27631.8323,6784
202307,수영구,12시,29390.3403,8502
202307,수영구,13시,26455.8025,7798
202307,수영구,14시,32522.9211,9230
202307,수영구,15시,28482.1379,8202
202307,수영구,16시,24468.8809,7494
202307,수영구,17시,23171.1838,7640
202307,수영구,18시,25619.4107,8040
202307,수영구,19시,26508.226,7568
202307,수영구,20시,24444.4544,6748
202307,수영구,21시,18902.2962,5519
202307,수영구,22시,11903.2316,3887
202307,수영구,23시,8115.3292,2555
202307,연제구,00시,3859.6842,1226
202307,연제구,01시,2882.7597,816
202307,연제구,02시,1989.1035,585
202307,연제구,03시,1232.6471,420
202307,연제구,04시,948.9213,367
202307,연제구,05시,1094.8382,552
202307,연제구,06시,1820.4683,846
202307,연제구,07시,3066.5501,1307
202307,연제구,08시,6303.8937,2894
202307,연제구,09시,16947.3002,4476
202307,연제구,10시,31577.4534,5919
202307,연제구,11시,36021.9633,7566
202307,연제구,12시,36161.6675,10062
202307,연제구,13시,31402.6987,7712
202307,연제구,14시,32823.76,7340
202307,연제구,15시,34897.3499,7267
202307,연제구,16시,31238.6387,7711
202307,연제구,17시,28455.4087,7890
202307,연제구,18시,27273.0225,8326
202307,연제구,19시,27565.4578,7525
202307,연제구,20시,26015.0409,6396
202307,연제구,21시,18094.5556,4932
202307,연제구,22시,10698.766,3164
202307,연제구,23시,6121.7145,1954
202307,영도구,00시,1284.7324,476
202307,영도구,01시,825.7564,309
202307,영도구,02시,525.3321,208
202307,영도구,03시,372.6307,151
202307,영도구,04시,260.7865,155
202307,영도구,05시,404.0559,233
202307,영도구,06시,732.2063,514
202307,영도구,07시,1008.9234,779
202307,영도구,08시,1835.9786,1109
202307,영도구,09시,4402.5972,1828
202307,영도구,10시,6984.253,2359
202307,영도구,11시,9076.9688,3163
202307,영도구,12시,11272.5161,4097
202307,영도구,13시,9099.1648,3120
202307,영도구,14시,8483.0832,3055
202307,영도구,15시,8730.5993,3041
202307,영도구,16시,8653.0292,3032
202307,영도구,17시,8507.4578,3176
202307,영도구,18시,9508.7425,3229
202307,영도구,19시,9054.3985,2724
202307,영도구,20시,7014.147,2191
202307,영도구,21시,4514.2945,1617
202307,영도구,22시,2904.8524,1150
202307,영도구,23시,1865.7875,719
202307,중구,00시,2541.1828,550
202307,중구,01시,1856.7702,402
202307,중구,02시,1196.2304,281
202307,중구,03시,721.8106,194
202307,중구,04시,451.7621,159
202307,중구,05시,335.4773,174
202307,중구,06시,545.6733,260
202307,중구,07시,1005.2715,556
202307,중구,08시,2053.2465,1368
202307,중구,09시,4876.2525,1648
202307,중구,10시,9739.9609,2277
202307,중구,11시,14903.7549,3788
202307,중구,12시,19869.5224,5980
202307,중구,13시,18576.7016,5134
202307,중구,14시,19226.662,4886
202307,중구,15시,19276.4321,4726
202307,중구,16시,18331.2419,4526
202307,중구,17시,17004.8661,4344
202307,중구,18시,16790.6089,4413
202307,중구,19시,16622.113,3930
202307,중구,20시,13199.6633,3053
202307,중구,21시,7838.6529,2065
202307,중구,22시,5044.5751,1355
202307,중구,23시,3347.7205,854
202307,해운대구,00시,6617.7329,2378
202307,해운대구,01시,4238.1439,1513
202307,해운대구,02시,2897.151,1013
202307,해운대구,03시,1748.9607,699
202307,해운대구,04시,1397.0358,635
202307,해운대구,05시,2095.2951,864
202307,해운대구,06시,3150.8087,1524
202307,해운대구,07시,5169.1067,2685
202307,해운대구,08시,11398.9196,5336
202307,해운대구,09시,28347.1338,8542
202307,해운대구,10시,49124.9676,11360
202307,해운대구,11시,71367.2785,15098
202307,해운대구,12시,78426.8449,19366
202307,해운대구,13시,74222.4262,16722
202307,해운대구,14시,81700.5916,16730
202307,해운대구,15시,81687.3653,16103
202307,해운대구,16시,77536.8991,16085
202307,해운대구,17시,72118.0088,16237
202307,해운대구,18시,72488.0366,16163
202307,해운대구,19시,65037.5892,14328
202307,해운대구,20시,46125.0748,11902
202307,해운대구,21시,29903.2321,9003
202307,해운대구,22시,16810.7458,6122
202307,해운대구,23시,10617.2037,3824
202308,강서구,00시,4947.071,766
202308,강서구,01시,2744.5265,457
202308,강서구,02시,1833.9315,301
202308,강서구,03시,1471.2036,223
202308,강서구,04시,2280.9528,273
202308,강서구,05시,4196.4076,650
202308,강서구,06시,8600.7553,2029
202308,강서구,07시,11111.6431,3091
202308,강서구,08시,14397.3517,3506
202308,강서구,09시,23755.401,4262
202308,강서구,10시,31163.8221,5037
202308,강서구,11시,34305.5865,6714
202308,강서구,12시,37013.1977,9176
202308,강서구,13시,33913.7966,7050
202308,강서구,14시,36497.9022,6481
202308,강서구,15시,36501.1396,6249
202308,강서구,16시,36182.6547,6535
202308,강서구,17시,32436.6777,7173
202308,강서구,18시,31543.4111,7214
202308,강서구,19시,29387.3967,6508
202308,강서구,20시,25447.0645,5301
202308,강서구,21시,16150.2188,3430
202308,강서구,22시,10436.9625,2022
202308,강서구,23시,6231.1271,1153
202308,금정구,00시,3061.0725,1301
202308,금정구,01시,1932.7702,778
202308,금정구,02시,1261.4003,534
202308,금정구,03시,758.1761,370
202308,금정구,04시,588.3483,336
202308,금정구,05시,1133.8803,564
202308,금정구,06시,2242.9726,1077
202308,금정구,07시,4033.1827,1748
202308,금정구,08시,6372.4348,3009
202308,금정구,09시,14579.8286,4854
202308,금정구,10시,24670.4971,6197
202308,금정구,11시,31153.7889,7642
202308,금정구,12시,33430.0268,10117
202308,금정구,13시,33495.9134,8538
202308,금정구,14시,30217.4054,8026
202308,금정구,15시,30270.3761,7941
202308,금정구,16시,29838.4523,8292
202308,금정구,17시,31486.9545,9005
202308,금정구,18시,29348.8598,9549
202308,금정구,19시,27569.3953,8434
202308,금정구,20시,20813.3969,6595
202308,금정구,21시,12953.0391,4810
202308,금정구,22시,7551.7402,3248
202308,금정구,23시,4711.38,2032
202308,기장군,00시,1853.6614,674
202308,기장군,01시,1131.0779,410
202308,기장군,02시,708.585,262
202308,기장군,03시,376.0373,166
202308,기장군,04시,449.6553,177
202308,기장군,05시,1107.0066,382
202308,기장군,06시,2457.3735,893
202308,기장군,07시,3844.6282,1551
202308,기장군,08시,5840.4665,2302
202308,기장군,09시,12203.5205,3677
202308,기장군,10시,20612.7007,5090
202308,기장군,11시,31398.2517,7354
202308,기장군,12시,43362.2441,10068
202308,기장군,13시,44328.9287,9463
202308,기장군,14시,42913.363,9031
202308,기장군,15시,39234.3378,8541
202308,기장군,16시,37827.2048,8193
202308,기장군,17시,37045.1859,8072
202308,기장군,18시,36333.9351,8046
202308,기장군,19시,33107.7493,7051
202308,기장군,20시,23397.0297,5291
202308,기장군,21시,10504.9244,3310
202308,기장군,22시,5486.7801,2009
202308,기장군,23시,2941.4459,1140
202308,남구,00시,3861.3916,1523
202308,남구,01시,2710.3091,1017
202308,남구,02시,1677.7705,687
202308,남구,03시,1264.2015,510
202308,남구,04시,1410.9894,455
202308,남구,05시,2059.5241,708
202308,남구,06시,3389.3751,1137
202308,남구,07시,4166.527,1836
202308,남구,08시,7367.0083,3459
202308,남구,09시,14091.896,5102
202308,남구,10시,25579.1255,6809
202308,남구,11시,29557.0152,8699
202308,남구,12시,32991.1497,10933
202308,남구,13시,27790.5326,8814
202308,남구,14시,29645.2323,8610
202308,남구,15시,30836.0809,8835
202308,남구,16시,30288.7951,9302
202308,남구,17시,30162.5888,9756
202308,남구,18시,31149.4729,10209
202308,남구,19시,29319.2498,9165
202308,남구,20시,24213.1061,7511
202308,남구,21시,16607.1331,5713
202308,남구,22시,9561.212,3788
202308,남구,23시,5876.9959,2432
202308,동구,00시,2381.0729,722
202308,동구,01시,1788.5469,530
202308,동구,02시,1181.1255,366
202308,동구,03시,1469.7922,260
202308,동구,04시,1067.1748,292
202308,동구,05시,1223.0014,468
202308,동구,06시,2012.5303,839
202308,동구,07시,2708.115,1474
202308,동구,08시,4493.1162,2664
202308,동구,09시,10231.0918,3375
202308,동구,10시,16948.056,3838
202308,동구,11시,19230.5659,5588
202308,동구,12시,19689.3921,7213
202308,동구,13시,16467.499,5446
202308,동구,14시,15403.5062,4712
202308,동구,15시,15192.0104,4571
202308,동구,16시,14880.0231,4647
202308,동구,17시,13523.1654,4563
202308,동구,18시,14040.9839,4929
202308,동구,19시,12712.874,4338
202308,동구,20시,9795.8693,3400
202308,동구,21시,6489.7935,2501
202308,동구,22시,4440.4105,1671
202308,동구,23시,3361.2351,1082
202308,동래구,00시,5455.736,1688
202308,동래구,01시,3822.1059,1107
202308,동래구,02시,2505.9215,733
202308,동래구,03시,1614.5013,510
202308,동래구,04시,1352.9851,478
202308,동래구,05시,1904.2639,802
202308,동래구,06시,2549.2194,1246
202308,동래구,07시,3548.4603,1781
202308,동래구,08시,10283.7424,3558
202308,동래구,09시,24337.1968,6151
202308,동래구,10시,39018.9444,8214
202308,동래구,11시,45547.9468,9839
202308,동래구,12시,46022.6455,12040
202308,동래구,13시,38236.6117,10176
202308,동래구,14시,38389.4696,9986
202308,동래구,15시,40316.0992,10108
202308,동래구,16시,40291.128,10800
202308,동래구,17시,38749.0067,11504
202308,동래구,18시,38044.6078,12047
202308,동래구,19시,36672.7674,10756
202308,동래구,20시,30340.0169,8765
202308,동래구,21시,20803.122,6501
202308,동래구,22시,12862.8414,4453
202308,동래구,23시,8300.3367,2770
202308,부산진구,00시,10007.1125,3472
202308,부산진구,01시,7085.0896,2460
202308,부산진구,02시,4989.1659,1809
202308,부산진구,03시,3326.4923,1330
202308,부산진구,04시,2930.7959,1125
202308,부산진구,05시,2979.825,1463
202308,부산진구,06시,4038.1162,2024
202308,부산진구,07시,6066.6198,3038
202308,부산진구,08시,12409.2632,6021
202308,부산진구,09시,31167.3414,9725
202308,부산진구,10시,54905.6063,12421
202308,부산진구,11시,71073.5147,16271
202308,부산진구,12시,77361.5465,21437
202308,부산진구,13시,65448.9818,18418
202308,부산진구,14시,72823.5127,17771
202308,부산진구,15시,73486.4929,17940
202308,부산진구,16시,68671.988,18346
202308,부산진구,17시,64542.4734,18735
202308,부산진구,18시,62359.996,19395
202308,부산진구,19시,59008.1942,17267
202308,부산진구,20시,47332.9709,14071
202308,부산진구,21시,31974.1918,10752
202308,부산진구,22시,20995.195,7604
202308,부산진구,23시,14586.3829,5089
202308,북구,00시,3736.5444,1324
202308,북구,01시,2429.0548,846
202308,북구,02시,1739.5574,576
202308,북구,03시,1268.8965,422
202308,북구,04시,1140.0563,448
202308,북구,05시,1471.3298,713
202308,북구,06시,2574.529,1258
202308,북구,07시,3300.9361,1738
202308,북구,08시,6148.3736,3040
202308,북구,09시,20014.4751,6274
202308,북구,10시,33893.8322,8847
202308,북구,11시,40119.2613,10576
202308,북구,12시,39972.4802,12152
202308,북구,13시,36439.6003,10449
202308,북구,14시,39836.7488,10520
202308,북구,15시,40378.4464,11261
202308,북구,16시,43641.8345,12003
202308,북구,17시,43953.2519,12798
202308,북구,18시,44215.273,13243
202308,북구,19시,39394.5082,11509
202308,북구,20시,31574.8068,9248
202308,북구,21시,19862.6462,6656
202308,북구,22시,8838.9384,3457
202308,북구,23시,5494.7913,2080
202308,사상구,00시,3920.1632,1297
202308,사상구,01시,2474.3807,849
202308,사상구,02시,1877.5586,598
202308,사상구,03시,1280.6019,441
202308,사상구,04시,1341.0423,482
202308,사상구,05시,2619.6356,863
202308,사상구,06시,4265.1522,1657
202308,사상구,07시,6384.513,2849
202308,사상구,08시,9759.2082,3885
202308,사상구,09시,18595.7287,5331
202308,사상구,10시,27661.0264,6698
202308,사상구,11시,30497.1711,7864
202308,사상구,12시,32280.501,10167
202308,사상구,13시,28674.5369,8098
202308,사상구,14시,30194.819,7793
202308,사상구,15시,30529.5053,7852
202308,사상구,16시,30592.1992,8040
202308,사상구,17시,29634.9884,8939
202308,사상구,18시,28792.6783,9501
202308,사상구,19시,27716.8423,8326
202308,사상구,20시,23381.5886,6901
202308,사상구,21시,15210.42,5091
202308,사상구,22시,9652.9544,3266
202308,사상구,23시,6107.0382,1996
202308,사하구,00시,4541.4191,1538
202308,사하구,01시,3207.9812,1055
202308,사하구,02시,2273.6408,726
202308,사하구,03시,1412.0128,491
202308,사하구,04시,1204.6566,489
202308,사하구,05시,1695.7289,832
202308,사하구,06시,3306.8518,1823
202308,사하구,07시,4462.3956,2640
202308,사하구,08시,7088.3464,3630
202308,사하구,09시,17771.0152,5850
202308,사하구,10시,28470.4584,7606
202308,사하구,11시,32667.6179,9274
202308,사하구,12시,34041.6845,11191
202308,사하구,13시,29029.3368,9057
202308,사하구,14시,30492.7797,9138
202308,사하구,15시,31249.5925,9332
202308,사하구,16시,30976.1009,9891
202308,사하구,17시,33381.3763,10971
202308,사하구,18시,34555.3345,11736
202308,사하구,19시,32652.4492,10181
202308,사하구,20시,26737.6739,8399
202308,사하구,21시,17129.6997,6126
202308,사하구,22시,10358.6395,3960
202308,사하구,23시,6916.7874,2448
202308,서구,00시,1242.1295,466
202308,서구,01시,737.0782,301
202308,서구,02시,505.3564,206
202308,서구,03시,302.3844,144
202308,서구,04시,308.5099,132
202308,서구,05시,602.8425,275
202308,서구,06시,1249.2426,625
202308,서구,07시,2979.1053,1132
202308,서구,08시,6620.3406,2044
202308,서구,09시,16802.9673,3209
202308,서구,10시,23587.909,3846
202308,서구,11시,22722.0229,4330
202308,서구,12시,19288.8639,4986
202308,서구,13시,16703.9056,4000
202308,서구,14시,17796.7705,4097
202308,서구,15시,15881.9859,3955
202308,서구,16시,13798.7149,3611
202308,서구,17시,11370.863,3454
202308,서구,18시,10368.1158,3411
202308,서구,19시,9808.8091,3004
202308,서구,20시,7696.8178,2453
202308,서구,21시,5185.9199,1861
202308,서구,22시,3270.8161,1300
202308,서구,23시,1958.4377,765
202308,수영구,00시,5837.9364,1822
202308,수영구,01시,4048.9367,1263
202308,수영구,02시,2457.5763,809
202308,수영구,03시,1424.7939,528
202308,수영구,04시,919.8604,414
202308,수영구,05시,1160.2933,540
202308,수영구,06시,1605.9357,805
202308,수영구,07시,2492.1162,1267
202308,수영구,08시,5449.6547,2452
202308,수영구,09시,13076.6101,4242
202308,수영구,10시,22880.9451,5675
202308,수영구,11시,27740.9826,7049
202308,수영구,12시,30375.5499,8811
202308,수영구,13시,28342.1265,8765
202308,수영구,14시,31840.1528,9447
202308,수영구,15시,26015.6209,7616
202308,수영구,16시,24859.6816,7885
202308,수영구,17시,24784.2328,8122
202308,수영구,18시,26366.9681,8622
202308,수영구,19시,27515.3179,8072
202308,수영구,20시,25595.8529,7246
202308,수영구,21시,19767.2164,5879
202308,수영구,22시,12659.5035,4214
202308,수영구,23시,8588.5434,2765
202308,연제구,00시,3881.9471,1250
202308,연제구,01시,2817.1418,805
202308,연제구,02시,1769.4161,567
202308,연제구,03시,1135.0885,399
202308,연제구,04시,921.2706,371
202308,연제구,05시,1153.785,560
202308,연제구,06시,1727.5241,878
202308,연제구,07시,2735.6522,1381
202308,연제구,08시,5934.8487,3074
202308,연제구,09시,15487.7881,4584
202308,연제구,10시,25808.6726,5985
202308,연제구,11시,33282.4762,7744
202308,연제구,12시,34146.3301,10263
202308,연제구,13시,27217.2768,7714
202308,연제구,14시,28062.4729,7334
202308,연제구,15시,29544.0253,7518
202308,연제구,16시,31703.3585,7905
202308,연제구,17시,28574.8643,8208
202308,연제구,18시,26770.0318,8746
202308,연제구,19시,27255.4098,7849
202308,연제구,20시,23788.4446,6585
202308,연제구,21시,17149.6718,4959
202308,연제구,22시,9659.5214,3261
202308,연제구,23시,5874.837,2047
202308,영도구,00시,1317.5637,509
202308,영도구,01시,925.4105,328
202308,영도구,02시,510.8478,212
202308,영도구,03시,334.6496,151
202308,영도구,04시,299.4822,156
202308,영도구,05시,349.8685,243
202308,영도구,06시,830.3995,538
202308,영도구,07시,1121.8148,793
202308,영도구,08시,2226.9173,1173
202308,영도구,09시,5047.0676,1938
202308,영도구,10시,8197.8266,2474
202308,영도구,11시,9752.7759,3316
202308,영도구,12시,11815.0784,4290
202308,영도구,13시,9329.5629,3256
202308,영도구,14시,8817.5582,3187
202308,영도구,15시,8614.1557,3202
202308,영도구,16시,8722.8089,3203
202308,영도구,17시,9161.4607,3355
202308,영도구,18시,10621.5104,3451
202308,영도구,19시,9440.6942,2995
202308,영도구,20시,7385.7855,2339
202308,영도구,21시,4621.773,1712
202308,영도구,22시,2950.1633,1210
202308,영도구,23시,2016.7234,789
202308,중구,00시,2449.2705,598
202308,중구,01시,1704.114,411
202308,중구,02시,1130.9189,285
202308,중구,03시,685.787,195
202308,중구,04시,410.5267,153
202308,중구,05시,341.1715,173
202308,중구,06시,580.5489,282
202308,중구,07시,1128.9264,623
202308,중구,08시,1986.1848,1536
202308,중구,09시,5151.6595,1803
202308,중구,10시,10122.5153,2433
202308,중구,11시,15479.649,4006
202308,중구,12시,20083.3941,6327
202308,중구,13시,19155.6958,5314
202308,중구,14시,21224.8043,5067
202308,중구,15시,18313.5566,4852
202308,중구,16시,17437.2582,4695
202308,중구,17시,16390.4322,4595
202308,중구,18시,17400.9424,4758
202308,중구,19시,17380.2716,4259
202308,중구,20시,13203.5916,3262
202308,중구,21시,8350.5202,2250
202308,중구,22시,5476.6821,1472
202308,중구,23시,3516.0851,929
202308,해운대구,00시,6805.4106,2521
202308,해운대구,01시,4603.0654,1595
202308,해운대구,02시,2910.7201,1043
202308,해운대구,03시,1844.127,728
202308,해운대구,04시,1388.9176,667
202308,해운대구,05시,2154.2889,919
202308,해운대구,06시,3452.9941,1647
202308,해운대구,07시,5860.8505,2921
202308,해운대구,08시,12425.6918,5655
202308,해운대구,09시,28481.9849,9131
202308,해운대구,10시,52752.2386,12057
202308,해운대구,11시,72372.2714,15749
202308,해운대구,12시,81186.7303,19870
202308,해운대구,13시,79461.0419,17132
202308,해운대구,14시,83031.9308,16961
202308,해운대구,15시,85385.8543,16610
202308,해운대구,16시,79091.3907,16459
202308,해운대구,17시,77534.1572,16792
202308,해운대구,18시,73696.2527,16888
202308,해운대구,19시,68394.3047,15321
202308,해운대구,20시,49947.8463,12598
202308,해운대구,21시,30928.857,9564
202308,해운대구,22시,17426.5947,6558
202308,해운대구,23시,10986.126,4106
202309,강서구,00시,4982.8581,732
202309,강서구,01시,2967.9516,465
202309,강서구,02시,2091.0336,328
202309,강서구,03시,2046.281,268
202309,강서구,04시,2413.3502,315
202309,강서구,05시,4563.7375,675
202309,강서구,06시,8931.6492,2023
202309,강서구,07시,11712.4099,3098
202309,강서구,08시,14640.6161,3540
202309,강서구,09시,23920.5682,4352
202309,강서구,10시,30344.4528,4897
202309,강서구,11시,38475.559,6626
202309,강서구,12시,39174.7646,9020
202309,강서구,13시,37559.3419,7073
202309,강서구,14시,40136.2545,6512
202309,강서구,15시,38602.3493,6318
202309,강서구,16시,38864.0787,6637
202309,강서구,17시,34806.1041,7214
202309,강서구,18시,33291.0694,7151
202309,강서구,19시,30272.7794,6322
202309,강서구,20시,26176.7372,5040
202309,강서구,21시,16912.4481,3292
202309,강서구,22시,11152.9844,1981
202309,강서구,23시,6884.2494,1131
202309,금정구,00시,3681.374,1329
202309,금정구,01시,2222.068,823
202309,금정구,02시,1470.8717,556
202309,금정구,03시,821.5868,380
202309,금정구,04시,708.537,345
202309,금정구,05시,1156.2787,559
202309,금정구,06시,2519.3752,1091
202309,금정구,07시,4784.4865,1803
202309,금정구,08시,8571.5086,3446
202309,금정구,09시,18440.4311,5196
202309,금정구,10시,25968.2881,6741
202309,금정구,11시,31354.7635,8541
202309,금정구,12시,38057.828,11546
202309,금정구,13시,35969.4347,9669
202309,금정구,14시,35740.6378,8977
202309,금정구,15시,34587.3871,8764
202309,금정구,16시,36059.9192,9260
202309,금정구,17시,33124.2129,9831
202309,금정구,18시,32936.6577,10177
202309,금정구,19시,29406.3356,8679
202309,금정구,20시,23066.4185,6741
202309,금정구,21시,14433.3081,5033
202309,금정구,22시,8322.3718,3443
202309,금정구,23시,5498.5427,2195
202309,기장군,00시,1844.2916,645
202309,기장군,01시,1237.7857,403
202309,기장군,02시,673.0819,259
202309,기장군,03시,442.2957,167
202309,기장군,04시,488.5979,175
202309,기장군,05시,1191.2741,380
202309,기장군,06시,2816.7184,877
202309,기장군,07시,4152.308,1585
202309,기장군,08시,6374.5481,2456
202309,기장군,09시,13460.1961,3731
202309,기장군,10시,22462.6333,4981
202309,기장군,11시,35172.6079,7077
202309,기장군,12시,45755.9862,9614
202309,기장군,13시,48720.5403,9159
202309,기장군,14시,48903.4535,8991
202309,기장군,15시,46226.8398,8638
202309,기장군,16시,43766.4302,8412
202309,기장군,17시,43184.0421,8288
202309,기장군,18시,41785.2034,7976
202309,기장군,19시,34752.4091,6651
202309,기장군,20시,23998.2753,4908
202309,기장군,21시,10751.9772,3089
202309,기장군,22시,5533.6264,1908
202309,기장군,23시,3288.778,1131
202309,남구,00시,4352.198,1583
202309,남구,01시,3039.2763,1053
202309,남구,02시,1809.2155,706
202309,남구,03시,1374.6749,504
202309,남구,04시,1526.4353,471
202309,남구,05시,2289.9822,731
202309,남구,06시,3674.9999,1125
202309,남구,07시,4620.5598,1917
202309,남구,08시,7705.5452,3707
202309,남구,09시,16461.8991,5581
202309,남구,10시,28204.2542,7214
202309,남구,11시,34295.4372,9395
202309,남구,12시,36695.3333,12265
202309,남구,13시,30956.2719,9778
202309,남구,14시,34091.4331,9313
202309,남구,15시,33945.3126,9475
202309,남구,16시,35675.3229,9986
202309,남구,17시,34116.6444,10311
202309,남구,18시,34285.5607,10465
202309,남구,19시,31342.97,9281
202309,남구,20시,26129.8996,7624
202309,남구,21시,17725.4254,5871
202309,남구,22시,10560.5415,3984
202309,남구,23시,6870.1673,2629
202309,동구,00시,2528.3568,713
202309,동구,01시,1726.8456,512
202309,동구,02시,1340.1282,357
202309,동구,03시,1645.7666,266
202309,동구,04시,818.2461,303
202309,동구,05시,1287.6597,490
202309,동구,06시,2083.2342,846
202309,동구,07시,2938.7164,1426
202309,동구,08시,4531.1533,2644
202309,동구,09시,10828.8267,3285
202309,동구,10시,16931.645,3714
202309,동구,11시,20787.157,5324
202309,동구,12시,21887.9664,7011
202309,동구,13시,17943.8551,5224
202309,동구,14시,17284.571,4639
202309,동구,15시,16242.7049,4478
202309,동구,16시,15869.4945,4529
202309,동구,17시,15030.3469,4454
202309,동구,18시,14738.9476,4753
202309,동구,19시,12749.6404,4175
202309,동구,20시,10357.1424,3219
202309,동구,21시,6790.4682,2420
202309,동구,22시,4738.9686,1660
202309,동구,23시,3363.4562,1064
202309,동래구,00시,6094.1715,1715
202309,동래구,01시,4134.9099,1121
202309,동래구,02시,2826.9542,747
202309,동래구,03시,1802.867,528
202309,동래구,04시,1251.749,469
202309,동래구,05시,1889.4658,806
202309,동래구,06시,2611.3929,1292
202309,동래구,07시,4037.8695,1878
202309,동래구,08시,10669.7263,3660
202309,동래구,09시,26938.9017,6139
202309,동래구,10시,41067.9344,8131
202309,동래구,11시,48111.7849,9661
202309,동래구,12시,50389.7026,12002
202309,동래구,13시,45764.6699,10530
202309,동래구,14시,45997.4696,10386
202309,동래구,15시,44575.4896,10544
202309,동래구,16시,43461.0557,11055
202309,동래구,17시,42264.4556,11400
202309,동래구,18시,42991.1265,11792
202309,동래구,19시,38918.3855,10330
202309,동래구,20시,32574.3052,8584
202309,동래구,21시,22014.9101,6506
202309,동래구,22시,14712.9197,4436
202309,동래구,23시,9823.813,2868
202309,부산진구,00시,10536.9238,3450
202309,부산진구,01시,7723.0854,2452
202309,부산진구,02시,5211.511,1804
202309,부산진구,03시,3579.599,1315
202309,부산진구,04시,2771.749,1112
202309,부산진구,05시,3401.7735,1459
202309,부산진구,06시,4355.7462,2101
202309,부산진구,07시,6780.9561,3161
202309,부산진구,08시,13135.138,6454
202309,부산진구,09시,35274.8883,10060
202309,부산진구,10시,61924.0947,12850
202309,부산진구,11시,78526.9307,16804
202309,부산진구,12시,83315.8553,22392
202309,부산진구,13시,77365.029,19486
202309,부산진구,14시,82126.0414,18508
202309,부산진구,15시,84507.018,18673
202309,부산진구,16시,78011.2607,18956
202309,부산진구,17시,71187.3369,19179
202309,부산진구,18시,69123.402,19680
202309,부산진구,19시,65945.9402,17303
202309,부산진구,20시,52213.1245,14125
202309,부산진구,21시,35144.4724,10921
202309,부산진구,22시,23668.7617,7863
202309,부산진구,23시,16020.0272,5258
202309,북구,00시,4245.2101,1335
202309,북구,01시,2631.9494,863
202309,북구,02시,1763.084,572
202309,북구,03시,1183.7276,419
202309,북구,04시,1190.1027,439
202309,북구,05시,1702.4864,732
202309,북구,06시,3000.2379,1289
202309,북구,07시,3867.4876,1833
202309,북구,08시,7828.4705,3299
202309,북구,09시,23232.24,6467
202309,북구,10시,39583.5724,8980
202309,북구,11시,45848.2463,10748
202309,북구,12시,47080.74,12507
202309,북구,13시,42548.7581,11001
202309,북구,14시,47114.3154,11239
202309,북구,15시,50494.6515,11926
202309,북구,16시,50153.0318,12612
202309,북구,17시,48402.041,12998
202309,북구,18시,47796.9596,13044
202309,북구,19시,42406.4954,11166
202309,북구,20시,33838.2717,8965
202309,북구,21시,20722.7117,6474
202309,북구,22시,9588.1199,3485
202309,북구,23시,6334.7889,2182
202309,사상구,00시,4514.5609,1344
202309,사상구,01시,3030.9909,906
202309,사상구,02시,2077.6495,637
202309,사상구,03시,1509.834,474
202309,사상구,04시,1637.9709,513
202309,사상구,05시,2904.8036,883
202309,사상구,06시,5070.9992,1721
202309,사상구,07시,7411.406,2957
202309,사상구,08시,11172.353,4169
202309,사상구,09시,20296.4481,5675
202309,사상구,10시,29905.878,7073
202309,사상구,11시,36400.1161,8542
202309,사상구,12시,37683.1179,11174
202309,사상구,13시,34268.3986,9097
202309,사상구,14시,35168.3575,8596
202309,사상구,15시,38979.0206,8611
202309,사상구,16시,35044.3348,8777
202309,사상구,17시,33234.7063,9404
202309,사상구,18시,33083.4966,9778
202309,사상구,19시,30513.516,8441
202309,사상구,20시,27076.546,6965
202309,사상구,21시,16492.0232,5142
202309,사상구,22시,10686.1053,3403
202309,사상구,23시,6728.2705,2124
202309,사하구,00시,4972.7248,1592
202309,사하구,01시,3555.1893,1070
202309,사하구,02시,2438.4776,749
202309,사하구,03시,1773.6183,537
202309,사하구,04시,1270.148,526
202309,사하구,05시,2073.1004,874
202309,사하구,06시,3608.7393,1854
202309,사하구,07시,4926.2483,2756
202309,사하구,08시,7814.7484,3937
202309,사하구,09시,18844.8949,6107
202309,사하구,10시,29798.6339,7925
202309,사하구,11시,34617.7253,9743
202309,사하구,12시,36738.9251,11826
202309,사하구,13시,31610.5014,9737
202309,사하구,14시,33506.0676,9750
202309,사하구,15시,35419.0031,9930
202309,사하구,16시,36531.3553,10438
202309,사하구,17시,36364.3828,11354
202309,사하구,18시,38146.6179,11839
202309,사하구,19시,35118.9732,10199
202309,사하구,20시,28300.4054,8293
202309,사하구,21시,18457.9593,6053
202309,사하구,22시,11557.4171,4099
202309,사하구,23시,7616.6637,2569
202309,서구,00시,1195.8192,476
202309,서구,01시,1070.8711,299
202309,서구,02시,437.2128,198
202309,서구,03시,533.2408,147
202309,서구,04시,285.6505,142
202309,서구,05시,684.4441,277
202309,서구,06시,1522.7153,625
202309,서구,07시,3573.8302,1139
202309,서구,08시,7590.484,2094
202309,서구,09시,17480.7989,3153
202309,서구,10시,24067.6023,3820
202309,서구,11시,26299.8649,4404
202309,서구,12시,20935.3939,5134
202309,서구,13시,17641.652,4171
202309,서구,14시,18218.3043,4222
202309,서구,15시,17029.3626,3965
202309,서구,16시,14266.3753,3699
202309,서구,17시,12951.3468,3476
202309,서구,18시,10426.335,3362
202309,서구,19시,9799.335,2944
202309,서구,20시,7653.2213,2364
202309,서구,21시,5367.0185,1812
202309,서구,22시,3439.2182,1282
202309,서구,23시,2016.3596,785
202309,수영구,00시,5515.9439,1637
202309,수영구,01시,3902.7946,1087
202309,수영구,02시,2485.9684,730
202309,수영구,03시,1515.2336,497
202309,수영구,04시,1079.8248,400
202309,수영구,05시,1041.3293,515
202309,수영구,06시,1697.4663,810
202309,수영구,07시,2496.9305,1291
202309,수영구,08시,5182.2444,2581
202309,수영구,09시,13514.8001,4289
202309,수영구,10시,24146.0504,5695
202309,수영구,11시,32643.111,6976
202309,수영구,12시,32701.3225,8658
202309,수영구,13시,30361.6693,8260
202309,수영구,14시,34247.8145,9909
202309,수영구,15시,28710.7109,7660
202309,수영구,16시,27385.6312,7810
202309,수영구,17시,26070.1775,7969
202309,수영구,18시,29523.1516,8300
202309,수영구,19시,28428.5218,7745
202309,수영구,20시,26120.2064,6709
202309,수영구,21시,19298.7628,5459
202309,수영구,22시,12613.1931,3874
202309,수영구,23시,8387.0097,2575
202309,연제구,00시,4117.6626,1249
202309,연제구,01시,2981.0773,825
202309,연제구,02시,2026.9892,588
202309,연제구,03시,1256.9235,413
202309,연제구,04시,907.7872,365
202309,연제구,05시,1162.1668,577
202309,연제구,06시,2082.2385,881
202309,연제구,07시,3706.4145,1424
202309,연제구,08시,6790.0613,3229
202309,연제구,09시,20833.8701,4764
202309,연제구,10시,34401.7425,6124
202309,연제구,11시,39588.2282,7699
202309,연제구,12시,38268.8561,10452
202309,연제구,13시,33776.0946,7965
202309,연제구,14시,36703.5523,7682
202309,연제구,15시,36267.2869,7762
202309,연제구,16시,36858.7888,8176
202309,연제구,17시,31898.3928,8442
202309,연제구,18시,31577.3381,8918
202309,연제구,19시,31488.0972,7902
202309,연제구,20시,27367.9363,6622
202309,연제구,21시,18794.5357,5039
202309,연제구,22시,11000.0711,3269
202309,연제구,23시,6810.3338,2125
202309,영도구,00시,1364.8844,530
202309,영도구,01시,958.9495,343
202309,영도구,02시,614.3245,233
202309,영도구,03시,358.0496,161
202309,영도구,04시,294.8892,178
202309,영도구,05시,418.6252,259
202309,영도구,06시,798.4974,541
202309,영도구,07시,1240.3291,811
202309,영도구,08시,2254.8664,1293
202309,영도구,09시,5354.6996,2040
202309,영도구,10시,9433.4124,2552
202309,영도구,11시,10628.037,3434
202309,영도구,12시,13074.2926,4481
202309,영도구,13시,10535.4355,3409
202309,영도구,14시,10085.9528,3349
202309,영도구,15시,10277.2313,3391
202309,영도구,16시,10063.5821,3383
202309,영도구,17시,10247.3793,3513
202309,영도구,18시,10593.0546,3519
202309,영도구,19시,10237.4568,2997
202309,영도구,20시,7922.7026,2359
202309,영도구,21시,4956.2149,1750
202309,영도구,22시,3177.8196,1266
202309,영도구,23시,2205.1233,858
202309,중구,00시,2857.85,599
202309,중구,01시,1877.2503,423
202309,중구,02시,1333.9361,293
202309,중구,03시,800.8574,198
202309,중구,04시,441.443,155
202309,중구,05시,415.4022,186
202309,중구,06시,670.787,285
202309,중구,07시,1286.8711,613
202309,중구,08시,2491.8951,1529
202309,중구,09시,5720.9709,1798
202309,중구,10시,11279.8582,2441
202309,중구,11시,17018.3108,3900
202309,중구,12시,23093.3833,6394
202309,중구,13시,22202.403,5351
202309,중구,14시,22170.841,5146
202309,중구,15시,22018.9065,5093
202309,중구,16시,21061.5187,4860
202309,중구,17시,19643.1552,4686
202309,중구,18시,19326.8588,4704
202309,중구,19시,18770.4247,4144
202309,중구,20시,13983.2718,3151
202309,중구,21시,8819.3972,2169
202309,중구,22시,5665.1664,1436
202309,중구,23시,4077.394,954
202309,해운대구,00시,6525.3391,2222
202309,해운대구,01시,4145.0123,1408
202309,해운대구,02시,2657.9528,931
202309,해운대구,03시,1715.4336,671
202309,해운대구,04시,1478.5558,614
202309,해운대구,05시,2215.1858,904
202309,해운대구,06시,4121.988,1665
202309,해운대구,07시,6342.8461,2960
202309,해운대구,08시,13172.4114,5813
202309,해운대구,09시,29416.2273,9033
202309,해운대구,10시,52631.0073,11582
202309,해운대구,11시,77103.2682,14931
202309,해운대구,12시,86620.1115,19196
202309,해운대구,13시,80091.7796,16455
202309,해운대구,14시,90720.0742,16245
202309,해운대구,15시,91544.5174,16137
202309,해운대구,16시,85867.0741,16098
202309,해운대구,17시,82217.7126,16220
202309,해운대구,18시,77210.7066,16052
202309,해운대구,19시,70596.4435,14154
202309,해운대구,20시,47691.6153,11271
202309,해운대구,21시,28295.7167,8466
202309,해운대구,22시,16804.3961,5898
202309,해운대구,23시,10530.3511,3701
202310,강서구,00시,4511.2014,728
202310,강서구,01시,2913.1231,454
202310,강서구,02시,2066.2617,342
202310,강서구,03시,1726.0443,264
202310,강서구,04시,2143.3545,325
202310,강서구,05시,4310.2439,704
202310,강서구,06시,8893.8052,1991
202310,강서구,07시,11413.8081,3034
202310,강서구,08시,15514.5538,3534
202310,강서구,09시,24302.61,4257
202310,강서구,10시,29558.4326,4905
202310,강서구,11시,35738.5467,6648
202310,강서구,12시,38263.0224,9186
202310,강서구,13시,37513.0736,7227
202310,강서구,14시,39339.8,6624
202310,강서구,15시,37767.8732,6418
202310,강서구,16시,38724.2122,6653
202310,강서구,17시,35009.5165,7322
202310,강서구,18시,31839.4694,7188
202310,강서구,19시,28810.1327,6129
202310,강서구,20시,24374.0494,4787
202310,강서구,21시,16436.0084,3154
202310,강서구,22시,10978.9057,1845
202310,강서구,23시,6541.4755,1123
202310,금정구,00시,3081.596,1336
202310,금정구,01시,1997.2299,801
202310,금정구,02시,1269.6218,552
202310,금정구,03시,774.1333,372
202310,금정구,04시,625.8965,337
202310,금정구,05시,1145.705,545
202310,금정구,06시,2086.2829,1049
202310,금정구,07시,3107.603,1738
202310,금정구,08시,7472.4997,3317
202310,금정구,09시,14800.5199,5063
202310,금정구,10시,23244.9621,6529
202310,금정구,11시,29921.21,8583
202310,금정구,12시,35888.4968,11755
202310,금정구,13시,33052.5974,9753
202310,금정구,14시,34504.4286,9214
202310,금정구,15시,32447.5361,8904
202310,금정구,16시,33468.8904,9329
202310,금정구,17시,31960.27,10041
202310,금정구,18시,30587.1827,10324
202310,금정구,19시,26498.7849,8416
202310,금정구,20시,19544.3497,6393
202310,금정구,21시,12336.8678,4682
202310,금정구,22시,7111.9049,3201
202310,금정구,23시,4833.8331,2106
202310,기장군,00시,1753.5672,621
202310,기장군,01시,1027.1879,374
202310,기장군,02시,629.5513,235
202310,기장군,03시,370.6124,158
202310,기장군,04시,416.3895,160
202310,기장군,05시,1186.652,362
202310,기장군,06시,2569.6777,806
202310,기장군,07시,3818.1133,1491
202310,기장군,08시,5778.1734,2315
202310,기장군,09시,11577.4948,3587
202310,기장군,10시,19743.842,4981
202310,기장군,11시,34119.8331,7206
202310,기장군,12시,46994.2778,9990
202310,기장군,13시,50722.0519,9638
202310,기장군,14시,49895.423,9469
202310,기장군,15시,47474.5757,9057
202310,기장군,16시,46648.2165,8691
202310,기장군,17시,44657.2671,8549
202310,기장군,18시,41221.5199,8070
202310,기장군,19시,33154.0806,6504
202310,기장군,20시,22182.3107,4643
202310,기장군,21시,9108.1596,2893
202310,기장군,22시,5216.6563,1764
202310,기장군,23시,2882.8486,1047
202310,남구,00시,3982.3271,1619
202310,남구,01시,2761.6065,1052
202310,남구,02시,1688.6713,746
202310,남구,03시,1304.3677,517
202310,남구,04시,1453.9354,452
202310,남구,05시,2066.2765,716
202310,남구,06시,3213.0613,1104
202310,남구,07시,4148.2255,1800
202310,남구,08시,6610.3893,3590
202310,남구,09시,14824.6107,5341
202310,남구,10시,24401.4354,6935
202310,남구,11시,29751.2369,9276
202310,남구,12시,34560.1791,12229
202310,남구,13시,29249.0295,9791
202310,남구,14시,31543.2106,9374
202310,남구,15시,31822.6444,9501
202310,남구,16시,33018.3597,9975
202310,남구,17시,31584.0611,10314
202310,남구,18시,31727.1554,10615
202310,남구,19시,28233.1184,8993
202310,남구,20시,22614.1085,7192
202310,남구,21시,15096.3844,5594
202310,남구,22시,9050.7264,3715
202310,남구,23시,6058.4732,2510
202310,동구,00시,2327.6006,717
202310,동구,01시,1679.4382,512
202310,동구,02시,1277.9935,358
202310,동구,03시,1342.9485,261
202310,동구,04시,973.2804,306
202310,동구,05시,1161.4863,478
202310,동구,06시,2165.3055,861
202310,동구,07시,2998.1744,1421
202310,동구,08시,4689.3948,2643
202310,동구,09시,9681.0462,3267
202310,동구,10시,14811.7314,3673
202310,동구,11시,19278.7163,5300
202310,동구,12시,20924.8594,7172
202310,동구,13시,17372.6422,5385
202310,동구,14시,16037.7111,4794
202310,동구,15시,15623.5019,4552
202310,동구,16시,14631.5293,4628
202310,동구,17시,14371.1538,4556
202310,동구,18시,13619.8498,4835
202310,동구,19시,12654.7863,4192
202310,동구,20시,9668.7384,3238
202310,동구,21시,6080.892,2393
202310,동구,22시,4170.495,1571
202310,동구,23시,3085.0364,1033
202310,동래구,00시,5616.1136,1664
202310,동래구,01시,3623.7777,1094
202310,동래구,02시,2487.661,741
202310,동래구,03시,1553.2334,490
202310,동래구,04시,1153.5598,437
202310,동래구,05시,1667.684,792
202310,동래구,06시,2271.3893,1195
202310,동래구,07시,3335.709,1736
202310,동래구,08시,9446.7604,3632
202310,동래구,09시,24634.3948,6082
202310,동래구,10시,38885.5688,8015
202310,동래구,11시,46271.9689,9688
202310,동래구,12시,46311.0316,12303
202310,동래구,13시,41118.9875,10728
202310,동래구,14시,42109.9019,10470
202310,동래구,15시,45530.6935,10712
202310,동래구,16시,42409.3873,11101
202310,동래구,17시,40764.976,11558
202310,동래구,18시,38304.2642,11705
202310,동래구,19시,35393.834,10016
202310,동래구,20시,28139.7425,8024
202310,동래구,21시,19120.8473,6043
202310,동래구,22시,12357.6873,4094
202310,동래구,23시,8646.7274,2654
202310,부산진구,00시,10397.4895,3507
202310,부산진구,01시,7198.9966,2478
202310,부산진구,02시,5223.2413,1844
202310,부산진구,03시,3456.7739,1326
202310,부산진구,04시,2796.9091,1127
202310,부산진구,05시,3198.596,1472
202310,부산진구,06시,3968.6038,2016
202310,부산진구,07시,5571.6044,2917
202310,부산진구,08시,11439.6509,6147
202310,부산진구,09시,31565.9453,9581
202310,부산진구,10시,55819.145,12334
202310,부산진구,11시,71988.5773,16530
202310,부산진구,12시,78377.5136,22495
202310,부산진구,13시,70824.5454,19665
202310,부산진구,14시,75563.1332,18810
202310,부산진구,15시,79199.8338,18850
202310,부산진구,16시,74001.6463,19044
202310,부산진구,17시,67028.009,19251
202310,부산진구,18시,65468.9022,19504
202310,부산진구,19시,60075.8831,16768
202310,부산진구,20시,47020.6053,13479
202310,부산진구,21시,30650.0332,10288
202310,부산진구,22시,20727.2479,7410
202310,부산진구,23시,14795.5514,5126
202310,북구,00시,3611.1522,1310
202310,북구,01시,2557.1227,845
202310,북구,02시,1711.0948,577
202310,북구,03시,1166.974,413
202310,북구,04시,905.6586,412
202310,북구,05시,1565.437,710
202310,북구,06시,2545.2719,1195
202310,북구,07시,3225.204,1741
202310,북구,08시,6496.438,3139
202310,북구,09시,18853.3935,6076
202310,북구,10시,31470.8846,8408
202310,북구,11시,42093.5735,10390
202310,북구,12시,41643.822,12385
202310,북구,13시,39032.0063,10898
202310,북구,14시,42039.0331,11260
202310,북구,15시,44352.3293,11899
202310,북구,16시,46407.9087,12600
202310,북구,17시,45741.9947,13083
202310,북구,18시,42962.4924,12861
202310,북구,19시,37303.7827,10588
202310,북구,20시,28856.6256,8405
202310,북구,21시,17944.5731,5955
202310,북구,22시,8541.1251,3203
202310,북구,23시,5577.1584,2044
202310,사상구,00시,4012.3772,1356
202310,사상구,01시,2643.2882,904
202310,사상구,02시,1850.8279,633
202310,사상구,03시,1399.4002,454
202310,사상구,04시,1473.8988,492
202310,사상구,05시,2545.3589,871
202310,사상구,06시,4301.541,1577
202310,사상구,07시,6200.9614,2744
202310,사상구,08시,9568.4895,3977
202310,사상구,09시,18594.0529,5419
202310,사상구,10시,25643.8213,6751
202310,사상구,11시,31491.9065,8408
202310,사상구,12시,33179.2308,11059
202310,사상구,13시,31030.1217,8957
202310,사상구,14시,33502.8992,8484
202310,사상구,15시,32588.5583,8529
202310,사상구,16시,31748.3834,8677
202310,사상구,17시,30764.9319,9490
202310,사상구,18시,30034.3142,9727
202310,사상구,19시,28672.111,8127
202310,사상구,20시,23071.0763,6563
202310,사상구,21시,14164.8864,4854
202310,사상구,22시,9189.1263,3167
202310,사상구,23시,6091.4294,2032
202310,사하구,00시,4710.6783,1581
202310,사하구,01시,3338.9732,1058
202310,사하구,02시,2255.5854,722
202310,사하구,03시,1433.3837,522
202310,사하구,04시,1236.6294,517
202310,사하구,05시,1941.5716,875
202310,사하구,06시,3291.3468,1728
202310,사하구,07시,4323.2136,2582
202310,사하구,08시,7063.2268,3717
202310,사하구,09시,16606.3618,5890
202310,사하구,10시,26387.718,7642
202310,사하구,11시,32221.1275,9600
202310,사하구,12시,35839.3442,12032
202310,사하구,13시,30083.6584,9892
202310,사하구,14시,32564.3026,10039
202310,사하구,15시,34003.2073,10143
202310,사하구,16시,34183.1938,10591
202310,사하구,17시,35590.2039,11571
202310,사하구,18시,35224.58,11805
202310,사하구,19시,32276.393,9762
202310,사하구,20시,25266.7332,7755
202310,사하구,21시,15625.7005,5559
202310,사하구,22시,9945.1275,3738
202310,사하구,23시,6618.0499,2391
202310,서구,00시,1106.7209,462
202310,서구,01시,760.9529,301
202310,서구,02시,402.6744,199
202310,서구,03시,363.1223,148
202310,서구,04시,343.7602,138
202310,서구,05시,675.2025,269
202310,서구,06시,1395.6966,587
202310,서구,07시,3352.4546,1087
202310,서구,08시,6798.4374,2062
202310,서구,09시,16219.9703,3104
202310,서구,10시,21541.1825,3795
202310,서구,11시,22668.6545,4425
202310,서구,12시,20149.2581,5267
202310,서구,13시,16062.0263,4257
202310,서구,14시,18761.1316,4316
202310,서구,15시,17344.8997,4038
202310,서구,16시,14228.3612,3759
202310,서구,17시,11829.2173,3583
202310,서구,18시,10393.015,3487
202310,서구,19시,9493.7474,2919
202310,서구,20시,7222.4329,2281
202310,서구,21시,5055.2235,1738
202310,서구,22시,3254.2684,1247
202310,서구,23시,1867.9524,771
202310,수영구,00시,5138.655,1624
202310,수영구,01시,3704.755,1103
202310,수영구,02시,2240.7504,724
202310,수영구,03시,1334.4079,474
202310,수영구,04시,953.2732,388
202310,수영구,05시,1007.3007,506
202310,수영구,06시,1511.167,745
202310,수영구,07시,2105.6896,1203
202310,수영구,08시,4410.8483,2440
202310,수영구,09시,13012.615,4226
202310,수영구,10시,22644.2105,5500
202310,수영구,11시,28238.2967,6953
202310,수영구,12시,29446.3174,8772
202310,수영구,13시,28541.6736,7838
202310,수영구,14시,32695.6107,9617
202310,수영구,15시,27789.2806,7795
202310,수영구,16시,26002.3824,7894
202310,수영구,17시,24812.4092,8016
202310,수영구,18시,27418.4164,9094
202310,수영구,19시,26139.07,7514
202310,수영구,20시,23187.6597,6373
202310,수영구,21시,16650.8553,5099
202310,수영구,22시,11022.2175,3636
202310,수영구,23시,7882.4248,2443
202310,연제구,00시,3942.9245,1232
202310,연제구,01시,2798.4244,820
202310,연제구,02시,1888.4305,557
202310,연제구,03시,1255.9113,391
202310,연제구,04시,798.8281,339
202310,연제구,05시,1105.47,563
202310,연제구,06시,1835.4447,828
202310,연제구,07시,2817.7471,1370
202310,연제구,08시,6902.7557,3122
202310,연제구,09시,16838.4101,4537
202310,연제구,10시,27834.6308,5763
202310,연제구,11시,34846.4481,7513
202310,연제구,12시,36914.2798,10559
202310,연제구,13시,30523.7704,7979
202310,연제구,14시,32089.7187,7538
202310,연제구,15시,36305.4504,7732
202310,연제구,16시,32107.6111,8045
202310,연제구,17시,31524.3248,8348
202310,연제구,18시,28029.0813,8867
202310,연제구,19시,27209.7343,7533
202310,연제구,20시,23281.7003,6147
202310,연제구,21시,15525.9331,4662
202310,연제구,22시,9228.6896,3028
202310,연제구,23시,6059.6674,1976
202310,영도구,00시,1387.7777,541
202310,영도구,01시,916.0622,345
202310,영도구,02시,557.8895,237
202310,영도구,03시,341.4093,164
202310,영도구,04시,315.092,183
202310,영도구,05시,378.1611,257
202310,영도구,06시,670.7562,525
202310,영도구,07시,1208.1725,783
202310,영도구,08시,1988.8183,1252
202310,영도구,09시,4860.2285,1955
202310,영도구,10시,7409.6053,2428
202310,영도구,11시,9806.3517,3403
202310,영도구,12시,12108.9076,4493
202310,영도구,13시,10436.8816,3409
202310,영도구,14시,10114.7536,3390
202310,영도구,15시,9183.5375,3325
202310,영도구,16시,9413.7217,3283
202310,영도구,17시,9226.6595,3508
202310,영도구,18시,10008.3956,3441
202310,영도구,19시,9203.5254,2837
202310,영도구,20시,6862.9149,2192
202310,영도구,21시,4326.7984,1663
202310,영도구,22시,2856.6762,1159
202310,영도구,23시,1956.3322,828
202310,중구,00시,2629.1488,620
202310,중구,01시,1696.8981,420
202310,중구,02시,1124.2536,292
202310,중구,03시,651.4591,182
202310,중구,04시,472.1136,164
202310,중구,05시,358.5927,182
202310,중구,06시,550.5647,270
202310,중구,07시,965.1161,589
202310,중구,08시,2136.4125,1472
202310,중구,09시,5182.9972,1711
202310,중구,10시,9740.7337,2369
202310,중구,11시,15570.227,3896
202310,중구,12시,22002.6184,6501
202310,중구,13시,21840.8775,5693
202310,중구,14시,24640.3249,5547
202310,중구,15시,22814.2862,5356
202310,중구,16시,21548.0761,5085
202310,중구,17시,19806.7041,4879
202310,중구,18시,19093.8904,4796
202310,중구,19시,18090.9693,4121
202310,중구,20시,13266.4652,3121
202310,중구,21시,7906.447,2097
202310,중구,22시,5484.6408,1394
202310,중구,23시,3731.0819,956
202310,해운대구,00시,6144.8437,2174
202310,해운대구,01시,4176.5051,1416
202310,해운대구,02시,2527.7176,936
202310,해운대구,03시,1821.8107,642
202310,해운대구,04시,1417.5925,601
202310,해운대구,05시,1940.8744,867
202310,해운대구,06시,3113.2425,1519
202310,해운대구,07시,5421.3471,2735
202310,해운대구,08시,10676.0649,5536
202310,해운대구,09시,27425.2659,8688
202310,해운대구,10시,46727.0677,11267
202310,해운대구,11시,71532.3977,14748
202310,해운대구,12시,78639.4542,19260
202310,해운대구,13시,76363.7284,16441
202310,해운대구,14시,84050.1389,16273
202310,해운대구,15시,92091.4054,16209
202310,해운대구,16시,82598.1961,16229
202310,해운대구,17시,79084.5534,16335
202310,해운대구,18시,75710.0067,15994
202310,해운대구,19시,65104.2489,13773
202310,해운대구,20시,43570.06,10603
202310,해운대구,21시,25082.4222,7895
202310,해운대구,22시,14833.1976,5420
202310,해운대구,23시,9643.1936,3489
202311,강서구,00시,4574.2547,658
202311,강서구,01시,2726.2134,409
202311,강서구,02시,1964.7791,290
202311,강서구,03시,1882.2103,228
202311,강서구,04시,2165.8868,280
202311,강서구,05시,4426.6368,689
202311,강서구,06시,9038.0569,1954
202311,강서구,07시,12146.4192,3061
202311,강서구,08시,15373.1922,3559
202311,강서구,09시,24902.141,4204
202311,강서구,10시,34449.0772,4756
202311,강서구,11시,36327.3025,6503
202311,강서구,12시,38777.215,9386
202311,강서구,13시,41102.9739,6961
202311,강서구,14시,39229.0553,6390
202311,강서구,15시,42634.9078,6256
202311,강서구,16시,40942.2898,6646
202311,강서구,17시,34559.563,7225
202311,강서구,18시,31789.4463,6957
202311,강서구,19시,29128.95,5932
202311,강서구,20시,24750.8212,4621
202311,강서구,21시,16210.9924,2979
202311,강서구,22시,9846.0471,1725
202311,강서구,23시,6565.1467,1027
202311,금정구,00시,3028.1081,1226
202311,금정구,01시,1898.7789,736
202311,금정구,02시,1187.0214,491
202311,금정구,03시,695.4445,331
202311,금정구,04시,552.4981,304
202311,금정구,05시,1120.41,538
202311,금정구,06시,2080.4433,1019
202311,금정구,07시,3947.5277,1664
202311,금정구,08시,8751.109,3286
202311,금정구,09시,15948.941,4928
202311,금정구,10시,29225.5729,6557
202311,금정구,11시,32194.1311,8653
202311,금정구,12시,35883.5678,12008
202311,금정구,13시,36017.5167,9746
202311,금정구,14시,39900.9924,9089
202311,금정구,15시,33946.4068,8960
202311,금정구,16시,34789.8707,9373
202311,금정구,17시,34921.6234,9957
202311,금정구,18시,30885.0355,10058
202311,금정구,19시,26776.7684,8092
202311,금정구,20시,20028.1299,6143
202311,금정구,21시,12610.5477,4618
202311,금정구,22시,7452.8491,3160
202311,금정구,23시,4976.3065,1993
202311,기장군,00시,1696.3536,564
202311,기장군,01시,939.054,320
202311,기장군,02시,608.9949,207
202311,기장군,03시,343.3848,134
202311,기장군,04시,338.7692,141
202311,기장군,05시,1144.3974,359
202311,기장군,06시,2388.1336,807
202311,기장군,07시,3677.2476,1460
202311,기장군,08시,5758.0291,2206
202311,기장군,09시,11993.3672,3386
202311,기장군,10시,20666.5332,4657
202311,기장군,11시,33147.9096,6624
202311,기장군,12시,45097.329,9383
202311,기장군,13시,46426.3244,8647
202311,기장군,14시,49373.0688,8497
202311,기장군,15시,46276.8654,8191
202311,기장군,16시,44464.5592,7994
202311,기장군,17시,43127.5019,7848
202311,기장군,18시,37445.4542,7261
202311,기장군,19시,30482.1455,5790
202311,기장군,20시,20126.7639,4180
202311,기장군,21시,9049.6854,2623
202311,기장군,22시,4791.7918,1614
202311,기장군,23시,2919.6806,947
202311,남구,00시,3822.4428,1473
202311,남구,01시,2578.7844,946
202311,남구,02시,1670.4144,637
202311,남구,03시,1266.0695,432
202311,남구,04시,1462.0006,422
202311,남구,05시,2132.5631,683
202311,남구,06시,3124.2617,1015
202311,남구,07시,4402.3331,1792
202311,남구,08시,7143.5954,3589
202311,남구,09시,15116.255,5336
202311,남구,10시,25694.3298,6818
202311,남구,11시,32008.875,9405
202311,남구,12시,36543.2219,12808
202311,남구,13시,31288.6015,9959
202311,남구,14시,31911.3443,9484
202311,남구,15시,33356.0439,9631
202311,남구,16시,34688.8179,10226
202311,남구,17시,32843.6744,10530
202311,남구,18시,31630.7588,10337
202311,남구,19시,28204.6763,8625
202311,남구,20시,22911.3116,6789
202311,남구,21시,15835.3936,5389
202311,남구,22시,9516.6553,3643
202311,남구,23시,6078.553,2387
202311,동구,00시,2158.6595,653
202311,동구,01시,1689.5443,445
202311,동구,02시,1457.6211,314
202311,동구,03시,1260.6246,236
202311,동구,04시,774.678,271
202311,동구,05시,876.0072,468
202311,동구,06시,1713.6283,803
202311,동구,07시,3059.0108,1405
202311,동구,08시,5304.0853,2752
202311,동구,09시,10335.2258,3250
202311,동구,10시,16441.8995,3696
202311,동구,11시,19720.0308,5456
202311,동구,12시,22237.9566,7535
202311,동구,13시,17492.2796,5293
202311,동구,14시,17109.3459,4713
202311,동구,15시,16237.4324,4519
202311,동구,16시,15523.6677,4600
202311,동구,17시,14704.8757,4535
202311,동구,18시,13763.2993,4864
202311,동구,19시,12701.3623,4018
202311,동구,20시,9415.9838,2993
202311,동구,21시,6214.398,2258
202311,동구,22시,4257.7246,1499
202311,동구,23시,3088.5501,957
202311,동래구,00시,5082.8578,1498
202311,동래구,01시,3511.1167,974
202311,동래구,02시,2275.7813,645
202311,동래구,03시,1418.688,464
202311,동래구,04시,1149.3096,452
202311,동래구,05시,1985.1161,787
202311,동래구,06시,2582.8736,1228
202311,동래구,07시,3527.6803,1716
202311,동래구,08시,10785.6454,3572
202311,동래구,09시,25489.0902,5979
202311,동래구,10시,40973.8655,7815
202311,동래구,11시,49625.2558,9535
202311,동래구,12시,54533.7046,12192
202311,동래구,13시,40754.5318,10335
202311,동래구,14시,44074.7832,10393
202311,동래구,15시,46058.5495,10672
202311,동래구,16시,44512.8957,11120
202311,동래구,17시,41502.3713,11315
202311,동래구,18시,38312.2174,11219
202311,동래구,19시,36225.8604,9448
202311,동래구,20시,28949.5609,7510
202311,동래구,21시,19370.9774,5755
202311,동래구,22시,12499.5401,3936
202311,동래구,23시,7874.7447,2455
202311,부산진구,00시,9591.3237,3157
202311,부산진구,01시,6793.2906,2226
202311,부산진구,02시,4695.7568,1591
202311,부산진구,03시,3170.4156,1183
202311,부산진구,04시,2657.5875,977
202311,부산진구,05시,3185.2072,1379
202311,부산진구,06시,3802.6864,1924
202311,부산진구,07시,4968.3334,2869
202311,부산진구,08시,12778.3567,6239
202311,부산진구,09시,33536.2542,9613
202311,부산진구,10시,61882.9824,12447
202311,부산진구,11시,75895.6027,16763
202311,부산진구,12시,83153.9838,23182
202311,부산진구,13시,74871.2139,19764
202311,부산진구,14시,80085.454,18847
202311,부산진구,15시,86459.0543,18994
202311,부산진구,16시,77406.4213,19168
202311,부산진구,17시,71078.2036,19365
202311,부산진구,18시,67607.8798,19702
202311,부산진구,19시,60847.462,16553
202311,부산진구,20시,48824.0157,13170
202311,부산진구,21시,32220.3645,10052
202311,부산진구,22시,21234.6739,7224
202311,부산진구,23시,14583.8412,4854
202311,북구,00시,3627.295,1225
202311,북구,01시,2259.6396,753
202311,북구,02시,1585.1313,529
202311,북구,03시,1086.954,375
202311,북구,04시,993.0464,387
202311,북구,05시,1435.7196,689
202311,북구,06시,2441.8452,1161
202311,북구,07시,3166.7589,1662
202311,북구,08시,6186.394,2995
202311,북구,09시,18347.0132,5706
202311,북구,10시,34123.7818,8094
202311,북구,11시,40046.3416,10200
202311,북구,12시,42142.4879,12170
202311,북구,13시,38818.8506,10651
202311,북구,14시,43697.8049,11102
202311,북구,15시,45409.2852,11990
202311,북구,16시,45636.6815,12623
202311,북구,17시,46222.1255,13028
202311,북구,18시,42345.43,12488
202311,북구,19시,35268.9168,10026
202311,북구,20시,27586.7057,7801
202311,북구,21시,17703.6471,5658
202311,북구,22시,8081.265,3055
202311,북구,23시,5575.3124,1911
202311,사상구,00시,3726.1755,1207
202311,사상구,01시,2513.4545,805
202311,사상구,02시,1689.3767,556
202311,사상구,03시,1243.6222,390
202311,사상구,04시,1231.82,448
202311,사상구,05시,2592.8871,826
202311,사상구,06시,4215.398,1567
202311,사상구,07시,6458.5846,2816
202311,사상구,08시,9904.0442,3966
202311,사상구,09시,18864.8478,5365
202311,사상구,10시,26797.8686,6657
202311,사상구,11시,35492.3158,8372
202311,사상구,12시,35211.9351,11364
202311,사상구,13시,32871.2552,9044
202311,사상구,14시,33401.6313,8444
202311,사상구,15시,32684.7909,8568
202311,사상구,16시,33353.9617,8693
202311,사상구,17시,31868.0847,9529
202311,사상구,18시,30363.3068,9703
202311,사상구,19시,28040.1031,7938
202311,사상구,20시,22422.0412,6329
202311,사상구,21시,14593.4013,4661
202311,사상구,22시,9463.0067,3086
202311,사상구,23시,5754.2126,1908
202311,사하구,00시,4511.8773,1426
202311,사하구,01시,3146.5622,911
202311,사하구,02시,1983.3698,620
202311,사하구,03시,1338.0854,443
202311,사하구,04시,1160.0005,459
202311,사하구,05시,1825.0433,826
202311,사하구,06시,3308.9575,1753
202311,사하구,07시,4136.6012,2631
202311,사하구,08시,7059.6632,3681
202311,사하구,09시,17012.9301,5682
202311,사하구,10시,26804.2938,7477
202311,사하구,11시,33689.0014,9446
202311,사하구,12시,36295.5074,11835
202311,사하구,13시,31507.4405,9608
202311,사하구,14시,33368.5635,9734
202311,사하구,15시,34403.8262,10025
202311,사하구,16시,35594.1921,10565
202311,사하구,17시,36316.96,11457
202311,사하구,18시,35363.2781,11482
202311,사하구,19시,32002.5737,9276
202311,사하구,20시,24694.9927,7287
202311,사하구,21시,15942.5782,5252
202311,사하구,22시,10079.9532,3516
202311,사하구,23시,6412.4056,2193
202311,서구,00시,1068.7867,392
202311,서구,01시,643.5013,246
202311,서구,02시,414.4097,163
202311,서구,03시,332.4522,119
202311,서구,04시,470.808,127
202311,서구,05시,728.944,253
202311,서구,06시,1276.5295,561
202311,서구,07시,2929.2999,1081
202311,서구,08시,7481.6152,2092
202311,서구,09시,18500.8017,3163
202311,서구,10시,25510.6352,3921
202311,서구,11시,25251.0017,4491
202311,서구,12시,20619.48,5316
202311,서구,13시,18022.5054,4228
202311,서구,14시,19867.4611,4298
202311,서구,15시,18050.1195,3992
202311,서구,16시,14307.253,3705
202311,서구,17시,11580.3761,3508
202311,서구,18시,10018.2885,3268
202311,서구,19시,8978.0835,2695
202311,서구,20시,6972.0329,2101
202311,서구,21시,4770.6687,1609
202311,서구,22시,2842.8888,1112
202311,서구,23시,1689.4331,697
202311,수영구,00시,4897.3511,1427
202311,수영구,01시,3174.2344,936
202311,수영구,02시,1947.7321,604
202311,수영구,03시,1082.2867,406
202311,수영구,04시,854.2269,358
202311,수영구,05시,998.9665,474
202311,수영구,06시,1371.0207,709
202311,수영구,07시,2014.2703,1141
202311,수영구,08시,4533.9129,2418
202311,수영구,09시,12339.3695,4025
202311,수영구,10시,22587.3808,5356
202311,수영구,11시,31534.2237,6866
202311,수영구,12시,30651.749,8658
202311,수영구,13시,27035.9321,8043
202311,수영구,14시,37405.7341,9966
202311,수영구,15시,30178.0761,7783
202311,수영구,16시,28080.5066,8009
202311,수영구,17시,25238.9259,7945
202311,수영구,18시,25707.4976,8087
202311,수영구,19시,25407.3986,7145
202311,수영구,20시,22808.7122,5859
202311,수영구,21시,16802.2937,4841
202311,수영구,22시,10916.9514,3411
202311,수영구,23시,7681.0993,2237
202311,연제구,00시,3707.6081,1128
202311,연제구,01시,2595.1803,763
202311,연제구,02시,1875.3984,512
202311,연제구,03시,1007.4746,350
202311,연제구,04시,749.9099,329
202311,연제구,05시,1023.1527,548
202311,연제구,06시,1624.4907,806
202311,연제구,07시,2214.8024,1300
202311,연제구,08시,5770.7229,3073
202311,연제구,09시,14714.5541,4472
202311,연제구,10시,26124.2352,5724
202311,연제구,11시,37405.8408,7611
202311,연제구,12시,37616.1042,10836
202311,연제구,13시,31615.9963,7945
202311,연제구,14시,31803.6765,7561
202311,연제구,15시,33185.1046,7805
202311,연제구,16시,30169.8747,8148
202311,연제구,17시,28796.4349,8443
202311,연제구,18시,28374,8774
202311,연제구,19시,26685.287,7345
202311,연제구,20시,23849.7195,5916
202311,연제구,21시,15611.2664,4530
202311,연제구,22시,8755.1744,2887
202311,연제구,23시,5986.9923,1877
202311,영도구,00시,1222.0095,461
202311,영도구,01시,782.9536,287
202311,영도구,02시,471.7362,204
202311,영도구,03시,296.454,140
202311,영도구,04시,241.7557,143
202311,영도구,05시,349.6967,237
202311,영도구,06시,763.5544,491
202311,영도구,07시,1094.5416,789
202311,영도구,08시,1888.2068,1220
202311,영도구,09시,4636.8551,1904
202311,영도구,10시,7916.4895,2383
202311,영도구,11시,9998.3162,3366
202311,영도구,12시,12489.3755,4561
202311,영도구,13시,9670.0014,3304
202311,영도구,14시,10115.5635,3204
202311,영도구,15시,9393.4423,3260
202311,영도구,16시,9145.4366,3225
202311,영도구,17시,9483.9042,3386
202311,영도구,18시,9875.4269,3319
202311,영도구,19시,8890.5759,2625
202311,영도구,20시,6594.6508,1995
202311,영도구,21시,4332.9762,1559
202311,영도구,22시,2766.4323,1065
202311,영도구,23시,1875.6975,744
202311,중구,00시,2382.8338,554
202311,중구,01시,1620.2721,376
202311,중구,02시,994.7575,242
202311,중구,03시,630.472,168
202311,중구,04시,416.1421,132
202311,중구,05시,386.5182,170
202311,중구,06시,589.2772,287
202311,중구,07시,1255.0973,608
202311,중구,08시,2112.4458,1551
202311,중구,09시,5049.5123,1770
202311,중구,10시,10614.6729,2376
202311,중구,11시,16106.6205,3941
202311,중구,12시,23878.8738,6676
202311,중구,13시,22524.2045,5567
202311,중구,14시,24255.2315,5314
202311,중구,15시,23202.4101,5080
202311,중구,16시,22266.0975,4857
202311,중구,17시,20008.2909,4721
202311,중구,18시,18532.7341,4593
202311,중구,19시,16857.1502,3820
202311,중구,20시,13054.9299,2870
202311,중구,21시,7876.4399,1959
202311,중구,22시,5134.2113,1360
202311,중구,23시,3716.5826,870
202311,해운대구,00시,5693.9657,1956
202311,해운대구,01시,3807.7146,1254
202311,해운대구,02시,2403.5086,831
202311,해운대구,03시,1664.6533,577
202311,해운대구,04시,1526.0451,546
202311,해운대구,05시,1902.0909,828
202311,해운대구,06시,3229.0594,1490
202311,해운대구,07시,5214.9645,2685
202311,해운대구,08시,10932.2254,5433
202311,해운대구,09시,27328.2913,8487
202311,해운대구,10시,50560.0119,11153
202311,해운대구,11시,77976.4081,14783
202311,해운대구,12시,84033.1396,19429
202311,해운대구,13시,83576.4859,16402
202311,해운대구,14시,89940.3719,16217
202311,해운대구,15시,93208.0995,16191
202311,해운대구,16시,86469.6602,16103
202311,해운대구,17시,83174.6949,16138
202311,해운대구,18시,78346.8489,15553
202311,해운대구,19시,65806.6963,13063
202311,해운대구,20시,42717.237,9908
202311,해운대구,21시,25777.6568,7433
202311,해운대구,22시,14274.5903,5076
202311,해운대구,23시,9236.5104,3165
202312,강서구,00시,4909.2393,652
202312,강서구,01시,2721.4187,420
202312,강서구,02시,1960.4227,301
202312,강서구,03시,1626.3232,226
202312,강서구,04시,2092.328,277
202312,강서구,05시,3665.6122,639
202312,강서구,06시,7852.2134,1859
202312,강서구,07시,10549.3998,2815
202312,강서구,08시,14155.3823,3382
202312,강서구,09시,24486.9242,4048
202312,강서구,10시,31724.8867,4700
202312,강서구,11시,34350.8056,6433
202312,강서구,12시,38043.9423,9042
202312,강서구,13시,39962.5769,7008
202312,강서구,14시,41305.5551,6491
202312,강서구,15시,39162.56,6310
202312,강서구,16시,37915.6934,6549
202312,강서구,17시,35481.1607,7006
202312,강서구,18시,32327.578,6706
202312,강서구,19시,29588.3019,5715
202312,강서구,20시,25371.2694,4461
202312,강서구,21시,16617.0295,2912
202312,강서구,22시,10395.8888,1701
202312,강서구,23시,6247.7675,1026
202312,금정구,00시,3091.0819,1289
202312,금정구,01시,1889.5629,801
202312,금정구,02시,1411.9932,540
202312,금정구,03시,843.5637,381
202312,금정구,04시,567.4033,325
202312,금정구,05시,966.811,521
202312,금정구,06시,2002.727,947
202312,금정구,07시,3615.1779,1482
202312,금정구,08시,6243.7781,2819
202312,금정구,09시,17216.7186,4571
202312,금정구,10시,24046.7114,6148
202312,금정구,11시,32978.7501,8185
202312,금정구,12시,34835.8015,10982
202312,금정구,13시,34130.7117,9373
202312,금정구,14시,35974.6687,9006
202312,금정구,15시,33656.5034,8950
202312,금정구,16시,33833.7897,9097
202312,금정구,17시,31794.0916,9411
202312,금정구,18시,31350.6794,9400
202312,금정구,19시,27246.2571,7646
202312,금정구,20시,20880.954,5938
202312,금정구,21시,13567.3312,4486
202312,금정구,22시,7523.1297,3084
202312,금정구,23시,4826.0883,2015
202312,기장군,00시,1812.6806,601
202312,기장군,01시,1133.5196,344
202312,기장군,02시,693.9852,214
202312,기장군,03시,331.1248,144
202312,기장군,04시,347.2186,138
202312,기장군,05시,937.0466,307
202312,기장군,06시,2152.3168,700
202312,기장군,07시,3030.9089,1256
202312,기장군,08시,5443.464,2015
202312,기장군,09시,12631.6721,3269
202312,기장군,10시,19928.2971,4600
202312,기장군,11시,34833.4997,6772
202312,기장군,12시,46960.3037,9460
202312,기장군,13시,51180.2005,9081
202312,기장군,14시,55155.3884,9129
202312,기장군,15시,52110.527,8806
202312,기장군,16시,47209.0015,8297
202312,기장군,17시,44648.3059,8022
202312,기장군,18시,40434.3435,7317
202312,기장군,19시,34295.5926,5998
202312,기장군,20시,23791.3764,4437
202312,기장군,21시,10156.5312,2716
202312,기장군,22시,5100.9076,1673
202312,기장군,23시,2897.719,966
202312,남구,00시,4024.3437,1511
202312,남구,01시,2783.5798,1026
202312,남구,02시,1771.2646,686
202312,남구,03시,1325.2659,492
202312,남구,04시,1317.9861,427
202312,남구,05시,2307.4364,670
202312,남구,06시,2916.655,942
202312,남구,07시,3910.1676,1548
202312,남구,08시,6657.969,3205
202312,남구,09시,14393.2295,4880
202312,남구,10시,24797.6731,6683
202312,남구,11시,32279.9282,9064
202312,남구,12시,35821.6345,11728
202312,남구,13시,31791.0407,9635
202312,남구,14시,32655.636,9503
202312,남구,15시,33757.6725,9619
202312,남구,16시,33815.3891,9870
202312,남구,17시,32907.7133,9975
202312,남구,18시,31436.839,9852
202312,남구,19시,29044.8566,8221
202312,남구,20시,23704.0792,6596
202312,남구,21시,16473.0024,5168
202312,남구,22시,9677.9885,3557
202312,남구,23시,6341.0289,2383
202312,동구,00시,2381.4318,670
202312,동구,01시,1716.8917,461
202312,동구,02시,1370.2497,347
202312,동구,03시,1014.894,240
202312,동구,04시,909.355,266
202312,동구,05시,903.7093,452
202312,동구,06시,1248.0425,712
202312,동구,07시,2429.7417,1248
202312,동구,08시,4320.2175,2539
202312,동구,09시,10314.4254,3154
202312,동구,10시,16863.1894,3622
202312,동구,11시,19334.0304,5275
202312,동구,12시,20960.5163,7082
202312,동구,13시,16933.0015,5300
202312,동구,14시,16887.0252,4796
202312,동구,15시,15971.0747,4581
202312,동구,16시,16052.3607,4624
202312,동구,17시,14782.7116,4594
202312,동구,18시,13850.6446,4708
202312,동구,19시,13718.9898,3982
202312,동구,20시,11077.2483,3020
202312,동구,21시,6975.9556,2304
202312,동구,22시,4334.8421,1530
202312,동구,23시,3340.5851,999
202312,동래구,00시,5759.0551,1593
202312,동래구,01시,3884.5805,1031
202312,동래구,02시,2722.8617,713
202312,동래구,03시,1577.0762,499
202312,동래구,04시,1313.3692,438
202312,동래구,05시,1856.7294,756
202312,동래구,06시,2361.1514,1137
202312,동래구,07시,3355.6321,1539
202312,동래구,08시,10136.5544,3248
202312,동래구,09시,25187.5626,5636
202312,동래구,10시,42610.124,7795
202312,동래구,11시,52258.5567,9582
202312,동래구,12시,57339.0417,12099
202312,동래구,13시,40419.6917,10611
202312,동래구,14시,50437.4038,10717
202312,동래구,15시,45797.4157,10819
202312,동래구,16시,43833.859,11022
202312,동래구,17시,43938.3654,11047
202312,동래구,18시,39824.7529,10858
202312,동래구,19시,38036.8932,9183
202312,동래구,20시,32491.1099,7398
202312,동래구,21시,21814.2318,5690
202312,동래구,22시,13941.7107,4018
202312,동래구,23시,9584.3137,2599
202312,부산진구,00시,10967.9775,3383
202312,부산진구,01시,7801.6654,2448
202312,부산진구,02시,5388.1686,1757
202312,부산진구,03시,3621.6211,1291
202312,부산진구,04시,2783.2184,1061
202312,부산진구,05시,2928.6966,1381
202312,부산진구,06시,3652.4106,1803
202312,부산진구,07시,4653.4331,2592
202312,부산진구,08시,11353.6588,5627
202312,부산진구,09시,33681.1996,9087
202312,부산진구,10시,59982.8189,12196
202312,부산진구,11시,76842.39,16446
202312,부산진구,12시,85140.3779,22380
202312,부산진구,13시,81493.1887,19902
202312,부산진구,14시,85681.3697,19511
202312,부산진구,15시,87569.5276,19657
202312,부산진구,16시,80891.9474,19621
202312,부산진구,17시,73198.8394,19429
202312,부산진구,18시,70644.7512,19424
202312,부산진구,19시,67301.2039,16655
202312,부산진구,20시,55530.6638,13425
202312,부산진구,21시,37493.9037,10428
202312,부산진구,22시,23477.0276,7580
202312,부산진구,23시,16527.4724,5210
202312,북구,00시,3926.364,1277
202312,북구,01시,2617.5543,828
202312,북구,02시,1767.4123,567
202312,북구,03시,1187.084,410
202312,북구,04시,965.3453,387
202312,북구,05시,1327.5939,649
202312,북구,06시,2269.5488,1027
202312,북구,07시,2621.0109,1435
202312,북구,08시,6086.2201,2715
202312,북구,09시,19004.2452,5592
202312,북구,10시,33438.0575,8196
202312,북구,11시,42001.8755,10295
202312,북구,12시,43432.5997,12287
202312,북구,13시,43075.2232,10983
202312,북구,14시,44584.1711,11566
202312,북구,15시,48202.3932,12410
202312,북구,16시,48298.2347,12734
202312,북구,17시,44998.5222,12819
202312,북구,18시,43280.5624,12045
202312,북구,19시,36839.8144,9668
202312,북구,20시,29193.1317,7620
202312,북구,21시,18363.5646,5671
202312,북구,22시,9305.965,3131
202312,북구,23시,5796.6614,1997
202312,사상구,00시,4078.9492,1278
202312,사상구,01시,2698.4206,866
202312,사상구,02시,1892.1529,607
202312,사상구,03시,1403.9602,453
202312,사상구,04시,1265.8508,450
202312,사상구,05시,2382.0126,792
202312,사상구,06시,3595.3092,1398
202312,사상구,07시,5543.9279,2488
202312,사상구,08시,9199.7017,3652
202312,사상구,09시,17949.0777,5095
202312,사상구,10시,28440.6852,6562
202312,사상구,11시,32391.8346,8222
202312,사상구,12시,35077.9001,10697
202312,사상구,13시,33197.2715,8784
202312,사상구,14시,35280.8407,8651
202312,사상구,15시,34659.184,8662
202312,사상구,16시,34764.2945,8676
202312,사상구,17시,32013.5513,9278
202312,사상구,18시,30677.3414,9270
202312,사상구,19시,29122.6698,7613
202312,사상구,20시,24138.8225,6100
202312,사상구,21시,15568.6037,4612
202312,사상구,22시,9854.397,3067
202312,사상구,23시,6205.7079,2002
202312,사하구,00시,4767.3414,1462
202312,사하구,01시,3486.8346,972
202312,사하구,02시,2148.0958,680
202312,사하구,03시,1279.5205,453
202312,사하구,04시,1238.8806,468
202312,사하구,05시,1733.8412,784
202312,사하구,06시,3072.9307,1587
202312,사하구,07시,3946.769,2364
202312,사하구,08시,6928.3089,3437
202312,사하구,09시,16720.8563,5490
202312,사하구,10시,28261.1752,7361
202312,사하구,11시,35731.2252,9397
202312,사하구,12시,36706.4141,11500
202312,사하구,13시,30847.4409,9486
202312,사하구,14시,34695.2248,9897
202312,사하구,15시,35840.4505,10152
202312,사하구,16시,35162.7246,10403
202312,사하구,17시,35039.1456,11050
202312,사하구,18시,35713.4625,10959
202312,사하구,19시,32385.4751,8897
202312,사하구,20시,26058.3721,7096
202312,사하구,21시,16615.8173,5231
202312,사하구,22시,10207.1667,3532
202312,사하구,23시,7292.4182,2284
202312,서구,00시,1065.9267,399
202312,서구,01시,819.6136,262
202312,서구,02시,503.7092,175
202312,서구,03시,343.1305,123
202312,서구,04시,368.0092,123
202312,서구,05시,660.2106,245
202312,서구,06시,1155.5538,519
202312,서구,07시,2708.6872,953
202312,서구,08시,6010.0223,1836
202312,서구,09시,16706.8837,2963
202312,서구,10시,26064.6892,3723
202312,서구,11시,25270.7478,4271
202312,서구,12시,21191.1654,4979
202312,서구,13시,18265.2178,4054
202312,서구,14시,19971.4402,4085
202312,서구,15시,16438.1697,3883
202312,서구,16시,14394.8705,3540
202312,서구,17시,11552.6703,3333
202312,서구,18시,10040.1576,3131
202312,서구,19시,9445.5311,2581
202312,서구,20시,7826.2423,2025
202312,서구,21시,5070.588,1591
202312,서구,22시,3246.5806,1131
202312,서구,23시,2258.3521,687
202312,수영구,00시,5263.0145,1489
202312,수영구,01시,3557.1446,971
202312,수영구,02시,2238.0599,656
202312,수영구,03시,1385.3721,433
202312,수영구,04시,894.866,346
202312,수영구,05시,944.434,443
202312,수영구,06시,1246.9976,638
202312,수영구,07시,1978.7811,1010
202312,수영구,08시,4637.9696,2199
202312,수영구,09시,13506.1266,3871
202312,수영구,10시,23253.2891,5350
202312,수영구,11시,31400.8673,6849
202312,수영구,12시,31968.9323,8594
202312,수영구,13시,40842.5413,9537
202312,수영구,14시,30113.4596,7829
202312,수영구,15시,38952.1904,8977
202312,수영구,16시,27896.03,7948
202312,수영구,17시,25794.5335,7773
202312,수영구,18시,26367.4601,7720
202312,수영구,19시,28097.5856,6980
202312,수영구,20시,26052.486,5987
202312,수영구,21시,19420.6311,4828
202312,수영구,22시,12242.131,3564
202312,수영구,23시,8583.2369,2393
202312,연제구,00시,4046.6921,1159
202312,연제구,01시,3041.9534,802
202312,연제구,02시,1890.3262,559
202312,연제구,03시,1255.1881,395
202312,연제구,04시,761.2704,331
202312,연제구,05시,983.8643,498
202312,연제구,06시,1349.2182,724
202312,연제구,07시,2133.4677,1120
202312,연제구,08시,5516.8147,2716
202312,연제구,09시,15899.6898,4236
202312,연제구,10시,27584.5037,5701
202312,연제구,11시,37591.4432,7555
202312,연제구,12시,38112.081,10366
202312,연제구,13시,30638.79,8014
202312,연제구,14시,34760.8265,7851
202312,연제구,15시,33297.3314,7944
202312,연제구,16시,31889.1551,8144
202312,연제구,17시,29345.1545,8258
202312,연제구,18시,29059.6609,8446
202312,연제구,19시,29512.0976,7207
202312,연제구,20시,27284.1059,5867
202312,연제구,21시,19109.7454,4516
202312,연제구,22시,10426.5397,2947
202312,연제구,23시,6559.8716,1950
202312,영도구,00시,1391.5515,487
202312,영도구,01시,938.2938,318
202312,영도구,02시,514.5926,212
202312,영도구,03시,283.552,141
202312,영도구,04시,254.7674,158
202312,영도구,05시,325.0911,224
202312,영도구,06시,665.9471,446
202312,영도구,07시,1124.8336,694
202312,영도구,08시,1651.7907,1090
202312,영도구,09시,4926.9915,1788
202312,영도구,10시,7642.2672,2330
202312,영도구,11시,10043.278,3249
202312,영도구,12시,12807.1862,4265
202312,영도구,13시,10498.8618,3292
202312,영도구,14시,10558.453,3320
202312,영도구,15시,10294.3305,3302
202312,영도구,16시,9516.0884,3232
202312,영도구,17시,9729.2089,3317
202312,영도구,18시,10034.1366,3166
202312,영도구,19시,9331.5787,2540
202312,영도구,20시,7051.8292,1981
202312,영도구,21시,4626.6985,1533
202312,영도구,22시,2982.4208,1127
202312,영도구,23시,1960.7858,767
202312,중구,00시,2655.1224,590
202312,중구,01시,1838.8433,414
202312,중구,02시,1084.3583,275
202312,중구,03시,735.7186,186
202312,중구,04시,445.2849,153
202312,중구,05시,561.2712,163
202312,중구,06시,466.4276,273
202312,중구,07시,1025.2161,529
202312,중구,08시,2167.0632,1426
202312,중구,09시,5603.45,1693
202312,중구,10시,10574.4312,2371
202312,중구,11시,16241.9892,3997
202312,중구,12시,23950.4395,6764
202312,중구,13시,25170.8144,6059
202312,중구,14시,26539.6694,6032
202312,중구,15시,24964.579,5822
202312,중구,16시,24099.705,5521
202312,중구,17시,22400.3778,5371
202312,중구,18시,21669.5239,5302
202312,중구,19시,21859.4512,4646
202312,중구,20시,17638.588,3615
202312,중구,21시,10030.1805,2416
202312,중구,22시,6390.2641,1625
202312,중구,23시,4201.2339,987
202312,해운대구,00시,5965.2059,2044
202312,해운대구,01시,3882.5452,1281
202312,해운대구,02시,2360.2496,847
202312,해운대구,03시,1768.3817,589
202312,해운대구,04시,1254.1791,543
202312,해운대구,05시,1897.7231,765
202312,해운대구,06시,3047.101,1333
202312,해운대구,07시,5152.9448,2367
202312,해운대구,08시,10781.6248,4894
202312,해운대구,09시,28646.3721,8078
202312,해운대구,10시,50572.0698,11064
202312,해운대구,11시,79713.9386,14758
202312,해운대구,12시,85380.792,18975
202312,해운대구,13시,85116.8919,16812
202312,해운대구,14시,97511.7621,16984
202312,해운대구,15시,97520.0147,16886
202312,해운대구,16시,91569.3452,16628
202312,해운대구,17시,84460.0033,16379
202312,해운대구,18시,80618.5778,15548
202312,해운대구,19시,73357.1591,13455
202312,해운대구,20시,51247.5406,10454
202312,해운대구,21시,29781.8798,7886
202312,해운대구,22시,16061.8131,5462
202312,해운대구,23시,10107.2046,3456
202401,강서구,00시,3971.4746,576
202401,강서구,01시,2754.9673,372
202401,강서구,02시,1853.6639,268
202401,강서구,03시,1705.4467,214
202401,강서구,04시,1992.9424,254
202401,강서구,05시,3536.3048,635
202401,강서구,06시,7716.255,1878
202401,강서구,07시,10788.982,2874
202401,강서구,08시,14290.0804,3264
202401,강서구,09시,21768.137,3892
202401,강서구,10시,30410.1642,4496
202401,강서구,11시,35519.8716,6360
202401,강서구,12시,38335.1772,9081
202401,강서구,13시,40091.8676,6840
202401,강서구,14시,40811.6645,6212
202401,강서구,15시,38508.0116,6106
202401,강서구,16시,37785.4428,6386
202401,강서구,17시,33657.685,6989
202401,강서구,18시,31732.241,6748
202401,강서구,19시,28766.6524,5673
202401,강서구,20시,23744.1503,4362
202401,강서구,21시,15460.8789,2757
202401,강서구,22시,9589.9824,1561
202401,강서구,23시,5688.7919,941
202401,금정구,00시,2835.7599,1142
202401,금정구,01시,1700.7917,690
202401,금정구,02시,1088.6379,465
202401,금정구,03시,690.2601,324
202401,금정구,04시,535.5732,287
202401,금정구,05시,884.9663,487
202401,금정구,06시,1757.9495,893
202401,금정구,07시,3355.9994,1401
202401,금정구,08시,7572.4074,2677
202401,금정구,09시,17605.754,4241
202401,금정구,10시,25401.4914,5591
202401,금정구,11시,28371.9184,7470
202401,금정구,12시,35207.7282,10312
202401,금정구,13시,35724.1582,8625
202401,금정구,14시,31796.6101,8431
202401,금정구,15시,32449.845,8499
202401,금정구,16시,30642.3867,8649
202401,금정구,17시,31122.9282,8938
202401,금정구,18시,27989.9181,9063
202401,금정구,19시,25393.8861,7390
202401,금정구,20시,18574.973,5638
202401,금정구,21시,11825.2538,4168
202401,금정구,22시,7073.5057,2789
202401,금정구,23시,4372.241,1792
202401,기장군,00시,1634.8649,550
202401,기장군,01시,961.5734,332
202401,기장군,02시,594.4268,224
202401,기장군,03시,379.5277,136
202401,기장군,04시,340.7251,144
202401,기장군,05시,933.0772,333
202401,기장군,06시,1991.7151,715
202401,기장군,07시,2909.1059,1233
202401,기장군,08시,4989.3781,1933
202401,기장군,09시,10952.7363,3157
202401,기장군,10시,18335.7009,4368
202401,기장군,11시,30313.5395,6481
202401,기장군,12시,42461.7216,9127
202401,기장군,13시,44872.2509,8532
202401,기장군,14시,47617.9729,8494
202401,기장군,15시,45834.0322,8218
202401,기장군,16시,42218.5564,7796
202401,기장군,17시,38092.8228,7418
202401,기장군,18시,33859.1095,6937
202401,기장군,19시,28357.4698,5483
202401,기장군,20시,19252.2825,3999
202401,기장군,21시,8321.5294,2451
202401,기장군,22시,4483.108,1527
202401,기장군,23시,2824.4416,895
202401,남구,00시,3589.4421,1374
202401,남구,01시,2420.8742,902
202401,남구,02시,1552.6728,635
202401,남구,03시,1200.4324,464
202401,남구,04시,1398.1001,420
202401,남구,05시,1907.4872,637
202401,남구,06시,2743.463,905
202401,남구,07시,3258.7594,1480
202401,남구,08시,6463.5236,3084
202401,남구,09시,13280.6258,4517
202401,남구,10시,23840.1601,6173
202401,남구,11시,30975.6477,8363
202401,남구,12시,34245.2509,11067
202401,남구,13시,30732.245,8997
202401,남구,14시,31701.2185,8944
202401,남구,15시,33234.999,9187
202401,남구,16시,32540.3488,9545
202401,남구,17시,31660.1208,9513
202401,남구,18시,30828.8344,9676
202401,남구,19시,27682.3234,7996
202401,남구,20시,21887.9453,6320
202401,남구,21시,14560.5043,4822
202401,남구,22시,8724.1817,3263
202401,남구,23시,5624.586,2126
202401,동구,00시,2211.8962,593
202401,동구,01시,1404.1127,411
202401,동구,02시,1053.8712,291
202401,동구,03시,1142.9622,212
202401,동구,04시,906.1203,243
202401,동구,05시,853.0289,437
202401,동구,06시,1177.7542,685
202401,동구,07시,1833.3672,1183
202401,동구,08시,4160.4845,2518
202401,동구,09시,9769.9369,3021
202401,동구,10시,17100.452,3533
202401,동구,11시,19246.3208,5261
202401,동구,12시,20646.0943,7223
202401,동구,13시,16698.3958,5188
202401,동구,14시,17214.9514,4725
202401,동구,15시,15678.5774,4541
202401,동구,16시,15127.2679,4491
202401,동구,17시,13505.5208,4405
202401,동구,18시,13419.1737,4744
202401,동구,19시,12149.0441,3858
202401,동구,20시,9915.5664,2934
202401,동구,21시,6162.9778,2139
202401,동구,22시,3865.7842,1405
202401,동구,23시,2963.1131,895
202401,동래구,00시,4815.3546,1447
202401,동래구,01시,3278.7584,939
202401,동래구,02시,2354.1267,655
202401,동래구,03시,1392.9191,449
202401,동래구,04시,1032.2879,407
202401,동래구,05시,1817.852,736
202401,동래구,06시,2241.8778,1130
202401,동래구,07시,3414.3554,1481
202401,동래구,08시,9669.834,3140
202401,동래구,09시,26903.1225,5539
202401,동래구,10시,43167.358,7595
202401,동래구,11시,57247.1137,9586
202401,동래구,12시,53198.2079,12238
202401,동래구,13시,43907.874,10671
202401,동래구,14시,45129.9933,10578
202401,동래구,15시,46798.8248,10864
202401,동래구,16시,43494.6952,11083
202401,동래구,17시,41316.7658,11109
202401,동래구,18시,41550.5798,11131
202401,동래구,19시,35686.1335,9217
202401,동래구,20시,28494.2697,7246
202401,동래구,21시,18905.2973,5472
202401,동래구,22시,12123.5234,3772
202401,동래구,23시,7927.2215,2347
202401,부산진구,00시,9264.3773,3068
202401,부산진구,01시,7042.3791,2252
202401,부산진구,02시,4895.2887,1628
202401,부산진구,03시,3245.0617,1170
202401,부산진구,04시,2680.7528,1031
202401,부산진구,05시,2809.9581,1350
202401,부산진구,06시,3523.4681,1812
202401,부산진구,07시,4726.5526,2498
202401,부산진구,08시,11510.8518,5614
202401,부산진구,09시,32582.8287,8785
202401,부산진구,10시,60723.7356,11649
202401,부산진구,11시,79272.6084,16000
202401,부산진구,12시,82923.8831,22124
202401,부산진구,13시,76016.9445,19304
202401,부산진구,14시,85142.78,18948
202401,부산진구,15시,86677.2219,19313
202401,부산진구,16시,80362.9009,19185
202401,부산진구,17시,70375.4478,18926
202401,부산진구,18시,68162.6382,19313
202401,부산진구,19시,61628.2851,16171
202401,부산진구,20시,49129.1914,12814
202401,부산진구,21시,31915.4606,9719
202401,부산진구,22시,20577.2029,6985
202401,부산진구,23시,14298.9344,4599
202401,북구,00시,3653.5876,1224
202401,북구,01시,2281.6373,775
202401,북구,02시,1619.5583,540
202401,북구,03시,1086.1132,378
202401,북구,04시,1112.5581,394
202401,북구,05시,1257.7067,637
202401,북구,06시,2088.852,1022
202401,북구,07시,2596.5502,1416
202401,북구,08시,5583.0712,2555
202401,북구,09시,19845.0711,5195
202401,북구,10시,31643.8284,7668
202401,북구,11시,40987.8323,10005
202401,북구,12시,42701.168,12097
202401,북구,13시,39793.3463,10605
202401,북구,14시,43942.7554,11243
202401,북구,15시,46961.917,12270
202401,북구,16시,47452.8716,12652
202401,북구,17시,45778.0759,12747
202401,북구,18시,42311.2502,12362
202401,북구,19시,35662.5167,9718
202401,북구,20시,27771.8908,7540
202401,북구,21시,16886.7654,5363
202401,북구,22시,8062.3525,2946
202401,북구,23시,5057.5676,1828
202401,사상구,00시,3709.502,1183
202401,사상구,01시,2395.7764,776
202401,사상구,02시,1660.7913,543
202401,사상구,03시,1176.0135,396
202401,사상구,04시,1240.5901,424
202401,사상구,05시,2274.5802,779
202401,사상구,06시,3889.1162,1446
202401,사상구,07시,5300.1797,2447
202401,사상구,08시,8481.7584,3528
202401,사상구,09시,19966.3412,4769
202401,사상구,10시,25354.3003,6013
202401,사상구,11시,31179.3006,7653
202401,사상구,12시,33042.7916,10207
202401,사상구,13시,30485.4475,8108
202401,사상구,14시,31190.8742,7988
202401,사상구,15시,32680.5581,8171
202401,사상구,16시,33362.6151,8325
202401,사상구,17시,29540.7538,9050
202401,사상구,18시,29981.1992,9293
202401,사상구,19시,26964.3896,7456
202401,사상구,20시,22041.6834,5965
202401,사상구,21시,13890.3924,4364
202401,사상구,22시,9032.2523,2790
202401,사상구,23시,5253.1742,1754
202401,사하구,00시,4170.9735,1350
202401,사하구,01시,2968.9774,879
202401,사하구,02시,2048.1263,636
202401,사하구,03시,1265.5362,457
202401,사하구,04시,1165.3424,457
202401,사하구,05시,1729.8961,785
202401,사하구,06시,2877.7407,1623
202401,사하구,07시,3863.7159,2338
202401,사하구,08시,6228.2699,3220
202401,사하구,09시,16613.0946,5110
202401,사하구,10시,26103.9815,6892
202401,사하구,11시,32713.5209,8843
202401,사하구,12시,35574.1387,11123
202401,사하구,13시,30805.3104,9092
202401,사하구,14시,33097.4348,9539
202401,사하구,15시,33482.9003,9833
202401,사하구,16시,34536.661,10065
202401,사하구,17시,34183.7127,10958
202401,사하구,18시,34802.849,11096
202401,사하구,19시,30711.6484,8881
202401,사하구,20시,24022.6339,6891
202401,사하구,21시,15241.3593,4973
202401,사하구,22시,9383.05,3305
202401,사하구,23시,6181.1624,2069
202401,서구,00시,1094.6065,388
202401,서구,01시,678.7739,240
202401,서구,02시,366.7098,156
202401,서구,03시,302.3756,114
202401,서구,04시,368.0152,126
202401,서구,05시,671.974,241
202401,서구,06시,1247.8278,548
202401,서구,07시,2942.0761,991
202401,서구,08시,6691.3321,1903
202401,서구,09시,17554.6368,2946
202401,서구,10시,26020.4415,3697
202401,서구,11시,24848.0393,4260
202401,서구,12시,21447.9467,5107
202401,서구,13시,18511.7063,3946
202401,서구,14시,21142.5567,4123
202401,서구,15시,18086.6924,3964
202401,서구,16시,15246.5099,3551
202401,서구,17시,11278.6144,3306
202401,서구,18시,9469.4763,3137
202401,서구,19시,8613.5966,2498
202401,서구,20시,7227.8589,1966
202401,서구,21시,4781.6484,1481
202401,서구,22시,2944.2572,1042
202401,서구,23시,1555.0993,602
202401,수영구,00시,4833.1219,1465
202401,수영구,01시,3288.1787,976
202401,수영구,02시,2116.2649,638
202401,수영구,03시,1434.4511,440
202401,수영구,04시,837.3747,356
202401,수영구,05시,875.9261,443
202401,수영구,06시,1232.9644,631
202401,수영구,07시,1872.1167,985
202401,수영구,08시,4658.323,2238
202401,수영구,09시,13657.066,3764
202401,수영구,10시,24894.3124,5201
202401,수영구,11시,30964.0961,6734
202401,수영구,12시,33261.1533,8695
202401,수영구,13시,40518.5289,8591
202401,수영구,14시,45571.0418,8907
202401,수영구,15시,37792.6286,8723
202401,수영구,16시,28549.8977,7881
202401,수영구,17시,26265.6239,7789
202401,수영구,18시,26596.9686,7914
202401,수영구,19시,26040.5746,6953
202401,수영구,20시,23462.0753,5826
202401,수영구,21시,16847.5484,4557
202401,수영구,22시,10562.8756,3189
202401,수영구,23시,7276.4512,2055
202401,연제구,00시,3642.3592,1101
202401,연제구,01시,2547.1449,730
202401,연제구,02시,1656.2457,511
202401,연제구,03시,1008.8272,362
202401,연제구,04시,810.5239,306
202401,연제구,05시,957.8475,497
202401,연제구,06시,1399.0212,743
202401,연제구,07시,2290.5388,1136
202401,연제구,08시,6466.8097,2789
202401,연제구,09시,16094.5832,4131
202401,연제구,10시,30448.5865,5544
202401,연제구,11시,36611.3482,7628
202401,연제구,12시,38677.5721,10678
202401,연제구,13시,34865.8319,8016
202401,연제구,14시,34594.6802,7729
202401,연제구,15시,38603.1738,7978
202401,연제구,16시,33856.0771,8175
202401,연제구,17시,32401.7825,8303
202401,연제구,18시,30513.5842,8667
202401,연제구,19시,28042.5445,7234
202401,연제구,20시,24891.5564,5751
202401,연제구,21시,16417.5118,4436
202401,연제구,22시,8979.129,2795
202401,연제구,23시,5870.9959,1808
202401,영도구,00시,1056.1136,425
202401,영도구,01시,732.5425,273
202401,영도구,02시,391.5858,183
202401,영도구,03시,239.5589,122
202401,영도구,04시,238.8143,145
202401,영도구,05시,291.05,214
202401,영도구,06시,657.7257,434
202401,영도구,07시,927.0186,665
202401,영도구,08시,1713.1922,1086
202401,영도구,09시,4821.7144,1702
202401,영도구,10시,7766.8738,2231
202401,영도구,11시,10015.8326,3102
202401,영도구,12시,12067.2485,4156
202401,영도구,13시,9881.0039,3110
202401,영도구,14시,10034.898,3156
202401,영도구,15시,9841.0064,3229
202401,영도구,16시,9298.2481,3169
202401,영도구,17시,9445.2256,3313
202401,영도구,18시,9411.0602,3163
202401,영도구,19시,8595.3016,2492
202401,영도구,20시,6842.6851,1886
202401,영도구,21시,3923.7453,1399
202401,영도구,22시,2644.3921,990
202401,영도구,23시,1578.3367,634
202401,중구,00시,2330.7295,545
202401,중구,01시,1562.9312,359
202401,중구,02시,1047.1972,254
202401,중구,03시,650.5659,166
202401,중구,04시,404.67,142
202401,중구,05시,451.4531,172
202401,중구,06시,527.7809,267
202401,중구,07시,889.5979,540
202401,중구,08시,2291.7771,1501
202401,중구,09시,5526.1097,1660
202401,중구,10시,10233.6925,2267
202401,중구,11시,15896.4757,3791
202401,중구,12시,23189.4902,6532
202401,중구,13시,21265.8519,5374
202401,중구,14시,21834.5739,5254
202401,중구,15시,21650.6296,5186
202401,중구,16시,20311.2491,4783
202401,중구,17시,18757.596,4598
202401,중구,18시,17887.5998,4604
202401,중구,19시,17335.3746,3874
202401,중구,20시,12602.66,2797
202401,중구,21시,7467.7792,1889
202401,중구,22시,4674.4546,1249
202401,중구,23시,3245.215,777
202401,해운대구,00시,5313.5362,1930
202401,해운대구,01시,3519.5636,1239
202401,해운대구,02시,2380.6862,844
202401,해운대구,03시,1641.0918,562
202401,해운대구,04시,1313.025,532
202401,해운대구,05시,1842.8163,755
202401,해운대구,06시,3236.6068,1402
202401,해운대구,07시,4534.851,2305
202401,해운대구,08시,11430.8984,4852
202401,해운대구,09시,27010.8913,7859
202401,해운대구,10시,53938.1782,10528
202401,해운대구,11시,71675.7951,14344
202401,해운대구,12시,80313.2748,18780
202401,해운대구,13시,79133.9604,16131
202401,해운대구,14시,88398.5613,15993
202401,해운대구,15시,88548.9464,15990
202401,해운대구,16시,86905.4048,15792
202401,해운대구,17시,76121.0344,15508
202401,해운대구,18시,73195.5705,15125
202401,해운대구,19시,60903.6046,12676
202401,해운대구,20시,38789.793,9635
202401,해운대구,21시,24099.8188,7088
202401,해운대구,22시,13707.4383,4819
202401,해운대구,23시,8380.4956,2968
202402,강서구,00시,3998.9285,614
202402,강서구,01시,2732.6397,381
202402,강서구,02시,1825.229,277
202402,강서구,03시,1560.3775,204
202402,강서구,04시,1796.1709,246
202402,강서구,05시,3486.3929,631
202402,강서구,06시,7199.8945,1840
202402,강서구,07시,9968.804,2801
202402,강서구,08시,14055.9314,3199
202402,강서구,09시,24117.6929,3830
202402,강서구,10시,28784.8914,4497
202402,강서구,11시,33446.52,6303
202402,강서구,12시,37460.2588,8915
202402,강서구,13시,39619.3276,6890
202402,강서구,14시,37396.3737,6307
202402,강서구,15시,37163.2867,6110
202402,강서구,16시,35125.4345,6435
202402,강서구,17시,33707.1373,6816
202402,강서구,18시,30952.8216,6634
202402,강서구,19시,29151.143,5762
202402,강서구,20시,23788.4493,4448
202402,강서구,21시,15498.0838,2879
202402,강서구,22시,10016.2481,1680
202402,강서구,23시,6117.4305,1039
202402,금정구,00시,2929.8235,1135
202402,금정구,01시,1791.2369,688
202402,금정구,02시,1250.1512,481
202402,금정구,03시,759.5783,329
202402,금정구,04시,504.8609,278
202402,금정구,05시,913.438,458
202402,금정구,06시,1685.5976,854
202402,금정구,07시,3671.9984,1375
202402,금정구,08시,6736.4193,2585
202402,금정구,09시,18899.2024,4245
202402,금정구,10시,27985.0531,5657
202402,금정구,11시,31196.3804,7372
202402,금정구,12시,39358.6691,10043
202402,금정구,13시,37953.2908,8599
202402,금정구,14시,36393.2351,8475
202402,금정구,15시,33131.834,8436
202402,금정구,16시,32363.4316,8463
202402,금정구,17시,31430.6428,8771
202402,금정구,18시,28457.5578,8837
202402,금정구,19시,25727.152,7365
202402,금정구,20시,20602.257,5756
202402,금정구,21시,13037.5115,4310
202402,금정구,22시,7290.9074,2819
202402,금정구,23시,4621.7487,1817
202402,기장군,00시,1781.3112,599
202402,기장군,01시,1004.331,349
202402,기장군,02시,612.1501,230
202402,기장군,03시,393.5385,157
202402,기장군,04시,534.2645,147
202402,기장군,05시,819.8157,304
202402,기장군,06시,2073.1397,678
202402,기장군,07시,3014.5047,1205
202402,기장군,08시,4849.2972,1900
202402,기장군,09시,12523.2651,3166
202402,기장군,10시,19129.0889,4460
202402,기장군,11시,32148.1017,6658
202402,기장군,12시,44671.7308,9366
202402,기장군,13시,47393.0775,8989
202402,기장군,14시,50903.6671,8979
202402,기장군,15시,47751.2294,8667
202402,기장군,16시,45838.0095,8285
202402,기장군,17시,42370.3277,7872
202402,기장군,18시,38238.6652,7303
202402,기장군,19시,31881.635,5901
202402,기장군,20시,21643.4673,4317
202402,기장군,21시,9560.2497,2662
202402,기장군,22시,4999.1218,1637
202402,기장군,23시,2837.3661,982
202402,남구,00시,3767.2413,1417
202402,남구,01시,2494.0519,906
202402,남구,02시,1907.5967,634
202402,남구,03시,1298.5895,466
202402,남구,04시,1401.2339,408
202402,남구,05시,1718.9769,606
202402,남구,06시,2580.0494,867
202402,남구,07시,3576.7517,1448
202402,남구,08시,6463.3042,3056
202402,남구,09시,14210.119,4487
202402,남구,10시,24466.2067,6201
202402,남구,11시,29701.973,8316
202402,남구,12시,35217.7336,10960
202402,남구,13시,30191.5217,9007
202402,남구,14시,32006.9866,8963
202402,남구,15시,33228.3673,9211
202402,남구,16시,32925.515,9434
202402,남구,17시,30978.1734,9438
202402,남구,18시,30301.5969,9552
202402,남구,19시,28425.5372,8153
202402,남구,20시,23324.3358,6559
202402,남구,21시,15336.6791,5008
202402,남구,22시,9226.3493,3353
202402,남구,23시,6067.186,2212
202402,동구,00시,2191.6158,642
202402,동구,01시,1678.4342,464
202402,동구,02시,1309.0499,321
202402,동구,03시,1281.6975,239
202402,동구,04시,889.7044,255
202402,동구,05시,841.5774,454
202402,동구,06시,1299.2736,735
202402,동구,07시,2542.1294,1279
202402,동구,08시,4243.8069,2506
202402,동구,09시,10069.778,3006
202402,동구,10시,15473.4896,3509
202402,동구,11시,18276.6156,5123
202402,동구,12시,19054.1133,6953
202402,동구,13시,16063.8364,5144
202402,동구,14시,15949.9829,4731
202402,동구,15시,15908.5716,4572
202402,동구,16시,14437.0255,4574
202402,동구,17시,13285.0558,4418
202402,동구,18시,13108.8326,4661
202402,동구,19시,12387.805,3964
202402,동구,20시,9512.5882,3028
202402,동구,21시,6600.8524,2272
202402,동구,22시,4340.889,1484
202402,동구,23시,3449.0091,978
202402,동래구,00시,5407.7399,1556
202402,동래구,01시,3595.6242,1005
202402,동래구,02시,2537.5824,698
202402,동래구,03시,1625.5336,491
202402,동래구,04시,1209.9804,417
202402,동래구,05시,1685.3565,686
202402,동래구,06시,2343.4118,1083
202402,동래구,07시,3479.476,1493
202402,동래구,08시,10817.7072,3116
202402,동래구,09시,27305.6057,5475
202402,동래구,10시,45724.7508,7572
202402,동래구,11시,50264.6804,9456
202402,동래구,12시,53834.0758,11943
202402,동래구,13시,44810.67,10457
202402,동래구,14시,50363.9126,10660
202402,동래구,15시,45481.2672,10789
202402,동래구,16시,46435.6199,10917
202402,동래구,17시,40240.9994,10844
202402,동래구,18시,39208.7947,11049
202402,동래구,19시,36482.2638,9466
202402,동래구,20시,31127.1582,7688
202402,동래구,21시,20359.535,5795
202402,동래구,22시,13821.8453,4080
202402,동래구,23시,8984.7447,2562
202402,부산진구,00시,10019.6647,3225
202402,부산진구,01시,7161.7621,2258
202402,부산진구,02시,5025.5777,1671
202402,부산진구,03시,3642.1618,1252
202402,부산진구,04시,2631.4703,1019
202402,부산진구,05시,2750.5306,1281
202402,부산진구,06시,3572.1731,1743
202402,부산진구,07시,4757.533,2576
202402,부산진구,08시,11033.5511,5566
202402,부산진구,09시,33436.7016,8709
202402,부산진구,10시,58305.1304,11636
202402,부산진구,11시,74721.0917,15786
202402,부산진구,12시,82152.0451,21683
202402,부산진구,13시,73208.4576,19294
202402,부산진구,14시,85615.7344,19258
202402,부산진구,15시,84801.8521,19352
202402,부산진구,16시,80496.1803,19321
202402,부산진구,17시,71623.885,18920
202402,부산진구,18시,68393.5557,19276
202402,부산진구,19시,62511.7318,16538
202402,부산진구,20시,50710.461,13341
202402,부산진구,21시,33500.1807,10152
202402,부산진구,22시,22550.057,7322
202402,부산진구,23시,15613.6044,5021
202402,북구,00시,3802.7998,1269
202402,북구,01시,2384.2214,794
202402,북구,02시,1711.7539,555
202402,북구,03시,1188.6905,404
202402,북구,04시,978.8606,363
202402,북구,05시,1163.8444,602
202402,북구,06시,2039.5133,990
202402,북구,07시,2812.4412,1434
202402,북구,08시,6045.8346,2680
202402,북구,09시,18552.5902,5403
202402,북구,10시,35280.4064,8008
202402,북구,11시,41096.0994,10157
202402,북구,12시,43749.0268,12119
202402,북구,13시,41188.1235,10730
202402,북구,14시,44622.2407,11397
202402,북구,15시,47966.663,12317
202402,북구,16시,48388.1639,12547
202402,북구,17시,46009.1192,12567
202402,북구,18시,44392.1543,12420
202402,북구,19시,37668.665,10063
202402,북구,20시,29859.1901,7954
202402,북구,21시,18542.707,5725
202402,북구,22시,8718.4761,3135
202402,북구,23시,5603.7447,2005
202402,사상구,00시,3707.3158,1189
202402,사상구,01시,2524.6907,784
202402,사상구,02시,1717.0001,567
202402,사상구,03시,1263.9621,416
202402,사상구,04시,1162.8145,436
202402,사상구,05시,2122.3896,764
202402,사상구,06시,3942.6592,1409
202402,사상구,07시,5840.3002,2480
202402,사상구,08시,9101.7459,3477
202402,사상구,09시,18666.3205,4796
202402,사상구,10시,27400.3465,6106
202402,사상구,11시,32264.9331,7707
202402,사상구,12시,35835.4431,10118
202402,사상구,13시,32986.2003,8249
202402,사상구,14시,36490.3795,8151
202402,사상구,15시,34207.941,8228
202402,사상구,16시,34212.148,8290
202402,사상구,17시,31443.6615,8963
202402,사상구,18시,29353.9291,9044
202402,사상구,19시,27208.073,7610
202402,사상구,20시,22707.5414,6141
202402,사상구,21시,14621.6117,4512
202402,사상구,22시,9262.3199,2923
202402,사상구,23시,6304.976,1909
202402,사하구,00시,4382.6923,1430
202402,사하구,01시,3160.1881,942
202402,사하구,02시,2166.4751,662
202402,사하구,03시,1453.744,488
202402,사하구,04시,1129.5777,461
202402,사하구,05시,1836.8211,756
202402,사하구,06시,3103.3251,1550
202402,사하구,07시,3895.4564,2233
202402,사하구,08시,6361.0023,3190
202402,사하구,09시,16902.6902,5203
202402,사하구,10시,27234.8281,6967
202402,사하구,11시,33280.3869,8958
202402,사하구,12시,35618.8047,11104
202402,사하구,13시,31199.7488,9240
202402,사하구,14시,33953.7944,9776
202402,사하구,15시,35318.1213,10133
202402,사하구,16시,35291.1165,10286
202402,사하구,17시,35101.3641,10983
202402,사하구,18시,35173.3737,11090
202402,사하구,19시,32057.1366,9150
202402,사하구,20시,25841.8935,7236
202402,사하구,21시,16340.7552,5187
202402,사하구,22시,10193.0679,3525
202402,사하구,23시,6616.4129,2254
202402,서구,00시,1116.3222,396
202402,서구,01시,731.73,237
202402,서구,02시,467.6348,165
202402,서구,03시,421.8043,127
202402,서구,04시,466.3195,124
202402,서구,05시,606.8221,242
202402,서구,06시,1260.538,520
202402,서구,07시,2699.8694,976
202402,서구,08시,6092.8751,1855
202402,서구,09시,16610.41,2920
202402,서구,10시,26034.5572,3566
202402,서구,11시,24081.7582,4116
202402,서구,12시,20913.7339,5013
202402,서구,13시,17697.3714,3937
202402,서구,14시,19882.6851,4097
202402,서구,15시,18004.8754,3847
202402,서구,16시,14635.0082,3535
202402,서구,17시,10874.2506,3244
202402,서구,18시,9895.5067,3128
202402,서구,19시,9195.5982,2586
202402,서구,20시,7281.233,2039
202402,서구,21시,4894.6064,1576
202402,서구,22시,3512.5638,1099
202402,서구,23시,1845.3206,661
202402,수영구,00시,4816.88,1441
202402,수영구,01시,3311.7345,937
202402,수영구,02시,2140.4102,633
202402,수영구,03시,1393.8418,422
202402,수영구,04시,805.4106,332
202402,수영구,05시,955.6201,424
202402,수영구,06시,1201.4998,577
202402,수영구,07시,1944.4181,992
202402,수영구,08시,4767.6736,2177
202402,수영구,09시,15735.5249,3808
202402,수영구,10시,23186.0092,5211
202402,수영구,11시,30568.1535,6797
202402,수영구,12시,33273.9296,8674
202402,수영구,13시,58904.4399,9764
202402,수영구,14시,45700.0796,8899
202402,수영구,15시,30107.7461,7999
202402,수영구,16시,29011.1441,7941
202402,수영구,17시,26151.3109,7754
202402,수영구,18시,27843.5722,7995
202402,수영구,19시,27144.6435,7185
202402,수영구,20시,24983.8107,6078
202402,수영구,21시,18208.6426,4822
202402,수영구,22시,11369.2249,3422
202402,수영구,23시,7472.8735,2232
202402,연제구,00시,3690.0971,1153
202402,연제구,01시,2711.0059,760
202402,연제구,02시,1885.1323,536
202402,연제구,03시,1162.6499,378
202402,연제구,04시,858.9171,337
202402,연제구,05시,916.3983,474
202402,연제구,06시,1338.0808,712
202402,연제구,07시,1913.1022,1134
202402,연제구,08시,7535.2708,2730
202402,연제구,09시,14282.922,4122
202402,연제구,10시,27903.6354,5531
202402,연제구,11시,33253.088,7570
202402,연제구,12시,39200.6107,10516
202402,연제구,13시,37012.3734,8027
202402,연제구,14시,35299.4513,7807
202402,연제구,15시,34452.9824,7988
202402,연제구,16시,32253.0519,8257
202402,연제구,17시,30201.3257,8271
202402,연제구,18시,30137.2949,8718
202402,연제구,19시,28443.54,7524
202402,연제구,20시,24842.9123,6117
202402,연제구,21시,16834.3424,4668
202402,연제구,22시,9415.9119,2993
202402,연제구,23시,6122.8203,1957
202402,영도구,00시,1311.7957,467
202402,영도구,01시,821.4809,281
202402,영도구,02시,467.1632,195
202402,영도구,03시,311.9565,137
202402,영도구,04시,252.7165,141
202402,영도구,05시,283.7341,201
202402,영도구,06시,569.7812,419
202402,영도구,07시,1096.9998,670
202402,영도구,08시,1917.711,1069
202402,영도구,09시,5156.9402,1746
202402,영도구,10시,7687.5456,2265
202402,영도구,11시,9727.2166,3152
202402,영도구,12시,12189.3394,4153
202402,영도구,13시,10203.1163,3266
202402,영도구,14시,10211.2096,3276
202402,영도구,15시,10207.4648,3345
202402,영도구,16시,10422.6012,3248
202402,영도구,17시,9773.8722,3304
202402,영도구,18시,9634.3844,3162
202402,영도구,19시,8936.2366,2575
202402,영도구,20시,6900.2031,1999
202402,영도구,21시,4354.7457,1491
202402,영도구,22시,2747.7002,1037
202402,영도구,23시,1896.9042,714
202402,중구,00시,2642.1569,554
202402,중구,01시,1700.5871,383
202402,중구,02시,1210.2604,269
202402,중구,03시,765.6278,175
202402,중구,04시,471.2612,152
202402,중구,05시,483.5423,166
202402,중구,06시,504.6325,262
202402,중구,07시,928.8328,536
202402,중구,08시,2058.6618,1474
202402,중구,09시,5298.6899,1623
202402,중구,10시,10016.2277,2264
202402,중구,11시,15635.3335,3768
202402,중구,12시,21880.5388,6358
202402,중구,13시,21146.7408,5342
202402,중구,14시,22196.1389,5288
202402,중구,15시,22138.4404,5197
202402,중구,16시,20481.269,4894
202402,중구,17시,19051.4306,4679
202402,중구,18시,18780.9972,4695
202402,중구,19시,18207.7424,3968
202402,중구,20시,13633.2981,2998
202402,중구,21시,8408.1279,1987
202402,중구,22시,5271.3837,1338
202402,중구,23시,3715.076,871
202402,해운대구,00시,5283.5481,1936
202402,해운대구,01시,3305.3427,1197
202402,해운대구,02시,2187.6512,822
202402,해운대구,03시,1633.4645,558
202402,해운대구,04시,1233.9086,507
202402,해운대구,05시,1980.3122,734
202402,해운대구,06시,2946.1004,1320
202402,해운대구,07시,4938.612,2294
202402,해운대구,08시,10823.1869,4716
202402,해운대구,09시,26164.8454,7714
202402,해운대구,10시,51449.1236,10466
202402,해운대구,11시,71680.5083,14356
202402,해운대구,12시,87241.9657,18512
202402,해운대구,13시,79388.6763,16062
202402,해운대구,14시,89953.3442,16396
202402,해운대구,15시,88283.2189,16060
202402,해운대구,16시,86330.8413,15845
202402,해운대구,17시,79263.0034,15479
202402,해운대구,18시,77433.9079,15065
202402,해운대구,19시,66748.1847,13037
202402,해운대구,20시,42263.7489,10002
202402,해운대구,21시,24994.6429,7368
202402,해운대구,22시,14250.5009,5081
202402,해운대구,23시,8917.8662,3204
202403,강서구,00시,3800.291,613
202403,강서구,01시,2521.0482,372
202403,강서구,02시,1639.0169,256
202403,강서구,03시,1483.5172,205
202403,강서구,04시,1912.0847,246
202403,강서구,05시,3763.0141,665
202403,강서구,06시,8258.987,2009
202403,강서구,07시,11374.36,3004
202403,강서구,08시,13998.9475,3505
202403,강서구,09시,26463.9858,4055
202403,강서구,10시,29572.9968,4691
202403,강서구,11시,33156.6268,6599
202403,강서구,12시,38728.3536,9325
202403,강서구,13시,34998.9626,7182
202403,강서구,14시,36668.8689,6482
202403,강서구,15시,38067.7681,6379
202403,강서구,16시,34729.2706,6633
202403,강서구,17시,32205.6081,7170
202403,강서구,18시,31227.7599,7024
202403,강서구,19시,29271.9441,6042
202403,강서구,20시,24751.3085,4714
202403,강서구,21시,15111.3982,2947
202403,강서구,22시,9199.604,1676
202403,강서구,23시,5844.3402,999
202403,금정구,00시,2934.0957,1161
202403,금정구,01시,1861.9041,707
202403,금정구,02시,1296.7801,474
202403,금정구,03시,782.579,316
202403,금정구,04시,598.4614,282
202403,금정구,05시,1029.309,471
202403,금정구,06시,2012.1,945
202403,금정구,07시,3533.8253,1550
202403,금정구,08시,6595.2515,3126
202403,금정구,09시,17433.5452,4820
202403,금정구,10시,25010.0319,6317
202403,금정구,11시,31967.4088,8601
202403,금정구,12시,37722.468,11770
202403,금정구,13시,35207.683,9623
202403,금정구,14시,33069.61,8998
202403,금정구,15시,35536.3587,8939
202403,금정구,16시,31446.4503,9169
202403,금정구,17시,31270.7272,9564
202403,금정구,18시,30411.8983,9794
202403,금정구,19시,26827.9509,8061
202403,금정구,20시,20360.8549,6119
202403,금정구,21시,12819.4274,4510
202403,금정구,22시,7331.689,2952
202403,금정구,23시,4709.4105,1863
202403,기장군,00시,1778.9758,576
202403,기장군,01시,935.8419,337
202403,기장군,02시,527.8593,216
202403,기장군,03시,370.8484,150
202403,기장군,04시,356.2932,155
202403,기장군,05시,980.5309,332
202403,기장군,06시,2193.9817,773
202403,기장군,07시,3388.6508,1370
202403,기장군,08시,5873.9725,2172
202403,기장군,09시,12251.2912,3406
202403,기장군,10시,18598.9172,4691
202403,기장군,11시,31430.6712,6913
202403,기장군,12시,45475.2534,9789
202403,기장군,13시,48823.2525,9271
202403,기장군,14시,47057.2494,8948
202403,기장군,15시,44807.0112,8605
202403,기장군,16시,45715.1765,8280
202403,기장군,17시,40655.0971,8000
202403,기장군,18시,37437.1644,7518
202403,기장군,19시,31822.8661,6139
202403,기장군,20시,21959.904,4404
202403,기장군,21시,9674.8206,2742
202403,기장군,22시,4649.1095,1597
202403,기장군,23시,2915.5704,942
202403,남구,00시,3911.1245,1444
202403,남구,01시,2549.0195,930
202403,남구,02시,1637.9933,611
202403,남구,03시,1119.7065,433
202403,남구,04시,1283.1168,399
202403,남구,05시,2087.7044,662
202403,남구,06시,3212.3902,942
202403,남구,07시,3764.6696,1700
202403,남구,08시,6491.8183,3493
202403,남구,09시,15148.8629,5174
202403,남구,10시,24380.007,6918
202403,남구,11시,31516.442,9383
202403,남구,12시,35116.7369,12708
202403,남구,13시,29512.2392,10076
202403,남구,14시,30905.5804,9569
202403,남구,15시,33315.4777,9890
202403,남구,16시,32583.8391,10075
202403,남구,17시,31686.6191,10330
202403,남구,18시,31480.7874,10440
202403,남구,19시,29178.9382,8734
202403,남구,20시,24041.3674,7006
202403,남구,21시,15730.7601,5298
202403,남구,22시,9195.7861,3438
202403,남구,23시,5909.9705,2292
202403,동구,00시,1930.5655,620
202403,동구,01시,1549.3104,427
202403,동구,02시,1016.7616,295
202403,동구,03시,1116.2822,217
202403,동구,04시,1103.2263,246
202403,동구,05시,1163.2179,449
202403,동구,06시,1582.517,746
202403,동구,07시,2597.0757,1315
202403,동구,08시,4540.8492,2636
202403,동구,09시,9523.7207,3187
202403,동구,10시,14916.7587,3611
202403,동구,11시,19971.6051,5410
202403,동구,12시,19688.5515,7175
202403,동구,13시,18535.8584,5269
202403,동구,14시,15985.4641,4662
202403,동구,15시,15045.0676,4574
202403,동구,16시,13607.6487,4550
202403,동구,17시,12679.1983,4502
202403,동구,18시,12789.7559,4779
202403,동구,19시,11968.8096,4041
202403,동구,20시,9504.2964,3019
202403,동구,21시,6300.69,2279
202403,동구,22시,4033.8852,1459
202403,동구,23시,3023.0464,910
202403,동래구,00시,5061.5882,1485
202403,동래구,01시,3488.3924,939
202403,동래구,02시,2340.3914,655
202403,동래구,03시,1479.0224,440
202403,동래구,04시,1071.4854,388
202403,동래구,05시,1671.803,735
202403,동래구,06시,2407.7153,1151
202403,동래구,07시,3987.8391,1689
202403,동래구,08시,10071.8267,3442
202403,동래구,09시,26058.3639,5969
202403,동래구,10시,43846.6682,7930
202403,동래구,11시,49509.0498,9833
202403,동래구,12시,49483.9002,12712
202403,동래구,13시,41971.7407,10997
202403,동래구,14시,46140.3427,10902
202403,동래구,15시,45388.2983,11165
202403,동래구,16시,44027.6006,11417
202403,동래구,17시,40846.9676,11585
202403,동래구,18시,39325.4907,11666
202403,동래구,19시,37621.2773,9994
202403,동래구,20시,30586.6001,7872
202403,동래구,21시,20198.2046,5952
202403,동래구,22시,13148.1779,3993
202403,동래구,23시,7954.3236,2416
202403,부산진구,00시,9800.7647,3124
202403,부산진구,01시,6581.0656,2198
202403,부산진구,02시,5009.9014,1589
202403,부산진구,03시,3265.0482,1173
202403,부산진구,04시,2417.3284,972
202403,부산진구,05시,2689.9958,1303
202403,부산진구,06시,3717.735,1876
202403,부산진구,07시,4492.2706,2795
202403,부산진구,08시,11249.3889,6045
202403,부산진구,09시,32788.3472,9602
202403,부산진구,10시,58203.4931,12438
202403,부산진구,11시,72501.6914,16842
202403,부산진구,12시,78877.1385,23124
202403,부산진구,13시,71397.519,20122
202403,부산진구,14시,81290.3279,19178
202403,부산진구,15시,80945.0594,19502
202403,부산진구,16시,74800.3179,19509
202403,부산진구,17시,66595.8113,19444
202403,부산진구,18시,66055.3487,19768
202403,부산진구,19시,61560.7688,16919
202403,부산진구,20시,49686.7919,13485
202403,부산진구,21시,32884.2414,10118
202403,부산진구,22시,20918.9288,7116
202403,부산진구,23시,14542.3702,4728
202403,북구,00시,3559.5546,1194
202403,북구,01시,2252.532,757
202403,북구,02시,1678.5928,534
202403,북구,03시,1161.6042,373
202403,북구,04시,912.9324,347
202403,북구,05시,1264.476,636
202403,북구,06시,2176.2934,1074
202403,북구,07시,2936.2724,1592
202403,북구,08시,6118.6299,2990
202403,북구,09시,19237.3266,5924
202403,북구,10시,32853.3386,8347
202403,북구,11시,39989.8047,10423
202403,북구,12시,43101.1165,12563
202403,북구,13시,39033.4155,11174
202403,북구,14시,42179.9628,11429
202403,북구,15시,45796.5562,12470
202403,북구,16시,45624.8034,12948
202403,북구,17시,46318.619,13167
202403,북구,18시,43837.8873,12869
202403,북구,19시,37823.5783,10493
202403,북구,20시,29907.0784,8177
202403,북구,21시,18249.2456,5793
202403,북구,22시,8441.5328,3041
202403,북구,23시,5199.7962,1865
202403,사상구,00시,3683.1431,1183
202403,사상구,01시,2567.9608,788
202403,사상구,02시,1710.8533,542
202403,사상구,03시,1295.366,399
202403,사상구,04시,1068.3028,421
202403,사상구,05시,2215.5337,799
202403,사상구,06시,3827.2941,1477
202403,사상구,07시,5969.7004,2653
202403,사상구,08시,9194.4022,3861
202403,사상구,09시,18052.7072,5215
202403,사상구,10시,26528.8729,6597
202403,사상구,11시,32471.0402,8333
202403,사상구,12시,34178.8312,11174
202403,사상구,13시,32542.9436,9011
202403,사상구,14시,31818.4887,8515
202403,사상구,15시,32365.307,8568
202403,사상구,16시,30331.6181,8705
202403,사상구,17시,30438.054,9427
202403,사상구,18시,29697.7008,9571
202403,사상구,19시,27902.9764,7987
202403,사상구,20시,22980.0647,6330
202403,사상구,21시,14924.9395,4654
202403,사상구,22시,9329.0033,2940
202403,사상구,23시,5942.9876,1842
202403,사하구,00시,4591.0121,1430
202403,사하구,01시,3271.2426,917
202403,사하구,02시,2116.7983,652
202403,사하구,03시,1320.6215,459
202403,사하구,04시,1248.6609,463
202403,사하구,05시,1768.8697,814
202403,사하구,06시,3036.9967,1698
202403,사하구,07시,4438.0647,2506
202403,사하구,08시,6842.6628,3653
202403,사하구,09시,17621.7386,5739
202403,사하구,10시,27087.9902,7651
202403,사하구,11시,33233.5188,9631
202403,사하구,12시,35019.4092,11984
202403,사하구,13시,29161.3746,10013
202403,사하구,14시,32342.7466,10123
202403,사하구,15시,34282.5738,10299
202403,사하구,16시,33046.6963,10594
202403,사하구,17시,34508.1229,11496
202403,사하구,18시,34813.4229,11670
202403,사하구,19시,32288.2311,9554
202403,사하구,20시,25714.0553,7378
202403,사하구,21시,16075.6349,5346
202403,사하구,22시,9900.6752,3475
202403,사하구,23시,6320.5402,2186
202403,서구,00시,1014.1176,384
202403,서구,01시,623.7362,237
202403,서구,02시,373.7532,161
202403,서구,03시,314.8776,112
202403,서구,04시,269.3415,123
202403,서구,05시,484.6737,247
202403,서구,06시,1137.8973,559
202403,서구,07시,2850.3349,1028
202403,서구,08시,6183.0579,1949
202403,서구,09시,14698.2066,2978
202403,서구,10시,20519.1243,3722
202403,서구,11시,20718.1551,4331
202403,서구,12시,19552.9869,5212
202403,서구,13시,15892.524,4158
202403,서구,14시,16804.6552,4107
202403,서구,15시,15681.7212,3871
202403,서구,16시,12907.3781,3530
202403,서구,17시,10782.0303,3374
202403,서구,18시,9730.5304,3286
202403,서구,19시,8868.9694,2671
202403,서구,20시,7229.756,2109
202403,서구,21시,4955.0917,1617
202403,서구,22시,2866.3997,1098
202403,서구,23시,2100.8257,638
202403,수영구,00시,4606.8341,1375
202403,수영구,01시,3139.3169,903
202403,수영구,02시,2048.7476,597
202403,수영구,03시,1228.8053,397
202403,수영구,04시,795.8716,337
202403,수영구,05시,838.0096,435
202403,수영구,06시,1316.886,609
202403,수영구,07시,2002.0581,1118
202403,수영구,08시,4697.889,2357
202403,수영구,09시,15552.6364,4052
202403,수영구,10시,23634.4127,5420
202403,수영구,11시,29553.6426,6953
202403,수영구,12시,35547.1572,8915
202403,수영구,13시,26454.036,7818
202403,수영구,14시,31819.4254,7959
202403,수영구,15시,65625.906,10821
202403,수영구,16시,27469.9705,7944
202403,수영구,17시,26002.1234,7912
202403,수영구,18시,25996.4423,8099
202403,수영구,19시,27122.9831,7363
202403,수영구,20시,23805.5103,6119
202403,수영구,21시,17300.903,4789
202403,수영구,22시,10498.7938,3326
202403,수영구,23시,7275.2408,2159
202403,연제구,00시,3863.4303,1140
202403,연제구,01시,2633.2396,756
202403,연제구,02시,1682.1136,518
202403,연제구,03시,1011.2808,358
202403,연제구,04시,705.438,317
202403,연제구,05시,985.8259,493
202403,연제구,06시,1551.9724,797
202403,연제구,07시,2711.4896,1292
202403,연제구,08시,5731.0517,3038
202403,연제구,09시,17309.5594,4483
202403,연제구,10시,27544.2696,5957
202403,연제구,11시,34576.4164,7899
202403,연제구,12시,35520.9712,10849
202403,연제구,13시,32252.2806,8198
202403,연제구,14시,31842.1813,7830
202403,연제구,15시,33783.2082,8124
202403,연제구,16시,31267.4699,8380
202403,연제구,17시,32158.6944,8604
202403,연제구,18시,28761.9665,9157
202403,연제구,19시,27977.0339,7790
202403,연제구,20시,24747.1132,6288
202403,연제구,21시,16264.977,4688
202403,연제구,22시,8833.3371,2950
202403,연제구,23시,5691.9938,1852
202403,영도구,00시,1186.211,462
202403,영도구,01시,792.2887,297
202403,영도구,02시,482.5876,198
202403,영도구,03시,398.1437,134
202403,영도구,04시,258.6928,144
202403,영도구,05시,311.1769,222
202403,영도구,06시,670.2456,471
202403,영도구,07시,1115.9593,741
202403,영도구,08시,1973.2453,1217
202403,영도구,09시,4954.8236,1948
202403,영도구,10시,8250.2656,2440
202403,영도구,11시,9872.663,3407
202403,영도구,12시,12144.7944,4564
202403,영도구,13시,9866.017,3406
202403,영도구,14시,9593.3606,3387
202403,영도구,15시,9493.6703,3347
202403,영도구,16시,8887.9619,3265
202403,영도구,17시,9565.2749,3424
202403,영도구,18시,9705.8771,3354
202403,영도구,19시,9348.9119,2733
202403,영도구,20시,7134.6847,2068
202403,영도구,21시,4587.5245,1542
202403,영도구,22시,2966.186,1038
202403,영도구,23시,1803.3001,713
202403,중구,00시,2415.4499,540
202403,중구,01시,1589.6919,367
202403,중구,02시,1121.0594,258
202403,중구,03시,716.5044,167
202403,중구,04시,363.6075,145
202403,중구,05시,368.6738,172
202403,중구,06시,579.1453,287
202403,중구,07시,1161.65,610
202403,중구,08시,2328.0744,1567
202403,중구,09시,5265.5492,1738
202403,중구,10시,10465.0378,2388
202403,중구,11시,15657.5482,3952
202403,중구,12시,21646.4819,6579
202403,중구,13시,20329.2351,5561
202403,중구,14시,23654.0261,5291
202403,중구,15시,20980.9895,5125
202403,중구,16시,19515.0519,4750
202403,중구,17시,18059.9961,4643
202403,중구,18시,18102.1092,4679
202403,중구,19시,17944.4069,3926
202403,중구,20시,13381.5406,2955
202403,중구,21시,7844.0464,1974
202403,중구,22시,5136.1878,1308
202403,중구,23시,3491.5124,842
202403,해운대구,00시,5191.1379,1833
202403,해운대구,01시,3442.7338,1144
202403,해운대구,02시,2001.9604,755
202403,해운대구,03시,1309.9974,516
202403,해운대구,04시,1198.5893,508
202403,해운대구,05시,1859.2656,793
202403,해운대구,06시,3018.2809,1488
202403,해운대구,07시,5059.6554,2562
202403,해운대구,08시,10680.316,5191
202403,해운대구,09시,26686.4953,8261
202403,해운대구,10시,49339.6363,10873
202403,해운대구,11시,77415.9891,14710
202403,해운대구,12시,78090.4997,18860
202403,해운대구,13시,73416.7104,16212
202403,해운대구,14시,83317.3147,16001
202403,해운대구,15시,83647.0348,16021
202403,해운대구,16시,80670.6811,15636
202403,해운대구,17시,72889.8413,15624
202403,해운대구,18시,69073.5891,15088
202403,해운대구,19시,62052.1629,13020
202403,해운대구,20시,41848.032,9907
202403,해운대구,21시,24632.2192,7328
202403,해운대구,22시,13316.3886,4848
202403,해운대구,23시,8347.9141,2950
202404,강서구,00시,4022.764,634
202404,강서구,01시,2421.1909,388
202404,강서구,02시,1788.0105,280
202404,강서구,03시,1666.3306,212
202404,강서구,04시,2097.9039,266
202404,강서구,05시,4061.2744,705
202404,강서구,06시,8897.9279,2184
202404,강서구,07시,11317.3831,3158
202404,강서구,08시,16151.5446,3691
202404,강서구,09시,24370.1785,4367
202404,강서구,10시,30536.6598,4876
202404,강서구,11시,30634.6687,6858
202404,강서구,12시,35247.9845,9416
202404,강서구,13시,36146.3862,7069
202404,강서구,14시,37015.6638,6569
202404,강서구,15시,35433.0843,6465
202404,강서구,16시,35055.356,6738
202404,강서구,17시,34259.198,7363
202404,강서구,18시,31267.1659,7211
202404,강서구,19시,28795.342,6236
202404,강서구,20시,23988.6465,4879
202404,강서구,21시,15444.9675,3135
202404,강서구,22시,10126.1087,1814
202404,강서구,23시,5694.3097,1065
202404,금정구,00시,2850.6047,1238
202404,금정구,01시,1952.2379,769
202404,금정구,02시,1183.6054,520
202404,금정구,03시,712.4579,335
202404,금정구,04시,493.2693,295
202404,금정구,05시,1039.993,537
202404,금정구,06시,2153.6569,1054
202404,금정구,07시,3873.2242,1749
202404,금정구,08시,7917.906,3478
202404,금정구,09시,18757.3002,5311
202404,금정구,10시,23495.7836,6776
202404,금정구,11시,29666.1182,8902
202404,금정구,12시,37625.912,12104
202404,금정구,13시,32459.3899,9812
202404,금정구,14시,33641.3521,9194
202404,금정구,15시,33212.9863,9131
202404,금정구,16시,30751.4983,9498
202404,금정구,17시,34147.0578,9990
202404,금정구,18시,29819.7083,10288
202404,금정구,19시,27017.7608,8400
202404,금정구,20시,20563.7714,6384
202404,금정구,21시,12748.4033,4763
202404,금정구,22시,7269.7998,3092
202404,금정구,23시,4524.5458,2042
202404,기장군,00시,1662.3047,586
202404,기장군,01시,994.1216,337
202404,기장군,02시,567.2615,220
202404,기장군,03시,320.0971,141
202404,기장군,04시,344.9519,159
202404,기장군,05시,1076.178,388
202404,기장군,06시,2492.5478,881
202404,기장군,07시,3754.6503,1515
202404,기장군,08시,5532.4828,2338
202404,기장군,09시,12419.329,3688
202404,기장군,10시,19785.0712,4860
202404,기장군,11시,33092.4096,7050
202404,기장군,12시,44307.2728,9884
202404,기장군,13시,47388.5938,9169
202404,기장군,14시,45075.5907,8844
202404,기장군,15시,43083.4549,8380
202404,기장군,16시,42266.9792,8106
202404,기장군,17시,38102.7423,7912
202404,기장군,18시,36686.227,7543
202404,기장군,19시,31022.6707,6267
202404,기장군,20시,21441.3636,4588
202404,기장군,21시,9903.1096,2857
202404,기장군,22시,5040.9968,1704
202404,기장군,23시,2749.6559,997
202404,남구,00시,3736.6147,1502
202404,남구,01시,2354.0634,948
202404,남구,02시,1643.0882,635
202404,남구,03시,1229.775,462
202404,남구,04시,1300.7982,441
202404,남구,05시,2071.848,683
202404,남구,06시,3168.9227,1089
202404,남구,07시,4045.3292,1856
202404,남구,08시,7151.3432,3841
202404,남구,09시,14568.0122,5586
202404,남구,10시,24911.8767,7265
202404,남구,11시,30676.2682,9676
202404,남구,12시,34923.3918,13036
202404,남구,13시,30663.5362,10262
202404,남구,14시,30580.6732,9746
202404,남구,15시,32283.6555,9916
202404,남구,16시,32076.56,10303
202404,남구,17시,32311.7141,10708
202404,남구,18시,31934.1467,10798
202404,남구,19시,29158.7503,9205
202404,남구,20시,23352.433,7233
202404,남구,21시,15732.4009,5486
202404,남구,22시,9522.178,3671
202404,남구,23시,5995.776,2452
202404,동구,00시,2071.4588,623
202404,동구,01시,1454.6346,428
202404,동구,02시,1079.6314,295
202404,동구,03시,1253.6003,234
202404,동구,04시,1089.9192,261
202404,동구,05시,1072.9574,462
202404,동구,06시,1910.8445,844
202404,동구,07시,2829.4068,1426
202404,동구,08시,5162.885,2833
202404,동구,09시,9947.163,3329
202404,동구,10시,17065.3437,3745
202404,동구,11시,19908.5192,5586
202404,동구,12시,21082.3902,7534
202404,동구,13시,16012.8556,5384
202404,동구,14시,15785.9885,4802
202404,동구,15시,15361.3178,4676
202404,동구,16시,14711.1768,4678
202404,동구,17시,12825.0775,4580
202404,동구,18시,13307.1237,4904
202404,동구,19시,12308.0208,4121
202404,동구,20시,9257.2038,3163
202404,동구,21시,6357.9772,2320
202404,동구,22시,4246.112,1530
202404,동구,23시,3337.2732,963
202404,동래구,00시,4947.0468,1520
202404,동래구,01시,3479.0252,981
202404,동래구,02시,2352.9572,647
202404,동래구,03시,1373.1381,437
202404,동래구,04시,1116.3543,427
202404,동래구,05시,1786.4621,749
202404,동래구,06시,2703.1964,1269
202404,동래구,07시,4342.5566,1833
202404,동래구,08시,12840.0074,3749
202404,동래구,09시,26152.8337,6420
202404,동래구,10시,45017.6038,8306
202404,동래구,11시,50470.7954,10082
202404,동래구,12시,52670.5655,12790
202404,동래구,13시,38999.5406,11024
202404,동래구,14시,43423.9834,11011
202404,동래구,15시,42612.4233,11187
202404,동래구,16시,43159.2396,11670
202404,동래구,17시,42944.1572,12152
202404,동래구,18시,39070.5731,12417
202404,동래구,19시,37079.9992,10416
202404,동래구,20시,30361.7374,8308
202404,동래구,21시,20909.4378,6116
202404,동래구,22시,13232.292,4188
202404,동래구,23시,8522.3937,2567
202404,부산진구,00시,9253.4655,3161
202404,부산진구,01시,6585.2372,2236
202404,부산진구,02시,4704.4587,1632
202404,부산진구,03시,3054.9214,1176
202404,부산진구,04시,2433.1824,1013
202404,부산진구,05시,2813.2878,1395
202404,부산진구,06시,3635.4213,1980
202404,부산진구,07시,5341.9347,3103
202404,부산진구,08시,12402.4819,6653
202404,부산진구,09시,34667.7972,10394
202404,부산진구,10시,57736.7912,13297
202404,부산진구,11시,74353.9398,17695
202404,부산진구,12시,80082.3498,24018
202404,부산진구,13시,69387.4504,20395
202404,부산진구,14시,78485.416,19440
202404,부산진구,15시,81179.03,19623
202404,부산진구,16시,74773.0926,19805
202404,부산진구,17시,67172.1502,19892
202404,부산진구,18시,66181.528,20385
202404,부산진구,19시,62212.6136,17227
202404,부산진구,20시,49898.4939,13902
202404,부산진구,21시,32673.8201,10352
202404,부산진구,22시,21180.7034,7376
202404,부산진구,23시,14534.5332,4891
202404,북구,00시,3362.6257,1201
202404,북구,01시,2313.6956,759
202404,북구,02시,1690.5162,520
202404,북구,03시,1034.9616,367
202404,북구,04시,922.3893,382
202404,북구,05시,1565.3843,699
202404,북구,06시,2492.8807,1183
202404,북구,07시,3032.336,1770
202404,북구,08시,6219.3694,3328
202404,북구,09시,20238.9608,6334
202404,북구,10시,34137.985,8759
202404,북구,11시,40549.6496,10636
202404,북구,12시,40689.6714,12601
202404,북구,13시,37955.4506,11009
202404,북구,14시,41905.8422,11477
202404,북구,15시,42655.0585,12322
202404,북구,16시,44405.4646,12947
202404,북구,17시,43614.7081,13432
202404,북구,18시,43438.7598,13235
202404,북구,19시,36982.1239,10782
202404,북구,20시,29576.4208,8506
202404,북구,21시,18183.6917,6065
202404,북구,22시,8800.4187,3162
202404,북구,23시,5448.541,1966
202404,사상구,00시,3492.038,1219
202404,사상구,01시,2409.0095,790
202404,사상구,02시,1720.0723,562
202404,사상구,03시,1232.8214,406
202404,사상구,04시,1153.8632,439
202404,사상구,05시,2316.5697,845
202404,사상구,06시,4235.9291,1655
202404,사상구,07시,6195.3482,2868
202404,사상구,08시,10212.6176,4174
202404,사상구,09시,17905.0732,5569
202404,사상구,10시,28233.9963,6890
202404,사상구,11시,30859.1079,8532
202404,사상구,12시,34980.0633,11388
202404,사상구,13시,30058.9433,9000
202404,사상구,14시,31342.3741,8618
202404,사상구,15시,31869.9052,8611
202404,사상구,16시,31465.9333,8820
202404,사상구,17시,30058.1256,9652
202404,사상구,18시,29393.5345,9858
202404,사상구,19시,27976.1914,8192
202404,사상구,20시,22641.8289,6604
202404,사상구,21시,14904.0688,4840
202404,사상구,22시,9154.6763,3088
202404,사상구,23시,5816.9682,1964
202404,사하구,00시,4230.9392,1418
202404,사하구,01시,3033.3057,941
202404,사하구,02시,2112.6839,673
202404,사하구,03시,1321.9235,470
202404,사하구,04시,1215.507,504
202404,사하구,05시,1946.2677,896
202404,사하구,06시,3456.427,1901
202404,사하구,07시,4311.0558,2731
202404,사하구,08시,7515.1802,4013
202404,사하구,09시,17991.3862,6255
202404,사하구,10시,27634.6716,8135
202404,사하구,11시,33839.8393,10106
202404,사하구,12시,35406.1483,12486
202404,사하구,13시,29309.1898,10148
202404,사하구,14시,32845.0786,10359
202404,사하구,15시,34027.5637,10589
202404,사하구,16시,33473.0191,11020
202404,사하구,17시,35277.8179,11997
202404,사하구,18시,35920.0405,12266
202404,사하구,19시,32653.1221,9936
202404,사하구,20시,25537.4767,7861
202404,사하구,21시,16290.2065,5621
202404,사하구,22시,10030.1764,3678
202404,사하구,23시,6573.5942,2324
202404,서구,00시,1008.5893,405
202404,서구,01시,661.9313,250
202404,서구,02시,402.6028,181
202404,서구,03시,295.1924,127
202404,서구,04시,247.1318,130
202404,서구,05시,760.6018,280
202404,서구,06시,1287.2213,624
202404,서구,07시,3047.2407,1142
202404,서구,08시,6524.3473,2173
202404,서구,09시,15284.0636,3189
202404,서구,10시,22745.6428,3970
202404,서구,11시,22320.7006,4606
202404,서구,12시,20422.7175,5511
202404,서구,13시,15643.198,4294
202404,서구,14시,18578.174,4314
202404,서구,15시,16779.1473,3977
202404,서구,16시,13184.1541,3715
202404,서구,17시,10331.7172,3520
202404,서구,18시,9856.1205,3477
202404,서구,19시,9083.4948,2826
202404,서구,20시,7264.8221,2230
202404,서구,21시,4993.6067,1711
202404,서구,22시,2894.7065,1172
202404,서구,23시,1663.3004,688
202404,수영구,00시,4816.2506,1468
202404,수영구,01시,3206.8467,946
202404,수영구,02시,2017.5229,619
202404,수영구,03시,1281.5521,422
202404,수영구,04시,870.7646,350
202404,수영구,05시,1009.9743,494
202404,수영구,06시,1401.6217,705
202404,수영구,07시,2124.7449,1203
202404,수영구,08시,5480.4364,2633
202404,수영구,09시,14276.3833,4399
202404,수영구,10시,25845.0834,5887
202404,수영구,11시,30921.4052,7321
202404,수영구,12시,35074.696,9321
202404,수영구,13시,27718.8308,8079
202404,수영구,14시,42052.0335,9280
202404,수영구,15시,50647.4219,10110
202404,수영구,16시,27964.4309,8233
202404,수영구,17시,25625.3526,8213
202404,수영구,18시,27055.4209,8415
202404,수영구,19시,26648.0809,7567
202404,수영구,20시,23915.6333,6390
202404,수영구,21시,17765.5845,4998
202404,수영구,22시,10932.9881,3541
202404,수영구,23시,7494.8644,2300
202404,연제구,00시,3408.5505,1162
202404,연제구,01시,2548.7857,775
202404,연제구,02시,1687.0506,532
202404,연제구,03시,1100.2197,371
202404,연제구,04시,875.9009,350
202404,연제구,05시,927.0628,531
202404,연제구,06시,1627.3685,874
202404,연제구,07시,2832.572,1439
202404,연제구,08시,7192.9558,3370
202404,연제구,09시,15652.5419,4868
202404,연제구,10시,28061.0082,6200
202404,연제구,11시,35707.0506,8211
202404,연제구,12시,37908.4357,11256
202404,연제구,13시,29055.133,8306
202404,연제구,14시,30345.982,8027
202404,연제구,15시,31660.8253,8212
202404,연제구,16시,30600.4644,8559
202404,연제구,17시,30491.3991,8976
202404,연제구,18시,27564.6789,9400
202404,연제구,19시,27603.3674,7990
202404,연제구,20시,24531.3368,6517
202404,연제구,21시,16430.3327,4910
202404,연제구,22시,9277.7654,3140
202404,연제구,23시,5887.0688,1991
202404,영도구,00시,1234.3423,478
202404,영도구,01시,759.1939,302
202404,영도구,02시,525.18,199
202404,영도구,03시,328.3875,134
202404,영도구,04시,262.9046,167
202404,영도구,05시,360.458,252
202404,영도구,06시,706.3532,540
202404,영도구,07시,1178.6698,834
202404,영도구,08시,1988.875,1318
202404,영도구,09시,5415.4467,2076
202404,영도구,10시,8428.2797,2523
202404,영도구,11시,9694.9528,3561
202404,영도구,12시,12615.0437,4728
202404,영도구,13시,9676.8518,3390
202404,영도구,14시,9803.9696,3357
202404,영도구,15시,9529.8326,3359
202404,영도구,16시,9001.8991,3382
202404,영도구,17시,9365.239,3505
202404,영도구,18시,9772.6173,3466
202404,영도구,19시,9228.5661,2828
202404,영도구,20시,7228.2156,2186
202404,영도구,21시,4420.9527,1618
202404,영도구,22시,2823.3448,1120
202404,영도구,23시,1900.0287,765
202404,중구,00시,2149.0726,528
202404,중구,01시,1720.7341,381
202404,중구,02시,1131.5129,264
202404,중구,03시,722.5847,183
202404,중구,04시,457.6828,150
202404,중구,05시,569.9973,174
202404,중구,06시,554.7578,292
202404,중구,07시,1006.8555,673
202404,중구,08시,2325.3512,1720
202404,중구,09시,5591.0595,1833
202404,중구,10시,10956.0085,2483
202404,중구,11시,16436.5726,4096
202404,중구,12시,22629.7215,6734
202404,중구,13시,20673.2468,5489
202404,중구,14시,21350.9767,5160
202404,중구,15시,20639.5603,5048
202404,중구,16시,18821.9527,4726
202404,중구,17시,17491.7025,4526
202404,중구,18시,17732.1657,4585
202404,중구,19시,16959.9966,3879
202404,중구,20시,12965.2386,2948
202404,중구,21시,7847.9877,1979
202404,중구,22시,4915.3694,1327
202404,중구,23시,3484.6543,831
202404,해운대구,00시,5023.6408,1901
202404,해운대구,01시,3329.2187,1211
202404,해운대구,02시,2124.6442,793
202404,해운대구,03시,1251.4004,545
202404,해운대구,04시,1070.6039,527
202404,해운대구,05시,1997.6331,852
202404,해운대구,06시,3481.8506,1632
202404,해운대구,07시,5349.7744,2841
202404,해운대구,08시,11051.4447,5700
202404,해운대구,09시,27538.5259,8831
202404,해운대구,10시,47717.1313,11241
202404,해운대구,11시,72386.1508,14921
202404,해운대구,12시,79952.4835,19186
202404,해운대구,13시,76322.8927,16261
202404,해운대구,14시,80703.4504,16058
202404,해운대구,15시,87607.7874,15926
202404,해운대구,16시,81549.0662,15867
202404,해운대구,17시,74399.0698,15887
202404,해운대구,18시,70064.1962,15388
202404,해운대구,19시,61278.8534,13218
202404,해운대구,20시,39693.7447,10243
202404,해운대구,21시,23918.3269,7532
202404,해운대구,22시,14305.2812,5075
202404,해운대구,23시,8588.9725,3158
202405,강서구,00시,3957.7777,618
202405,강서구,01시,2266.0992,383
202405,강서구,02시,1614.4749,261
202405,강서구,03시,1453.5407,196
202405,강서구,04시,2000.714,250
202405,강서구,05시,4101.7282,746
202405,강서구,06시,9044.5815,2242
202405,강서구,07시,10773.5312,3142
202405,강서구,08시,14088.4545,3631
202405,강서구,09시,21807.7745,4303
202405,강서구,10시,28151.0134,4940
202405,강서구,11시,34763.5153,6910
202405,강서구,12시,34901.7206,9496
202405,강서구,13시,36696.4057,7142
202405,강서구,14시,35689.3984,6618
202405,강서구,15시,33221.7748,6352
202405,강서구,16시,34803.9189,6716
202405,강서구,17시,34385.2065,7321
202405,강서구,18시,31178.6018,7197
202405,강서구,19시,28626.689,6265
202405,강서구,20시,24305.9229,5089
202405,강서구,21시,15635.012,3204
202405,강서구,22시,9586.5159,1880
202405,강서구,23시,5173.8139,1075
202405,금정구,00시,3089.478,1289
202405,금정구,01시,1891.5608,769
202405,금정구,02시,1291.5904,509
202405,금정구,03시,672.9126,346
202405,금정구,04시,517.0983,311
202405,금정구,05시,1232.7247,576
202405,금정구,06시,2102.4426,1072
202405,금정구,07시,3444.2015,1762
202405,금정구,08시,7503.3017,3506
202405,금정구,09시,17168.8523,5274
202405,금정구,10시,25814.5299,6789
202405,금정구,11시,33639.6272,8860
202405,금정구,12시,40795.1659,12242
202405,금정구,13시,32906.0494,10022
202405,금정구,14시,36027.8661,9342
202405,금정구,15시,30349.4234,9086
202405,금정구,16시,32936.0839,9424
202405,금정구,17시,32190.432,9964
202405,금정구,18시,33064.0948,10220
202405,금정구,19시,28496.7179,8512
202405,금정구,20시,21928.0894,6727
202405,금정구,21시,13935.7111,4929
202405,금정구,22시,8167.684,3329
202405,금정구,23시,4945.5092,2048
202405,기장군,00시,1708.0245,605
202405,기장군,01시,1093.5487,354
202405,기장군,02시,641.8281,235
202405,기장군,03시,353.7441,146
202405,기장군,04시,395.3614,162
202405,기장군,05시,1336.5654,417
202405,기장군,06시,2643.6062,942
202405,기장군,07시,3892.9243,1569
202405,기장군,08시,5796.7695,2370
202405,기장군,09시,11441.6062,3764
202405,기장군,10시,19969.9028,5029
202405,기장군,11시,34302.9734,7402
202405,기장군,12시,47329.9451,10379
202405,기장군,13시,49415.1875,9707
202405,기장군,14시,47213.9126,9380
202405,기장군,15시,45090.1925,8836
202405,기장군,16시,41198.8831,8543
202405,기장군,17시,40245.69,8246
202405,기장군,18시,37965.499,7900
202405,기장군,19시,33387.9033,6670
202405,기장군,20시,23610.4175,4992
202405,기장군,21시,10380.7325,3043
202405,기장군,22시,5042.2814,1782
202405,기장군,23시,2907.0463,1044
202405,남구,00시,4070.8052,1569
202405,남구,01시,2493.2682,981
202405,남구,02시,1880.9127,672
202405,남구,03시,1267.1128,493
202405,남구,04시,1266.1311,447
202405,남구,05시,2305.2747,723
202405,남구,06시,3221.6898,1078
202405,남구,07시,4123.8363,1857
202405,남구,08시,7370.2443,3747
202405,남구,09시,14993.0563,5557
202405,남구,10시,25217.0006,7251
202405,남구,11시,30374.881,9546
202405,남구,12시,35277.1768,12930
202405,남구,13시,30770.7348,10190
202405,남구,14시,30997.5737,9656
202405,남구,15시,32430.6507,9857
202405,남구,16시,32075.8309,10169
202405,남구,17시,31710.7642,10534
202405,남구,18시,32369.3221,10582
202405,남구,19시,30066.0622,9205
202405,남구,20시,24540.1071,7438
202405,남구,21시,16303.5039,5794
202405,남구,22시,9492.7939,3809
202405,남구,23시,6243.1925,2505
202405,동구,00시,2094.4869,643
202405,동구,01시,1486.5798,466
202405,동구,02시,1175.9455,312
202405,동구,03시,1345.1786,233
202405,동구,04시,692.8473,263
202405,동구,05시,1061.5951,484
202405,동구,06시,2056.0369,864
202405,동구,07시,2696.2893,1464
202405,동구,08시,4640.4863,2817
202405,동구,09시,10440.2719,3372
202405,동구,10시,15710.8615,3854
202405,동구,11시,20259.4052,5604
202405,동구,12시,21882.1377,7588
202405,동구,13시,16318.6983,5459
202405,동구,14시,16702.3528,4937
202405,동구,15시,15309.3916,4757
202405,동구,16시,14563.2433,4784
202405,동구,17시,13639.2358,4637
202405,동구,18시,13402.6582,4980
202405,동구,19시,12463.091,4281
202405,동구,20시,9738.0782,3265
202405,동구,21시,6460.9252,2456
202405,동구,22시,4304.5766,1572
202405,동구,23시,3064.3032,1003
202405,동래구,00시,5187.3956,1549
202405,동래구,01시,3595.1012,1027
202405,동래구,02시,2363.0544,682
202405,동래구,03시,1620.1794,460
202405,동래구,04시,1181.2664,439
202405,동래구,05시,2082.3604,805
202405,동래구,06시,2595.5795,1291
202405,동래구,07시,4016.2332,1886
202405,동래구,08시,10794.5864,3805
202405,동래구,09시,24231.0506,6406
202405,동래구,10시,43215.2373,8453
202405,동래구,11시,49863.4965,10288
202405,동래구,12시,50313.1292,12955
202405,동래구,13시,42308.6833,11223
202405,동래구,14시,45076.6373,11025
202405,동래구,15시,42145.3451,11119
202405,동래구,16시,43797.6505,11614
202405,동래구,17시,41819.9995,12191
202405,동래구,18시,43538.9775,12582
202405,동래구,19시,39705.8265,10795
202405,동래구,20시,31554.6976,8675
202405,동래구,21시,21170.391,6368
202405,동래구,22시,13033.1698,4286
202405,동래구,23시,8647.3084,2625
202405,부산진구,00시,9838.7144,3311
202405,부산진구,01시,7210.1561,2382
202405,부산진구,02시,4850.3846,1693
202405,부산진구,03시,3409.6727,1257
202405,부산진구,04시,2670.3895,1071
202405,부산진구,05시,3048.794,1521
202405,부산진구,06시,3787.1002,2041
202405,부산진구,07시,5228.0626,3115
202405,부산진구,08시,12617.8132,6687
202405,부산진구,09시,34744.1668,10400
202405,부산진구,10시,57384.9236,13241
202405,부산진구,11시,73793.1479,17734
202405,부산진구,12시,80269.8245,24185
202405,부산진구,13시,72682.396,20881
202405,부산진구,14시,79500.0957,19840
202405,부산진구,15시,79966.8005,19870
202405,부산진구,16시,74985.2476,20001
202405,부산진구,17시,67826.9483,20232
202405,부산진구,18시,67817.567,20573
202405,부산진구,19시,63152.9485,17643
202405,부산진구,20시,50920.7868,14433
202405,부산진구,21시,33349.3278,10900
202405,부산진구,22시,21740.8422,7738
202405,부산진구,23시,14818.3062,5104
202405,북구,00시,3560.1854,1222
202405,북구,01시,2362.4543,767
202405,북구,02시,1641.3695,521
202405,북구,03시,1111.8383,385
202405,북구,04시,993.4481,400
202405,북구,05시,1387.1851,729
202405,북구,06시,2415.0127,1179
202405,북구,07시,3315.2044,1762
202405,북구,08시,6390.0748,3338
202405,북구,09시,19829.612,6414
202405,북구,10시,34044.2487,8937
202405,북구,11시,42165.5429,10821
202405,북구,12시,42563.7436,12825
202405,북구,13시,37932.4237,11185
202405,북구,14시,41891.031,11566
202405,북구,15시,43129.2837,12245
202405,북구,16시,44265.8503,12940
202405,북구,17시,43878.1699,13402
202405,북구,18시,43806.0735,13321
202405,북구,19시,38725.5161,11061
202405,북구,20시,31355.3465,8940
202405,북구,21시,18711.5868,6221
202405,북구,22시,8333.0539,3236
202405,북구,23시,5798.994,1999
202405,사상구,00시,3575.7929,1233
202405,사상구,01시,2571.5986,829
202405,사상구,02시,1688.3781,553
202405,사상구,03시,1210.9261,421
202405,사상구,04시,1212.703,446
202405,사상구,05시,2643.3107,922
202405,사상구,06시,4232.5072,1692
202405,사상구,07시,6313.733,2883
202405,사상구,08시,9665.464,4121
202405,사상구,09시,20058.7206,5641
202405,사상구,10시,26780.4726,6920
202405,사상구,11시,31051.7477,8562
202405,사상구,12시,34796.12,11373
202405,사상구,13시,30838.3973,9006
202405,사상구,14시,31050.3036,8596
202405,사상구,15시,30996.7306,8468
202405,사상구,16시,31154.7896,8722
202405,사상구,17시,30551.3644,9527
202405,사상구,18시,29940.1179,9744
202405,사상구,19시,28406.1234,8212
202405,사상구,20시,23540.8123,6767
202405,사상구,21시,14986.6368,4898
202405,사상구,22시,9355.2707,3173
202405,사상구,23시,5968.8722,1971
202405,사하구,00시,4616.9434,1508
202405,사하구,01시,3397.9009,1003
202405,사하구,02시,2139.1721,702
202405,사하구,03시,1402.803,502
202405,사하구,04시,1414.3748,501
202405,사하구,05시,2222.2961,941
202405,사하구,06시,3580.2539,1926
202405,사하구,07시,4526.7044,2778
202405,사하구,08시,7750.464,4035
202405,사하구,09시,17554.7455,6314
202405,사하구,10시,28805.1348,8234
202405,사하구,11시,34600.6241,10237
202405,사하구,12시,38125.2034,12641
202405,사하구,13시,30323.5906,10415
202405,사하구,14시,33661.4645,10457
202405,사하구,15시,33452.297,10532
202405,사하구,16시,34686.7792,11044
202405,사하구,17시,36694.1759,12002
202405,사하구,18시,36494.8022,12170
202405,사하구,19시,33918.2289,10142
202405,사하구,20시,27839.359,8217
202405,사하구,21시,17226.4562,5889
202405,사하구,22시,10146.1474,3827
202405,사하구,23시,6843.3562,2368
202405,서구,00시,1090.5652,402
202405,서구,01시,583.3425,241
202405,서구,02시,406.4597,172
202405,서구,03시,251.2843,128
202405,서구,04시,277.0739,137
202405,서구,05시,695.2519,302
202405,서구,06시,1242.595,664
202405,서구,07시,2917.5919,1143
202405,서구,08시,6223.6806,2116
202405,서구,09시,16652.2667,3186
202405,서구,10시,21421.4535,3927
202405,서구,11시,22617.7179,4640
202405,서구,12시,20189.6421,5547
202405,서구,13시,16592.4399,4343
202405,서구,14시,18110.6309,4284
202405,서구,15시,15830.7789,3951
202405,서구,16시,12921.009,3645
202405,서구,17시,10643.4189,3500
202405,서구,18시,10372.1982,3423
202405,서구,19시,9833.0576,2909
202405,서구,20시,7372.8949,2307
202405,서구,21시,5037.7269,1762
202405,서구,22시,2947.9595,1206
202405,서구,23시,1730.6315,714
202405,수영구,00시,5178.3057,1557
202405,수영구,01시,3516.1857,1062
202405,수영구,02시,2291.2995,699
202405,수영구,03시,1534.3085,460
202405,수영구,04시,864.9352,367
202405,수영구,05시,980.8791,519
202405,수영구,06시,1505.3583,744
202405,수영구,07시,2333.614,1233
202405,수영구,08시,4908.469,2678
202405,수영구,09시,13725.3493,4455
202405,수영구,10시,24210.2944,5912
202405,수영구,11시,32484.046,7472
202405,수영구,12시,34236.808,9420
202405,수영구,13시,28877.4625,8285
202405,수영구,14시,47030.5975,10163
202405,수영구,15시,34519.1598,9413
202405,수영구,16시,27493.0456,8434
202405,수영구,17시,26433.8305,8387
202405,수영구,18시,27576.1714,8671
202405,수영구,19시,28432.3173,7855
202405,수영구,20시,25888.4163,6748
202405,수영구,21시,18567.5235,5392
202405,수영구,22시,11992.9398,3832
202405,수영구,23시,7917.5066,2449
202405,연제구,00시,3819.5852,1214
202405,연제구,01시,2713.1147,788
202405,연제구,02시,1934.2296,554
202405,연제구,03시,1119.049,409
202405,연제구,04시,895.4638,364
202405,연제구,05시,1106.9992,557
202405,연제구,06시,1619.2948,876
202405,연제구,07시,2761.4652,1436
202405,연제구,08시,7284.7258,3371
202405,연제구,09시,16735.4751,4892
202405,연제구,10시,25925.0484,6257
202405,연제구,11시,36779.4704,8296
202405,연제구,12시,36786.7469,11098
202405,연제구,13시,36599.2466,8418
202405,연제구,14시,32889.6522,8114
202405,연제구,15시,32343.9017,8143
202405,연제구,16시,30935.2478,8510
202405,연제구,17시,29046.3379,8899
202405,연제구,18시,29502.5251,9397
202405,연제구,19시,29376.8862,8106
202405,연제구,20시,25773.7345,6708
202405,연제구,21시,16840.9526,5095
202405,연제구,22시,9352.4492,3266
202405,연제구,23시,6031.4449,2022
202405,영도구,00시,1407.7737,496
202405,영도구,01시,783.9552,314
202405,영도구,02시,551.4421,204
202405,영도구,03시,272.9896,145
202405,영도구,04시,254.4741,161
202405,영도구,05시,372.4371,264
202405,영도구,06시,740.2251,555
202405,영도구,07시,1292.6261,839
202405,영도구,08시,2104.6768,1321
202405,영도구,09시,5552.4833,2117
202405,영도구,10시,8013.683,2642
202405,영도구,11시,10271.9328,3615
202405,영도구,12시,13012.3656,4803
202405,영도구,13시,9938.1206,3552
202405,영도구,14시,10540.4967,3515
202405,영도구,15시,9509.9242,3443
202405,영도구,16시,9237.8191,3469
202405,영도구,17시,10033.373,3587
202405,영도구,18시,10164.704,3488
202405,영도구,19시,9918.0628,2922
202405,영도구,20시,7664.7369,2267
202405,영도구,21시,4971.9499,1705
202405,영도구,22시,2863.523,1184
202405,영도구,23시,2003.0586,799
202405,중구,00시,2347.2792,586
202405,중구,01시,1728.8811,406
202405,중구,02시,1085.57,267
202405,중구,03시,702.9327,203
202405,중구,04시,406.2815,162
202405,중구,05시,457.4813,183
202405,중구,06시,564.4348,326
202405,중구,07시,1273.7068,686
202405,중구,08시,2365.4684,1738
202405,중구,09시,5884.1359,1887
202405,중구,10시,10024.6297,2557
202405,중구,11시,15900.4413,4267
202405,중구,12시,23177.6857,6910
202405,중구,13시,21679.0616,5807
202405,중구,14시,22304.7021,5508
202405,중구,15시,22983.4803,5331
202405,중구,16시,20614.682,4952
202405,중구,17시,18619.5586,4775
202405,중구,18시,18438.1251,4818
202405,중구,19시,18139.0381,4039
202405,중구,20시,13699.4067,3144
202405,중구,21시,8391.8233,2136
202405,중구,22시,5195.4253,1435
202405,중구,23시,3654.6622,936
202405,해운대구,00시,5543.2366,2000
202405,해운대구,01시,3542.2641,1257
202405,해운대구,02시,2216.2978,857
202405,해운대구,03시,1382.4833,583
202405,해운대구,04시,1177.564,557
202405,해운대구,05시,2057.2185,903
202405,해운대구,06시,3819.5106,1653
202405,해운대구,07시,5871.7955,2869
202405,해운대구,08시,11960.7505,5762
202405,해운대구,09시,28307.4849,8942
202405,해운대구,10시,48721.8097,11463
202405,해운대구,11시,71043.5759,15032
202405,해운대구,12시,84183.8283,19557
202405,해운대구,13시,79284.2252,16592
202405,해운대구,14시,85655.395,16356
202405,해운대구,15시,85110.2739,16184
202405,해운대구,16시,80454.8616,16074
202405,해운대구,17시,71610.1998,16106
202405,해운대구,18시,70697.8421,15677
202405,해운대구,19시,62289.7697,13713
202405,해운대구,20시,44077.4387,10758
202405,해운대구,21시,30747.0458,8091
202405,해운대구,22시,19315.0465,5434
202405,해운대구,23시,9309.7183,3370
202406,강서구,00시,3940.2444,717
202406,강서구,01시,2434.315,428
202406,강서구,02시,1551.9174,283
202406,강서구,03시,1595.0045,212
202406,강서구,04시,1931.5912,270
202406,강서구,05시,4034.1731,781
202406,강서구,06시,8554.9441,2235
202406,강서구,07시,11169.0482,3175
202406,강서구,08시,13314.7113,3656
202406,강서구,09시,21321.9109,4345
202406,강서구,10시,29378.8733,4879
202406,강서구,11시,31150.2226,6816
202406,강서구,12시,35890.1461,9395
202406,강서구,13시,34018.4703,7203
202406,강서구,14시,34299.9376,6557
202406,강서구,15시,34881.1167,6334
202406,강서구,16시,36023.7108,6606
202406,강서구,17시,34000.7474,7350
202406,강서구,18시,30348.9279,7185
202406,강서구,19시,28030.21,6378
202406,강서구,20시,23841.2937,5222
202406,강서구,21시,16028.1419,3366
202406,강서구,22시,9594.0594,1947
202406,강서구,23시,5913.3487,1128
202406,금정구,00시,3047.9714,1409
202406,금정구,01시,2030.2873,863
202406,금정구,02시,1270.0684,578
202406,금정구,03시,797.1738,395
202406,금정구,04시,596.5537,353
202406,금정구,05시,1171.1004,605
202406,금정구,06시,2039.7946,1090
202406,금정구,07시,4196.3349,1822
202406,금정구,08시,6647.9815,3443
202406,금정구,09시,16130.4514,5247
202406,금정구,10시,25764.387,6674
202406,금정구,11시,27815.5168,8472
202406,금정구,12시,36703.75,11476
202406,금정구,13시,34254.3662,9545
202406,금정구,14시,30708.4866,8819
202406,금정구,15시,32079.2386,8624
202406,금정구,16시,28927.8181,8973
202406,금정구,17시,31469.1597,9674
202406,금정구,18시,32726.8345,10108
202406,금정구,19시,27213.0087,8501
202406,금정구,20시,21062.023,6767
202406,금정구,21시,13024.8623,4932
202406,금정구,22시,7381.1201,3346
202406,금정구,23시,4962.267,2110
202406,기장군,00시,1957.9214,681
202406,기장군,01시,1205.1687,409
202406,기장군,02시,668.8892,263
202406,기장군,03시,411.1875,166
202406,기장군,04시,352.3162,181
202406,기장군,05시,1258.6832,488
202406,기장군,06시,2840.5414,1000
202406,기장군,07시,3666.1139,1584
202406,기장군,08시,5881.095,2392
202406,기장군,09시,12627.2358,3687
202406,기장군,10시,19587.6615,4934
202406,기장군,11시,32285.16,7201
202406,기장군,12시,44443.743,9845
202406,기장군,13시,45516.5332,9156
202406,기장군,14시,42275.262,8781
202406,기장군,15시,41237.0462,8300
202406,기장군,16시,39222.525,8207
202406,기장군,17시,38499.5783,7995
202406,기장군,18시,36230.8328,7763
202406,기장군,19시,31214.2413,6604
202406,기장군,20시,22601.9787,5101
202406,기장군,21시,10294.8797,3249
202406,기장군,22시,5366.9972,1894
202406,기장군,23시,2972.8237,1110
202406,남구,00시,3981.3436,1695
202406,남구,01시,2588.8703,1089
202406,남구,02시,1708.3354,735
202406,남구,03시,1312.8478,524
202406,남구,04시,1326.9855,491
202406,남구,05시,2145.8334,740
202406,남구,06시,3038.1563,1115
202406,남구,07시,3782.3052,1892
202406,남구,08시,6998.1652,3818
202406,남구,09시,14850.0207,5552
202406,남구,10시,25498.4126,7387
202406,남구,11시,30956.5029,9663
202406,남구,12시,34393.8968,12577
202406,남구,13시,29970.0105,10180
202406,남구,14시,30964.6682,9612
202406,남구,15시,31585.0964,9803
202406,남구,16시,32358.0433,10160
202406,남구,17시,32308.013,10648
202406,남구,18시,32261.2492,10816
202406,남구,19시,29756.333,9404
202406,남구,20시,23958.737,7684
202406,남구,21시,15860.1604,5895
202406,남구,22시,9668.9414,3955
202406,남구,23시,6196.1319,2611
202406,동구,00시,2081.7173,685
202406,동구,01시,1668.1579,488
202406,동구,02시,1165.4517,329
202406,동구,03시,1155.9576,251
202406,동구,04시,933.0478,278
202406,동구,05시,1051.8331,493
202406,동구,06시,1756.0295,870
202406,동구,07시,2974.5713,1480
202406,동구,08시,4882.7022,2857
202406,동구,09시,9545.7123,3435
202406,동구,10시,18053.0742,3968
202406,동구,11시,20471.457,5758
202406,동구,12시,20532.8838,7611
202406,동구,13시,16667.3217,5584
202406,동구,14시,17393.066,5042
202406,동구,15시,15162.9,4740
202406,동구,16시,13505.3144,4794
202406,동구,17시,13598.4272,4723
202406,동구,18시,13050.2584,5001
202406,동구,19시,12201.7284,4310
202406,동구,20시,9514.8093,3308
202406,동구,21시,6410.8038,2484
202406,동구,22시,4296.9062,1646
202406,동구,23시,3039.9471,1016
202406,동래구,00시,5287.9069,1675
202406,동래구,01시,3672.1462,1078
202406,동래구,02시,2432.5706,727
202406,동래구,03시,1547.9856,506
202406,동래구,04시,1210.2686,470
202406,동래구,05시,1974.4771,853
202406,동래구,06시,2725.0395,1344
202406,동래구,07시,4350.8512,1880
202406,동래구,08시,9437.7619,3906
202406,동래구,09시,24547.6723,6525
202406,동래구,10시,43303.5018,8575
202406,동래구,11시,51835.3613,10243
202406,동래구,12시,50206.6232,12818
202406,동래구,13시,41093.8415,11079
202406,동래구,14시,43512.1812,10709
202406,동래구,15시,42333.8582,10916
202406,동래구,16시,42772.3509,11705
202406,동래구,17시,41483.2572,12430
202406,동래구,18시,40829.0141,12673
202406,동래구,19시,37867.036,10926
202406,동래구,20시,31945.4171,8992
202406,동래구,21시,21197.7289,6623
202406,동래구,22시,13271.3081,4419
202406,동래구,23시,8737.8167,2742
202406,부산진구,00시,9835.8016,3514
202406,부산진구,01시,7086.2806,2466
202406,부산진구,02시,4679.1604,1766
202406,부산진구,03시,3307.3953,1306
202406,부산진구,04시,2417.9664,1131
202406,부산진구,05시,3194.1126,1557
202406,부산진구,06시,3635.2299,2080
202406,부산진구,07시,5303.403,3220
202406,부산진구,08시,11738.543,6703
202406,부산진구,09시,32207.2528,10325
202406,부산진구,10시,59078.6736,13281
202406,부산진구,11시,72888.5987,17354
202406,부산진구,12시,76702.7191,23364
202406,부산진구,13시,68699.3896,20050
202406,부산진구,14시,75890.8834,18922
202406,부산진구,15시,75127.055,19013
202406,부산진구,16시,69443.884,19434
202406,부산진구,17시,64200.367,19709
202406,부산진구,18시,63403.1652,20136
202406,부산진구,19시,60936.4188,17523
202406,부산진구,20시,49621.7806,14354
202406,부산진구,21시,32393.7244,10930
202406,부산진구,22시,21248.6655,7775
202406,부산진구,23시,14481.5622,5184
202406,북구,00시,3908.4207,1330
202406,북구,01시,2448.7305,831
202406,북구,02시,1651.0379,569
202406,북구,03시,1128.9365,404
202406,북구,04시,917.746,409
202406,북구,05시,1493.1686,728
202406,북구,06시,2479.7155,1178
202406,북구,07시,3074.9045,1791
202406,북구,08시,6530.3862,3393
202406,북구,09시,20319.4323,6656
202406,북구,10시,33945.5219,9123
202406,북구,11시,41609.017,10957
202406,북구,12시,41497.4111,12708
202406,북구,13시,38501.7095,11147
202406,북구,14시,38899.8999,11098
202406,북구,15시,42517.3617,11973
202406,북구,16시,44786.8316,12787
202406,북구,17시,44223.3124,13337
202406,북구,18시,42471.5247,13302
202406,북구,19시,37454.164,11149
202406,북구,20시,30811.8837,9145
202406,북구,21시,18896.4545,6483
202406,북구,22시,8346.486,3308
202406,북구,23시,5608.4506,2084
202406,사상구,00시,3791.5748,1347
202406,사상구,01시,2553.9539,899
202406,사상구,02시,1656.4014,600
202406,사상구,03시,1194.8308,448
202406,사상구,04시,1236.6981,509
202406,사상구,05시,2684.3491,965
202406,사상구,06시,4382.5851,1755
202406,사상구,07시,6247.2283,2975
202406,사상구,08시,9628.5364,4171
202406,사상구,09시,20275.9653,5596
202406,사상구,10시,25984.2365,6977
202406,사상구,11시,31195.3747,8494
202406,사상구,12시,34184.0019,11102
202406,사상구,13시,30873.3832,8788
202406,사상구,14시,29835.5298,8399
202406,사상구,15시,30867.1128,8388
202406,사상구,16시,29581.2174,8575
202406,사상구,17시,31613.6391,9498
202406,사상구,18시,29288.9868,9721
202406,사상구,19시,27753.9204,8308
202406,사상구,20시,23156.8367,6856
202406,사상구,21시,14937.9879,5096
202406,사상구,22시,9504.4185,3235
202406,사상구,23시,6132.1451,2049
202406,사하구,00시,4690.239,1610
202406,사하구,01시,3389.8053,1080
202406,사하구,02시,2175.5891,756
202406,사하구,03시,1601.939,552
202406,사하구,04시,1407.4136,541
202406,사하구,05시,2129.3544,959
202406,사하구,06시,3521.7665,1901
202406,사하구,07시,4564.9142,2851
202406,사하구,08시,7873.0829,4098
202406,사하구,09시,17900.7268,6311
202406,사하구,10시,28635.7149,8159
202406,사하구,11시,33181.6842,10052
202406,사하구,12시,35761.3776,12435
202406,사하구,13시,29540.922,10116
202406,사하구,14시,31892.3049,10167
202406,사하구,15시,33968.8841,10406
202406,사하구,16시,33926.4194,10871
202406,사하구,17시,35034.8602,11917
202406,사하구,18시,35650.9957,12170
202406,사하구,19시,33486.5942,10233
202406,사하구,20시,26876.0712,8351
202406,사하구,21시,17358.5441,6049
202406,사하구,22시,10330.3871,3944
202406,사하구,23시,6742.4136,2451
202406,서구,00시,1064.1729,456
202406,서구,01시,755.0381,288
202406,서구,02시,392.4966,199
202406,서구,03시,299.9614,137
202406,서구,04시,269.2941,147
202406,서구,05시,577.4684,297
202406,서구,06시,1256.8465,660
202406,서구,07시,2695.9967,1190
202406,서구,08시,6370.5747,2143
202406,서구,09시,16967.9379,3166
202406,서구,10시,21282.1609,3828
202406,서구,11시,21355.6979,4508
202406,서구,12시,19542.8291,5350
202406,서구,13시,16213.3167,4162
202406,서구,14시,17523.2827,4136
202406,서구,15시,14150.2641,3867
202406,서구,16시,12948.0222,3658
202406,서구,17시,10597.8034,3504
202406,서구,18시,10296.1495,3471
202406,서구,19시,9699.473,2995
202406,서구,20시,7594.8476,2390
202406,서구,21시,4985.5393,1845
202406,서구,22시,2930.6216,1274
202406,서구,23시,1767.5396,754
202406,수영구,00시,5511.2112,1709
202406,수영구,01시,3644.1678,1146
202406,수영구,02시,2286.8723,762
202406,수영구,03시,1442.8098,510
202406,수영구,04시,938.8131,397
202406,수영구,05시,1230.1007,531
202406,수영구,06시,1443.5099,787
202406,수영구,07시,2246.2113,1284
202406,수영구,08시,4970.2814,2718
202406,수영구,09시,13835.6096,4477
202406,수영구,10시,22777.163,5728
202406,수영구,11시,31169.7725,7137
202406,수영구,12시,31404.8195,8996
202406,수영구,13시,31144.3906,9468
202406,수영구,14시,35899.8428,9178
202406,수영구,15시,25036.3869,7738
202406,수영구,16시,23987.686,7924
202406,수영구,17시,23204.2419,8004
202406,수영구,18시,24918.0586,8323
202406,수영구,19시,26510.1393,7644
202406,수영구,20시,24422.5717,6678
202406,수영구,21시,17242.6191,5413
202406,수영구,22시,12111.7959,3895
202406,수영구,23시,8287.938,2560
202406,연제구,00시,3809.3296,1333
202406,연제구,01시,2713.3024,852
202406,연제구,02시,1828.647,608
202406,연제구,03시,1264.7528,451
202406,연제구,04시,1021.4492,392
202406,연제구,05시,1222.5721,595
202406,연제구,06시,1732.2742,912
202406,연제구,07시,3045.0594,1480
202406,연제구,08시,7689.7667,3435
202406,연제구,09시,16260.0329,4929
202406,연제구,10시,28159.1083,6313
202406,연제구,11시,36770.8895,8260
202406,연제구,12시,36605.7439,10994
202406,연제구,13시,29947.4147,8360
202406,연제구,14시,30664.4579,7895
202406,연제구,15시,31774.6043,8159
202406,연제구,16시,31357.7332,8438
202406,연제구,17시,30339.8678,8820
202406,연제구,18시,27882.2972,9340
202406,연제구,19시,28381.3323,8304
202406,연제구,20시,25748.2732,6924
202406,연제구,21시,16800.4411,5262
202406,연제구,22시,9579.1522,3386
202406,연제구,23시,6139.3561,2130
202406,영도구,00시,1290.9123,526
202406,영도구,01시,803.639,343
202406,영도구,02시,519.9701,236
202406,영도구,03시,313.7965,167
202406,영도구,04시,294.215,181
202406,영도구,05시,498.5554,282
202406,영도구,06시,768.4283,570
202406,영도구,07시,1160.9932,840
202406,영도구,08시,2118.0532,1331
202406,영도구,09시,5813.1571,2105
202406,영도구,10시,8034.3835,2635
202406,영도구,11시,10016.6863,3627
202406,영도구,12시,12613.3704,4726
202406,영도구,13시,10383.25,3557
202406,영도구,14시,9363.2488,3438
202406,영도구,15시,9557.3954,3395
202406,영도구,16시,9059.6384,3444
202406,영도구,17시,9928.4849,3607
202406,영도구,18시,10097.7229,3593
202406,영도구,19시,9671.5128,2975
202406,영도구,20시,7745.3585,2379
202406,영도구,21시,4648.2644,1726
202406,영도구,22시,2873.8249,1197
202406,영도구,23시,2028.6457,811
202406,중구,00시,2421.5993,606
202406,중구,01시,1710.8473,438
202406,중구,02시,1360.5996,307
202406,중구,03시,918.048,214
202406,중구,04시,486.8325,160
202406,중구,05시,495.1505,191
202406,중구,06시,655.8233,314
202406,중구,07시,1046.65,684
202406,중구,08시,2247.9469,1789
202406,중구,09시,5526.1453,1916
202406,중구,10시,10565.8122,2659
202406,중구,11시,16421.8071,4265
202406,중구,12시,22129.8154,6836
202406,중구,13시,20983.8723,5643
202406,중구,14시,20950.5901,5392
202406,중구,15시,20216.8621,5182
202406,중구,16시,18471.3544,4894
202406,중구,17시,17430.4357,4707
202406,중구,18시,17974.9373,4742
202406,중구,19시,17816.9944,4071
202406,중구,20시,13517.5072,3078
202406,중구,21시,7837.7262,2095
202406,중구,22시,5036.5822,1427
202406,중구,23시,3486.7342,921
202406,해운대구,00시,5826.1617,2195
202406,해운대구,01시,3609.7161,1389
202406,해운대구,02시,2450.6443,932
202406,해운대구,03시,1488.9183,641
202406,해운대구,04시,1435.4727,609
202406,해운대구,05시,1976.2615,935
202406,해운대구,06시,3772.9587,1684
202406,해운대구,07시,6159.3115,2939
202406,해운대구,08시,14111.9716,5962
202406,해운대구,09시,31633.7906,9142
202406,해운대구,10시,47983.0761,11664
202406,해운대구,11시,71713.944,15256
202406,해운대구,12시,81284.3742,19643
202406,해운대구,13시,75875.2625,16847
202406,해운대구,14시,80038.8646,16328
202406,해운대구,15시,84515.3353,16274
202406,해운대구,16시,81505.5786,16261
202406,해운대구,17시,75119.1177,16362
202406,해운대구,18시,68193.9726,16048
202406,해운대구,19시,63646.4954,14011
202406,해운대구,20시,44292.8024,11333
202406,해운대구,21시,25994.3251,8529
202406,해운대구,22시,15331.3265,5906
202406,해운대구,23시,9382.3367,3596
202407,강서구,00시,3865.328,711
202407,강서구,01시,2412.5458,411
202407,강서구,02시,1638.8214,268
202407,강서구,03시,1528.9976,205
202407,강서구,04시,1861.6489,274
202407,강서구,05시,4012.1865,726
202407,강서구,06시,8697.3262,2196
202407,강서구,07시,11012.2863,3209
202407,강서구,08시,13734.9957,3712
202407,강서구,09시,21701.8246,4364
202407,강서구,10시,27939.567,4905
202407,강서구,11시,32306.3352,6907
202407,강서구,12시,36056.9081,9444
202407,강서구,13시,33415.2968,7103
202407,강서구,14시,36665.604,6483
202407,강서구,15시,36029.3859,6309
202407,강서구,16시,33882.2713,6595
202407,강서구,17시,34454.493,7477
202407,강서구,18시,31244.1587,7380
202407,강서구,19시,29622.1703,6606
202407,강서구,20시,25647.4898,5346
202407,강서구,21시,15757.6747,3370
202407,강서구,22시,9461.4388,1953
202407,강서구,23시,5914.6297,1104
202407,금정구,00시,2852.6453,1241
202407,금정구,01시,1856.9617,726
202407,금정구,02시,1230.5871,518
202407,금정구,03시,721.8491,351
202407,금정구,04시,554.5833,325
202407,금정구,05시,1068.6654,553
202407,금정구,06시,2396.0677,1094
202407,금정구,07시,3544.3135,1754
202407,금정구,08시,7371.0509,3301
202407,금정구,09시,16486.639,5060
202407,금정구,10시,24620.3761,6300
202407,금정구,11시,28830.7708,7927
202407,금정구,12시,35318.6483,10862
202407,금정구,13시,29715.4925,8967
202407,금정구,14시,31242.5657,8331
202407,금정구,15시,27073.4753,8196
202407,금정구,16시,30195.1611,8516
202407,금정구,17시,29539.3538,9238
202407,금정구,18시,29993.1742,9871
202407,금정구,19시,27475.5802,8295
202407,금정구,20시,21336.1896,6576
202407,금정구,21시,12918.1841,4793
202407,금정구,22시,7355.1526,3178
202407,금정구,23시,4401.9367,1962
202407,기장군,00시,1937.6066,667
202407,기장군,01시,1095.8251,403
202407,기장군,02시,784.7796,260
202407,기장군,03시,387.5809,167
202407,기장군,04시,395.9232,181
202407,기장군,05시,1142.5571,444
202407,기장군,06시,2760.47,1004
202407,기장군,07시,3816.633,1594
202407,기장군,08시,5769.9955,2405
202407,기장군,09시,11734.5997,3648
202407,기장군,10시,20285.0246,4840
202407,기장군,11시,30451.5261,7073
202407,기장군,12시,41672.2289,9636
202407,기장군,13시,42778.1147,8902
202407,기장군,14시,40608.7497,8579
202407,기장군,15시,38613.6051,8053
202407,기장군,16시,38507.2342,7894
202407,기장군,17시,36443.8486,7916
202407,기장군,18시,36295.6691,7821
202407,기장군,19시,32909.3358,6759
202407,기장군,20시,23705.6676,5246
202407,기장군,21시,10789.3306,3286
202407,기장군,22시,5223.9319,1932
202407,기장군,23시,3228.0023,1139
202407,남구,00시,3665.8113,1518
202407,남구,01시,2518.398,970
202407,남구,02시,1612.7332,665
202407,남구,03시,1115.6579,485
202407,남구,04시,1337.5858,452
202407,남구,05시,2159.6761,733
202407,남구,06시,3106.5691,1095
202407,남구,07시,3851.8554,1810
202407,남구,08시,6817.8253,3725
202407,남구,09시,15037.9868,5314
202407,남구,10시,25483.4163,7023
202407,남구,11시,31264.0586,9111
202407,남구,12시,33807.9339,11986
202407,남구,13시,29410.8471,9485
202407,남구,14시,30648.1608,9284
202407,남구,15시,31095.125,9491
202407,남구,16시,32664.1838,9911
202407,남구,17시,32272.0319,10286
202407,남구,18시,32474.6966,10707
202407,남구,19시,30305.8237,9307
202407,남구,20시,24589.5403,7588
202407,남구,21시,15927.1888,5649
202407,남구,22시,9432.2299,3762
202407,남구,23시,5611.5825,2476
202407,동구,00시,2172.4338,679
202407,동구,01시,1550.1798,468
202407,동구,02시,1147.5724,328
202407,동구,03시,1898.0266,247
202407,동구,04시,972.0031,269
202407,동구,05시,997.0704,472
202407,동구,06시,1666.1925,882
202407,동구,07시,2625.5044,1465
202407,동구,08시,4765.5159,2972
202407,동구,09시,10294.1709,3443
202407,동구,10시,15837.6405,3849
202407,동구,11시,23946.1907,6100
202407,동구,12시,20508.1147,7858
202407,동구,13시,14886.5987,5444
202407,동구,14시,15434.1641,4837
202407,동구,15시,14083.1719,4661
202407,동구,16시,13449.7239,4681
202407,동구,17시,13169.1242,4664
202407,동구,18시,12285.9471,5006
202407,동구,19시,11617.0991,4272
202407,동구,20시,9425.9862,3282
202407,동구,21시,6758.2185,2469
202407,동구,22시,4377.5868,1643
202407,동구,23시,3335.0987,1038
202407,동래구,00시,4948.3921,1574
202407,동래구,01시,3339.3634,1020
202407,동래구,02시,2156.8593,677
202407,동래구,03시,1316.0591,455
202407,동래구,04시,1112.7171,463
202407,동래구,05시,1886.4449,833
202407,동래구,06시,2680.9911,1331
202407,동래구,07시,3962.9328,1897
202407,동래구,08시,10915.5932,3902
202407,동래구,09시,27116.9086,6507
202407,동래구,10시,43649.5821,8540
202407,동래구,11시,50832.0071,10405
202407,동래구,12시,53356.7908,13027
202407,동래구,13시,41572.6682,10893
202407,동래구,14시,44121.0772,10755
202407,동래구,15시,41210.9493,10836
202407,동래구,16시,41428.2644,11282
202407,동래구,17시,39693.3349,12068
202407,동래구,18시,40439.4535,12582
202407,동래구,19시,38798.3919,10960
202407,동래구,20시,31944.7057,8950
202407,동래구,21시,20627.9636,6466
202407,동래구,22시,12898.8147,4341
202407,동래구,23시,8523.4779,2659
202407,부산진구,00시,9378.8938,3301
202407,부산진구,01시,6491.5794,2274
202407,부산진구,02시,4756.6984,1667
202407,부산진구,03시,3192.2306,1252
202407,부산진구,04시,2434.9272,1071
202407,부산진구,05시,3022.9652,1509
202407,부산진구,06시,4036.6924,2088
202407,부산진구,07시,5186.9603,3240
202407,부산진구,08시,12636.2667,6817
202407,부산진구,09시,33380.0134,10328
202407,부산진구,10시,59674.7185,13220
202407,부산진구,11시,75336.3277,17311
202407,부산진구,12시,80342.6316,23419
202407,부산진구,13시,69806.6692,19775
202407,부산진구,14시,74767.9542,18924
202407,부산진구,15시,77984.5284,19130
202407,부산진구,16시,70282.2288,19458
202407,부산진구,17시,66069.1581,19916
202407,부산진구,18시,66826.8733,20643
202407,부산진구,19시,62575.086,17971
202407,부산진구,20시,50622.4427,14499
202407,부산진구,21시,32300.2025,10923
202407,부산진구,22시,21141.8655,7665
202407,부산진구,23시,14260.1263,5056
202407,북구,00시,3308.2897,1213
202407,북구,01시,2293.6176,785
202407,북구,02시,1503.2301,522
202407,북구,03시,1039.2437,383
202407,북구,04시,951.1242,418
202407,북구,05시,1515.2787,730
202407,북구,06시,2280.937,1153
202407,북구,07시,3039.0286,1793
202407,북구,08시,6676.1877,3338
202407,북구,09시,19744.4712,6455
202407,북구,10시,34735.6291,9058
202407,북구,11시,40877.9849,10911
202407,북구,12시,42270.5718,12699
202407,북구,13시,37260.4282,10881
202407,북구,14시,39121.329,11162
202407,북구,15시,43986.5546,11945
202407,북구,16시,44134.374,12778
202407,북구,17시,44596.1817,13414
202407,북구,18시,44494.5724,13601
202407,북구,19시,39451.5901,11494
202407,북구,20시,32071.8148,9268
202407,북구,21시,19598.2156,6523
202407,북구,22시,8544.3916,3351
202407,북구,23시,5319.2912,2001
202407,사상구,00시,3490.7604,1223
202407,사상구,01시,2341.4267,815
202407,사상구,02시,1713.8802,563
202407,사상구,03시,1199.332,423
202407,사상구,04시,1321.4395,492
202407,사상구,05시,2657.1637,943
202407,사상구,06시,4243.9293,1717
202407,사상구,07시,6283.5275,2987
202407,사상구,08시,9609.1907,4189
202407,사상구,09시,18715.4863,5518
202407,사상구,10시,26776.354,6832
202407,사상구,11시,31305.5071,8324
202407,사상구,12시,35141.7094,10759
202407,사상구,13시,29262.6517,8425
202407,사상구,14시,30684.417,8222
202407,사상구,15시,32994.4021,8341
202407,사상구,16시,29527.2611,8422
202407,사상구,17시,30098.1038,9477
202407,사상구,18시,29679.917,9849
202407,사상구,19시,28165.7477,8398
202407,사상구,20시,23588.4542,6959
202407,사상구,21시,15152.7156,5035
202407,사상구,22시,9442.6154,3245
202407,사상구,23시,6262.0267,1989
202407,사하구,00시,4769.5578,1515
202407,사하구,01시,3185.7364,1016
202407,사하구,02시,2034.666,697
202407,사하구,03시,1453.1454,515
202407,사하구,04시,1361.5852,512
202407,사하구,05시,2035.5655,905
202407,사하구,06시,3567.7699,1934
202407,사하구,07시,4446.8123,2873
202407,사하구,08시,7191.7477,4018
202407,사하구,09시,17136.0121,6165
202407,사하구,10시,29235.9216,7946
202407,사하구,11시,33514.7474,9873
202407,사하구,12시,35996.5257,12250
202407,사하구,13시,28749.297,9755
202407,사하구,14시,32118.4582,10028
202407,사하구,15시,33390.4776,10324
202407,사하구,16시,33477.8091,10740
202407,사하구,17시,36042.6423,12073
202407,사하구,18시,36174.7917,12472
202407,사하구,19시,34621.193,10489
202407,사하구,20시,27472.9971,8481
202407,사하구,21시,17171.0413,6089
202407,사하구,22시,10587.5479,4011
202407,사하구,23시,6922.8901,2407
202407,서구,00시,1360.75,434
202407,서구,01시,665.4063,267
202407,서구,02시,425.3629,183
202407,서구,03시,275.0521,134
202407,서구,04시,225.5195,134
202407,서구,05시,621.8137,292
202407,서구,06시,1411.1111,661
202407,서구,07시,3154.0364,1236
202407,서구,08시,6686.1247,2197
202407,서구,09시,17931.4584,3387
202407,서구,10시,23865.5916,3961
202407,서구,11시,23702.3415,4459
202407,서구,12시,20549.8362,5452
202407,서구,13시,16926.3462,4055
202407,서구,14시,18395.8373,4182
202407,서구,15시,16304.1517,4002
202407,서구,16시,12794.4186,3645
202407,서구,17시,10893.6685,3596
202407,서구,18시,10362.1877,3531
202407,서구,19시,10120.289,3047
202407,서구,20시,7822.5863,2393
202407,서구,21시,5141.6198,1843
202407,서구,22시,3105.2331,1267
202407,서구,23시,1992.8534,740
202407,수영구,00시,5532.5218,1759
202407,수영구,01시,3692.9318,1170
202407,수영구,02시,2271.9828,769
202407,수영구,03시,1470.3005,522
202407,수영구,04시,977.6834,412
202407,수영구,05시,1056.3666,520
202407,수영구,06시,1722.0078,786
202407,수영구,07시,2064.7436,1251
202407,수영구,08시,5252.2395,2749
202407,수영구,09시,13839.0902,4498
202407,수영구,10시,22684.8584,5823
202407,수영구,11시,29708.4977,7291
202407,수영구,12시,33172.8688,9206
202407,수영구,13시,27768.474,8029
202407,수영구,14시,36176.1818,10810
202407,수영구,15시,26793.4835,7865
202407,수영구,16시,24865.1247,7986
202407,수영구,17시,24327.2793,8296
202407,수영구,18시,26004.3029,8828
202407,수영구,19시,27278.4689,8157
202407,수영구,20시,25099.0941,7139
202407,수영구,21시,18850.6994,5763
202407,수영구,22시,12404.5097,4204
202407,수영구,23시,8452.2416,2738
202407,연제구,00시,3553.959,1227
202407,연제구,01시,2559.4683,804
202407,연제구,02시,1673.8627,570
202407,연제구,03시,1072.3652,414
202407,연제구,04시,864.6141,368
202407,연제구,05시,1080.7295,588
202407,연제구,06시,1643.5439,903
202407,연제구,07시,2917.4376,1487
202407,연제구,08시,7630.84,3590
202407,연제구,09시,15004.1666,5044
202407,연제구,10시,28702.8857,6369
202407,연제구,11시,35869.6925,8512
202407,연제구,12시,36495.1662,11352
202407,연제구,13시,30892.4436,8396
202407,연제구,14시,32080.5202,7998
202407,연제구,15시,32711.395,8232
202407,연제구,16시,32734.9911,8534
202407,연제구,17시,30286.2981,8970
202407,연제구,18시,29736.4574,9730
202407,연제구,19시,29399.7484,8442
202407,연제구,20시,25898.0244,7073
202407,연제구,21시,17096.6589,5280
202407,연제구,22시,9839.4086,3404
202407,연제구,23시,5975.1195,2089
202407,영도구,00시,1192.7233,470
202407,영도구,01시,790.9103,301
202407,영도구,02시,396.0796,192
202407,영도구,03시,268.7783,142
202407,영도구,04시,306.2857,162
202407,영도구,05시,358.412,270
202407,영도구,06시,749.1424,559
202407,영도구,07시,1328.3971,831
202407,영도구,08시,2033.5235,1299
202407,영도구,09시,5290.7529,2065
202407,영도구,10시,8371.3238,2539
202407,영도구,11시,10206.9455,3511
202407,영도구,12시,12566.5784,4518
202407,영도구,13시,9739.2474,3372
202407,영도구,14시,9398.0516,3381
202407,영도구,15시,9447.7061,3388
202407,영도구,16시,9550.9694,3342
202407,영도구,17시,10110.803,3562
202407,영도구,18시,10281.5528,3592
202407,영도구,19시,9764.6267,3003
202407,영도구,20시,7365.2545,2287
202407,영도구,21시,4458.3701,1662
202407,영도구,22시,2802.9231,1143
202407,영도구,23시,1882.1195,737
202407,중구,00시,2364.4509,576
202407,중구,01시,1576.494,409
202407,중구,02시,1189.3473,296
202407,중구,03시,851.2226,212
202407,중구,04시,411.4294,150
202407,중구,05시,372.7661,182
202407,중구,06시,613.7269,333
202407,중구,07시,971.4092,711
202407,중구,08시,2133.7541,1914
202407,중구,09시,5366.3334,1961
202407,중구,10시,10127.4767,2601
202407,중구,11시,16155.2741,4294
202407,중구,12시,22292.0852,6943
202407,중구,13시,20317.9136,5554
202407,중구,14시,20102.8639,5203
202407,중구,15시,20043.5374,5115
202407,중구,16시,18804.2147,4856
202407,중구,17시,17488.8198,4683
202407,중구,18시,17633.7867,4828
202407,중구,19시,17719.799,4104
202407,중구,20시,13371.7097,3159
202407,중구,21시,7848.2372,2158
202407,중구,22시,4913.9961,1432
202407,중구,23시,3431.2923,901
202407,해운대구,00시,5738.8353,2206
202407,해운대구,01시,3471.0708,1382
202407,해운대구,02시,2449.6205,930
202407,해운대구,03시,1451.7752,648
202407,해운대구,04시,1272.37,617
202407,해운대구,05시,1963.5453,931
202407,해운대구,06시,3665.8607,1649
202407,해운대구,07시,5663.4655,2900
202407,해운대구,08시,11507.2261,5954
202407,해운대구,09시,29549.1833,9125
202407,해운대구,10시,50575.4036,11797
202407,해운대구,11시,72185.5149,15602
202407,해운대구,12시,80708.1896,20206
202407,해운대구,13시,76967.2388,17053
202407,해운대구,14시,80915.5104,16788
202407,해운대구,15시,81548.8762,16601
202407,해운대구,16시,81858.2282,16466
202407,해운대구,17시,73680.0702,16763
202407,해운대구,18시,71612.0205,16544
202407,해운대구,19시,63804.1211,14653
202407,해운대구,20시,45588.8824,11810
202407,해운대구,21시,28357.8824,8852
202407,해운대구,22시,20037.5071,6028
202407,해운대구,23시,9356.9678,3634
202408,강서구,00시,3749.9398,720
202408,강서구,01시,2410.2601,426
202408,강서구,02시,1686.1053,289
202408,강서구,03시,1579.0465,231
202408,강서구,04시,1924.5607,298
202408,강서구,05시,4035.5516,756
202408,강서구,06시,8322.9158,2216
202408,강서구,07시,10425.1897,3189
202408,강서구,08시,13880.718,3753
202408,강서구,09시,22044.6859,4506
202408,강서구,10시,29653.5448,5157
202408,강서구,11시,33974.7808,7168
202408,강서구,12시,36380.9161,9551
202408,강서구,13시,36840.9959,7299
202408,강서구,14시,34841.9606,6564
202408,강서구,15시,33589.0831,6283
202408,강서구,16시,33612.4942,6616
202408,강서구,17시,33212.2135,7454
202408,강서구,18시,30971.1812,7466
202408,강서구,19시,28964.5817,6633
202408,강서구,20시,24598.0246,5315
202408,강서구,21시,15481.3487,3387
202408,강서구,22시,9440.0652,1992
202408,강서구,23시,5626.9289,1117
202408,금정구,00시,2818.8496,1227
202408,금정구,01시,1799.8236,754
202408,금정구,02시,1237.5179,512
202408,금정구,03시,727.8891,359
202408,금정구,04시,572.9119,336
202408,금정구,05시,1038.6651,565
202408,금정구,06시,2406.9249,1128
202408,금정구,07시,4763.1894,1821
202408,금정구,08시,6691.7816,3330
202408,금정구,09시,20509.1107,5352
202408,금정구,10시,25495.0105,6587
202408,금정구,11시,30864.2244,8178
202408,금정구,12시,36391.025,10841
202408,금정구,13시,32236.326,8908
202408,금정구,14시,33294.4165,8248
202408,금정구,15시,28709.3815,7978
202408,금정구,16시,28978.0439,8360
202408,금정구,17시,31107.9611,9138
202408,금정구,18시,29717.1235,9709
202408,금정구,19시,27512.5974,8424
202408,금정구,20시,20692.2305,6492
202408,금정구,21시,13247.5887,4740
202408,금정구,22시,8115.7201,3232
202408,금정구,23시,4413.7455,1953
202408,기장군,00시,1919.0226,702
202408,기장군,01시,1127.3475,414
202408,기장군,02시,682.035,256
202408,기장군,03시,379.7578,172
202408,기장군,04시,421.1523,187
202408,기장군,05시,1325.4953,463
202408,기장군,06시,2937.5278,1036
202408,기장군,07시,3834.4685,1657
202408,기장군,08시,6298.3873,2519
202408,기장군,09시,12705.7205,3863
202408,기장군,10시,21496.1023,5299
202408,기장군,11시,33846.8393,7675
202408,기장군,12시,45499.8354,10446
202408,기장군,13시,45333.7225,9517
202408,기장군,14시,44435.3342,9038
202408,기장군,15시,40649.9786,8414
202408,기장군,16시,38422.4627,8169
202408,기장군,17시,38188.8703,8227
202408,기장군,18시,37614.8294,8118
202408,기장군,19시,33652.4076,7178
202408,기장군,20시,23996.1159,5354
202408,기장군,21시,10787.5621,3356
202408,기장군,22시,5439.071,2015
202408,기장군,23시,3202.7185,1158
202408,남구,00시,3757.95,1599
202408,남구,01시,2490.3531,1021
202408,남구,02시,1813.8919,711
202408,남구,03시,1362.7446,512
202408,남구,04시,1469.9163,491
202408,남구,05시,2144.365,752
202408,남구,06시,3186.5267,1154
202408,남구,07시,3981.3253,1904
202408,남구,08시,7991.4071,3819
202408,남구,09시,15748.8498,5603
202408,남구,10시,26959.7803,7558
202408,남구,11시,31494.0002,9636
202408,남구,12시,35653.822,12172
202408,남구,13시,29295.1695,9504
202408,남구,14시,30273.4397,9086
202408,남구,15시,32169.7504,9387
202408,남구,16시,32093.8243,9832
202408,남구,17시,31175.2654,10221
202408,남구,18시,32386.544,10797
202408,남구,19시,30809.6569,9556
202408,남구,20시,24836.9458,7762
202408,남구,21시,15930.5664,5761
202408,남구,22시,9641.4029,3959
202408,남구,23시,5779.3612,2558
202408,동구,00시,2277.2696,723
202408,동구,01시,1798.2329,516
202408,동구,02시,1334.7368,341
202408,동구,03시,1486.7069,263
202408,동구,04시,840.4875,291
202408,동구,05시,1074.7148,499
202408,동구,06시,1847.9986,960
202408,동구,07시,2732.1482,1551
202408,동구,08시,4646.7669,3008
202408,동구,09시,11365.7977,3639
202408,동구,10시,16870.2707,4168
202408,동구,11시,22139.7294,6091
202408,동구,12시,21625.894,7992
202408,동구,13시,15214.0897,5532
202408,동구,14시,14147.5621,4859
202408,동구,15시,13552.6053,4702
202408,동구,16시,13454.8898,4756
202408,동구,17시,12279.5218,4765
202408,동구,18시,12328.5673,5215
202408,동구,19시,12187.11,4535
202408,동구,20시,9725.7,3431
202408,동구,21시,6500.1997,2513
202408,동구,22시,4422.7481,1681
202408,동구,23시,3408.5651,1085
202408,동래구,00시,4946.9848,1615
202408,동래구,01시,3459.971,1045
202408,동래구,02시,2391.0479,706
202408,동래구,03시,1559.2296,492
202408,동래구,04시,1171.6419,486
202408,동래구,05시,1913.2745,837
202408,동래구,06시,2770.4114,1351
202408,동래구,07시,4137.5067,1995
202408,동래구,08시,9651.636,4038
202408,동래구,09시,26818.1606,6935
202408,동래구,10시,45182.3412,9060
202408,동래구,11시,54113.1277,10737
202408,동래구,12시,53595.6816,13080
202408,동래구,13시,44880.0897,10985
202408,동래구,14시,44742.9208,10541
202408,동래구,15시,42664.324,10613
202408,동래구,16시,41716.4765,11269
202408,동래구,17시,40230.5683,12301
202408,동래구,18시,41160.52,12904
202408,동래구,19시,40295.1927,11333
202408,동래구,20시,31718.8928,8970
202408,동래구,21시,20626.7069,6549
202408,동래구,22시,12762.4358,4498
202408,동래구,23시,8731.7809,2768
202408,부산진구,00시,9728.6043,3449
202408,부산진구,01시,6975.9134,2441
202408,부산진구,02시,4844.1504,1759
202408,부산진구,03시,3255.787,1313
202408,부산진구,04시,2767.2389,1149
202408,부산진구,05시,3083.4853,1553
202408,부산진구,06시,4064.7768,2209
202408,부산진구,07시,6150.562,3409
202408,부산진구,08시,13044.5769,6927
202408,부산진구,09시,37286.9503,10897
202408,부산진구,10시,60978.084,13908
202408,부산진구,11시,76597.685,18048
202408,부산진구,12시,79046.0517,23655
202408,부산진구,13시,67707.504,19901
202408,부산진구,14시,72980.2822,18754
202408,부산진구,15시,74155.0467,18882
202408,부산진구,16시,69565.5891,19349
202408,부산진구,17시,64251.7588,19959
202408,부산진구,18시,64678.7587,20772
202408,부산진구,19시,60380.6413,18018
202408,부산진구,20시,47833.2998,14434
202408,부산진구,21시,32519.8424,11034
202408,부산진구,22시,21782.9322,7967
202408,부산진구,23시,14751.9703,5269
202408,북구,00시,3332.9976,1257
202408,북구,01시,2195.9529,816
202408,북구,02시,1482.6647,556
202408,북구,03시,1141.1768,400
202408,북구,04시,867.2499,417
202408,북구,05시,1373.3007,722
202408,북구,06시,2395.4636,1236
202408,북구,07시,3461.9165,1902
202408,북구,08시,6697.8003,3495
202408,북구,09시,21987.2171,7077
202408,북구,10시,37738.421,9771
202408,북구,11시,43485.0976,11535
202408,북구,12시,44682.2752,13073
202408,북구,13시,38753.7664,11061
202408,북구,14시,39222.5748,10960
202408,북구,15시,42925.7354,11713
202408,북구,16시,44265.9266,12567
202408,북구,17시,45160.9715,13444
202408,북구,18시,45245.5003,13667
202408,북구,19시,40231.9739,11650
202408,북구,20시,31886.9097,9251
202408,북구,21시,18712.8856,6391
202408,북구,22시,8516.7703,3374
202408,북구,23시,5322.2598,2060
202408,사상구,00시,3538.7284,1246
202408,사상구,01시,2437.7519,835
202408,사상구,02시,1641.5383,571
202408,사상구,03시,1194.1254,442
202408,사상구,04시,1442.9949,509
202408,사상구,05시,2694.6587,966
202408,사상구,06시,4842.8075,1795
202408,사상구,07시,6829.6069,3095
202408,사상구,08시,10831.7215,4320
202408,사상구,09시,19612.7379,5832
202408,사상구,10시,29221.403,7330
202408,사상구,11시,32835.2309,8685
202408,사상구,12시,34700.7666,10942
202408,사상구,13시,30822.3485,8523
202408,사상구,14시,31196.5344,8145
202408,사상구,15시,29674.6496,8146
202408,사상구,16시,29751.8424,8377
202408,사상구,17시,29650.3651,9382
202408,사상구,18시,30715.6391,9873
202408,사상구,19시,28718.3745,8488
202408,사상구,20시,22945.4454,6835
202408,사상구,21시,14852.7877,5017
202408,사상구,22시,10036.2154,3266
202408,사상구,23시,5807.2256,1990
202408,사하구,00시,4467.9161,1565
202408,사하구,01시,3274.7177,1072
202408,사하구,02시,2146.2689,736
202408,사하구,03시,1495.9731,539
202408,사하구,04시,1391.4444,554
202408,사하구,05시,2184.6693,955
202408,사하구,06시,3530.2897,1924
202408,사하구,07시,4756.4883,2978
202408,사하구,08시,7629.5171,4152
202408,사하구,09시,19188.286,6606
202408,사하구,10시,32890.9003,8541
202408,사하구,11시,36173.299,10403
202408,사하구,12시,36651.5634,12414
202408,사하구,13시,30994.5686,9883
202408,사하구,14시,31900.0444,9704
202408,사하구,15시,32425.5378,9985
202408,사하구,16시,32470.1957,10523
202408,사하구,17시,34397.5039,11841
202408,사하구,18시,36492.6077,12477
202408,사하구,19시,34056.4327,10622
202408,사하구,20시,27186.3061,8514
202408,사하구,21시,17341.3137,6106
202408,사하구,22시,10313.7979,3982
202408,사하구,23시,7018.2824,2488
202408,서구,00시,1114.5145,453
202408,서구,01시,708.6335,293
202408,서구,02시,659.3628,196
202408,서구,03시,327.6087,149
202408,서구,04시,256.6548,153
202408,서구,05시,680.6703,316
202408,서구,06시,1440.0041,681
202408,서구,07시,3545.6509,1301
202408,서구,08시,7066.2521,2247
202408,서구,09시,17794.7016,3470
202408,서구,10시,25101.474,4147
202408,서구,11시,23548.2381,4617
202408,서구,12시,19558.4493,5505
202408,서구,13시,16947.8488,4125
202408,서구,14시,17302.6334,4139
202408,서구,15시,15833.7656,3947
202408,서구,16시,12804.6995,3698
202408,서구,17시,10810.9875,3613
202408,서구,18시,10599.1993,3643
202408,서구,19시,10301.0465,3182
202408,서구,20시,8251.9152,2566
202408,서구,21시,5377.7022,1926
202408,서구,22시,3197.0686,1328
202408,서구,23시,1894.6217,785
202408,수영구,00시,6138.537,2009
202408,수영구,01시,4049.6668,1355
202408,수영구,02시,2535.8048,878
202408,수영구,03시,1503.8102,578
202408,수영구,04시,1101.9456,442
202408,수영구,05시,1081.7548,555
202408,수영구,06시,1473.1281,827
202408,수영구,07시,2148.1462,1350
202408,수영구,08시,4957.224,2799
202408,수영구,09시,14548.6763,4670
202408,수영구,10시,24823.2647,6161
202408,수영구,11시,31313.3651,7536
202408,수영구,12시,32163.6516,9345
202408,수영구,13시,26673.0145,8071
202408,수영구,14시,26652.8071,7807
202408,수영구,15시,26496.9465,7930
202408,수영구,16시,24787.4481,8071
202408,수영구,17시,24381.1159,8455
202408,수영구,18시,26939.0563,9151
202408,수영구,19시,28607.9935,8695
202408,수영구,20시,26834.9399,7620
202408,수영구,21시,19987.3962,6322
202408,수영구,22시,13534.3441,4725
202408,수영구,23시,9514.9856,3081
202408,연제구,00시,3705.5268,1245
202408,연제구,01시,2593.9248,834
202408,연제구,02시,1714.6385,605
202408,연제구,03시,1145.1256,434
202408,연제구,04시,885.703,394
202408,연제구,05시,1144.632,597
202408,연제구,06시,1818.2703,959
202408,연제구,07시,2738.7106,1548
202408,연제구,08시,6649.4181,3639
202408,연제구,09시,16501.8072,5210
202408,연제구,10시,29299.7786,6723
202408,연제구,11시,36334.2879,8738
202408,연제구,12시,37957.1778,11494
202408,연제구,13시,32043.8786,8408
202408,연제구,14시,31645.3484,7967
202408,연제구,15시,31465.5495,8043
202408,연제구,16시,29497.3413,8564
202408,연제구,17시,30396.1718,8946
202408,연제구,18시,30094.2239,9723
202408,연제구,19시,29733.0273,8583
202408,연제구,20시,25890.7373,7051
202408,연제구,21시,17190.8376,5270
202408,연제구,22시,10100.0288,3534
202408,연제구,23시,5976.9929,2152
202408,영도구,00시,1209.2602,497
202408,영도구,01시,781.7018,318
202408,영도구,02시,452.4665,214
202408,영도구,03시,251.1114,143
202408,영도구,04시,288.345,167
202408,영도구,05시,399.5829,279
202408,영도구,06시,752.4288,561
202408,영도구,07시,1196.2061,839
202408,영도구,08시,2032.4426,1368
202408,영도구,09시,5879.4026,2188
202408,영도구,10시,8626.2127,2758
202408,영도구,11시,11098.6816,3690
202408,영도구,12시,12933.8043,4690
202408,영도구,13시,10742.9726,3550
202408,영도구,14시,9800.3828,3402
202408,영도구,15시,9366.1977,3370
202408,영도구,16시,9272.8512,3451
202408,영도구,17시,10101.0059,3642
202408,영도구,18시,10363.938,3683
202408,영도구,19시,10150.2946,3153
202408,영도구,20시,7591.8168,2424
202408,영도구,21시,4773.4314,1757
202408,영도구,22시,2954.6651,1198
202408,영도구,23시,1924.217,767
202408,중구,00시,2511.0689,619
202408,중구,01시,1552.6523,441
202408,중구,02시,1240.7375,300
202408,중구,03시,737.3951,201
202408,중구,04시,420.6982,175
202408,중구,05시,429.3331,203
202408,중구,06시,610.4325,338
202408,중구,07시,1164.961,742
202408,중구,08시,2416.9945,1924
202408,중구,09시,6035.4408,2073
202408,중구,10시,10727.8324,2824
202408,중구,11시,16258.0099,4518
202408,중구,12시,22399.0136,6964
202408,중구,13시,19885.2322,5754
202408,중구,14시,19166.8548,5372
202408,중구,15시,19120.5616,5161
202408,중구,16시,18440.2289,4999
202408,중구,17시,17613.7941,4957
202408,중구,18시,18599.8934,5119
202408,중구,19시,18535.8111,4468
202408,중구,20시,13753.8669,3422
202408,중구,21시,8371.2243,2314
202408,중구,22시,5136.8536,1548
202408,중구,23시,3713.5445,998
202408,해운대구,00시,6512.2271,2469
202408,해운대구,01시,3907.7926,1514
202408,해운대구,02시,2414.344,1000
202408,해운대구,03시,1645.3396,684
202408,해운대구,04시,1743.9542,669
202408,해운대구,05시,1953.6057,937
202408,해운대구,06시,3795.999,1755
202408,해운대구,07시,5912.5534,3063
202408,해운대구,08시,13299.8951,6226
202408,해운대구,09시,33390.4859,9938
202408,해운대구,10시,51946.797,12854
202408,해운대구,11시,74099.2619,16716
202408,해운대구,12시,84713.6256,21076
202408,해운대구,13시,78744.6611,17889
202408,해운대구,14시,93323.8377,20012
202408,해운대구,15시,81833.7799,16901
202408,해운대구,16시,81456.0758,16774
202408,해운대구,17시,77634.4434,16998
202408,해운대구,18시,71313.2138,17133
202408,해운대구,19시,66845.9226,15463
202408,해운대구,20시,52309.7402,12620
202408,해운대구,21시,29811.0518,9507
202408,해운대구,22시,17077.624,6594
202408,해운대구,23시,10229.3973,4093
202409,강서구,00시,4124.0433,696
202409,강서구,01시,2466.9927,430
202409,강서구,02시,1638.5659,298
202409,강서구,03시,1627.9602,253
202409,강서구,04시,2026.9326,308
202409,강서구,05시,3702.0447,721
202409,강서구,06시,7951.7391,2077
202409,강서구,07시,10265.4831,3052
202409,강서구,08시,15154.5148,3621
202409,강서구,09시,31626.5316,4338
202409,강서구,10시,45944.8718,4853
202409,강서구,11시,46547.0668,6763
202409,강서구,12시,43994.0281,8955
202409,강서구,13시,45176.9964,7027
202409,강서구,14시,53975.3287,6559
202409,강서구,15시,55035.8385,6294
202409,강서구,16시,49702.036,6493
202409,강서구,17시,39071.1417,7199
202409,강서구,18시,35291.4272,7210
202409,강서구,19시,29568.823,6329
202409,강서구,20시,24595.9785,4913
202409,강서구,21시,15893.8357,3177
202409,강서구,22시,10195.402,1897
202409,강서구,23시,6174.0199,1130
202409,금정구,00시,3094.1258,1312
202409,금정구,01시,2026.1343,821
202409,금정구,02시,1372.5043,528
202409,금정구,03시,828.6828,368
202409,금정구,04시,690.8085,349
202409,금정구,05시,1031.5068,545
202409,금정구,06시,1988.8577,1060
202409,금정구,07시,3651.3949,1757
202409,금정구,08시,8924.3445,3487
202409,금정구,09시,17970.5882,5273
202409,금정구,10시,24493.5181,6762
202409,금정구,11시,33992.2076,8612
202409,금정구,12시,39012.2003,11557
202409,금정구,13시,34084.8753,9567
202409,금정구,14시,33708.1956,8778
202409,금정구,15시,33412.1405,8491
202409,금정구,16시,30395.6391,8868
202409,금정구,17시,31682.5836,9491
202409,금정구,18시,31278.8887,9855
202409,금정구,19시,29091.1621,8273
202409,금정구,20시,20702.8707,6432
202409,금정구,21시,14112.5594,4781
202409,금정구,22시,7753.9744,3270
202409,금정구,23시,5039.7197,2097
202409,기장군,00시,1846.7357,669
202409,기장군,01시,1065.5198,379
202409,기장군,02시,666.3741,257
202409,기장군,03시,450.9992,181
202409,기장군,04시,483.5382,199
202409,기장군,05시,1150.7243,434
202409,기장군,06시,2853.3326,981
202409,기장군,07시,3917.238,1577
202409,기장군,08시,6448.2594,2450
202409,기장군,09시,12821.9444,3757
202409,기장군,10시,21433.8972,5068
202409,기장군,11시,36510.1536,7482
202409,기장군,12시,48120.1386,10117
202409,기장군,13시,49740.1951,9553
202409,기장군,14시,48567.6598,9266
202409,기장군,15시,46454.5147,8641
202409,기장군,16시,44722.466,8430
202409,기장군,17시,42797.9305,8359
202409,기장군,18시,42160.4156,8084
202409,기장군,19시,36708.1004,6893
202409,기장군,20시,24371.1842,4953
202409,기장군,21시,10004.6256,3057
202409,기장군,22시,5364.7941,1869
202409,기장군,23시,3071.3984,1106
202409,남구,00시,3816.5969,1629
202409,남구,01시,2485.5689,1026
202409,남구,02시,1736.8463,708
202409,남구,03시,1291.3816,514
202409,남구,04시,1401.769,472
202409,남구,05시,1941.5155,714
202409,남구,06시,2932.6645,1067
202409,남구,07시,4004.7756,1859
202409,남구,08시,7545.6163,3818
202409,남구,09시,15651.9938,5659
202409,남구,10시,27290.6885,7536
202409,남구,11시,33307.341,9909
202409,남구,12시,35842.2618,12677
202409,남구,13시,30428.5002,10094
202409,남구,14시,32438.5159,9674
202409,남구,15시,32242.3255,9695
202409,남구,16시,33119.1756,10132
202409,남구,17시,33253.3128,10544
202409,남구,18시,33458.1565,10806
202409,남구,19시,31055.5604,9469
202409,남구,20시,24440.1483,7585
202409,남구,21시,15983.1754,5808
202409,남구,22시,9746.7177,3927
202409,남구,23시,6193.1833,2608
202409,동구,00시,2193.6884,701
202409,동구,01시,1812.4745,502
202409,동구,02시,1405.4714,363
202409,동구,03시,1456.9649,268
202409,동구,04시,950.0134,290
202409,동구,05시,1291.9201,501
202409,동구,06시,2019.9071,900
202409,동구,07시,3322.1561,1477
202409,동구,08시,4586.651,2802
202409,동구,09시,10439.5222,3435
202409,동구,10시,18645.4152,4147
202409,동구,11시,22358.2223,5898
202409,동구,12시,22375.7878,7750
202409,동구,13시,17624.1385,5752
202409,동구,14시,17039.9043,5108
202409,동구,15시,16587.1866,4999
202409,동구,16시,16232.3644,4959
202409,동구,17시,14921.1954,4874
202409,동구,18시,14848.3492,5217
202409,동구,19시,13786.911,4455
202409,동구,20시,10410.9171,3366
202409,동구,21시,6771.6007,2453
202409,동구,22시,4365.4697,1626
202409,동구,23시,3188.5226,1022
202409,동래구,00시,5741.6014,1695
202409,동래구,01시,3723.188,1086
202409,동래구,02시,2604.5475,740
202409,동래구,03시,1588.8123,498
202409,동래구,04시,1355.1964,486
202409,동래구,05시,2070.5815,805
202409,동래구,06시,2700.1912,1258
202409,동래구,07시,3908.2353,1921
202409,동래구,08시,10136.7462,3794
202409,동래구,09시,26610.4879,6502
202409,동래구,10시,42338.2226,8485
202409,동래구,11시,56037.8505,10164
202409,동래구,12시,51524.2777,12566
202409,동래구,13시,43937.4812,11208
202409,동래구,14시,46477.1145,10844
202409,동래구,15시,43036.8328,10959
202409,동래구,16시,42407.5684,11568
202409,동래구,17시,43270.9458,12081
202409,동래구,18시,42184.4293,12450
202409,동래구,19시,38819.2593,10667
202409,동래구,20시,32157.4446,8570
202409,동래구,21시,21665.1145,6396
202409,동래구,22시,13763.3006,4402
202409,동래구,23시,9285.1629,2692
202409,부산진구,00시,10053.0804,3469
202409,부산진구,01시,7414.4937,2463
202409,부산진구,02시,5063.3044,1795
202409,부산진구,03시,3589.578,1344
202409,부산진구,04시,2849.3273,1159
202409,부산진구,05시,3303.9825,1514
202409,부산진구,06시,4209.1732,2105
202409,부산진구,07시,6371.4929,3357
202409,부산진구,08시,12940.7672,6777
202409,부산진구,09시,34707.3859,10404
202409,부산진구,10시,59019.0563,13389
202409,부산진구,11시,75282.3156,17511
202409,부산진구,12시,79847.9646,22925
202409,부산진구,13시,76007.9104,19670
202409,부산진구,14시,75707.678,18623
202409,부산진구,15시,76437.1072,18677
202409,부산진구,16시,72682.3565,19124
202409,부산진구,17시,67499.5187,19526
202409,부산진구,18시,66139.2177,19891
202409,부산진구,19시,62007.4473,17186
202409,부산진구,20시,49427.7128,13863
202409,부산진구,21시,32646.2112,10717
202409,부산진구,22시,21865.0573,7792
202409,부산진구,23시,15248.5529,5192
202409,북구,00시,3559.1328,1291
202409,북구,01시,2418.064,819
202409,북구,02시,1530.7362,551
202409,북구,03시,1163.0746,426
202409,북구,04시,841.939,415
202409,북구,05시,1489.3636,706
202409,북구,06시,2467.5063,1172
202409,북구,07시,3324.3743,1822
202409,북구,08시,7454.5977,3411
202409,북구,09시,22547.5034,6750
202409,북구,10시,41023.3966,9384
202409,북구,11시,46899.4713,11134
202409,북구,12시,46227.3555,12741
202409,북구,13시,41800.5364,11213
202409,북구,14시,44765.3126,11225
202409,북구,15시,45977.4096,11954
202409,북구,16시,47420.0839,12502
202409,북구,17시,47438.4288,13112
202409,북구,18시,46248.3621,13117
202409,북구,19시,40272.7595,11060
202409,북구,20시,30775.968,8572
202409,북구,21시,18566.1319,6115
202409,북구,22시,8721.8939,3283
202409,북구,23시,5493.4756,2056
202409,사상구,00시,3754.3026,1301
202409,사상구,01시,2695.7164,879
202409,사상구,02시,1734.8309,609
202409,사상구,03시,1370.993,459
202409,사상구,04시,1481.473,507
202409,사상구,05시,2795.1001,934
202409,사상구,06시,4803.0014,1714
202409,사상구,07시,6659.8842,2918
202409,사상구,08시,10705.353,4155
202409,사상구,09시,21681.7658,5803
202409,사상구,10시,27922.2857,7163
202409,사상구,11시,36152.9347,8666
202409,사상구,12시,36422.5769,11196
202409,사상구,13시,33550.1033,9081
202409,사상구,14시,32592.9196,8542
202409,사상구,15시,32245.5244,8400
202409,사상구,16시,32782.5975,8650
202409,사상구,17시,31541.8685,9440
202409,사상구,18시,30818.961,9692
202409,사상구,19시,28811.2946,8406
202409,사상구,20시,22778.3936,6657
202409,사상구,21시,14645.9678,4891
202409,사상구,22시,9466.0509,3215
202409,사상구,23시,5858.1514,2025
202409,사하구,00시,4821.9605,1625
202409,사하구,01시,3292.2915,1070
202409,사하구,02시,2339.8707,761
202409,사하구,03시,1615.3194,568
202409,사하구,04시,1432.4424,561
202409,사하구,05시,2101.5018,938
202409,사하구,06시,3461.8426,1825
202409,사하구,07시,4765.3461,2840
202409,사하구,08시,7713.4857,4158
202409,사하구,09시,18664.1565,6331
202409,사하구,10시,30678.3857,8283
202409,사하구,11시,34486.5575,9936
202409,사하구,12시,36592.4438,12117
202409,사하구,13시,30584.827,10045
202409,사하구,14시,33010.6775,9988
202409,사하구,15시,33729.4748,10070
202409,사하구,16시,34233.4138,10653
202409,사하구,17시,35589.081,11622
202409,사하구,18시,36896.4031,12006
202409,사하구,19시,33695.671,10157
202409,사하구,20시,27352.24,8047
202409,사하구,21시,16974.8916,5881
202409,사하구,22시,10420.3413,3925
202409,사하구,23시,6956.7661,2493
202409,서구,00시,1135.7275,444
202409,서구,01시,741.3872,294
202409,서구,02시,567.2767,202
202409,서구,03시,327.1762,150
202409,서구,04시,304.8522,146
202409,서구,05시,580.4868,290
202409,서구,06시,1269.406,655
202409,서구,07시,3206.1196,1225
202409,서구,08시,7125.1953,2220
202409,서구,09시,17402.0807,3336
202409,서구,10시,24275.4826,4000
202409,서구,11시,25177.1284,4715
202409,서구,12시,19256.6612,5537
202409,서구,13시,17095.6205,4293
202409,서구,14시,17916.2659,4151
202409,서구,15시,15345.6382,3870
202409,서구,16시,13581.7017,3680
202409,서구,17시,11097.1025,3547
202409,서구,18시,10616.6377,3480
202409,서구,19시,9603.5297,2966
202409,서구,20시,7378.4641,2343
202409,서구,21시,5104.7208,1820
202409,서구,22시,3008.1663,1274
202409,서구,23시,2037.7629,752
202409,수영구,00시,5691.2095,1811
202409,수영구,01시,3811.6941,1225
202409,수영구,02시,2372.5426,799
202409,수영구,03시,1482.712,537
202409,수영구,04시,1047.6634,421
202409,수영구,05시,1060.1728,524
202409,수영구,06시,1368.8275,755
202409,수영구,07시,2305.2322,1308
202409,수영구,08시,4970.8112,2650
202409,수영구,09시,15114.6118,4441
202409,수영구,10시,24146.5009,5795
202409,수영구,11시,30016.2026,7083
202409,수영구,12시,32263.4137,8799
202409,수영구,13시,27213.4166,7592
202409,수영구,14시,27724.5235,7523
202409,수영구,15시,26232.9957,7510
202409,수영구,16시,24413.4967,7645
202409,수영구,17시,24069.4779,7932
202409,수영구,18시,26171.4833,8331
202409,수영구,19시,26685.2077,7760
202409,수영구,20시,24030.5147,6707
202409,수영구,21시,17692.5131,5487
202409,수영구,22시,11852.8969,4047
202409,수영구,23시,7813.9285,2619
202409,연제구,00시,3924.3332,1317
202409,연제구,01시,2766.2661,855
202409,연제구,02시,1883.1768,606
202409,연제구,03시,1302.4584,441
202409,연제구,04시,968.1005,381
202409,연제구,05시,1163.0522,585
202409,연제구,06시,1886.6488,905
202409,연제구,07시,3321.4971,1498
202409,연제구,08시,6702.0526,3415
202409,연제구,09시,19001.3269,4918
202409,연제구,10시,39431.7588,6295
202409,연제구,11시,40586.3248,8160
202409,연제구,12시,39881.3552,10851
202409,연제구,13시,34290.2603,8363
202409,연제구,14시,35335.1131,7984
202409,연제구,15시,34194.698,8040
202409,연제구,16시,31630.7351,8396
202409,연제구,17시,30820.6244,8842
202409,연제구,18시,30203.9193,9291
202409,연제구,19시,29484.3135,8222
202409,연제구,20시,25532.0483,6681
202409,연제구,21시,16913.5689,5103
202409,연제구,22시,10061.6539,3420
202409,연제구,23시,6100.4599,2128
202409,영도구,00시,1392.5441,528
202409,영도구,01시,849.8607,340
202409,영도구,02시,568.4612,233
202409,영도구,03시,337.8149,159
202409,영도구,04시,278.4198,171
202409,영도구,05시,491.4322,271
202409,영도구,06시,735.6089,538
202409,영도구,07시,1322.1544,829
202409,영도구,08시,2480.6951,1379
202409,영도구,09시,5730.6223,2141
202409,영도구,10시,9019.2321,2679
202409,영도구,11시,11213.1769,3590
202409,영도구,12시,13142.1657,4630
202409,영도구,13시,10760.6335,3509
202409,영도구,14시,10063.3198,3414
202409,영도구,15시,10387.8362,3364
202409,영도구,16시,9330.662,3425
202409,영도구,17시,9901.6633,3567
202409,영도구,18시,10555.4111,3568
202409,영도구,19시,9668.2464,2950
202409,영도구,20시,7365.296,2281
202409,영도구,21시,4656.2266,1713
202409,영도구,22시,3063.6854,1228
202409,영도구,23시,2135.0969,814
202409,중구,00시,2577.7344,621
202409,중구,01시,1770.898,430
202409,중구,02시,1306.0995,308
202409,중구,03시,795.9837,214
202409,중구,04시,499.5133,170
202409,중구,05시,595.3329,195
202409,중구,06시,788.5751,311
202409,중구,07시,1156.7603,666
202409,중구,08시,2629.3955,1728
202409,중구,09시,5538.0038,1958
202409,중구,10시,10809.1014,2648
202409,중구,11시,16702.0325,4150
202409,중구,12시,22622.6473,6531
202409,중구,13시,23875.444,5501
202409,중구,14시,21357.5093,5244
202409,중구,15시,21478.6315,5065
202409,중구,16시,20465.3408,4853
202409,중구,17시,18529.3488,4719
202409,중구,18시,19205.4163,4780
202409,중구,19시,18038.7012,4099
202409,중구,20시,13644.6312,3198
202409,중구,21시,8091.4921,2187
202409,중구,22시,5370.1775,1486
202409,중구,23시,3784.0093,976
202409,해운대구,00시,5906.5788,2215
202409,해운대구,01시,3537.1742,1416
202409,해운대구,02시,2327.9212,935
202409,해운대구,03시,1442.4413,634
202409,해운대구,04시,1392.2729,628
202409,해운대구,05시,2059.3589,907
202409,해운대구,06시,3927.6701,1662
202409,해운대구,07시,6414.8214,2961
202409,해운대구,08시,12153.443,5827
202409,해운대구,09시,31385.687,9059
202409,해운대구,10시,52641.4604,11630
202409,해운대구,11시,73450.335,14974
202409,해운대구,12시,87428.5744,19099
202409,해운대구,13시,81208.6648,16635
202409,해운대구,14시,92204.1835,18851
202409,해운대구,15시,86122.1504,15797
202409,해운대구,16시,87251.3901,15693
202409,해운대구,17시,78377.768,15911
202409,해운대구,18시,76123.7957,15678
202409,해운대구,19시,68448.6758,13954
202409,해운대구,20시,44236.5991,10991
202409,해운대구,21시,26638.341,8182
202409,해운대구,22시,15170.716,5677
202409,해운대구,23시,8927.2314,3540
202410,강서구,00시,3730.1376,677
202410,강서구,01시,2429.0869,417
202410,강서구,02시,1667.8671,308
202410,강서구,03시,1709.8644,284
202410,강서구,04시,1958.5525,332
202410,강서구,05시,3917.3317,782
202410,강서구,06시,8103.1556,2092
202410,강서구,07시,10539.3877,3099
202410,강서구,08시,15402.4691,3727
202410,강서구,09시,36578.8334,4430
202410,강서구,10시,47737.3376,4974
202410,강서구,11시,45704.3816,6935
202410,강서구,12시,39941.3259,9374
202410,강서구,13시,50868.0305,7187
202410,강서구,14시,52815.8129,6503
202410,강서구,15시,55950.6708,6319
202410,강서구,16시,48777.5703,6605
202410,강서구,17시,39872.6969,7281
202410,강서구,18시,31423.09,7068
202410,강서구,19시,27518.3766,6004
202410,강서구,20시,22797.3676,4638
202410,강서구,21시,15485.7237,2977
202410,강서구,22시,10133.1849,1764
202410,강서구,23시,6160.1528,1081
202410,금정구,00시,2786.3898,1294
202410,금정구,01시,1797.7682,793
202410,금정구,02시,1132.8447,512
202410,금정구,03시,666.7788,370
202410,금정구,04시,539.9279,329
202410,금정구,05시,1005.4511,536
202410,금정구,06시,1940.5107,1062
202410,금정구,07시,3599.5115,1751
202410,금정구,08시,6729.8791,3515
202410,금정구,09시,14470.4867,5212
202410,금정구,10시,22923.9752,6620
202410,금정구,11시,30107.0474,8781
202410,금정구,12시,36978.6956,11999
202410,금정구,13시,32848.2132,9863
202410,금정구,14시,31999.0861,9096
202410,금정구,15시,30465.3786,8710
202410,금정구,16시,31148.6417,9055
202410,금정구,17시,33593.5246,9655
202410,금정구,18시,29334.7022,9881
202410,금정구,19시,25500.1725,7893
202410,금정구,20시,18146.8716,5987
202410,금정구,21시,11610.6203,4411
202410,금정구,22시,6997.3505,3108
202410,금정구,23시,4311.4578,2024
202410,기장군,00시,1805.0783,630
202410,기장군,01시,1067.3123,373
202410,기장군,02시,571.7291,235
202410,기장군,03시,372.8633,149
202410,기장군,04시,369.8756,181
202410,기장군,05시,1107.729,448
202410,기장군,06시,2651.0321,948
202410,기장군,07시,3631.92,1562
202410,기장군,08시,5630.6026,2355
202410,기장군,09시,11692.5101,3650
202410,기장군,10시,19817.7418,4950
202410,기장군,11시,34000.0999,7247
202410,기장군,12시,49570.4688,10188
202410,기장군,13시,50363.7335,9506
202410,기장군,14시,48990.8666,9070
202410,기장군,15시,48300.4541,8502
202410,기장군,16시,43397.4868,8222
202410,기장군,17시,41847.666,8055
202410,기장군,18시,37635.1602,7534
202410,기장군,19시,30399.5144,6172
202410,기장군,20시,20838.3264,4396
202410,기장군,21시,8844.6893,2796
202410,기장군,22시,4859.2514,1701
202410,기장군,23시,2939.3134,1028
202410,남구,00시,3602.2945,1583
202410,남구,01시,2316.124,1007
202410,남구,02시,1617.049,701
202410,남구,03시,1205.9469,507
202410,남구,04시,1273.5245,478
202410,남구,05시,1920.9815,750
202410,남구,06시,2836.7834,1092
202410,남구,07시,3900.8625,1816
202410,남구,08시,6786.9402,3852
202410,남구,09시,15002.3575,5572
202410,남구,10시,25933.0229,7524
202410,남구,11시,31368.9525,10024
202410,남구,12시,35936.3573,13207
202410,남구,13시,30803.3463,10372
202410,남구,14시,30921.9712,9732
202410,남구,15시,32197.4018,9945
202410,남구,16시,32929.1084,10300
202410,남구,17시,31817.0459,10700
202410,남구,18시,31796.2822,10815
202410,남구,19시,28003.9571,8989
202410,남구,20시,21974.7376,7014
202410,남구,21시,14981.48,5413
202410,남구,22시,9025.1943,3721
202410,남구,23시,5484.9029,2458
202410,동구,00시,2122.4047,661
202410,동구,01시,1598.1711,472
202410,동구,02시,1391.421,326
202410,동구,03시,1638.1367,238
202410,동구,04시,742.9428,282
202410,동구,05시,1011.9187,501
202410,동구,06시,1919.5805,873
202410,동구,07시,2927.9846,1494
202410,동구,08시,4584.5261,2814
202410,동구,09시,9809.8175,3383
202410,동구,10시,19473.322,4058
202410,동구,11시,22860.8483,6049
202410,동구,12시,21231.1322,7829
202410,동구,13시,17566.0009,5683
202410,동구,14시,18654.4502,5119
202410,동구,15시,17039.317,4835
202410,동구,16시,14852.0746,4868
202410,동구,17시,14391.1087,4814
202410,동구,18시,13000.4332,5086
202410,동구,19시,11832.6934,4242
202410,동구,20시,9266.089,3146
202410,동구,21시,5944.9513,2287
202410,동구,22시,3982.5282,1503
202410,동구,23시,2945.9557,967
202410,동래구,00시,4843.8843,1520
202410,동래구,01시,3292.7831,1003
202410,동래구,02시,2386.3874,699
202410,동래구,03시,1387.2418,462
202410,동래구,04시,1116.001,450
202410,동래구,05시,1852.8054,782
202410,동래구,06시,2581.1829,1212
202410,동래구,07시,3849.8368,1892
202410,동래구,08시,10567.8535,3810
202410,동래구,09시,24616.8111,6325
202410,동래구,10시,43237.7614,8440
202410,동래구,11시,51995.5335,10205
202410,동래구,12시,51626.4455,12793
202410,동래구,13시,42181.9071,11088
202410,동래구,14시,46416.487,10822
202410,동래구,15시,45340.3311,10871
202410,동래구,16시,41386.1579,11142
202410,동래구,17시,40792.9684,11469
202410,동래구,18시,38633.2806,11498
202410,동래구,19시,35273.0754,9689
202410,동래구,20시,27860.5745,7690
202410,동래구,21시,18219.0077,5755
202410,동래구,22시,12351.9488,3972
202410,동래구,23시,7966.3002,2454
202410,부산진구,00시,9380.5402,3276
202410,부산진구,01시,6734.7,2359
202410,부산진구,02시,4524.2551,1691
202410,부산진구,03시,3205.3928,1245
202410,부산진구,04시,2472.7454,1089
202410,부산진구,05시,2760.5779,1487
202410,부산진구,06시,3909.88,2039
202410,부산진구,07시,5543.2373,3211
202410,부산진구,08시,11643.5455,6832
202410,부산진구,09시,33501.3202,10334
202410,부산진구,10시,57795.6065,13123
202410,부산진구,11시,73364.1834,17573
202410,부산진구,12시,79218.3954,23648
202410,부산진구,13시,68765.2105,20141
202410,부산진구,14시,75705.1449,19122
202410,부산진구,15시,75917.2221,19020
202410,부산진구,16시,72739.4406,19310
202410,부산진구,17시,64088.0997,19460
202410,부산진구,18시,63979.1784,19428
202410,부산진구,19시,57473.8657,16249
202410,부산진구,20시,43830.6481,12877
202410,부산진구,21시,28965.7645,9966
202410,부산진구,22시,19698.4186,7180
202410,부산진구,23시,13435.5234,4873
202410,북구,00시,3269.7117,1206
202410,북구,01시,2306.0771,788
202410,북구,02시,1521.0176,533
202410,북구,03시,1038.2576,411
202410,북구,04시,859.8906,411
202410,북구,05시,1398.0115,696
202410,북구,06시,2442.6194,1159
202410,북구,07시,3026.791,1773
202410,북구,08시,6553.3051,3262
202410,북구,09시,20803.6414,6492
202410,북구,10시,35358.9883,9107
202410,북구,11시,43000.7727,11153
202410,북구,12시,45149.5314,13128
202410,북구,13시,41136.4019,11488
202410,북구,14시,42548.6414,11704
202410,북구,15시,46095.5025,12472
202410,북구,16시,46504.8531,12979
202410,북구,17시,45709.6653,13368
202410,북구,18시,42814.8137,12802
202410,북구,19시,35896.0915,10235
202410,북구,20시,27952.745,8056
202410,북구,21시,17385.3088,5782
202410,북구,22시,7932.0425,3043
202410,북구,23시,5316.8435,1906
202410,사상구,00시,3557.1053,1260
202410,사상구,01시,2525.5513,833
202410,사상구,02시,1601.1581,587
202410,사상구,03시,1208.999,436
202410,사상구,04시,1351.7044,470
202410,사상구,05시,2586.7076,923
202410,사상구,06시,4183.3645,1704
202410,사상구,07시,6181.198,2903
202410,사상구,08시,9839.8002,4166
202410,사상구,09시,18640.4466,5668
202410,사상구,10시,28186.8675,7013
202410,사상구,11시,32759.0544,8667
202410,사상구,12시,34837.9227,11370
202410,사상구,13시,31569.781,9128
202410,사상구,14시,31282.8397,8588
202410,사상구,15시,32989.1512,8687
202410,사상구,16시,30639.048,8704
202410,사상구,17시,30379.1612,9548
202410,사상구,18시,28884.3022,9630
202410,사상구,19시,26533.1699,7820
202410,사상구,20시,20448.0386,6238
202410,사상구,21시,13368.6941,4644
202410,사상구,22시,8440.035,3061
202410,사상구,23시,5430.7445,1886
202410,사하구,00시,4332.2094,1481
202410,사하구,01시,3039.2427,1003
202410,사하구,02시,2018.9868,709
202410,사하구,03시,1519.5503,524
202410,사하구,04시,1325.0797,546
202410,사하구,05시,2041.8583,945
202410,사하구,06시,3390.0391,1828
202410,사하구,07시,4348.0588,2848
202410,사하구,08시,7448.0651,4078
202410,사하구,09시,17400.2578,6252
202410,사하구,10시,28057.577,8044
202410,사하구,11시,33116.8861,9952
202410,사하구,12시,36593.965,12468
202410,사하구,13시,30016.0401,10267
202410,사하구,14시,32871.7913,10288
202410,사하구,15시,33600.5673,10350
202410,사하구,16시,33837.382,10703
202410,사하구,17시,33999.3667,11712
202410,사하구,18시,34949.4972,11786
202410,사하구,19시,31198.5855,9537
202410,사하구,20시,24126.6827,7512
202410,사하구,21시,14986.1477,5378
202410,사하구,22시,9161.4622,3578
202410,사하구,23시,6307.6304,2276
202410,서구,00시,1012.4142,438
202410,서구,01시,666.115,278
202410,서구,02시,451.5503,192
202410,서구,03시,267.4495,138
202410,서구,04시,262.7931,145
202410,서구,05시,632.7734,290
202410,서구,06시,1297.7334,641
202410,서구,07시,3763.9693,1231
202410,서구,08시,7023.6369,2242
202410,서구,09시,17767.2806,3397
202410,서구,10시,23711.3868,3959
202410,서구,11시,24255.191,4706
202410,서구,12시,19827.1124,5646
202410,서구,13시,17830.575,4368
202410,서구,14시,18314.2361,4272
202410,서구,15시,16418.2869,3970
202410,서구,16시,13441.6567,3701
202410,서구,17시,11173.9921,3586
202410,서구,18시,10169.6155,3492
202410,서구,19시,8815.3974,2764
202410,서구,20시,7157.3024,2167
202410,서구,21시,4740.8166,1698
202410,서구,22시,2880.8167,1167
202410,서구,23시,1664.0977,696
202410,수영구,00시,4842.5659,1625
202410,수영구,01시,3343.0765,1118
202410,수영구,02시,2095.5256,753
202410,수영구,03시,1468.3136,495
202410,수영구,04시,869.7565,404
202410,수영구,05시,1022.9432,512
202410,수영구,06시,1326.4463,726
202410,수영구,07시,2061.3671,1261
202410,수영구,08시,5068.4829,2672
202410,수영구,09시,13073.7437,4354
202410,수영구,10시,22680.8178,5745
202410,수영구,11시,29425.2136,7189
202410,수영구,12시,31304.1413,9036
202410,수영구,13시,26970.3427,7873
202410,수영구,14시,27591.0283,7648
202410,수영구,15시,26162.0439,7770
202410,수영구,16시,24940.596,7805
202410,수영구,17시,22557.8859,7914
202410,수영구,18시,24712.6589,8164
202410,수영구,19시,24582.9293,7247
202410,수영구,20시,21958.2858,6117
202410,수영구,21시,15565.7721,4943
202410,수영구,22시,10245.7934,3613
202410,수영구,23시,7185.5027,2435
202410,연제구,00시,3593.7486,1248
202410,연제구,01시,2626.7238,843
202410,연제구,02시,1712.2857,574
202410,연제구,03시,1119.6122,418
202410,연제구,04시,904.5533,382
202410,연제구,05시,1210.3443,577
202410,연제구,06시,1786.0324,917
202410,연제구,07시,3081.3476,1463
202410,연제구,08시,6790.0639,3472
202410,연제구,09시,15727.7134,4932
202410,연제구,10시,28064.976,6279
202410,연제구,11시,36009.7596,8324
202410,연제구,12시,37865.8241,11187
202410,연제구,13시,31254.0619,8448
202410,연제구,14시,34032.4987,7987
202410,연제구,15시,31477.4653,8151
202410,연제구,16시,33490.7507,8405
202410,연제구,17시,29080.8938,8765
202410,연제구,18시,27250.7952,9206
202410,연제구,19시,27245.9293,7758
202410,연제구,20시,23082.0585,6267
202410,연제구,21시,15237.8419,4753
202410,연제구,22시,8943.631,3185
202410,연제구,23시,5626.0189,2045
202410,영도구,00시,1164.7546,513
202410,영도구,01시,864.2479,328
202410,영도구,02시,511.3669,224
202410,영도구,03시,303.8977,156
202410,영도구,04시,275.2315,165
202410,영도구,05시,412.765,281
202410,영도구,06시,695.5556,548
202410,영도구,07시,1158.426,809
202410,영도구,08시,2142.797,1362
202410,영도구,09시,5381.4114,2063
202410,영도구,10시,8047.6711,2554
202410,영도구,11시,9880.8476,3530
202410,영도구,12시,12567.6527,4657
202410,영도구,13시,9816.8954,3497
202410,영도구,14시,9725.2822,3361
202410,영도구,15시,9614.4048,3390
202410,영도구,16시,9612.9821,3389
202410,영도구,17시,9397.5181,3513
202410,영도구,18시,9843.7598,3428
202410,영도구,19시,8656.1294,2675
202410,영도구,20시,6558.6729,2080
202410,영도구,21시,4125.4203,1573
202410,영도구,22시,2653.0025,1098
202410,영도구,23시,1844.5039,772
202410,중구,00시,2379.8205,573
202410,중구,01시,1720.4842,422
202410,중구,02시,1081.8463,289
202410,중구,03시,673.9179,209
202410,중구,04시,425.299,159
202410,중구,05시,436.5252,196
202410,중구,06시,532.6674,315
202410,중구,07시,1024.8422,684
202410,중구,08시,2359.3422,1750
202410,중구,09시,5474.1754,1914
202410,중구,10시,10362.353,2595
202410,중구,11시,16813.6819,4171
202410,중구,12시,23064.8658,6875
202410,중구,13시,22168.7841,5694
202410,중구,14시,22608.5078,5446
202410,중구,15시,21598.1072,5184
202410,중구,16시,20260.6465,4877
202410,중구,17시,19134.6036,4622
202410,중구,18시,18746.2119,4683
202410,중구,19시,17008.956,3873
202410,중구,20시,12166.1372,2902
202410,중구,21시,7373.7617,2022
202410,중구,22시,5050.8601,1398
202410,중구,23시,3368.9573,914
202410,해운대구,00시,5386.7344,2071
202410,해운대구,01시,3501.2666,1315
202410,해운대구,02시,2189.3852,900
202410,해운대구,03시,1389.5789,609
202410,해운대구,04시,1453.5164,615
202410,해운대구,05시,1974.1989,912
202410,해운대구,06시,3655.1324,1584
202410,해운대구,07시,5654.5225,2861
202410,해운대구,08시,11664.8394,5791
202410,해운대구,09시,27426.9908,9045
202410,해운대구,10시,53547.2741,11540
202410,해운대구,11시,67796.2391,15014
202410,해운대구,12시,81963.2952,19516
202410,해운대구,13시,78706.7135,16799
202410,해운대구,14시,88301.4198,18815
202410,해운대구,15시,82003.8067,15776
202410,해운대구,16시,80991.4206,15682
202410,해운대구,17시,75960.4881,15663
202410,해운대구,18시,69367.35,15294
202410,해운대구,19시,60156.6412,13125
202410,해운대구,20시,38671.0875,9919
202410,해운대구,21시,23334.5469,7527
202410,해운대구,22시,13923.161,5265
202410,해운대구,23시,11926.79,3320
202411,강서구,00시,4014.5082,660
202411,강서구,01시,2578.3709,424
202411,강서구,02시,1751.1697,315
202411,강서구,03시,1802.8535,259
202411,강서구,04시,2243.2887,327
202411,강서구,05시,3940.3096,768
202411,강서구,06시,8519.816,2199
202411,강서구,07시,11203.2185,3242
202411,강서구,08시,17204.7739,3784
202411,강서구,09시,52047.306,4465
202411,강서구,10시,61287.6192,5063
202411,강서구,11시,63883.0631,7099
202411,강서구,12시,56417.1346,9652
202411,강서구,13시,71256.7244,7302
202411,강서구,14시,78303.5796,6707
202411,강서구,15시,71405.7567,6569
202411,강서구,16시,73357.5729,6944
202411,강서구,17시,52632.1302,7704
202411,강서구,18시,32370.1077,7462
202411,강서구,19시,29336.7809,6274
202411,강서구,20시,24436.7788,4843
202411,강서구,21시,15844.5179,3164
202411,강서구,22시,10182.8485,1849
202411,강서구,23시,5966.0354,1067
202411,금정구,00시,2955.3803,1314
202411,금정구,01시,1896.4079,796
202411,금정구,02시,1146.8343,516
202411,금정구,03시,688.5696,351
202411,금정구,04시,516.7245,321
202411,금정구,05시,1101.3685,523
202411,금정구,06시,1997.5884,1045
202411,금정구,07시,3830.9218,1818
202411,금정구,08시,9391.1959,3658
202411,금정구,09시,18699.5267,5389
202411,금정구,10시,24863.2439,7063
202411,금정구,11시,32940.6323,9454
202411,금정구,12시,39887.8921,13108
202411,금정구,13시,37048.998,10602
202411,금정구,14시,37476.7962,9774
202411,금정구,15시,34482.7994,9598
202411,금정구,16시,33820.8427,9998
202411,금정구,17시,33624.6918,10506
202411,금정구,18시,31866.8969,10568
202411,금정구,19시,27696.7425,8441
202411,금정구,20시,21173.6401,6473
202411,금정구,21시,12983.487,4866
202411,금정구,22시,7971.4396,3328
202411,금정구,23시,4855.1443,2173
202411,기장군,00시,1896.9998,626
202411,기장군,01시,1139.7322,386
202411,기장군,02시,623.7912,246
202411,기장군,03시,329.2768,161
202411,기장군,04시,339.467,177
202411,기장군,05시,1051.8886,447
202411,기장군,06시,2563.1226,926
202411,기장군,07시,3766.7279,1562
202411,기장군,08시,6129.6831,2421
202411,기장군,09시,12383.2571,3710
202411,기장군,10시,20173.6732,5064
202411,기장군,11시,36158.8665,7425
202411,기장군,12시,49108.4942,10281
202411,기장군,13시,51938.5176,9529
202411,기장군,14시,52415.4446,9258
202411,기장군,15시,48257.441,8916
202411,기장군,16시,50213.1244,8745
202411,기장군,17시,46764.6769,8555
202411,기장군,18시,41379.2089,7982
202411,기장군,19시,34664.5899,6531
202411,기장군,20시,22588.4085,4734
202411,기장군,21시,9473.2647,2909
202411,기장군,22시,5079.1106,1806
202411,기장군,23시,3506.2177,1054
202411,남구,00시,4137.0507,1725
202411,남구,01시,2604.1225,1086
202411,남구,02시,1650.5651,719
202411,남구,03시,1223.0777,492
202411,남구,04시,1328.1171,462
202411,남구,05시,2070.6173,751
202411,남구,06시,2869.9837,1079
202411,남구,07시,4028.5165,1875
202411,남구,08시,7123.0386,3969
202411,남구,09시,17409.4661,5967
202411,남구,10시,27222.5415,7755
202411,남구,11시,34947.0778,10774
202411,남구,12시,39585.6299,14349
202411,남구,13시,32662.1696,11060
202411,남구,14시,34115.3476,10547
202411,남구,15시,34961.5922,10856
202411,남구,16시,36576.3127,11315
202411,남구,17시,33847.319,11568
202411,남구,18시,33206.425,11439
202411,남구,19시,30876.1697,9483
202411,남구,20시,24068.1121,7578
202411,남구,21시,16383.2422,5898
202411,남구,22시,10195.8164,4129
202411,남구,23시,6334.1009,2760
202411,동구,00시,2164.0712,685
202411,동구,01시,1666.6316,496
202411,동구,02시,1376.3271,335
202411,동구,03시,1285.5645,227
202411,동구,04시,1147.3261,272
202411,동구,05시,1094.57,516
202411,동구,06시,1824.3634,893
202411,동구,07시,3035.0395,1536
202411,동구,08시,5106.399,3018
202411,동구,09시,11546.6047,3631
202411,동구,10시,19652.855,4354
202411,동구,11시,22519.8895,6271
202411,동구,12시,23340.6166,8274
202411,동구,13시,18194.4128,5942
202411,동구,14시,17575.593,5320
202411,동구,15시,18702.3447,5117
202411,동구,16시,15766.2893,5081
202411,동구,17시,14607.1707,5092
202411,동구,18시,14582.0578,5400
202411,동구,19시,12977.1562,4460
202411,동구,20시,9970.498,3315
202411,동구,21시,6536.7011,2495
202411,동구,22시,4373.1175,1600
202411,동구,23시,3143.6809,1025
202411,동래구,00시,5156.6869,1580
202411,동래구,01시,3580.2094,1040
202411,동래구,02시,2464.892,703
202411,동래구,03시,1415.9276,471
202411,동래구,04시,1099.9484,442
202411,동래구,05시,1817.2254,789
202411,동래구,06시,2620.0195,1218
202411,동래구,07시,3938.9445,1936
202411,동래구,08시,10097.8363,3908
202411,동래구,09시,25611.4827,6632
202411,동래구,10시,44101.9498,8829
202411,동래구,11시,55678.6241,10758
202411,동래구,12시,59222.2866,13512
202411,동래구,13시,48441.4919,11676
202411,동래구,14시,47557.9736,11560
202411,동래구,15시,47118.7459,11861
202411,동래구,16시,43398.1213,12331
202411,동래구,17시,43891.5622,12487
202411,동래구,18시,40253.2083,12254
202411,동래구,19시,38207.2453,10266
202411,동래구,20시,30655.6843,8223
202411,동래구,21시,20922.3937,6204
202411,동래구,22시,13266.2758,4235
202411,동래구,23시,8517.6165,2645
202411,부산진구,00시,10352.6057,3483
202411,부산진구,01시,6956.2547,2424
202411,부산진구,02시,4674.8681,1752
202411,부산진구,03시,3599.65,1293
202411,부산진구,04시,2529.1958,1104
202411,부산진구,05시,3180.2514,1547
202411,부산진구,06시,3956.1255,2094
202411,부산진구,07시,5381.5783,3244
202411,부산진구,08시,12155.3526,6997
202411,부산진구,09시,36720.0488,10689
202411,부산진구,10시,64486.9618,13839
202411,부산진구,11시,82474.7126,18642
202411,부산진구,12시,88161.0346,25247
202411,부산진구,13시,77135.0286,21435
202411,부산진구,14시,83252.82,20423
202411,부산진구,15시,87955.1933,20679
202411,부산진구,16시,80412.5781,20967
202411,부산진구,17시,71337.2875,21083
202411,부산진구,18시,69843.4836,20901
202411,부산진구,19시,64715.3561,17598
202411,부산진구,20시,50316.6664,14047
202411,부산진구,21시,33481.3495,10904
202411,부산진구,22시,22813.5942,8045
202411,부산진구,23시,15668.2904,5367
202411,북구,00시,3133.9241,1214
202411,북구,01시,2233.0853,777
202411,북구,02시,1420.8718,534
202411,북구,03시,1092.8435,371
202411,북구,04시,779.2332,389
202411,북구,05시,1456.904,734
202411,북구,06시,2338.9155,1170
202411,북구,07시,2964.3579,1772
202411,북구,08시,6656.1444,3297
202411,북구,09시,20912.9169,6460
202411,북구,10시,36717.7613,9061
202411,북구,11시,43732.5814,11347
202411,북구,12시,45953.5946,13521
202411,북구,13시,42011.444,11839
202411,북구,14시,44478.1097,12047
202411,북구,15시,48444.164,13137
202411,북구,16시,48373.5096,13672
202411,북구,17시,46598.3128,13924
202411,북구,18시,43576.6987,13163
202411,북구,19시,37468.8595,10546
202411,북구,20시,29074.0524,8202
202411,북구,21시,17650.0005,5890
202411,북구,22시,8325.7055,3194
202411,북구,23시,5355.7534,2017
202411,사상구,00시,3633.1846,1283
202411,사상구,01시,2441.4232,822
202411,사상구,02시,1687.6743,572
202411,사상구,03시,1318.6647,444
202411,사상구,04시,1272.7792,468
202411,사상구,05시,2747.8567,943
202411,사상구,06시,4295.7154,1709
202411,사상구,07시,6324.6426,2978
202411,사상구,08시,9880.8125,4310
202411,사상구,09시,19777.5035,5871
202411,사상구,10시,30868.386,7376
202411,사상구,11시,34238.8738,9114
202411,사상구,12시,37577.2995,12177
202411,사상구,13시,32103.6374,9714
202411,사상구,14시,34225.3273,9127
202411,사상구,15시,32903.4046,9187
202411,사상구,16시,32318.6229,9354
202411,사상구,17시,31757.3278,10128
202411,사상구,18시,31072.4077,10135
202411,사상구,19시,29107.6845,8276
202411,사상구,20시,23160.4696,6611
202411,사상구,21시,14654.7464,4843
202411,사상구,22시,9470.9083,3231
202411,사상구,23시,6125.7028,2021
202411,사하구,00시,4652.0629,1572
202411,사하구,01시,3217.548,1023
202411,사하구,02시,1986.7271,752
202411,사하구,03시,1514.8981,545
202411,사하구,04시,1377.7279,569
202411,사하구,05시,2080.418,927
202411,사하구,06시,3299.2275,1832
202411,사하구,07시,4736.953,2967
202411,사하구,08시,7697.1501,4263
202411,사하구,09시,19104.8025,6458
202411,사하구,10시,31022.8627,8515
202411,사하구,11시,36263.2651,10642
202411,사하구,12시,38458.5436,13173
202411,사하구,13시,31680.0731,10892
202411,사하구,14시,35749.1032,10865
202411,사하구,15시,35672.6738,11097
202411,사하구,16시,37559.8944,11671
202411,사하구,17시,37185.5911,12611
202411,사하구,18시,36832.1745,12521
202411,사하구,19시,33626.8767,10072
202411,사하구,20시,26503.7052,7949
202411,사하구,21시,16511.9183,5784
202411,사하구,22시,10237.0921,3857
202411,사하구,23시,7003.7834,2494
202411,서구,00시,1019.1386,440
202411,서구,01시,677.2096,270
202411,서구,02시,402.1167,192
202411,서구,03시,289.7883,129
202411,서구,04시,455.1486,135
202411,서구,05시,781.0102,290
202411,서구,06시,1298.4305,636
202411,서구,07시,3106.2888,1230
202411,서구,08시,7301.6306,2239
202411,서구,09시,18193.2961,3482
202411,서구,10시,26660.3025,4191
202411,서구,11시,25448.8725,4949
202411,서구,12시,21654.3673,5861
202411,서구,13시,18068.8046,4613
202411,서구,14시,18669.2066,4456
202411,서구,15시,17409.0883,4126
202411,서구,16시,13889.7861,3889
202411,서구,17시,11073.0551,3760
202411,서구,18시,10177.0636,3571
202411,서구,19시,9532.9859,2882
202411,서구,20시,7338.8088,2271
202411,서구,21시,4919.7586,1771
202411,서구,22시,2887.098,1270
202411,서구,23시,1865.469,773
202411,수영구,00시,5068.4461,1640
202411,수영구,01시,3393.5837,1059
202411,수영구,02시,2125.3428,723
202411,수영구,03시,1351.4179,479
202411,수영구,04시,1051.7341,363
202411,수영구,05시,1010.6634,516
202411,수영구,06시,1326.6185,735
202411,수영구,07시,2265.0307,1240
202411,수영구,08시,4932.5239,2715
202411,수영구,09시,14570.4205,4507
202411,수영구,10시,25065.7708,5920
202411,수영구,11시,30237.1256,7461
202411,수영구,12시,32420.0775,9508
202411,수영구,13시,27851.7937,8320
202411,수영구,14시,27346.0307,8265
202411,수영구,15시,28539.7606,8513
202411,수영구,16시,26493.5715,8748
202411,수영구,17시,25386.9854,8720
202411,수영구,18시,25922.7758,8789
202411,수영구,19시,25752.4019,7626
202411,수영구,20시,23585.1937,6683
202411,수영구,21시,18091.3117,5499
202411,수영구,22시,12120.4556,3928
202411,수영구,23시,7917.9549,2575
202411,연제구,00시,3911.0934,1283
202411,연제구,01시,2645.419,813
202411,연제구,02시,1888.6439,587
202411,연제구,03시,1210.116,427
202411,연제구,04시,917.4166,369
202411,연제구,05시,1142.2144,571
202411,연제구,06시,1658.0228,899
202411,연제구,07시,2836.8207,1443
202411,연제구,08시,7803.9024,3490
202411,연제구,09시,16692.9958,5051
202411,연제구,10시,29019.9375,6506
202411,연제구,11시,42411.4869,8658
202411,연제구,12시,39063.3688,11803
202411,연제구,13시,33640.326,8802
202411,연제구,14시,33008.2708,8454
202411,연제구,15시,34593.3326,8634
202411,연제구,16시,31432.4087,9086
202411,연제구,17시,30420.757,9324
202411,연제구,18시,28815.3397,9628
202411,연제구,19시,28595.3893,8121
202411,연제구,20시,24713.997,6570
202411,연제구,21시,16684.2812,5042
202411,연제구,22시,9798.6766,3366
202411,연제구,23시,5996.1988,2119
202411,영도구,00시,1248.7441,498
202411,영도구,01시,809.954,330
202411,영도구,02시,456.1154,227
202411,영도구,03시,238.0978,131
202411,영도구,04시,259.7256,156
202411,영도구,05시,460.8165,270
202411,영도구,06시,781.9845,567
202411,영도구,07시,1178.2308,859
202411,영도구,08시,2064.8315,1390
202411,영도구,09시,6082.1529,2162
202411,영도구,10시,8564.2304,2691
202411,영도구,11시,10693.1941,3691
202411,영도구,12시,13092.4623,4997
202411,영도구,13시,10727.0816,3660
202411,영도구,14시,9785.3753,3534
202411,영도구,15시,9950.4713,3525
202411,영도구,16시,10084.297,3631
202411,영도구,17시,10917.4808,3778
202411,영도구,18시,9973.8557,3567
202411,영도구,19시,9596.435,2825
202411,영도구,20시,6989.9875,2135
202411,영도구,21시,4304.6766,1642
202411,영도구,22시,2841.277,1176
202411,영도구,23시,1990.3848,815
202411,중구,00시,2423.9497,641
202411,중구,01시,1796.7572,469
202411,중구,02시,1018.137,294
202411,중구,03시,831.6692,220
202411,중구,04시,387.5037,176
202411,중구,05시,493.436,198
202411,중구,06시,605.3718,301
202411,중구,07시,1019.3675,721
202411,중구,08시,2351.0095,1825
202411,중구,09시,5569.9182,2002
202411,중구,10시,11285.7941,2678
202411,중구,11시,17848.7816,4376
202411,중구,12시,24899.3414,7186
202411,중구,13시,22500.27,5958
202411,중구,14시,26654.9464,5737
202411,중구,15시,24041.0025,5583
202411,중구,16시,21922.1955,5246
202411,중구,17시,20316.5773,5048
202411,중구,18시,20305.6429,5075
202411,중구,19시,19226.999,4321
202411,중구,20시,14432.8638,3267
202411,중구,21시,8295.8177,2270
202411,중구,22시,5374.9614,1546
202411,중구,23시,3570.4646,1001
202411,해운대구,00시,5748.9202,2167
202411,해운대구,01시,3324.194,1342
202411,해운대구,02시,2137.9084,857
202411,해운대구,03시,1296.0302,589
202411,해운대구,04시,1333.8807,592
202411,해운대구,05시,2193.8207,923
202411,해운대구,06시,3374.2545,1571
202411,해운대구,07시,5962.49,2855
202411,해운대구,08시,17381.0042,6004
202411,해운대구,09시,28620.9581,9327
202411,해운대구,10시,51654.1912,11954
202411,해운대구,11시,78819.3297,15787
202411,해운대구,12시,85000.5769,20542
202411,해운대구,13시,86787.082,18931
202411,해운대구,14시,92123.3306,17820
202411,해운대구,15시,91749.5247,16995
202411,해운대구,16시,93071.7036,17800
202411,해운대구,17시,80870.7955,16865
202411,해운대구,18시,71164.5566,16114
202411,해운대구,19시,65054.902,13785
202411,해운대구,20시,43962.0339,10679
202411,해운대구,21시,25386.0615,8112
202411,해운대구,22시,15297.0968,5734
202411,해운대구,23시,9374.7537,3588
202412,강서구,00시,4266.552,666
202412,강서구,01시,2541.0209,405
202412,강서구,02시,1977.4574,301
202412,강서구,03시,1808.2691,245
202412,강서구,04시,2227.4324,307
202412,강서구,05시,3818.8654,727
202412,강서구,06시,8545.7697,2077
202412,강서구,07시,10957.8486,2992
202412,강서구,08시,14889.1341,3482
202412,강서구,09시,36766.3883,4257
202412,강서구,10시,51935.2845,4945
202412,강서구,11시,52256.308,7024
202412,강서구,12시,44083.7585,9528
202412,강서구,13시,58592.4321,7333
202412,강서구,14시,59901.9574,6811
202412,강서구,15시,52465.5865,6600
202412,강서구,16시,58583.9963,6879
202412,강서구,17시,40875.3777,7627
202412,강서구,18시,33183.3153,7118
202412,강서구,19시,29635.9208,5954
202412,강서구,20시,25355.0523,4643
202412,강서구,21시,16527.4519,2942
202412,강서구,22시,9900.1467,1705
202412,강서구,23시,5912.9063,1035
202412,금정구,00시,2864.1315,1291
202412,금정구,01시,1887.01,791
202412,금정구,02시,1369.9402,534
202412,금정구,03시,795.6842,366
202412,금정구,04시,506.5145,312
202412,금정구,05시,1047.2245,476
202412,금정구,06시,1862.0708,946
202412,금정구,07시,2869.1244,1630
202412,금정구,08시,6466.375,3195
202412,금정구,09시,16474.5559,4958
202412,금정구,10시,24115.1849,6652
202412,금정구,11시,33326.108,8889
202412,금정구,12시,40946.6482,12005
202412,금정구,13시,40772.3457,10088
202412,금정구,14시,33944.8868,9691
202412,금정구,15시,34289.5271,9536
202412,금정구,16시,33983.7053,9730
202412,금정구,17시,35959.5839,9948
202412,금정구,18시,31537.8231,9940
202412,금정구,19시,28509.3358,7926
202412,금정구,20시,21225.3296,6112
202412,금정구,21시,13187.2846,4572
202412,금정구,22시,7796.877,3144
202412,금정구,23시,4640.5827,2058
202412,기장군,00시,1812.3884,582
202412,기장군,01시,1101.6005,360
202412,기장군,02시,636.2145,240
202412,기장군,03시,419.2306,152
202412,기장군,04시,342.0429,157
202412,기장군,05시,921.7437,378
202412,기장군,06시,2419.9485,827
202412,기장군,07시,3876.9647,1388
202412,기장군,08시,5905.1886,2196
202412,기장군,09시,12708.3999,3513
202412,기장군,10시,21382.1383,4916
202412,기장군,11시,37390.7669,7285
202412,기장군,12시,52229.4347,10082
202412,기장군,13시,56113.1061,9529
202412,기장군,14시,54590.1327,9406
202412,기장군,15시,53201.8987,8918
202412,기장군,16시,50794.0579,8707
202412,기장군,17시,47165.8362,8314
202412,기장군,18시,42213.9499,7631
202412,기장군,19시,35902.3194,6200
202412,기장군,20시,23852.84,4516
202412,기장군,21시,10308.8495,2786
202412,기장군,22시,5084.7237,1678
202412,기장군,23시,3031.5291,977
202412,남구,00시,4135.8195,1723
202412,남구,01시,2605.6567,1087
202412,남구,02시,1767.6467,762
202412,남구,03시,1292.0126,521
202412,남구,04시,1273.0346,465
202412,남구,05시,2046.388,688
202412,남구,06시,2972.6948,991
202412,남구,07시,3796.8401,1670
202412,남구,08시,7290.3486,3567
202412,남구,09시,15759.336,5486
202412,남구,10시,27194.6785,7515
202412,남구,11시,35653.7587,10398
202412,남구,12시,39164.0594,13450
202412,남구,13시,34129.7951,10784
202412,남구,14시,36850.1227,10700
202412,남구,15시,36520.009,10986
202412,남구,16시,37642.9847,11173
202412,남구,17시,36189.3405,11236
202412,남구,18시,35199.1846,11043
202412,남구,19시,31570.7716,9187
202412,남구,20시,25775.1245,7260
202412,남구,21시,16318.3721,5587
202412,남구,22시,9818.637,3943
202412,남구,23시,6460.7918,2645
202412,동구,00시,2199.3812,655
202412,동구,01시,1625.2978,461
202412,동구,02시,1212.0589,338
202412,동구,03시,790.9542,236
202412,동구,04시,752.7068,270
202412,동구,05시,858.5164,462
202412,동구,06시,1461.5385,822
202412,동구,07시,2602.1388,1356
202412,동구,08시,4666.8775,2743
202412,동구,09시,11506.1229,3435
202412,동구,10시,20348.6874,4126
202412,동구,11시,23629.4306,5946
202412,동구,12시,22171.1882,7819
202412,동구,13시,19021.6206,5801
202412,동구,14시,20943.7838,5303
202412,동구,15시,18002.0002,5126
202412,동구,16시,17230.475,5095
202412,동구,17시,15112.6434,4986
202412,동구,18시,14848.1155,5159
202412,동구,19시,13532.4703,4206
202412,동구,20시,10389.5304,3116
202412,동구,21시,6840.7325,2322
202412,동구,22시,4433.8523,1496
202412,동구,23시,3131.8623,966
202412,동래구,00시,5589.727,1578
202412,동래구,01시,3783.0436,1040
202412,동래구,02시,2550.038,695
202412,동래구,03시,1548.271,459
202412,동래구,04시,1220.8942,441
202412,동래구,05시,1870.9256,764
202412,동래구,06시,2307.1715,1101
202412,동래구,07시,4084.0227,1713
202412,동래구,08시,9865.2462,3504
202412,동래구,09시,26266.1918,6182
202412,동래구,10시,45614.4101,8551
202412,동래구,11시,56251.7816,10628
202412,동래구,12시,58465.3259,13399
202412,동래구,13시,50371.649,11839
202412,동래구,14시,52446.7614,11969
202412,동래구,15시,50653.5009,12120
202412,동래구,16시,47613.827,12247
202412,동래구,17시,46866.991,12360
202412,동래구,18시,43142.9921,11915
202412,동래구,19시,40711.5103,9936
202412,동래구,20시,34490.4405,7946
202412,동래구,21시,21661.8526,5975
202412,동래구,22시,13972.4628,4093
202412,동래구,23시,9032.1639,2566
202412,부산진구,00시,10674.1658,3447
202412,부산진구,01시,7706.6289,2468
202412,부산진구,02시,5398.6806,1813
202412,부산진구,03시,3520.6213,1294
202412,부산진구,04시,2740.8196,1105
202412,부산진구,05시,3000.1147,1396
202412,부산진구,06시,3538.0206,1882
202412,부산진구,07시,4850.0645,2892
202412,부산진구,08시,11902.1049,6255
202412,부산진구,09시,35515.6226,9941
202412,부산진구,10시,65152.9198,13221
202412,부산진구,11시,82462.2985,18080
202412,부산진구,12시,87632.9164,24403
202412,부산진구,13시,84950.7658,21354
202412,부산진구,14시,87811.3592,20927
202412,부산진구,15시,92681.7354,21248
202412,부산진구,16시,84886.4859,21294
202412,부산진구,17시,75432.7321,20862
202412,부산진구,18시,73231.5827,20559
202412,부산진구,19시,68039.04,17226
202412,부산진구,20시,55889.5478,13887
202412,부산진구,21시,37541.1689,10643
202412,부산진구,22시,24137.5647,7758
202412,부산진구,23시,16131.7501,5192
202412,북구,00시,3509.441,1188
202412,북구,01시,2390.8338,764
202412,북구,02시,1678.582,530
202412,북구,03시,1114.7667,377
202412,북구,04시,808.612,375
202412,북구,05시,1365.3477,647
202412,북구,06시,2307.6372,1064
202412,북구,07시,2795.295,1570
202412,북구,08시,6262.5537,2934
202412,북구,09시,20262.717,6045
202412,북구,10시,36963.3049,8804
202412,북구,11시,45465.276,11214
202412,북구,12시,47189.5959,13316
202412,북구,13시,45531.941,11925
202412,북구,14시,47656.4722,12499
202412,북구,15시,51609.1584,13363
202412,북구,16시,50916.7421,13711
202412,북구,17시,48539.5455,13633
202412,북구,18시,44569.466,12584
202412,북구,19시,37642.7907,9942
202412,북구,20시,29759.4696,7703
202412,북구,21시,18122.0739,5572
202412,북구,22시,8458.717,3067
202412,북구,23시,5580.0138,1927
202412,사상구,00시,3632.322,1272
202412,사상구,01시,2543.4287,851
202412,사상구,02시,1832.6875,589
202412,사상구,03시,1215.4105,414
202412,사상구,04시,1228.2468,450
202412,사상구,05시,2534.7124,867
202412,사상구,06시,3995.2697,1550
202412,사상구,07시,6028.8258,2702
202412,사상구,08시,9771.0676,3910
202412,사상구,09시,20254.572,5472
202412,사상구,10시,28952.4109,6987
202412,사상구,11시,34653.6959,8850
202412,사상구,12시,39153.9701,11617
202412,사상구,13시,34439.9975,9421
202412,사상구,14시,35470.8363,9306
202412,사상구,15시,36485.8551,9289
202412,사상구,16시,35609.3293,9300
202412,사상구,17시,32905.53,9880
202412,사상구,18시,32189.6721,9674
202412,사상구,19시,29507.682,7875
202412,사상구,20시,24437.5287,6282
202412,사상구,21시,14840.3506,4562
202412,사상구,22시,9545.9384,3070
202412,사상구,23시,5986.0412,1939
202412,사하구,00시,4747.3677,1517
202412,사하구,01시,3184.3566,1013
202412,사하구,02시,2196.8197,724
202412,사하구,03시,1597.1652,529
202412,사하구,04시,1362.0248,549
202412,사하구,05시,1945.5833,856
202412,사하구,06시,3040.1751,1704
202412,사하구,07시,4246.0474,2622
202412,사하구,08시,7469.8051,3823
202412,사하구,09시,18721.0426,5943
202412,사하구,10시,30775.3502,7955
202412,사하구,11시,35846.7737,10128
202412,사하구,12시,39381.6772,12726
202412,사하구,13시,33130.527,10554
202412,사하구,14시,36540.6755,10925
202412,사하구,15시,37463.5206,11250
202412,사하구,16시,38684.5458,11567
202412,사하구,17시,38280.6957,12349
202412,사하구,18시,38717.6685,11979
202412,사하구,19시,34450.88,9533
202412,사하구,20시,27618.902,7485
202412,사하구,21시,16569.37,5418
202412,사하구,22시,10257.5923,3620
202412,사하구,23시,6746.7946,2323
202412,서구,00시,1088.2435,423
202412,서구,01시,683.8353,274
202412,서구,02시,428.8934,179
202412,서구,03시,287.5659,132
202412,서구,04시,286.7798,134
202412,서구,05시,668.4918,255
202412,서구,06시,1191.751,564
202412,서구,07시,2866.0725,1124
202412,서구,08시,7083.3037,2106
202412,서구,09시,19468.4348,3378
202412,서구,10시,25801.6653,4002
202412,서구,11시,25504.8682,4759
202412,서구,12시,22923.2938,5618
202412,서구,13시,18410.1948,4416
202412,서구,14시,20450.3669,4504
202412,서구,15시,17960.633,4209
202412,서구,16시,14932.0071,3868
202412,서구,17시,11789.218,3622
202412,서구,18시,10655.1043,3437
202412,서구,19시,9861.7577,2713
202412,서구,20시,8286.4022,2163
202412,서구,21시,4644.2111,1662
202412,서구,22시,2874.3981,1174
202412,서구,23시,1774.6314,720
202412,수영구,00시,5419.1099,1682
202412,수영구,01시,3628.4254,1065
202412,수영구,02시,2331.3716,709
202412,수영구,03시,1471.3657,463
202412,수영구,04시,1080.3426,366
202412,수영구,05시,1129.9377,474
202412,수영구,06시,1337.2421,661
202412,수영구,07시,1852.1588,1066
202412,수영구,08시,4782.8126,2490
202412,수영구,09시,13480.1461,4157
202412,수영구,10시,25190.8197,5824
202412,수영구,11시,31724.8295,7399
202412,수영구,12시,33594.1767,9432
202412,수영구,13시,28541.7155,8348
202412,수영구,14시,30118.4381,8523
202412,수영구,15시,28881.4748,8749
202412,수영구,16시,27835.6478,8722
202412,수영구,17시,26685.8134,8467
202412,수영구,18시,27711.8957,8458
202412,수영구,19시,28703.6625,7540
202412,수영구,20시,26925.51,6499
202412,수영구,21시,18893.8385,5330
202412,수영구,22시,12356.7458,3896
202412,수영구,23시,8311.1178,2582
202412,연제구,00시,3976.5067,1209
202412,연제구,01시,2827.5642,800
202412,연제구,02시,1817.6757,577
202412,연제구,03시,1146.5046,418
202412,연제구,04시,869.2118,353
202412,연제구,05시,1120.618,531
202412,연제구,06시,1700.6939,798
202412,연제구,07시,2251.5333,1274
202412,연제구,08시,7708.6423,3152
202412,연제구,09시,15761.2894,4737
202412,연제구,10시,31119.2919,6247
202412,연제구,11시,40134.2185,8480
202412,연제구,12시,38868.6662,11350
202412,연제구,13시,34852.2106,8756
202412,연제구,14시,34676.643,8641
202412,연제구,15시,36138.8701,8867
202412,연제구,16시,35001.2656,9079
202412,연제구,17시,32839.2979,9107
202412,연제구,18시,31000.5751,9246
202412,연제구,19시,30428.2147,7737
202412,연제구,20시,27946.0353,6319
202412,연제구,21시,17819.888,4779
202412,연제구,22시,10321.0291,3172
202412,연제구,23시,6613.1618,1993
202412,영도구,00시,1390.7666,504
202412,영도구,01시,967.0045,326
202412,영도구,02시,509.6848,232
202412,영도구,03시,276.6967,155
202412,영도구,04시,289.9863,159
202412,영도구,05시,398.8457,264
202412,영도구,06시,728.6161,507
202412,영도구,07시,1244.2903,785
202412,영도구,08시,2020.8013,1312
202412,영도구,09시,5620.9101,2081
202412,영도구,10시,9013.8103,2655
202412,영도구,11시,10968.4123,3638
202412,영도구,12시,14714.2577,4755
202412,영도구,13시,11823.6954,3635
202412,영도구,14시,11128.9868,3666
202412,영도구,15시,10993.1926,3673
202412,영도구,16시,11062.5598,3693
202412,영도구,17시,10903.3929,3719
202412,영도구,18시,10444.965,3445
202412,영도구,19시,9958.6808,2730
202412,영도구,20시,7192.1722,2063
202412,영도구,21시,4649.2084,1602
202412,영도구,22시,2915.5239,1114
202412,영도구,23시,1873.8858,771
202412,중구,00시,2807.7618,658
202412,중구,01시,1930.3401,452
202412,중구,02시,1267.5483,341
202412,중구,03시,685.0681,209
202412,중구,04시,494.3593,156
202412,중구,05시,372.9628,186
202412,중구,06시,628.928,277
202412,중구,07시,945.5263,647
202412,중구,08시,2204.932,1735
202412,중구,09시,5789.7567,1922
202412,중구,10시,10568.1059,2587
202412,중구,11시,18797.3125,4353
202412,중구,12시,25380.1218,7242
202412,중구,13시,24744.2914,6226
202412,중구,14시,26136.0409,6128
202412,중구,15시,25430.7339,5992
202412,중구,16시,23721.9725,5659
202412,중구,17시,22549.477,5548
202412,중구,18시,23677.1484,5550
202412,중구,19시,23012.4234,4727
202412,중구,20시,17206.9446,3610
202412,중구,21시,10179.0015,2504
202412,중구,22시,6206.7743,1667
202412,중구,23시,4198.7666,1034
202412,해운대구,00시,5896.5399,2108
202412,해운대구,01시,3617.6885,1314
202412,해운대구,02시,2256.5152,844
202412,해운대구,03시,1479.4252,562
202412,해운대구,04시,1489.3923,564
202412,해운대구,05시,2247.4689,845
202412,해운대구,06시,3513.9479,1430
202412,해운대구,07시,5594.8343,2465
202412,해운대구,08시,12198.856,5391
202412,해운대구,09시,28644.8941,8548
202412,해운대구,10시,55379.6026,11549
202412,해운대구,11시,78164.5146,15413
202412,해운대구,12시,88496.3265,20050
202412,해운대구,13시,90903.8559,17542
202412,해운대구,14시,107080.8078,19463
202412,해운대구,15시,106883.04,18378
202412,해운대구,16시,90836.6384,17177
202412,해운대구,17시,87461.3804,16772
202412,해운대구,18시,79841.7306,15957
202412,해운대구,19시,71582.0668,13650
202412,해운대구,20시,48441.3263,10726
202412,해운대구,21시,28175.2659,8020
202412,해운대구,22시,15259.5038,5585
202412,해운대구,23시,11396.5797,3413
202501,강서구,00시,3821.5868,635
202501,강서구,01시,2217.6662,429
202501,강서구,02시,1855.7135,307
202501,강서구,03시,1640.4338,236
202501,강서구,04시,1860.8607,294
202501,강서구,05시,3584.1013,676
202501,강서구,06시,7597.0798,1934
202501,강서구,07시,10004.2333,2713
202501,강서구,08시,12728.7562,3187
202501,강서구,09시,21821.0318,4029
202501,강서구,10시,25632.7256,4837
202501,강서구,11시,36383.3788,6886
202501,강서구,12시,39744.2406,9207
202501,강서구,13시,38969.2374,7224
202501,강서구,14시,37231.8754,6770
202501,강서구,15시,41277.5382,6572
202501,강서구,16시,34044.8903,6617
202501,강서구,17시,34217.3927,7201
202501,강서구,18시,31298.7581,6833
202501,강서구,19시,27715.3507,5709
202501,강서구,20시,22370.8896,4391
202501,강서구,21시,14309.0507,2816
202501,강서구,22시,8393.583,1662
202501,강서구,23시,4969.0898,982
202501,금정구,00시,2765.7317,1113
202501,금정구,01시,1784.1243,707
202501,금정구,02시,1195.9926,477
202501,금정구,03시,704.9027,319
202501,금정구,04시,526.1015,294
202501,금정구,05시,850.0626,438
202501,금정구,06시,1648.7149,827
202501,금정구,07시,3026.8577,1392
202501,금정구,08시,7482.4002,2756
202501,금정구,09시,16086.3166,4582
202501,금정구,10시,24569.1481,6240
202501,금정구,11시,34217.9122,8287
202501,금정구,12시,39749.0866,11026
202501,금정구,13시,36812.3467,9478
202501,금정구,14시,33299.5133,9139
202501,금정구,15시,32915.8237,9058
202501,금정구,16시,32524.5174,9047
202501,금정구,17시,31288.1344,9230
202501,금정구,18시,30004.0248,9136
202501,금정구,19시,26090.647,7334
202501,금정구,20시,18734.6632,5593
202501,금정구,21시,12243.7429,4158
202501,금정구,22시,6988.1671,2822
202501,금정구,23시,4245.2559,1800
202501,기장군,00시,1738.5497,624
202501,기장군,01시,1141.1473,383
202501,기장군,02시,644.1525,246
202501,기장군,03시,356.1311,160
202501,기장군,04시,350.0988,167
202501,기장군,05시,968.3606,367
202501,기장군,06시,2244.0218,764
202501,기장군,07시,3248.4303,1258
202501,기장군,08시,5888.5447,2072
202501,기장군,09시,12686.8582,3483
202501,기장군,10시,21827.942,4992
202501,기장군,11시,36450.3532,7332
202501,기장군,12시,48930.5977,10037
202501,기장군,13시,53015.7178,9607
202501,기장군,14시,55715.0321,9624
202501,기장군,15시,52745.1454,9280
202501,기장군,16시,50111.9486,8772
202501,기장군,17시,46190.6547,8243
202501,기장군,18시,40387.8517,7380
202501,기장군,19시,32755.9144,5972
202501,기장군,20시,21364.6225,4241
202501,기장군,21시,9239.9057,2678
202501,기장군,22시,5038.1275,1651
202501,기장군,23시,3040.15,983
202501,남구,00시,3654.9856,1572
202501,남구,01시,2285.1668,1035
202501,남구,02시,1650.4157,714
202501,남구,03시,1149.9833,498
202501,남구,04시,1216.7591,446
202501,남구,05시,1831.3263,655
202501,남구,06시,2336.7059,901
202501,남구,07시,3266.4304,1413
202501,남구,08시,6388.9955,3017
202501,남구,09시,14527.217,4901
202501,남구,10시,27174.3595,7001
202501,남구,11시,34068.9336,9337
202501,남구,12시,37151.534,12019
202501,남구,13시,33502.2802,10010
202501,남구,14시,34470.5488,10006
202501,남구,15시,36115.6179,10207
202501,남구,16시,36004.7575,10388
202501,남구,17시,33997.2198,10250
202501,남구,18시,33691.6892,10073
202501,남구,19시,28988.465,8442
202501,남구,20시,23113.4887,6772
202501,남구,21시,15114.2461,5192
202501,남구,22시,9277.4869,3668
202501,남구,23시,5824.3489,2496
202501,동구,00시,2191.7157,659
202501,동구,01시,1646.958,469
202501,동구,02시,1227.4902,342
202501,동구,03시,1217.545,249
202501,동구,04시,884.6699,267
202501,동구,05시,938.0645,450
202501,동구,06시,1194.8744,736
202501,동구,07시,2444.8918,1285
202501,동구,08시,4316.4141,2516
202501,동구,09시,10192.9946,3258
202501,동구,10시,19855.4451,4027
202501,동구,11시,21957.5673,5856
202501,동구,12시,21099.9241,7435
202501,동구,13시,17800.6923,5565
202501,동구,14시,17727.4588,5192
202501,동구,15시,17282.4526,4928
202501,동구,16시,15664.7377,4848
202501,동구,17시,14082.7382,4726
202501,동구,18시,13623.19,4916
202501,동구,19시,12475.5317,4100
202501,동구,20시,9492.1475,2981
202501,동구,21시,6254.8912,2203
202501,동구,22시,4344.0279,1499
202501,동구,23시,2999.5942,948
202501,동래구,00시,5464.3908,1597
202501,동래구,01시,3758.0189,1086
202501,동래구,02시,2338.6593,701
202501,동래구,03시,1512.6848,478
202501,동래구,04시,1121.8661,421
202501,동래구,05시,1635.6385,711
202501,동래구,06시,2135.7532,1047
202501,동래구,07시,3427.5006,1496
202501,동래구,08시,10342.3831,3240
202501,동래구,09시,26438.7448,6050
202501,동래구,10시,45882.8068,8545
202501,동래구,11시,58875.1843,10774
202501,동래구,12시,60293.5412,13364
202501,동래구,13시,54447.207,12131
202501,동래구,14시,52782.624,12040
202501,동래구,15시,50890.5951,12254
202501,동래구,16시,50398.9254,12191
202501,동래구,17시,45823.0517,12067
202501,동래구,18시,43671.3871,11811
202501,동래구,19시,39347.3368,9835
202501,동래구,20시,30927.8013,7821
202501,동래구,21시,20520.9002,5820
202501,동래구,22시,13239.2613,4007
202501,동래구,23시,9270.1165,2532
202501,부산진구,00시,10836.3634,3447
202501,부산진구,01시,8058.7509,2504
202501,부산진구,02시,5469.0471,1821
202501,부산진구,03시,3774.0305,1340
202501,부산진구,04시,2840.8732,1127
202501,부산진구,05시,2871.8208,1365
202501,부산진구,06시,3482.1546,1761
202501,부산진구,07시,5066.6048,2583
202501,부산진구,08시,13123.1727,5721
202501,부산진구,09시,35010.1975,9478
202501,부산진구,10시,65827.6886,13097
202501,부산진구,11시,83772.2679,17770
202501,부산진구,12시,89626.0461,23725
202501,부산진구,13시,81841.3451,21340
202501,부산진구,14시,90398.3706,21102
202501,부산진구,15시,91154.8958,21423
202501,부산진구,16시,81391.6752,21141
202501,부산진구,17시,74612.7782,20387
202501,부산진구,18시,69430.8017,19913
202501,부산진구,19시,63663.9025,16746
202501,부산진구,20시,50059.9256,13391
202501,부산진구,21시,33379.2472,10353
202501,부산진구,22시,22744.6824,7525
202501,부산진구,23시,15489.7789,5094
202501,북구,00시,3476.3866,1222
202501,북구,01시,2379.4087,789
202501,북구,02시,1659.7953,540
202501,북구,03시,1027.7782,386
202501,북구,04시,836.1175,370
202501,북구,05시,1159.403,581
202501,북구,06시,1874.6078,958
202501,북구,07시,2714.6706,1407
202501,북구,08시,6456.9191,2688
202501,북구,09시,21722.9778,5959
202501,북구,10시,40231.4296,9042
202501,북구,11시,49049.4919,11636
202501,북구,12시,51252.4554,13581
202501,북구,13시,48516.8059,12293
202501,북구,14시,53365.4065,13005
202501,북구,15시,54748.3792,13831
202501,북구,16시,53573.118,13848
202501,북구,17시,49951.9181,13528
202501,북구,18시,46066.6714,12576
202501,북구,19시,38408.7121,9963
202501,북구,20시,28830.2683,7661
202501,북구,21시,17393.7098,5420
202501,북구,22시,8175.923,2978
202501,북구,23시,5245.4452,1874
202501,사상구,00시,3440.6498,1183
202501,사상구,01시,2286.0687,819
202501,사상구,02시,1598.2904,559
202501,사상구,03시,1128.2401,416
202501,사상구,04시,1146.0882,418
202501,사상구,05시,2328.8424,805
202501,사상구,06시,3777.5235,1398
202501,사상구,07시,5442.1952,2374
202501,사상구,08시,8936.5755,3474
202501,사상구,09시,17564.0568,5116
202501,사상구,10시,27796.3042,6781
202501,사상구,11시,35182.3767,8548
202501,사상구,12시,37674.4647,10859
202501,사상구,13시,35876.6336,8985
202501,사상구,14시,35942.6914,9113
202501,사상구,15시,37219.4162,9099
202501,사상구,16시,33672.455,8964
202501,사상구,17시,32857.7092,9496
202501,사상구,18시,30194.4832,9209
202501,사상구,19시,27397.9135,7438
202501,사상구,20시,21250.4811,5837
202501,사상구,21시,13795.9922,4316
202501,사상구,22시,8816.4535,2896
202501,사상구,23시,5578.9032,1846
202501,사하구,00시,4444.8235,1464
202501,사하구,01시,3069.1266,991
202501,사하구,02시,1989.5369,700
202501,사하구,03시,1438.3814,525
202501,사하구,04시,1347.3809,499
202501,사하구,05시,1872.9971,802
202501,사하구,06시,3096.6021,1595
202501,사하구,07시,3941.2889,2273
202501,사하구,08시,7419.9426,3394
202501,사하구,09시,18070.9123,5693
202501,사하구,10시,30737.6114,7810
202501,사하구,11시,37311.9729,9925
202501,사하구,12시,38412.1972,12190
202501,사하구,13시,33463.7568,10292
202501,사하구,14시,36805.6002,10740
202501,사하구,15시,37721.8995,10931
202501,사하구,16시,37730.6411,11072
202501,사하구,17시,37481.6146,11807
202501,사하구,18시,36832.1254,11346
202501,사하구,19시,32560.1636,9133
202501,사하구,20시,25032.0496,7092
202501,사하구,21시,15340.4782,5121
202501,사하구,22시,9661.9695,3479
202501,사하구,23시,6442.3901,2235
202501,서구,00시,1084.6099,409
202501,서구,01시,636.9058,257
202501,서구,02시,511.3698,180
202501,서구,03시,293.1695,125
202501,서구,04시,357.3406,127
202501,서구,05시,797.6991,248
202501,서구,06시,1118.2803,528
202501,서구,07시,2647.1231,1024
202501,서구,08시,6930.0791,1920
202501,서구,09시,17058.1721,3065
202501,서구,10시,25035.6052,3760
202501,서구,11시,25598.5294,4417
202501,서구,12시,21825.1192,5328
202501,서구,13시,18067.4295,4164
202501,서구,14시,20205.0373,4279
202501,서구,15시,17223.5404,4071
202501,서구,16시,13358.6595,3664
202501,서구,17시,11044.0538,3440
202501,서구,18시,10402.0193,3244
202501,서구,19시,9421.1405,2615
202501,서구,20시,6934.6506,2061
202501,서구,21시,4313.9031,1623
202501,서구,22시,2671.6957,1147
202501,서구,23시,1645.1445,689
202501,수영구,00시,5109.7135,1733
202501,수영구,01시,3481.1169,1176
202501,수영구,02시,2133.6252,740
202501,수영구,03시,1392.177,485
202501,수영구,04시,849.4646,361
202501,수영구,05시,924.6292,461
202501,수영구,06시,1270.399,637
202501,수영구,07시,1865.0682,1041
202501,수영구,08시,4609.0372,2317
202501,수영구,09시,14180.1738,4084
202501,수영구,10시,24186.9537,5855
202501,수영구,11시,32480.9159,7631
202501,수영구,12시,34052.7756,9508
202501,수영구,13시,29890.7219,8664
202501,수영구,14시,30386.9239,8841
202501,수영구,15시,30218.5376,9062
202501,수영구,16시,28755.4265,8935
202501,수영구,17시,26741.3808,8655
202501,수영구,18시,27763.2727,8613
202501,수영구,19시,27798.4229,7602
202501,수영구,20시,24013.1464,6401
202501,수영구,21시,17372.4906,5249
202501,수영구,22시,10999.4597,3856
202501,수영구,23시,7675.5251,2563
202501,연제구,00시,3865.6408,1207
202501,연제구,01시,2693.5391,803
202501,연제구,02시,1773.8436,583
202501,연제구,03시,1122.4388,404
202501,연제구,04시,839.8997,350
202501,연제구,05시,985.7196,508
202501,연제구,06시,1566.61,729
202501,연제구,07시,2087.6711,1145
202501,연제구,08시,6794.9376,2811
202501,연제구,09시,15376.896,4519
202501,연제구,10시,30778.3275,6226
202501,연제구,11시,37896.0379,8508
202501,연제구,12시,39592.7564,11186
202501,연제구,13시,34202.6001,8748
202501,연제구,14시,36774.1307,8689
202501,연제구,15시,35653.7226,8794
202501,연제구,16시,36347.9287,8872
202501,연제구,17시,30697.4706,8865
202501,연제구,18시,30688.9434,9051
202501,연제구,19시,29048.6992,7568
202501,연제구,20시,25234.1752,6080
202501,연제구,21시,16331.6018,4594
202501,연제구,22시,9886.0848,3076
202501,연제구,23시,5642.2965,1912
202501,영도구,00시,1301.0403,463
202501,영도구,01시,788.819,314
202501,영도구,02시,458.9587,214
202501,영도구,03시,268.5223,138
202501,영도구,04시,296.4723,148
202501,영도구,05시,462.8296,244
202501,영도구,06시,684.1321,452
202501,영도구,07시,1006.0195,694
202501,영도구,08시,2020.5142,1179
202501,영도구,09시,5831.004,1961
202501,영도구,10시,9860.5156,2610
202501,영도구,11시,11441.778,3516
202501,영도구,12시,13770.5233,4577
202501,영도구,13시,11562.4177,3613
202501,영도구,14시,11578.7519,3727
202501,영도구,15시,11253.8551,3659
202501,영도구,16시,10418.2949,3584
202501,영도구,17시,10509.1509,3572
202501,영도구,18시,10828.3391,3323
202501,영도구,19시,9765.1726,2659
202501,영도구,20시,6762.0147,1980
202501,영도구,21시,3972.4714,1472
202501,영도구,22시,2676.1931,1036
202501,영도구,23시,1838.5585,709
202501,중구,00시,2544.7204,626
202501,중구,01시,1953.4327,438
202501,중구,02시,1196.2827,291
202501,중구,03시,713.4769,234
202501,중구,04시,499.3,169
202501,중구,05시,454.1833,181
202501,중구,06시,599.9738,279
202501,중구,07시,1031.7657,589
202501,중구,08시,2241.1734,1553
202501,중구,09시,5973.3269,1793
202501,중구,10시,11149.0841,2590
202501,중구,11시,18406.0489,4212
202501,중구,12시,25473.965,6816
202501,중구,13시,23937.4945,6014
202501,중구,14시,25295.5308,5946
202501,중구,15시,25251.1586,5863
202501,중구,16시,23297.3967,5457
202501,중구,17시,20628.9076,5292
202501,중구,18시,20434.0497,5073
202501,중구,19시,19399.7574,4258
202501,중구,20시,13765.8478,3140
202501,중구,21시,8177.2473,2164
202501,중구,22시,5354.9836,1491
202501,중구,23시,3531.3529,911
202501,해운대구,00시,5246.6644,2082
202501,해운대구,01시,3490.5804,1336
202501,해운대구,02시,2175.8238,865
202501,해운대구,03시,1509.9997,590
202501,해운대구,04시,1353.3792,566
202501,해운대구,05시,1814.8039,782
202501,해운대구,06시,3176.8591,1368
202501,해운대구,07시,5489.4208,2306
202501,해운대구,08시,12933.7245,4963
202501,해운대구,09시,28275.8964,8256
202501,해운대구,10시,55363.8405,11333
202501,해운대구,11시,79316.1561,15297
202501,해운대구,12시,91081.9746,19527
202501,해운대구,13시,89741.3963,17417
202501,해운대구,14시,119197.943,18996
202501,해운대구,15시,105834.0546,18020
202501,해운대구,16시,91228.962,16654
202501,해운대구,17시,78337.1687,16068
202501,해운대구,18시,77750.9641,15457
202501,해운대구,19시,65942.3586,13271
202501,해운대구,20시,41766.0602,10258
202501,해운대구,21시,24799.9452,7669
202501,해운대구,22시,13982.0812,5332
202501,해운대구,23시,8335.8232,3261
202502,강서구,00시,3549.2103,516
202502,강서구,01시,2158.8443,355
202502,강서구,02시,1927.2183,248
202502,강서구,03시,1692.0221,196
202502,강서구,04시,2110.4319,243
202502,강서구,05시,3642.3223,623
202502,강서구,06시,7970.8911,1891
202502,강서구,07시,10689.3336,2871
202502,강서구,08시,12829.5571,3239
202502,강서구,09시,19235.0328,3768
202502,강서구,10시,23024.3787,4351
202502,강서구,11시,29976.484,6433
202502,강서구,12시,34264.7892,8875
202502,강서구,13시,32502.8355,6661
202502,강서구,14시,33573.9815,6077
202502,강서구,15시,31381.8273,5862
202502,강서구,16시,32330.2292,6056
202502,강서구,17시,32774.0419,6714
202502,강서구,18시,30127.4795,6518
202502,강서구,19시,26491.7854,5397
202502,강서구,20시,22622.7237,4200
202502,강서구,21시,14327.4038,2569
202502,강서구,22시,8804.0991,1494
202502,강서구,23시,5449.3097,869
202502,금정구,00시,2683.3099,1071
202502,금정구,01시,1565.1549,633
202502,금정구,02시,1108.5107,434
202502,금정구,03시,670.9295,285
202502,금정구,04시,633.5327,270
202502,금정구,05시,837.167,434
202502,금정구,06시,1749.3312,899
202502,금정구,07시,2932.69,1544
202502,금정구,08시,7298.8103,2925
202502,금정구,09시,16624.6427,4596
202502,금정구,10시,24994.6106,6012
202502,금정구,11시,31846.631,8041
202502,금정구,12시,39510.6128,11358
202502,금정구,13시,34088.8069,9338
202502,금정구,14시,31955.8626,8957
202502,금정구,15시,32483.8537,8816
202502,금정구,16시,32238.4544,8948
202502,금정구,17시,31948.0739,9283
202502,금정구,18시,30159.8266,9561
202502,금정구,19시,26061.0194,7653
202502,금정구,20시,19796.5985,5772
202502,금정구,21시,12214.9455,4264
202502,금정구,22시,7238.3671,2801
202502,금정구,23시,4460.7175,1735
202502,기장군,00시,1663.0737,575
202502,기장군,01시,925.0357,351
202502,기장군,02시,591.7752,246
202502,기장군,03시,375.4619,155
202502,기장군,04시,328.0605,165
202502,기장군,05시,863.7538,361
202502,기장군,06시,2262.7224,764
202502,기장군,07시,3665.7578,1348
202502,기장군,08시,5601.0189,2083
202502,기장군,09시,11229.4141,3305
202502,기장군,10시,19217.2696,4635
202502,기장군,11시,30766.5864,6801
202502,기장군,12시,45308.6006,9760
202502,기장군,13시,46597.2591,9071
202502,기장군,14시,46016.2101,8826
202502,기장군,15시,45764.3032,8497
202502,기장군,16시,42391.9162,8042
202502,기장군,17시,39586.193,7790
202502,기장군,18시,36578.605,7414
202502,기장군,19시,30663.1736,6034
202502,기장군,20시,20874.2751,4310
202502,기장군,21시,9210.499,2725
202502,기장군,22시,4777.9165,1606
202502,기장군,23시,2761.7344,975
202502,남구,00시,3613.9443,1553
202502,남구,01시,2266.3192,1000
202502,남구,02시,1511.1538,706
202502,남구,03시,1033.4195,493
202502,남구,04시,1343.1068,442
202502,남구,05시,1809.9886,645
202502,남구,06시,2526.0537,932
202502,남구,07시,3387.0098,1533
202502,남구,08시,6258.7976,3221
202502,남구,09시,15388.1858,4963
202502,남구,10시,25083.4113,6841
202502,남구,11시,32490.8862,9385
202502,남구,12시,37449.9121,12507
202502,남구,13시,32859.1979,10032
202502,남구,14시,33514.6085,9930
202502,남구,15시,34362.088,10022
202502,남구,16시,34556.3341,10368
202502,남구,17시,33556.7305,10432
202502,남구,18시,33461.9393,10748
202502,남구,19시,29208.8552,8896
202502,남구,20시,23723.5312,7025
202502,남구,21시,15280.4837,5385
202502,남구,22시,9382.3073,3705
202502,남구,23시,5801.1591,2488
202502,동구,00시,2035.7978,623
202502,동구,01시,1439.999,425
202502,동구,02시,1133.083,305
202502,동구,03시,1820.981,234
202502,동구,04시,791.4258,249
202502,동구,05시,787.2201,466
202502,동구,06시,1298.7531,788
202502,동구,07시,2500.649,1402
202502,동구,08시,4763.2102,2806
202502,동구,09시,10323.1885,3384
202502,동구,10시,20215.2513,3994
202502,동구,11시,23164.3809,6201
202502,동구,12시,24161.5227,8312
202502,동구,13시,17773.2931,5774
202502,동구,14시,17700.9397,5146
202502,동구,15시,17384.2833,4947
202502,동구,16시,16677.3732,4994
202502,동구,17시,14002.531,4837
202502,동구,18시,13789.9853,5222
202502,동구,19시,13156.4346,4375
202502,동구,20시,9986.2715,3213
202502,동구,21시,6485.7648,2274
202502,동구,22시,4229.893,1454
202502,동구,23시,2853.2173,924
202502,동래구,00시,4679.9885,1479
202502,동래구,01시,3321.3324,957
202502,동래구,02시,2126.6424,633
202502,동래구,03시,1460.4899,434
202502,동래구,04시,1036.1674,403
202502,동래구,05시,1715.928,695
202502,동래구,06시,2127.0447,1076
202502,동래구,07시,3525.0555,1642
202502,동래구,08시,10122.3598,3463
202502,동래구,09시,27433.7264,6033
202502,동래구,10시,49342.2307,8279
202502,동래구,11시,55471.6079,10485
202502,동래구,12시,55598.9371,13514
202502,동래구,13시,47974.8562,11812
202502,동래구,14시,47003.2501,11694
202502,동래구,15시,50738.7767,11883
202502,동래구,16시,47193.0098,12105
202502,동래구,17시,44265.8086,12135
202502,동래구,18시,41315.8883,12214
202502,동래구,19시,39438.9203,10149
202502,동래구,20시,31786.8213,7971
202502,동래구,21시,20640.0713,5863
202502,동래구,22시,12942.5393,4000
202502,동래구,23시,8405.2694,2476
202502,부산진구,00시,9390.5758,3242
202502,부산진구,01시,6619.652,2313
202502,부산진구,02시,4978.6167,1628
202502,부산진구,03시,3172.756,1198
202502,부산진구,04시,2651.3805,1010
202502,부산진구,05시,2804.9237,1321
202502,부산진구,06시,3510.2858,1744
202502,부산진구,07시,5552.3169,2753
202502,부산진구,08시,12190.8125,6129
202502,부산진구,09시,36391.4157,9573
202502,부산진구,10시,62346.8945,12685
202502,부산진구,11시,81300.6791,17630
202502,부산진구,12시,87349.3903,24184
202502,부산진구,13시,79936.3688,21334
202502,부산진구,14시,85003.3065,20626
202502,부산진구,15시,87814.2788,21098
202502,부산진구,16시,80592.5731,20949
202502,부산진구,17시,73047.4416,20793
202502,부산진구,18시,71063.8939,21051
202502,부산진구,19시,63274.9897,17477
202502,부산진구,20시,51404.9696,13844
202502,부산진구,21시,32983.6473,10556
202502,부산진구,22시,22103.3101,7518
202502,부산진구,23시,14680.5478,5001
202502,북구,00시,3046.8561,1127
202502,북구,01시,2104.3821,732
202502,북구,02시,1347.2789,496
202502,북구,03시,921.5268,344
202502,북구,04시,810.3611,340
202502,북구,05시,1162.1751,588
202502,북구,06시,1989.7678,1021
202502,북구,07시,2715.2811,1485
202502,북구,08시,6016.1604,2889
202502,북구,09시,19233.9044,5752
202502,북구,10시,36153.1968,8431
202502,북구,11시,43165.2639,10967
202502,북구,12시,44944.0644,13225
202502,북구,13시,41099.0809,11640
202502,북구,14시,44816.2485,12176
202502,북구,15시,48906.0432,13147
202502,북구,16시,50282.4677,13622
202502,북구,17시,46800.9805,13628
202502,북구,18시,45077.8168,13245
202502,북구,19시,38265.89,10341
202502,북구,20시,28901.4873,7883
202502,북구,21시,17801.9366,5593
202502,북구,22시,7618.6033,2897
202502,북구,23시,4726.1143,1779
202502,사상구,00시,3155.7125,1136
202502,사상구,01시,2271.7448,772
202502,사상구,02시,1649.719,524
202502,사상구,03시,1041.8516,386
202502,사상구,04시,1132.1318,419
202502,사상구,05시,2431.7757,824
202502,사상구,06시,3826.0531,1493
202502,사상구,07시,5853.2852,2634
202502,사상구,08시,9444.5123,3737
202502,사상구,09시,18136.9668,5081
202502,사상구,10시,26209.7955,6369
202502,사상구,11시,31435.6727,8135
202502,사상구,12시,34917.8404,10881
202502,사상구,13시,30523.4335,8529
202502,사상구,14시,32426.725,8544
202502,사상구,15시,31945.2936,8698
202502,사상구,16시,31809.7141,8647
202502,사상구,17시,30959.5071,9438
202502,사상구,18시,30225.7553,9575
202502,사상구,19시,27338.8688,7720
202502,사상구,20시,21479.5892,6054
202502,사상구,21시,13389.1572,4388
202502,사상구,22시,8767.5079,2883
202502,사상구,23시,5031.258,1781
202502,사하구,00시,4166.3583,1404
202502,사하구,01시,2878.2333,914
202502,사하구,02시,2021.9534,654
202502,사하구,03시,1304.9645,467
202502,사하구,04시,1311.8053,479
202502,사하구,05시,1922.6825,807
202502,사하구,06시,3280.981,1715
202502,사하구,07시,4326.4509,2507
202502,사하구,08시,7181.2584,3517
202502,사하구,09시,17929.0437,5562
202502,사하구,10시,29218.5863,7435
202502,사하구,11시,36333.3451,9599
202502,사하구,12시,37648.6769,12188
202502,사하구,13시,31682.7603,9975
202502,사하구,14시,34416.323,10300
202502,사하구,15시,35158.3257,10644
202502,사하구,16시,35512.9657,10831
202502,사하구,17시,36832.0743,11856
202502,사하구,18시,36331.3832,11851
202502,사하구,19시,32612.4859,9445
202502,사하구,20시,25898.5844,7385
202502,사하구,21시,15537.9126,5202
202502,사하구,22시,9260.5902,3393
202502,사하구,23시,6359.9003,2179
202502,서구,00시,1073.556,386
202502,서구,01시,708.3717,255
202502,서구,02시,397.0981,167
202502,서구,03시,267.5127,121
202502,서구,04시,176.4101,114
202502,서구,05시,641.4443,267
202502,서구,06시,1018.5951,530
202502,서구,07시,2936.4416,1072
202502,서구,08시,7070.9979,2038
202502,서구,09시,19145.2025,3172
202502,서구,10시,25262.4196,3837
202502,서구,11시,26070.546,4472
202502,서구,12시,20983.5038,5599
202502,서구,13시,17704.165,4188
202502,서구,14시,20062.1556,4308
202502,서구,15시,17250.7662,4079
202502,서구,16시,14113.0534,3744
202502,서구,17시,11890.9369,3502
202502,서구,18시,10436.8017,3394
202502,서구,19시,9817.2835,2712
202502,서구,20시,6948.414,2092
202502,서구,21시,4789.8979,1615
202502,서구,22시,2621.087,1134
202502,서구,23시,1511.7116,673
202502,수영구,00시,4463.2103,1599
202502,수영구,01시,2977.846,1022
202502,수영구,02시,1858.4779,669
202502,수영구,03시,1114.1689,434
202502,수영구,04시,774.186,321
202502,수영구,05시,827.0225,443
202502,수영구,06시,1239.5118,619
202502,수영구,07시,1996.6837,1040
202502,수영구,08시,4472.5849,2381
202502,수영구,09시,13540.143,4109
202502,수영구,10시,23669.2649,5634
202502,수영구,11시,31282.7599,7480
202502,수영구,12시,33878.712,9622
202502,수영구,13시,27313.2465,8471
202502,수영구,14시,28246.982,8660
202502,수영구,15시,28452.6209,8819
202502,수영구,16시,26707.8988,8737
202502,수영구,17시,25578.433,8573
202502,수영구,18시,26307.0075,8868
202502,수영구,19시,26470.7021,7810
202502,수영구,20시,23568.6175,6588
202502,수영구,21시,17004.7269,5341
202502,수영구,22시,10501.0852,3894
202502,수영구,23시,7218.6424,2533
202502,연제구,00시,3601.5278,1164
202502,연제구,01시,2490.6552,788
202502,연제구,02시,1689.9602,541
202502,연제구,03시,1135.6686,390
202502,연제구,04시,784.734,336
202502,연제구,05시,919.9999,510
202502,연제구,06시,1469.8652,768
202502,연제구,07시,2718.3324,1233
202502,연제구,08시,6743.053,3143
202502,연제구,09시,16931.1511,4637
202502,연제구,10시,27286.5588,6074
202502,연제구,11시,36182.8746,8543
202502,연제구,12시,39996.93,11721
202502,연제구,13시,32827.7258,8739
202502,연제구,14시,32051.7834,8431
202502,연제구,15시,33233.4741,8583
202502,연제구,16시,35610.4984,8851
202502,연제구,17시,31514.5338,8985
202502,연제구,18시,29768.4172,9523
202502,연제구,19시,29111.5427,7829
202502,연제구,20시,24891.6273,6192
202502,연제구,21시,16444.2637,4604
202502,연제구,22시,9138.049,3093
202502,연제구,23시,5598.958,1909
202502,영도구,00시,1115.1809,415
202502,영도구,01시,701.5514,273
202502,영도구,02시,525.9674,188
202502,영도구,03시,222.1328,116
202502,영도구,04시,234.2066,136
202502,영도구,05시,352.389,239
202502,영도구,06시,562.3919,451
202502,영도구,07시,1047.533,741
202502,영도구,08시,2033.8806,1252
202502,영도구,09시,5298.6474,1922
202502,영도구,10시,8620.4669,2465
202502,영도구,11시,10447.1453,3390
202502,영도구,12시,13356.0156,4595
202502,영도구,13시,11236.4959,3452
202502,영도구,14시,10307.1722,3451
202502,영도구,15시,9999.5377,3461
202502,영도구,16시,9538.0223,3394
202502,영도구,17시,9494.3849,3526
202502,영도구,18시,9695.1505,3379
202502,영도구,19시,8854.6016,2669
202502,영도구,20시,6846.8109,2007
202502,영도구,21시,4078.6543,1442
202502,영도구,22시,2495.9086,1011
202502,영도구,23시,1629.6133,662
202502,중구,00시,2177.1491,570
202502,중구,01시,1594.3935,389
202502,중구,02시,1082.3923,274
202502,중구,03시,749.497,188
202502,중구,04시,475.9488,161
202502,중구,05시,356.8475,170
202502,중구,06시,702.796,273
202502,중구,07시,1049.9974,625
202502,중구,08시,2141.6148,1751
202502,중구,09시,5036.7483,1795
202502,중구,10시,10430.5998,2514
202502,중구,11시,16653.0367,4261
202502,중구,12시,22978.8144,7079
202502,중구,13시,21064.2226,5791
202502,중구,14시,22460.9537,5613
202502,중구,15시,22061.5488,5516
202502,중구,16시,20614.2461,5151
202502,중구,17시,18348.3522,4921
202502,중구,18시,18617.7971,4952
202502,중구,19시,18814.5564,4173
202502,중구,20시,13665.3322,3108
202502,중구,21시,7521.3084,2070
202502,중구,22시,4830.6798,1388
202502,중구,23시,3400.673,870
202502,해운대구,00시,5077.5271,1961
202502,해운대구,01시,3225.6872,1223
202502,해운대구,02시,1908.3317,816
202502,해운대구,03시,1259.9335,564
202502,해운대구,04시,1316.2263,552
202502,해운대구,05시,1877.3024,780
202502,해운대구,06시,3374.285,1313
202502,해운대구,07시,5550.3911,2411
202502,해운대구,08시,11565.7823,5197
202502,해운대구,09시,31809.33,8227
202502,해운대구,10시,54079.4343,11193
202502,해운대구,11시,78299.4353,15155
202502,해운대구,12시,94488.6345,20423
202502,해운대구,13시,112530.034,19016
202502,해운대구,14시,91727.704,16918
202502,해운대구,15시,107564.1502,17818
202502,해운대구,16시,85842.3803,16518
202502,해운대구,17시,78574.0866,16201
202502,해운대구,18시,73030.4025,15822
202502,해운대구,19시,67038.3296,13693
202502,해운대구,20시,43778.0152,10320
202502,해운대구,21시,25482.9197,7644
202502,해운대구,22시,13733.1846,5203
202502,해운대구,23시,8356.9791,3213
202503,강서구,00시,3494.7269,550
202503,강서구,01시,2169.0073,351
202503,강서구,02시,1671.4921,249
202503,강서구,03시,1569.1757,195
202503,강서구,04시,2164.2521,259
202503,강서구,05시,3737.2403,646
202503,강서구,06시,8492.7565,1978
202503,강서구,07시,10854.4116,2916
202503,강서구,08시,13543.3459,3342
202503,강서구,09시,18510.7052,3844
202503,강서구,10시,23412.799,4580
202503,강서구,11시,29459.3184,6532
202503,강서구,12시,33694.0749,8933
202503,강서구,13시,32003.9546,6901
202503,강서구,14시,31097.525,6199
202503,강서구,15시,31352.3432,5984
202503,강서구,16시,31587.5578,6267
202503,강서구,17시,31342.7924,6889
202503,강서구,18시,29326.7138,6674
202503,강서구,19시,27152.8882,5539
202503,강서구,20시,21840.2431,4171
202503,강서구,21시,14097.1501,2608
202503,강서구,22시,8947.7605,1482
202503,강서구,23시,5342.3774,856
202503,금정구,00시,3107.8324,1205
202503,금정구,01시,1784.1393,703
202503,금정구,02시,1127.7948,459
202503,금정구,03시,644.8386,312
202503,금정구,04시,517.6627,278
202503,금정구,05시,1001.9264,448
202503,금정구,06시,1810.3254,931
202503,금정구,07시,3107.6157,1731
202503,금정구,08시,8496.708,3428
202503,금정구,09시,16495.8787,5226
202503,금정구,10시,24088.399,7047
202503,금정구,11시,30917.8656,9440
202503,금정구,12시,38558.5911,13142
202503,금정구,13시,38965.6539,10735
202503,금정구,14시,32414.6975,9783
202503,금정구,15시,32373.3786,9544
202503,금정구,16시,31105.5173,9867
202503,금정구,17시,31913.8992,10286
202503,금정구,18시,31131.9977,10472
202503,금정구,19시,27487.759,8377
202503,금정구,20시,20505.9328,6242
202503,금정구,21시,12842.0647,4607
202503,금정구,22시,7521.9418,3074
202503,금정구,23시,4685.4228,1958
202503,기장군,00시,1658.9884,583
202503,기장군,01시,944.3461,347
202503,기장군,02시,534.9395,221
202503,기장군,03시,373.0977,155
202503,기장군,04시,359.4315,160
202503,기장군,05시,878.9409,372
202503,기장군,06시,2416.4721,813
202503,기장군,07시,3449.2252,1451
202503,기장군,08시,5660.4025,2255
202503,기장군,09시,12234.4172,3565
202503,기장군,10시,19554.6768,4912
202503,기장군,11시,33820.6945,7156
202503,기장군,12시,47551.8174,10183
202503,기장군,13시,49764.1086,9540
202503,기장군,14시,48656.2862,9332
202503,기장군,15시,45918.5549,8780
202503,기장군,16시,43635.1085,8384
202503,기장군,17시,41217.1587,8224
202503,기장군,18시,38103.2707,7631
202503,기장군,19시,31601.8347,6194
202503,기장군,20시,21153.7473,4371
202503,기장군,21시,9009.8247,2664
202503,기장군,22시,4726.5038,1579
202503,기장군,23시,2849.7734,940
202503,남구,00시,3581.8513,1644
202503,남구,01시,2338.2082,1024
202503,남구,02시,1477.3703,672
202503,남구,03시,1079.9281,488
202503,남구,04시,1060.2716,430
202503,남구,05시,1726.9069,663
202503,남구,06시,2761.0478,1010
202503,남구,07시,3626.0616,1697
202503,남구,08시,6371.4478,3683
202503,남구,09시,15072.0525,5825
202503,남구,10시,25666.9687,7688
202503,남구,11시,34015.125,10831
202503,남구,12시,37724.7453,14379
202503,남구,13시,32564.4425,11307
202503,남구,14시,32952.6336,10680
202503,남구,15시,33907.932,10875
202503,남구,16시,34944.8997,11258
202503,남구,17시,33448.4851,11480
202503,남구,18시,33573.0354,11537
202503,남구,19시,30481.2873,9489
202503,남구,20시,23798.782,7411
202503,남구,21시,15427.6913,5732
202503,남구,22시,9130.117,3928
202503,남구,23시,5819.0109,2576
202503,동구,00시,2022.6114,627
202503,동구,01시,1496.537,443
202503,동구,02시,1145.1596,320
202503,동구,03시,1046.9521,228
202503,동구,04시,845.0863,263
202503,동구,05시,811.8665,476
202503,동구,06시,1422.87,816
202503,동구,07시,2723.934,1464
202503,동구,08시,4677.9217,2766
202503,동구,09시,9790.8503,3381
202503,동구,10시,19844.3146,4222
202503,동구,11시,22297.6077,6118
202503,동구,12시,21639.369,7980
202503,동구,13시,16767.488,5687
202503,동구,14시,16842.4439,4979
202503,동구,15시,16085.5248,4926
202503,동구,16시,14715.4297,4932
202503,동구,17시,13853.3107,4827
202503,동구,18시,13702.3749,5173
202503,동구,19시,12663.5033,4290
202503,동구,20시,9407.0028,3111
202503,동구,21시,6141.7452,2286
202503,동구,22시,4300.0879,1461
202503,동구,23시,3010.7315,923
202503,동래구,00시,4927.1715,1525
202503,동래구,01시,3493.7625,1019
202503,동래구,02시,2351.9037,660
202503,동래구,03시,1387.6527,451
202503,동래구,04시,1116.1412,429
202503,동래구,05시,1783.1608,751
202503,동래구,06시,2321.9193,1118
202503,동래구,07시,3619.6374,1866
202503,동래구,08시,9061.9883,3764
202503,동래구,09시,23848.44,6445
202503,동래구,10시,40843.3888,8627
202503,동래구,11시,52305.1675,10827
202503,동래구,12시,52081.1167,14028
202503,동래구,13시,45505.2099,12265
202503,동래구,14시,47100.3313,11941
202503,동래구,15시,47883.2502,12188
202503,동래구,16시,43464.1881,12518
202503,동래구,17시,42947.2379,12800
202503,동래구,18시,41669.8529,12708
202503,동래구,19시,38742.5656,10589
202503,동래구,20시,30689.509,8217
202503,동래구,21시,20805.1651,6070
202503,동래구,22시,12765.7357,4049
202503,동래구,23시,8577.4942,2498
202503,부산진구,00시,9389.3394,3294
202503,부산진구,01시,6697.6035,2315
202503,부산진구,02시,4566.2537,1651
202503,부산진구,03시,3051.07,1173
202503,부산진구,04시,2379.8135,999
202503,부산진구,05시,2652.2376,1347
202503,부산진구,06시,3366.3928,1863
202503,부산진구,07시,5127.4018,3035
202503,부산진구,08시,11632.7736,6575
202503,부산진구,09시,33255.8989,10259
202503,부산진구,10시,61120.0408,13582
202503,부산진구,11시,76755.547,18511
202503,부산진구,12시,83288.9147,25201
202503,부산진구,13시,79961.576,21730
202503,부산진구,14시,77056.3183,20688
202503,부산진구,15시,80867.5713,20964
202503,부산진구,16시,74939.9504,21240
202503,부산진구,17시,67816.0175,21207
202503,부산진구,18시,68635.6223,21340
202503,부산진구,19시,62934.8491,17648
202503,부산진구,20시,48762.469,13940
202503,부산진구,21시,32211.8023,10618
202503,부산진구,22시,20938.0157,7532
202503,부산진구,23시,14386.6268,4989
202503,북구,00시,3146.987,1147
202503,북구,01시,2064.3814,724
202503,북구,02시,1293.4479,486
202503,북구,03시,887.7223,348
202503,북구,04시,727.4572,355
202503,북구,05시,1172.2226,632
202503,북구,06시,2154.6254,1079
202503,북구,07시,2781.2397,1656
202503,북구,08시,6521.211,3136
202503,북구,09시,19857.2865,6376
202503,북구,10시,34758.0429,9021
202503,북구,11시,44939.6072,11539
202503,북구,12시,45222.6728,13885
202503,북구,13시,42231.5458,12221
202503,북구,14시,44494.7937,12458
202503,북구,15시,47990.3816,13408
202503,북구,16시,48685.9266,14005
202503,북구,17시,47835.7606,14134
202503,북구,18시,45408.7284,13665
202503,북구,19시,38151.1031,10821
202503,북구,20시,29405.3091,8236
202503,북구,21시,17653.9237,5775
202503,북구,22시,7881.8187,2931
202503,북구,23시,4821.834,1787
202503,사상구,00시,3500.5579,1237
202503,사상구,01시,2344.0882,797
202503,사상구,02시,1648.4167,569
202503,사상구,03시,1138.2155,394
202503,사상구,04시,1204.8422,430
202503,사상구,05시,2365.8445,831
202503,사상구,06시,3934.2917,1557
202503,사상구,07시,5657.9719,2731
202503,사상구,08시,9462.8159,4084
202503,사상구,09시,18303.0814,5696
202503,사상구,10시,26714.3861,7164
202503,사상구,11시,32368.8989,9115
202503,사상구,12시,35645.9846,12172
202503,사상구,13시,32660.0195,9839
202503,사상구,14시,32665.0868,9331
202503,사상구,15시,32621.3007,9314
202503,사상구,16시,32287.3068,9424
202503,사상구,17시,30485.8502,10179
202503,사상구,18시,30660.7863,10113
202503,사상구,19시,27871.8947,8149
202503,사상구,20시,21935.0557,6330
202503,사상구,21시,13804.7525,4567
202503,사상구,22시,8590.9653,3002
202503,사상구,23시,5573.3597,1869
202503,사하구,00시,4566.7677,1486
202503,사하구,01시,2987.9122,966
202503,사하구,02시,2020.1092,696
202503,사하구,03시,1460.0796,514
202503,사하구,04시,1236.7622,507
202503,사하구,05시,1913.5105,847
202503,사하구,06시,3237.1219,1785
202503,사하구,07시,4427.2757,2680
202503,사하구,08시,7491.1362,4097
202503,사하구,09시,17903.1856,6115
202503,사하구,10시,29727.8645,8264
202503,사하구,11시,35984.1866,10520
202503,사하구,12시,39163.2625,13052
202503,사하구,13시,32166.1369,10862
202503,사하구,14시,33973.9807,10959
202503,사하구,15시,35282.4693,11022
202503,사하구,16시,35452.3875,11463
202503,사하구,17시,36051.3837,12327
202503,사하구,18시,36843.4706,12455
202503,사하구,19시,32888.8366,9889
202503,사하구,20시,25196.4168,7704
202503,사하구,21시,15675.1198,5483
202503,사하구,22시,9562.0671,3572
202503,사하구,23시,6312.2929,2261
202503,서구,00시,940.8786,409
202503,서구,01시,628.8007,263
202503,서구,02시,430.6667,180
202503,서구,03시,262.5728,130
202503,서구,04시,301.6483,127
202503,서구,05시,549.4947,274
202503,서구,06시,1175.0397,584
202503,서구,07시,2832.5859,1147
202503,서구,08시,7059.4966,2201
202503,서구,09시,18596.9995,3299
202503,서구,10시,25341.4761,4023
202503,서구,11시,23349.5307,4902
202503,서구,12시,22322.076,5985
202503,서구,13시,17032.3095,4675
202503,서구,14시,18079.65,4454
202503,서구,15시,15994.4884,4157
202503,서구,16시,13071.0391,3844
202503,서구,17시,11157.0621,3678
202503,서구,18시,10193.3341,3551
202503,서구,19시,9170.6269,2860
202503,서구,20시,6968.8313,2193
202503,서구,21시,5003.5191,1696
202503,서구,22시,2954.7219,1165
202503,서구,23시,1731.0146,698
202503,수영구,00시,4664.3956,1618
202503,수영구,01시,3085.1531,1029
202503,수영구,02시,2047.99,654
202503,수영구,03시,1135.8816,426
202503,수영구,04시,823.4564,329
202503,수영구,05시,926.4843,467
202503,수영구,06시,1240.8812,675
202503,수영구,07시,1998.3322,1208
202503,수영구,08시,4504.8094,2554
202503,수영구,09시,13341.8505,4299
202503,수영구,10시,23310.3066,5904
202503,수영구,11시,30444.1481,7658
202503,수영구,12시,33209.163,9810
202503,수영구,13시,27085.5519,8683
202503,수영구,14시,26912.4999,8620
202503,수영구,15시,25892.5259,8800
202503,수영구,16시,24823.2115,8793
202503,수영구,17시,24286.7619,8662
202503,수영구,18시,25715.0055,8821
202503,수영구,19시,25566.7232,7758
202503,수영구,20시,22391.6736,6546
202503,수영구,21시,16256.3208,5316
202503,수영구,22시,10807.6019,3821
202503,수영구,23시,7279.9536,2437
202503,연제구,00시,3735.6893,1190
202503,연제구,01시,2484.0541,788
202503,연제구,02시,1814.2493,544
202503,연제구,03시,1209.5131,398
202503,연제구,04시,792.5645,342
202503,연제구,05시,985.9431,513
202503,연제구,06시,1475.1815,774
202503,연제구,07시,3111.2967,1377
202503,연제구,08시,5089.2358,3277
202503,연제구,09시,15679.3389,4841
202503,연제구,10시,27436.2169,6422
202503,연제구,11시,35327.3809,8747
202503,연제구,12시,38617.2735,11759
202503,연제구,13시,30549.1874,8946
202503,연제구,14시,31585.9806,8612
202503,연제구,15시,32990.1032,8795
202503,연제구,16시,31302.0825,9135
202503,연제구,17시,29953.3606,9387
202503,연제구,18시,30045.7618,9774
202503,연제구,19시,28994.5825,8044
202503,연제구,20시,24891.6258,6353
202503,연제구,21시,16236.9925,4800
202503,연제구,22시,9104.763,3150
202503,연제구,23시,5501.2054,1918
202503,영도구,00시,1190.0143,464
202503,영도구,01시,749.845,302
202503,영도구,02시,446.8898,202
202503,영도구,03시,258.6657,126
202503,영도구,04시,222.8095,148
202503,영도구,05시,373.567,257
202503,영도구,06시,680.4707,506
202503,영도구,07시,1146.1114,789
202503,영도구,08시,1939.1223,1347
202503,영도구,09시,6247.3141,2088
202503,영도구,10시,8197.8062,2607
202503,영도구,11시,9985.7754,3667
202503,영도구,12시,12780.3124,4906
202503,영도구,13시,10284.2617,3660
202503,영도구,14시,9632.7735,3544
202503,영도구,15시,9920.9511,3501
202503,영도구,16시,9563.8688,3507
202503,영도구,17시,9952.8574,3690
202503,영도구,18시,10585.4729,3569
202503,영도구,19시,9578.8805,2853
202503,영도구,20시,6870.8685,2139
202503,영도구,21시,4301.9943,1562
202503,영도구,22시,2795.7826,1046
202503,영도구,23시,1827.7525,742
202503,중구,00시,2198.4804,584
202503,중구,01시,1695.5243,417
202503,중구,02시,1078.2913,274
202503,중구,03시,625.0602,181
202503,중구,04시,371.7172,143
202503,중구,05시,401.12,177
202503,중구,06시,579.9462,276
202503,중구,07시,1214.275,659
202503,중구,08시,2115.7902,1733
202503,중구,09시,5539.2372,1856
202503,중구,10시,10492.6582,2605
202503,중구,11시,16010.5443,4324
202503,중구,12시,24966.9221,7103
202503,중구,13시,22331.1766,5904
202503,중구,14시,22724.608,5629
202503,중구,15시,21909.7443,5490
202503,중구,16시,19671.1447,5170
202503,중구,17시,18198.7783,4946
202503,중구,18시,18255.5273,4958
202503,중구,19시,17608.2518,4068
202503,중구,20시,13058.7917,3068
202503,중구,21시,7431.1511,2094
202503,중구,22시,5083.3283,1433
202503,중구,23시,3354.3712,924
202503,해운대구,00시,4881.6717,1901
202503,해운대구,01시,3036.7393,1191
202503,해운대구,02시,2032.0167,795
202503,해운대구,03시,1232.9998,541
202503,해운대구,04시,1084.8122,543
202503,해운대구,05시,1937.6998,825
202503,해운대구,06시,3386.1132,1377
202503,해운대구,07시,5043.5886,2676
202503,해운대구,08시,11770.847,5486
202503,해운대구,09시,30143.5172,8506
202503,해운대구,10시,50433.3545,11353
202503,해운대구,11시,72885.5118,15142
202503,해운대구,12시,85237.7975,19781
202503,해운대구,13시,120441.7874,19879
202503,해운대구,14시,86294.5553,16631
202503,해운대구,15시,87294.723,16727
202503,해운대구,16시,81183.6767,16510
202503,해운대구,17시,75034.7482,16275
202503,해운대구,18시,72812.4296,15692
202503,해운대구,19시,63754.2625,13248
202503,해운대구,20시,42319.3385,9973
202503,해운대구,21시,24403.3629,7311
202503,해운대구,22시,12836.2425,5021
202503,해운대구,23시,7962.0965,3078
202504,강서구,00시,3398.4713,544
202504,강서구,01시,2298.7007,362
202504,강서구,02시,1617.4323,245
202504,강서구,03시,1694.357,200
202504,강서구,04시,2283.9112,268
202504,강서구,05시,3971.1317,703
202504,강서구,06시,9099.6525,2176
202504,강서구,07시,11575.1397,3194
202504,강서구,08시,14312.536,3658
202504,강서구,09시,19545.004,4181
202504,강서구,10시,24106.8877,4747
202504,강서구,11시,30002.4536,6790
202504,강서구,12시,34349.4409,9455
202504,강서구,13시,32439.9261,7146
202504,강서구,14시,32461.4143,6359
202504,강서구,15시,32118.1302,6154
202504,강서구,16시,30979.3363,6394
202504,강서구,17시,31982.8034,7137
202504,강서구,18시,29728.5794,6920
202504,강서구,19시,27393.819,5869
202504,강서구,20시,22679.8906,4524
202504,강서구,21시,14163.9135,2798
202504,강서구,22시,9260.9749,1607
202504,강서구,23시,5081.7589,909
202504,금정구,00시,2737.6773,1298
202504,금정구,01시,1825.4851,776
202504,금정구,02시,1171.3455,506
202504,금정구,03시,652.5132,347
202504,금정구,04시,505.9841,311
202504,금정구,05시,1029.2315,504
202504,금정구,06시,2048.935,1108
202504,금정구,07시,4380.0367,1994
202504,금정구,08시,7138.1287,3899
202504,금정구,09시,15619.0629,5791
202504,금정구,10시,26849.0858,7549
202504,금정구,11시,33257.3776,10103
202504,금정구,12시,39650.5811,13858
202504,금정구,13시,36642.6266,10950
202504,금정구,14시,33995.9987,9923
202504,금정구,15시,31213.5093,9674
202504,금정구,16시,33807.1013,10213
202504,금정구,17시,33212.7526,10754
202504,금정구,18시,31783.9921,11068
202504,금정구,19시,28443.4804,8878
202504,금정구,20시,20318.9715,6584
202504,금정구,21시,13015.6646,4918
202504,금정구,22시,7638.7747,3402
202504,금정구,23시,4746.5603,2132
202504,기장군,00시,1755.6811,590
202504,기장군,01시,859.9456,345
202504,기장군,02시,525.682,236
202504,기장군,03시,312.2958,160
202504,기장군,04시,353.1458,177
202504,기장군,05시,1005.0899,426
202504,기장군,06시,2624.955,919
202504,기장군,07시,3934.2228,1608
202504,기장군,08시,6152.0962,2560
202504,기장군,09시,13107.9371,3884
202504,기장군,10시,20915.5693,5154
202504,기장군,11시,33495.0371,7443
202504,기장군,12시,47334.0438,10464
202504,기장군,13시,49119.6047,9635
202504,기장군,14시,46618.0859,9092
202504,기장군,15시,43088.8556,8608
202504,기장군,16시,41126.7683,8262
202504,기장군,17시,38907.3293,8240
202504,기장군,18시,37308.3313,7762
202504,기장군,19시,31013.0564,6425
202504,기장군,20시,21296.8112,4635
202504,기장군,21시,9220.0832,2853
202504,기장군,22시,4699.3685,1697
202504,기장군,23시,3094.8905,1016
202504,남구,00시,3835.2335,1730
202504,남구,01시,2239.0591,1044
202504,남구,02시,1435.5738,687
202504,남구,03시,1191.0816,505
202504,남구,04시,1143.7943,447
202504,남구,05시,1989.606,727
202504,남구,06시,2910.8544,1145
202504,남구,07시,3741.5093,1942
202504,남구,08시,7278.3896,4166
202504,남구,09시,15242.2988,6333
202504,남구,10시,26208.3824,8229
202504,남구,11시,34138.6804,11252
202504,남구,12시,38933.644,15038
202504,남구,13시,33117.5966,11702
202504,남구,14시,34153.0944,10838
202504,남구,15시,33787.8161,11137
202504,남구,16시,34640.3844,11565
202504,남구,17시,34728.5208,11920
202504,남구,18시,33905.2397,12039
202504,남구,19시,30886.3077,9965
202504,남구,20시,24187.0536,7767
202504,남구,21시,15904.7503,5987
202504,남구,22시,9286.9807,4122
202504,남구,23시,5939.2886,2752
202504,동구,00시,1933.0451,603
202504,동구,01시,1383.5119,424
202504,동구,02시,1171.5317,302
202504,동구,03시,1315.7982,215
202504,동구,04시,854.5287,262
202504,동구,05시,908.5434,505
202504,동구,06시,1796.1539,907
202504,동구,07시,3456.8829,1650
202504,동구,08시,5653.2965,3100
202504,동구,09시,10652.2516,3696
202504,동구,10시,20179.5848,4336
202504,동구,11시,23362.3505,6532
202504,동구,12시,22697.9615,8491
202504,동구,13시,18447.7939,5892
202504,동구,14시,17752.075,5142
202504,동구,15시,16350.9692,5003
202504,동구,16시,15651.0268,5037
202504,동구,17시,13639.4163,4991
202504,동구,18시,13614.7131,5285
202504,동구,19시,12686.5935,4332
202504,동구,20시,9957.0299,3190
202504,동구,21시,6450.4894,2392
202504,동구,22시,4098.463,1509
202504,동구,23시,2933.1629,968
202504,동래구,00시,4878.1445,1554
202504,동래구,01시,3394.954,978
202504,동래구,02시,2447.3212,645
202504,동래구,03시,1437.302,462
202504,동래구,04시,1210.0409,420
202504,동래구,05시,1889.6433,804
202504,동래구,06시,2579.8122,1253
202504,동래구,07시,4040.1973,2080
202504,동래구,08시,9663.942,4205
202504,동래구,09시,27255.052,7022
202504,동래구,10시,48546.4393,9148
202504,동래구,11시,53578.1384,11232
202504,동래구,12시,54874.2454,14408
202504,동래구,13시,47075.1548,12655
202504,동래구,14시,47829.5725,12244
202504,동래구,15시,47171.4093,12478
202504,동래구,16시,45623.8598,13050
202504,동래구,17시,44842.3536,13731
202504,동래구,18시,43052.6309,13783
202504,동래구,19시,39894.1073,11230
202504,동래구,20시,32741.3628,8789
202504,동래구,21시,21176.8696,6533
202504,동래구,22시,13370.1822,4362
202504,동래구,23시,8414.0598,2644
202504,부산진구,00시,9025.8611,3268
202504,부산진구,01시,6163.4234,2233
202504,부산진구,02시,4342.3673,1583
202504,부산진구,03시,2997.0994,1138
202504,부산진구,04시,2276.1592,990
202504,부산진구,05시,2742.4327,1407
202504,부산진구,06시,3506.709,2075
202504,부산진구,07시,5525.7425,3327
202504,부산진구,08시,13041.8633,7426
202504,부산진구,09시,35881.5445,11245
202504,부산진구,10시,64898.9718,14591
202504,부산진구,11시,82977.7024,19499
202504,부산진구,12시,85638.5493,26253
202504,부산진구,13시,75603.6717,22078
202504,부산진구,14시,78298.5382,20958
202504,부산진구,15시,80603.9376,21070
202504,부산진구,16시,77116.3482,21684
202504,부산진구,17시,69587.3118,21727
202504,부산진구,18시,68282.7654,21865
202504,부산진구,19시,62594.8838,18081
202504,부산진구,20시,49193.9404,14384
202504,부산진구,21시,32343.2746,11124
202504,부산진구,22시,21557.0086,7975
202504,부산진구,23시,14048.2678,5199
202504,북구,00시,3039.0875,1124
202504,북구,01시,2002.619,698
202504,북구,02시,1347.0527,461
202504,북구,03시,945.9264,351
202504,북구,04시,748.2666,347
202504,북구,05시,1224.0241,658
202504,북구,06시,2324.2002,1176
202504,북구,07시,3274.3036,1837
202504,북구,08시,7084.8985,3494
202504,북구,09시,21805.3165,6942
202504,북구,10시,36659.052,9557
202504,북구,11시,44215.9649,11929
202504,북구,12시,45868.7143,14339
202504,북구,13시,40838.0098,12336
202504,북구,14시,43745.4798,12419
202504,북구,15시,48011.612,13498
202504,북구,16시,48085.5292,14130
202504,북구,17시,46967.8098,14395
202504,북구,18시,46540.2889,14152
202504,북구,19시,39766.8258,11317
202504,북구,20시,30743.9519,8723
202504,북구,21시,18119.3046,6117
202504,북구,22시,8006.1737,3068
202504,북구,23시,4794.3607,1876
202504,사상구,00시,3469.7716,1228
202504,사상구,01시,2334.628,800
202504,사상구,02시,1510.382,535
202504,사상구,03시,1146.9026,397
202504,사상구,04시,1079.9252,432
202504,사상구,05시,2558.3084,902
202504,사상구,06시,4271.0617,1747
202504,사상구,07시,6182.1341,3060
202504,사상구,08시,10272.0683,4463
202504,사상구,09시,19105.0732,6204
202504,사상구,10시,27937.0371,7504
202504,사상구,11시,33849.2399,9417
202504,사상구,12시,37197.4459,12646
202504,사상구,13시,34460.9963,10006
202504,사상구,14시,32420.3026,9426
202504,사상구,15시,33146.0404,9463
202504,사상구,16시,31722.4553,9620
202504,사상구,17시,32034.1404,10501
202504,사상구,18시,31180.763,10440
202504,사상구,19시,28491.4004,8537
202504,사상구,20시,22891.0861,6699
202504,사상구,21시,14300.4664,4899
202504,사상구,22시,9169.8427,3244
202504,사상구,23시,5750.7239,1952
202504,사하구,00시,4203.7474,1467
202504,사하구,01시,3046.6354,973
202504,사하구,02시,1989.9443,674
202504,사하구,03시,1418.6794,493
202504,사하구,04시,1242.6161,512
202504,사하구,05시,2070.9996,928
202504,사하구,06시,3634.8043,2000
202504,사하구,07시,4593.9122,2965
202504,사하구,08시,7975.1357,4436
202504,사하구,09시,18802.5177,6669
202504,사하구,10시,30238.7217,8769
202504,사하구,11시,36143.0066,10919
202504,사하구,12시,39557.1384,13562
202504,사하구,13시,32009.542,11166
202504,사하구,14시,33001.0697,11081
202504,사하구,15시,35725.2021,11363
202504,사하구,16시,35882.5695,11894
202504,사하구,17시,37470.344,12890
202504,사하구,18시,38307.5133,12896
202504,사하구,19시,34441.22,10407
202504,사하구,20시,27468.6461,8181
202504,사하구,21시,16930.6074,5789
202504,사하구,22시,9582.7425,3723
202504,사하구,23시,6787.1001,2412
202504,서구,00시,1028.1011,433
202504,서구,01시,649.9871,280
202504,서구,02시,374.2404,179
202504,서구,03시,243.1306,120
202504,서구,04시,217.7658,136
202504,서구,05시,627.1917,291
202504,서구,06시,1305.1634,685
202504,서구,07시,3667.1297,1306
202504,서구,08시,8221.263,2509
202504,서구,09시,19934.0078,3716
202504,서구,10시,27903.2382,4439
202504,서구,11시,26671.7954,5280
202504,서구,12시,22705.2076,6409
202504,서구,13시,18673.5427,4901
202504,서구,14시,19643.141,4764
202504,서구,15시,17693.7792,4396
202504,서구,16시,14427.6129,4098
202504,서구,17시,11442.1245,3961
202504,서구,18시,10783.287,3869
202504,서구,19시,10019.3428,3080
202504,서구,20시,7657.1314,2387
202504,서구,21시,4879.8586,1832
202504,서구,22시,2905.7219,1258
202504,서구,23시,1795.9732,747
202504,수영구,00시,4645.9619,1603
202504,수영구,01시,2988.9143,1001
202504,수영구,02시,1917.2954,644
202504,수영구,03시,1182.6286,432
202504,수영구,04시,722.7356,329
202504,수영구,05시,991.4747,496
202504,수영구,06시,1284.9643,768
202504,수영구,07시,2228.058,1336
202504,수영구,08시,5251.2564,2821
202504,수영구,09시,15117.5839,4749
202504,수영구,10시,24162.9107,6291
202504,수영구,11시,33027.6958,7916
202504,수영구,12시,33451.4661,10254
202504,수영구,13시,26210.6833,8837
202504,수영구,14시,27863.0936,8674
202504,수영구,15시,27325.9009,8890
202504,수영구,16시,25751.2819,8915
202504,수영구,17시,24646.0134,8806
202504,수영구,18시,26035.3519,9081
202504,수영구,19시,26135.7521,7926
202504,수영구,20시,23349.2274,6704
202504,수영구,21시,16384.1645,5447
202504,수영구,22시,10593.3012,3957
202504,수영구,23시,7173.1114,2554
202504,연제구,00시,3570.3401,1203
202504,연제구,01시,2408.7552,764
202504,연제구,02시,1775.2037,537
202504,연제구,03시,1096.3192,388
202504,연제구,04시,908.3445,340
202504,연제구,05시,1025.2764,527
202504,연제구,06시,1717.3044,902
202504,연제구,07시,2632.1207,1539
202504,연제구,08시,8849.6137,3701
202504,연제구,09시,18954.8288,5389
202504,연제구,10시,29680.588,6781
202504,연제구,11시,35579.8415,9098
202504,연제구,12시,39139.2269,12461
202504,연제구,13시,30923.3137,9137
202504,연제구,14시,33672.9147,8699
202504,연제구,15시,32385.8345,8923
202504,연제구,16시,32091.1195,9356
202504,연제구,17시,30804.3697,9694
202504,연제구,18시,29534.3138,10129
202504,연제구,19시,28704.5277,8333
202504,연제구,20시,24984.9567,6654
202504,연제구,21시,16425.7641,5000
202504,연제구,22시,9416.7406,3329
202504,연제구,23시,5617.9811,2007
202504,영도구,00시,1127.1872,461
202504,영도구,01시,702.2418,296
202504,영도구,02시,410.4544,191
202504,영도구,03시,203.0197,133
202504,영도구,04시,263.7968,156
202504,영도구,05시,463.3514,267
202504,영도구,06시,756.7545,587
202504,영도구,07시,1300.6189,896
202504,영도구,08시,2211.0161,1525
202504,영도구,09시,5575.9907,2262
202504,영도구,10시,8715.7169,2754
202504,영도구,11시,10825.9544,3844
202504,영도구,12시,13377.3171,5111
202504,영도구,13시,10444.934,3748
202504,영도구,14시,10004.9243,3545
202504,영도구,15시,9510.5904,3561
202504,영도구,16시,9297.4784,3569
202504,영도구,17시,9680.9513,3780
202504,영도구,18시,10549.3355,3692
202504,영도구,19시,9636.4671,2877
202504,영도구,20시,7108.9277,2212
202504,영도구,21시,4274.1611,1625
202504,영도구,22시,2618.737,1112
202504,영도구,23시,1878.1779,802
202504,중구,00시,2216.8634,575
202504,중구,01시,1599.7372,383
202504,중구,02시,1139.9222,282
202504,중구,03시,587.3232,209
202504,중구,04시,366.9926,155
202504,중구,05시,430.6157,181
202504,중구,06시,661.304,328
202504,중구,07시,1151.3559,764
202504,중구,08시,2466.4625,1983
202504,중구,09시,5548.4522,2084
202504,중구,10시,11197.6647,2789
202504,중구,11시,17824.2212,4624
202504,중구,12시,24533.7009,7558
202504,중구,13시,22161.6855,6008
202504,중구,14시,21976.3943,5655
202504,중구,15시,22028.9399,5468
202504,중구,16시,19647.8389,5035
202504,중구,17시,17563.8096,4914
202504,중구,18시,19144.7499,4938
202504,중구,19시,17699.1068,4109
202504,중구,20시,13292.5403,3086
202504,중구,21시,7775.0735,2170
202504,중구,22시,4950.0693,1459
202504,중구,23시,3318.5556,944
202504,해운대구,00시,4889.2745,1925
202504,해운대구,01시,3460.2788,1220
202504,해운대구,02시,1830.9258,778
202504,해운대구,03시,1274.8644,536
202504,해운대구,04시,1109.853,568
202504,해운대구,05시,2132.2554,869
202504,해운대구,06시,3448.621,1605
202504,해운대구,07시,6037.8855,3057
202504,해운대구,08시,12230.9283,6114
202504,해운대구,09시,31253.3664,9395
202504,해운대구,10시,52617.2395,11965
202504,해운대구,11시,76482.6069,15676
202504,해운대구,12시,86044.8895,20712
202504,해운대구,13시,105415.4083,19601
202504,해운대구,14시,88545.573,16849
202504,해운대구,15시,97808.63,17677
202504,해운대구,16시,82137.3191,16827
202504,해운대구,17시,76710.5973,16641
202504,해운대구,18시,73389.9228,16072
202504,해운대구,19시,62478.6086,13628
202504,해운대구,20시,42758.2577,10383
202504,해운대구,21시,25717.6257,7579
202504,해운대구,22시,14787.9879,5238
202504,해운대구,23시,9258.104,3231
202505,강서구,00시,3400.2805,572
202505,강서구,01시,2129.5347,363
202505,강서구,02시,1901.825,263
202505,강서구,03시,1738.421,208
202505,강서구,04시,2391.3799,281
202505,강서구,05시,4294.6148,759
202505,강서구,06시,9010.4284,2171
202505,강서구,07시,11138.698,3098
202505,강서구,08시,13758.7252,3633
202505,강서구,09시,19394.9739,4271
202505,강서구,10시,23932.094,4865
202505,강서구,11시,29881.1602,6880
202505,강서구,12시,34245.0078,9149
202505,강서구,13시,31121.8222,7164
202505,강서구,14시,31105.8507,6436
202505,강서구,15시,30648.0641,6088
202505,강서구,16시,29165.3538,6347
202505,강서구,17시,29608.9733,6881
202505,강서구,18시,29104.8444,6700
202505,강서구,19시,27341.8826,5856
202505,강서구,20시,22356.0978,4580
202505,강서구,21시,14174.3041,2884
202505,강서구,22시,8424.946,1644
202505,강서구,23시,5211.8164,920
202505,금정구,00시,2987.4165,1385
202505,금정구,01시,1870.0672,821
202505,금정구,02시,1175.5556,521
202505,금정구,03시,728.6639,361
202505,금정구,04시,526.8694,325
202505,금정구,05시,1019.5158,533
202505,금정구,06시,2053.5458,1094
202505,금정구,07시,3448.7272,1974
202505,금정구,08시,6820.463,3781
202505,금정구,09시,14801.1729,5663
202505,금정구,10시,25297.4798,7463
202505,금정구,11시,32167.061,9706
202505,금정구,12시,40179.6353,13330
202505,금정구,13시,39754.6553,10953
202505,금정구,14시,34239.4769,9899
202505,금정구,15시,29748.4193,9614
202505,금정구,16시,31618.2868,9899
202505,금정구,17시,32375.0025,10294
202505,금정구,18시,31171.826,10513
202505,금정구,19시,28725.003,8653
202505,금정구,20시,21070.1608,6726
202505,금정구,21시,13110.2499,5001
202505,금정구,22시,7884.0523,3435
202505,금정구,23시,4825.3587,2193
202505,기장군,00시,1752.5384,647
202505,기장군,01시,1027.6059,380
202505,기장군,02시,564.6943,239
202505,기장군,03시,342.8103,166
202505,기장군,04시,387.0135,189
202505,기장군,05시,1230.457,464
202505,기장군,06시,2652.9884,934
202505,기장군,07시,3819.9599,1611
202505,기장군,08시,6285.4181,2505
202505,기장군,09시,13149.4753,3940
202505,기장군,10시,21740.3486,5466
202505,기장군,11시,36469.5332,7944
202505,기장군,12시,52049.0629,10988
202505,기장군,13시,53557.1333,10384
202505,기장군,14시,50765.722,9933
202505,기장군,15시,48345.4562,9373
202505,기장군,16시,43975.7983,8786
202505,기장군,17시,43013.9558,8619
202505,기장군,18시,41502.204,8100
202505,기장군,19시,34498.2344,6839
202505,기장군,20시,24182.9811,5002
202505,기장군,21시,9638.1915,3020
202505,기장군,22시,4807.3403,1774
202505,기장군,23시,2988.5981,1057
202505,남구,00시,4103.0236,1795
202505,남구,01시,2534.9329,1120
202505,남구,02시,1734.5453,743
202505,남구,03시,1102.2967,548
202505,남구,04시,1168.8932,481
202505,남구,05시,2099.1497,753
202505,남구,06시,3054.4001,1183
202505,남구,07시,3920.7515,1949
202505,남구,08시,7234.7225,3988
202505,남구,09시,15853.5986,6203
202505,남구,10시,26847.8352,8088
202505,남구,11시,33708.5429,10910
202505,남구,12시,37722.0984,14235
202505,남구,13시,33188.2342,11301
202505,남구,14시,33809.5375,10541
202505,남구,15시,33366.6212,10711
202505,남구,16시,33584.9944,10986
202505,남구,17시,32462.6812,11314
202505,남구,18시,33217.5583,11335
202505,남구,19시,30421.7769,9618
202505,남구,20시,24854.1914,7772
202505,남구,21시,16482.4154,6093
202505,남구,22시,9799.435,4202
202505,남구,23시,6357.2204,2851
202505,동구,00시,2075.4816,675
202505,동구,01시,1434.8325,481
202505,동구,02시,1116.6342,328
202505,동구,03시,867.8056,235
202505,동구,04시,967.0298,279
202505,동구,05시,1195.6867,523
202505,동구,06시,2219.8689,952
202505,동구,07시,3234.3777,1600
202505,동구,08시,4716.3697,3046
202505,동구,09시,11793.7415,3737
202505,동구,10시,19884.2458,4445
202505,동구,11시,21860.9142,6390
202505,동구,12시,23780.7885,8344
202505,동구,13시,20766.42,6290
202505,동구,14시,18186.2789,5349
202505,동구,15시,16040.0369,5098
202505,동구,16시,15075.9992,5080
202505,동구,17시,13854.029,5059
202505,동구,18시,14077.8814,5348
202505,동구,19시,13092.4081,4523
202505,동구,20시,9689.4865,3310
202505,동구,21시,6472.8732,2487
202505,동구,22시,4026.9384,1587
202505,동구,23시,3065.6251,1015
202505,동래구,00시,5297.2439,1654
202505,동래구,01시,3601.0328,1045
202505,동래구,02시,2451.8716,712
202505,동래구,03시,1564.8064,494
202505,동래구,04시,1183.7332,469
202505,동래구,05시,1904.9016,817
202505,동래구,06시,2778.0209,1275
202505,동래구,07시,4065.1333,2095
202505,동래구,08시,10697.8022,4181
202505,동래구,09시,29106.8243,7115
202505,동래구,10시,45896.9566,9373
202505,동래구,11시,53315.7593,11518
202505,동래구,12시,57884.5188,14574
202505,동래구,13시,47425.61,13011
202505,동래구,14시,47319.5111,12213
202505,동래구,15시,46841.9446,12402
202505,동래구,16시,44115.1263,12828
202505,동래구,17시,44404.8646,13457
202505,동래구,18시,43078.339,13229
202505,동래구,19시,41771.3019,11294
202505,동래구,20시,33042.0417,8959
202505,동래구,21시,21573.128,6590
202505,동래구,22시,12849.3244,4435
202505,동래구,23시,8606.7314,2727
202505,부산진구,00시,9578.6295,3588
202505,부산진구,01시,6634.32,2502
202505,부산진구,02시,4623.2681,1794
202505,부산진구,03시,3393.6948,1297
202505,부산진구,04시,2519.5931,1088
202505,부산진구,05시,2878.9761,1485
202505,부산진구,06시,3690.1686,2108
202505,부산진구,07시,5668.3375,3334
202505,부산진구,08시,11966.2314,7191
202505,부산진구,09시,35620.3831,11281
202505,부산진구,10시,64272.0683,14776
202505,부산진구,11시,79370.6722,19803
202505,부산진구,12시,86603.849,26353
202505,부산진구,13시,81086.9238,22967
202505,부산진구,14시,81742.2053,21744
202505,부산진구,15시,82999.4015,21839
202505,부산진구,16시,76449.3732,21934
202505,부산진구,17시,69972.1233,21791
202505,부산진구,18시,69790.0995,21765
202505,부산진구,19시,63615.8647,18438
202505,부산진구,20시,50533.1824,14929
202505,부산진구,21시,33229.0302,11476
202505,부산진구,22시,21730.4458,8298
202505,부산진구,23시,14753.8836,5532
202505,북구,00시,3029.3699,1217
202505,북구,01시,1976.0365,747
202505,북구,02시,1355.2645,504
202505,북구,03시,911.4751,362
202505,북구,04시,851.9464,380
202505,북구,05시,1311.7839,682
202505,북구,06시,2349.5503,1201
202505,북구,07시,3072.7172,1854
202505,북구,08시,6855.7754,3533
202505,북구,09시,22396.4789,7188
202505,북구,10시,37495.7557,9964
202505,북구,11시,45437.5183,12203
202505,북구,12시,47361.354,14399
202505,북구,13시,42812.7426,12590
202505,북구,14시,44703.2482,12600
202505,북구,15시,47500.9668,13390
202505,북구,16시,47553.6729,13792
202505,북구,17시,47275.8258,14023
202505,북구,18시,44861.0679,13608
202505,북구,19시,39268.1927,11245
202505,북구,20시,30924.1129,8893
202505,북구,21시,18397.9049,6191
202505,북구,22시,7907.3029,3130
202505,북구,23시,5022.6096,1955
202505,사상구,00시,3424.3302,1282
202505,사상구,01시,2300.9297,802
202505,사상구,02시,1615.7619,602
202505,사상구,03시,1165.4706,421
202505,사상구,04시,1160.7133,469
202505,사상구,05시,2626.4046,960
202505,사상구,06시,4233.1809,1765
202505,사상구,07시,6064.3663,2986
202505,사상구,08시,9824.6297,4421
202505,사상구,09시,18767.125,6187
202505,사상구,10시,28535.1962,7565
202505,사상구,11시,33343.2472,9365
202505,사상구,12시,37143.8297,12200
202505,사상구,13시,32500.8053,9882
202505,사상구,14시,32775.4677,9196
202505,사상구,15시,31654.5446,9163
202505,사상구,16시,30914.7715,9295
202505,사상구,17시,30084.7001,9991
202505,사상구,18시,29759.1868,9898
202505,사상구,19시,28542.8856,8319
202505,사상구,20시,22701.6059,6665
202505,사상구,21시,13740.2417,4816
202505,사상구,22시,9456.5771,3175
202505,사상구,23시,5946.2712,2009
202505,사하구,00시,4427.1006,1565
202505,사하구,01시,3140.7763,1067
202505,사하구,02시,2060.1663,758
202505,사하구,03시,1500.491,533
202505,사하구,04시,1242.1967,544
202505,사하구,05시,2068.5624,973
202505,사하구,06시,3471.3387,1983
202505,사하구,07시,4653.5275,2907
202505,사하구,08시,8273.1794,4382
202505,사하구,09시,18221.0725,6747
202505,사하구,10시,30239.0574,8889
202505,사하구,11시,36840.0496,10975
202505,사하구,12시,39950.4297,13507
202505,사하구,13시,33328.5804,11313
202505,사하구,14시,33090.9212,10990
202505,사하구,15시,34784.7346,11107
202505,사하구,16시,34807.5183,11479
202505,사하구,17시,36066.5784,12400
202505,사하구,18시,37000.0882,12364
202505,사하구,19시,34333.0401,10177
202505,사하구,20시,26583.1176,8169
202505,사하구,21시,16723.3742,5848
202505,사하구,22시,9913.4639,3859
202505,사하구,23시,6549.7064,2482
202505,서구,00시,924.9864,458
202505,서구,01시,925.0424,295
202505,서구,02시,435.541,191
202505,서구,03시,453.181,132
202505,서구,04시,288.934,140
202505,서구,05시,638.6348,297
202505,서구,06시,1378.6577,649
202505,서구,07시,3357.4093,1273
202505,서구,08시,7039.128,2375
202505,서구,09시,19147.893,3483
202505,서구,10시,25685.8005,4158
202505,서구,11시,24327.2319,5053
202505,서구,12시,20797.9212,6110
202505,서구,13시,18103.2825,4808
202505,서구,14시,18331.2832,4525
202505,서구,15시,16369.2799,4215
202505,서구,16시,13384.4359,3927
202505,서구,17시,11517.9786,3783
202505,서구,18시,10829.2617,3653
202505,서구,19시,9948.2627,2992
202505,서구,20시,7825.2045,2440
202505,서구,21시,5071.3502,1837
202505,서구,22시,2870.9875,1284
202505,서구,23시,1714.3118,764
202505,수영구,00시,5190.0942,1928
202505,수영구,01시,3393.4858,1248
202505,수영구,02시,2150.0168,823
202505,수영구,03시,1306.8547,499
202505,수영구,04시,928.589,375
202505,수영구,05시,1045.354,543
202505,수영구,06시,1464.6237,801
202505,수영구,07시,2148.1365,1350
202505,수영구,08시,5219.2038,2906
202505,수영구,09시,14816.3186,4916
202505,수영구,10시,24728.6276,6486
202505,수영구,11시,32300.1568,8135
202505,수영구,12시,33670.755,10316
202505,수영구,13시,29468.8151,9252
202505,수영구,14시,27796.1939,8991
202505,수영구,15시,27029.2464,9093
202505,수영구,16시,25818.7408,9113
202505,수영구,17시,25513.2673,9142
202505,수영구,18시,27844.7265,9229
202505,수영구,19시,28851.2119,8410
202505,수영구,20시,24452.19,7178
202505,수영구,21시,18205.5051,6017
202505,수영구,22시,11923.5407,4511
202505,수영구,23시,7988.5888,2965
202505,연제구,00시,3651.3062,1267
202505,연제구,01시,2674.5096,822
202505,연제구,02시,1781.5322,580
202505,연제구,03시,1150.2714,406
202505,연제구,04시,956.0455,360
202505,연제구,05시,1151.1831,564
202505,연제구,06시,1808.0834,922
202505,연제구,07시,2564.6198,1541
202505,연제구,08시,6701.0207,3605
202505,연제구,09시,14763.6901,5305
202505,연제구,10시,28709.8549,6820
202505,연제구,11시,36119.2209,9012
202505,연제구,12시,38812.0548,12034
202505,연제구,13시,30095.8645,9246
202505,연제구,14시,31858.9696,8601
202505,연제구,15시,31885.5148,8734
202505,연제구,16시,31265.1268,9032
202505,연제구,17시,30587.657,9225
202505,연제구,18시,29464.7595,9607
202505,연제구,19시,28776.1279,8195
202505,연제구,20시,25254.2622,6768
202505,연제구,21시,16369.5864,5061
202505,연제구,22시,9355.1015,3318
202505,연제구,23시,5726.9044,2053
202505,영도구,00시,1196.2963,509
202505,영도구,01시,820.8551,336
202505,영도구,02시,477.1439,198
202505,영도구,03시,281.9967,132
202505,영도구,04시,245.083,158
202505,영도구,05시,493.6394,288
202505,영도구,06시,955.9676,604
202505,영도구,07시,1255.4147,885
202505,영도구,08시,2085.5772,1468
202505,영도구,09시,5769.8333,2293
202505,영도구,10시,8899.1552,2868
202505,영도구,11시,11035.6765,3908
202505,영도구,12시,14056.042,5121
202505,영도구,13시,11259.8476,3923
202505,영도구,14시,10536.8032,3733
202505,영도구,15시,10464.8497,3642
202505,영도구,16시,9650.7529,3598
202505,영도구,17시,10285.6262,3736
202505,영도구,18시,10838.7504,3622
202505,영도구,19시,10167.1958,2964
202505,영도구,20시,7228.4434,2287
202505,영도구,21시,4576.5549,1660
202505,영도구,22시,2752.6367,1132
202505,영도구,23시,1969.3754,837
202505,중구,00시,2401.2163,657
202505,중구,01시,1751.6705,460
202505,중구,02시,1142.9644,313
202505,중구,03시,750.8169,217
202505,중구,04시,471.4937,162
202505,중구,05시,470.6954,196
202505,중구,06시,689.4555,310
202505,중구,07시,1117.1692,723
202505,중구,08시,2551.9421,1853
202505,중구,09시,6084.8524,2096
202505,중구,10시,11584.6856,2924
202505,중구,11시,17368.6543,4771
202505,중구,12시,25370.2188,7638
202505,중구,13시,25355.192,6433
202505,중구,14시,23122.8582,6137
202505,중구,15시,23098.3371,5972
202505,중구,16시,21045.9344,5640
202505,중구,17시,19307.8692,5388
202505,중구,18시,20263.6502,5205
202505,중구,19시,19765.7104,4461
202505,중구,20시,14487.7132,3418
202505,중구,21시,8324.5199,2410
202505,중구,22시,5231.1683,1643
202505,중구,23시,3785.1742,1045
202505,해운대구,00시,5288.7375,2146
202505,해운대구,01시,3369.4992,1335
202505,해운대구,02시,2089.1239,834
202505,해운대구,03시,1368.7346,606
202505,해운대구,04시,1235.3201,583
202505,해운대구,05시,2160.7235,928
202505,해운대구,06시,3971.8583,1653
202505,해운대구,07시,6471.3501,3080
202505,해운대구,08시,12868.2983,6143
202505,해운대구,09시,30205.7419,9565
202505,해운대구,10시,55150.7019,12284
202505,해운대구,11시,78623.1447,16210
202505,해운대구,12시,84859.6589,20826
202505,해운대구,13시,89659.0134,19353
202505,해운대구,14시,100003.7976,18701
202505,해운대구,15시,95553.4803,18128
202505,해운대구,16시,81262.2805,16989
202505,해운대구,17시,77532.6175,16791
202505,해운대구,18시,72483.1811,16369
202505,해운대구,19시,66630.82,14223
202505,해운대구,20시,46766.8113,11242
202505,해운대구,21시,26629.0823,8327
202505,해운대구,22시,16030.7084,5668
202505,해운대구,23시,9187.0733,3587
202506,강서구,00시,3497.6103,599
202506,강서구,01시,2210.5728,370
202506,강서구,02시,1663.5389,259
202506,강서구,03시,1526.9956,218
202506,강서구,04시,2108.3371,271
202506,강서구,05시,4032.054,761
202506,강서구,06시,8786.188,2154
202506,강서구,07시,10775.8465,3141
202506,강서구,08시,13405.0638,3675
202506,강서구,09시,18849.2,4270
202506,강서구,10시,22660.449,4801
202506,강서구,11시,28425.8577,6815
202506,강서구,12시,32215.02,9066
202506,강서구,13시,30091.3275,7071
202506,강서구,14시,29989.4693,6367
202506,강서구,15시,29548.5429,6170
202506,강서구,16시,29545.6984,6504
202506,강서구,17시,29961.6947,7084
202506,강서구,18시,28737.7589,6921
202506,강서구,19시,26502.2721,6022
202506,강서구,20시,22736.334,4889
202506,강서구,21시,13713.1636,3038
202506,강서구,22시,8635.5467,1737
202506,강서구,23시,5097.4985,994
202506,금정구,00시,2762.3683,1429
202506,금정구,01시,1758.1072,843
202506,금정구,02시,1152.1633,576
202506,금정구,03시,715.321,391
202506,금정구,04시,583.2926,346
202506,금정구,05시,991.3451,570
202506,금정구,06시,2159.3509,1177
202506,금정구,07시,3384.3722,2033
202506,금정구,08시,6120.7476,3695
202506,금정구,09시,14690.7487,5612
202506,금정구,10시,25386.1276,7210
202506,금정구,11시,32951.7571,9399
202506,금정구,12시,38434.3159,12542
202506,금정구,13시,34066.9646,10459
202506,금정구,14시,30812.0086,9567
202506,금정구,15시,30152.4461,9423
202506,금정구,16시,29251.2095,9793
202506,금정구,17시,31339.5914,10313
202506,금정구,18시,31070.2116,10675
202506,금정구,19시,29147.0524,8870
202506,금정구,20시,21224.8649,6989
202506,금정구,21시,12883.7781,5130
202506,금정구,22시,7529.957,3475
202506,금정구,23시,4448.1541,2215
202506,기장군,00시,1808.6168,677
202506,기장군,01시,1093.8729,427
202506,기장군,02시,654.5721,272
202506,기장군,03시,386.479,188
202506,기장군,04시,378.6594,208
202506,기장군,05시,1199.4533,480
202506,기장군,06시,2763.2814,975
202506,기장군,07시,3632.9536,1623
202506,기장군,08시,6096.3697,2535
202506,기장군,09시,12725.615,3846
202506,기장군,10시,21223.1095,5287
202506,기장군,11시,34295.1568,7572
202506,기장군,12시,45824.2293,10459
202506,기장군,13시,48226.4571,9846
202506,기장군,14시,45651.2031,9414
202506,기장군,15시,42381.033,8819
202506,기장군,16시,40365.8017,8614
202506,기장군,17시,40253.0337,8505
202506,기장군,18시,37103.4106,8101
202506,기장군,19시,32701.9444,6955
202506,기장군,20시,22472.6254,5180
202506,기장군,21시,10204.7837,3219
202506,기장군,22시,5345.2285,1915
202506,기장군,23시,3186.8713,1123
202506,남구,00시,3821.6523,1878
202506,남구,01시,2493.1346,1206
202506,남구,02시,1679.6072,816
202506,남구,03시,1104.2678,569
202506,남구,04시,1219.9426,516
202506,남구,05시,2065.7735,801
202506,남구,06시,3005.5859,1217
202506,남구,07시,3887.2968,2003
202506,남구,08시,7119.5057,3993
202506,남구,09시,15690.2399,6026
202506,남구,10시,26466.298,8028
202506,남구,11시,32372.616,10842
202506,남구,12시,36822.1765,13846
202506,남구,13시,31343.7405,11213
202506,남구,14시,32302.8603,10659
202506,남구,15시,33784.949,10812
202506,남구,16시,34282.9562,11279
202506,남구,17시,33675.5917,11641
202506,남구,18시,33805.168,11774
202506,남구,19시,30788.8546,10076
202506,남구,20시,24753.7232,8210
202506,남구,21시,16108.5963,6272
202506,남구,22시,9585.7457,4347
202506,남구,23시,5876.1459,2883
202506,동구,00시,1983.0523,671
202506,동구,01시,1570.0158,485
202506,동구,02시,1197.5368,328
202506,동구,03시,979.2347,244
202506,동구,04시,753.7523,294
202506,동구,05시,1318.7441,554
202506,동구,06시,2086.3818,933
202506,동구,07시,2974.2995,1589
202506,동구,08시,4790.9708,3031
202506,동구,09시,11687.2479,3711
202506,동구,10시,18262.8802,4354
202506,동구,11시,23195.2974,6524
202506,동구,12시,22055.0918,8224
202506,동구,13시,17777.2308,6013
202506,동구,14시,16580.7262,5266
202506,동구,15시,16229.7786,5118
202506,동구,16시,14880.9174,5134
202506,동구,17시,13480.7814,5112
202506,동구,18시,13816.0851,5362
202506,동구,19시,13289.6429,4447
202506,동구,20시,9894.918,3409
202506,동구,21시,6419.9563,2530
202506,동구,22시,4204.2652,1612
202506,동구,23시,3043.0892,1007
202506,동래구,00시,5232.2534,1686
202506,동래구,01시,3810.88,1083
202506,동래구,02시,2396.0925,720
202506,동래구,03시,1498.1635,512
202506,동래구,04시,1156.5162,459
202506,동래구,05시,2078.8072,833
202506,동래구,06시,2619.0177,1305
202506,동래구,07시,4786.8647,2090
202506,동래구,08시,9017.4869,4206
202506,동래구,09시,26375.2096,7027
202506,동래구,10시,44249.4307,9260
202506,동래구,11시,53625.1964,11186
202506,동래구,12시,53087.1232,13981
202506,동래구,13시,45118.4634,12408
202506,동래구,14시,45853.7535,12109
202506,동래구,15시,46109.0693,12531
202506,동래구,16시,46709.3563,13185
202506,동래구,17시,45171.788,13749
202506,동래구,18시,43411.8574,13810
202506,동래구,19시,41483.302,11715
202506,동래구,20시,33356.5951,9456
202506,동래구,21시,22515.5344,6982
202506,동래구,22시,13825.4645,4630
202506,동래구,23시,8552.6524,2788
202506,부산진구,00시,9454.3499,3601
202506,부산진구,01시,6702.5664,2540
202506,부산진구,02시,4771.2498,1793
202506,부산진구,03시,3248.0433,1307
202506,부산진구,04시,2571.4057,1136
202506,부산진구,05시,3140.7237,1507
202506,부산진구,06시,3643.076,2157
202506,부산진구,07시,5505.2944,3404
202506,부산진구,08시,12816.9758,7158
202506,부산진구,09시,34538.5483,11072
202506,부산진구,10시,63850.971,14419
202506,부산진구,11시,81787.5073,19224
202506,부산진구,12시,82760.0795,25451
202506,부산진구,13시,73282.1518,21924
202506,부산진구,14시,78133.8088,21025
202506,부산진구,15시,80205.5178,21504
202506,부산진구,16시,76879.3493,21916
202506,부산진구,17시,69479.4059,22053
202506,부산진구,18시,68672.0912,22067
202506,부산진구,19시,63695.0947,18946
202506,부산진구,20시,50118.8976,15328
202506,부산진구,21시,33038.2378,11821
202506,부산진구,22시,21378.3995,8429
202506,부산진구,23시,13846.5873,5550
202506,북구,00시,3164.3593,1237
202506,북구,01시,2120.3966,798
202506,북구,02시,1422.2106,536
202506,북구,03시,1059.3287,385
202506,북구,04시,905.5756,416
202506,북구,05시,1382.8037,730
202506,북구,06시,2292.6854,1198
202506,북구,07시,3046.6062,1856
202506,북구,08시,7175.1523,3610
202506,북구,09시,22279.9343,7178
202506,북구,10시,37960.0166,9931
202506,북구,11시,45606.7433,11993
202506,북구,12시,46241.9476,13990
202506,북구,13시,41131.3786,12258
202506,북구,14시,42653.2662,12290
202506,북구,15시,46538.8873,13283
202506,북구,16시,48908.6948,14025
202506,북구,17시,48334.948,14436
202506,북구,18시,46324.5602,14139
202506,북구,19시,40458.7366,11746
202506,북구,20시,31831.6686,9504
202506,북구,21시,19203.0581,6642
202506,북구,22시,8049.4957,3243
202506,북구,23시,4921.0639,1980
202506,사상구,00시,3638.5206,1325
202506,사상구,01시,2290.866,860
202506,사상구,02시,1539.0636,603
202506,사상구,03시,1370.1274,454
202506,사상구,04시,1171.3735,485
202506,사상구,05시,2723.2813,1023
202506,사상구,06시,4559.8458,1823
202506,사상구,07시,6164.3382,3031
202506,사상구,08시,9973.0886,4442
202506,사상구,09시,18173.4779,6043
202506,사상구,10시,28330.1137,7423
202506,사상구,11시,32647.9567,9129
202506,사상구,12시,35181.5495,11779
202506,사상구,13시,30925.927,9586
202506,사상구,14시,31554.7122,9071
202506,사상구,15시,31182.2835,9228
202506,사상구,16시,30744.2486,9302
202506,사상구,17시,31012.387,10130
202506,사상구,18시,29804.2502,10124
202506,사상구,19시,28023.4155,8523
202506,사상구,20시,22171.1775,6891
202506,사상구,21시,14333.9893,5085
202506,사상구,22시,9287.075,3284
202506,사상구,23시,6009.4828,2012
202506,사하구,00시,4479.8529,1617
202506,사하구,01시,3180.537,1074
202506,사하구,02시,2153.6732,764
202506,사하구,03시,1463.9374,557
202506,사하구,04시,1246.5447,543
202506,사하구,05시,2200.5894,986
202506,사하구,06시,3502.5241,1988
202506,사하구,07시,4649.718,2921
202506,사하구,08시,7731.5913,4309
202506,사하구,09시,18431.2455,6663
202506,사하구,10시,29912.6055,8513
202506,사하구,11시,35133.1201,10542
202506,사하구,12시,36743.8097,12957
202506,사하구,13시,30741.7969,10877
202506,사하구,14시,33045.9242,10833
202506,사하구,15시,34284.9161,11104
202506,사하구,16시,33916.5628,11571
202506,사하구,17시,36178.7627,12677
202506,사하구,18시,36847.1026,12658
202506,사하구,19시,34194.5472,10597
202506,사하구,20시,27238.4022,8573
202506,사하구,21시,16447.8812,6078
202506,사하구,22시,10051.7015,3944
202506,사하구,23시,6629.1522,2481
202506,서구,00시,1124.3143,493
202506,서구,01시,671.4228,315
202506,서구,02시,434.737,209
202506,서구,03시,298.2395,146
202506,서구,04시,316.7601,143
202506,서구,05시,701.9286,321
202506,서구,06시,1208.7559,674
202506,서구,07시,3636.8343,1314
202506,서구,08시,7144.1661,2419
202506,서구,09시,19906.5438,3480
202506,서구,10시,25710.9126,4169
202506,서구,11시,25364.447,4937
202506,서구,12시,21888.6502,5962
202506,서구,13시,17190.7462,4615
202506,서구,14시,18165.8281,4550
202506,서구,15시,16508.7286,4302
202506,서구,16시,13924.8043,3977
202506,서구,17시,11573.1893,3866
202506,서구,18시,10619.9538,3737
202506,서구,19시,10253.5334,3175
202506,서구,20시,7709.2689,2578
202506,서구,21시,5374.3838,1956
202506,서구,22시,3060.0716,1329
202506,서구,23시,1839.5938,809
202506,수영구,00시,5249.0488,1927
202506,수영구,01시,3412.1199,1267
202506,수영구,02시,2138.1169,831
202506,수영구,03시,1308.1929,520
202506,수영구,04시,908.7864,402
202506,수영구,05시,1013.6247,557
202506,수영구,06시,1341.9801,820
202506,수영구,07시,2073.041,1353
202506,수영구,08시,5350.5621,2866
202506,수영구,09시,14001.912,4864
202506,수영구,10시,23590.5558,6287
202506,수영구,11시,30758.3228,7840
202506,수영구,12시,31435.855,9987
202506,수영구,13시,27433.3552,8749
202506,수영구,14시,26631.5704,8684
202506,수영구,15시,27034.9674,8871
202506,수영구,16시,25600.5253,8987
202506,수영구,17시,24236.9674,8929
202506,수영구,18시,25821.8089,9142
202506,수영구,19시,27059.4668,8385
202506,수영구,20시,23992.1537,7292
202506,수영구,21시,17321.4135,6013
202506,수영구,22시,11547.2141,4490
202506,수영구,23시,7455.9869,2960
202506,연제구,00시,3745.792,1286
202506,연제구,01시,2515.8883,844
202506,연제구,02시,1877.1174,609
202506,연제구,03시,1126.7435,428
202506,연제구,04시,887.6588,386
202506,연제구,05시,1128.1467,593
202506,연제구,06시,1732.2224,937
202506,연제구,07시,2745.1263,1577
202506,연제구,08시,8115.22,3646
202506,연제구,09시,16116.7209,5301
202506,연제구,10시,28037.0116,6808
202506,연제구,11시,34513.496,8853
202506,연제구,12시,37863.0914,11755
202506,연제구,13시,30951.7074,9075
202506,연제구,14시,31366.335,8611
202506,연제구,15시,32149.7214,8826
202506,연제구,16시,31461.2231,9234
202506,연제구,17시,30405.3327,9475
202506,연제구,18시,29329.2965,9914
202506,연제구,19시,29159.9573,8582
202506,연제구,20시,25132.5939,7104
202506,연제구,21시,16457.2196,5250
202506,연제구,22시,9648.1523,3497
202506,연제구,23시,5848.4691,2134
202506,영도구,00시,1205.2881,516
202506,영도구,01시,851.9808,341
202506,영도구,02시,450.7716,230
202506,영도구,03시,332.6093,150
202506,영도구,04시,352.3094,176
202506,영도구,05시,450.0162,288
202506,영도구,06시,852.5072,596
202506,영도구,07시,1183.9136,865
202506,영도구,08시,2270.1926,1448
202506,영도구,09시,5909.5687,2219
202506,영도구,10시,8206.7604,2799
202506,영도구,11시,10799.9955,3833
202506,영도구,12시,13021.948,4949
202506,영도구,13시,11227.4238,3870
202506,영도구,14시,10305.5539,3726
202506,영도구,15시,10049.985,3677
202506,영도구,16시,9640.6816,3699
202506,영도구,17시,9676.3049,3800
202506,영도구,18시,10400.0011,3729
202506,영도구,19시,9560.3673,2989
202506,영도구,20시,7420.7874,2348
202506,영도구,21시,4331.2242,1717
202506,영도구,22시,2734.5338,1179
202506,영도구,23시,1705.2435,795
202506,중구,00시,2530.4367,669
202506,중구,01시,1695.6984,449
202506,중구,02시,1198.8238,317
202506,중구,03시,685.1257,209
202506,중구,04시,439.9633,161
202506,중구,05시,592.6672,210
202506,중구,06시,684.8907,333
202506,중구,07시,1190.614,762
202506,중구,08시,2379.7727,1936
202506,중구,09시,5407.4542,2069
202506,중구,10시,10595.8656,2846
202506,중구,11시,17306.7106,4624
202506,중구,12시,24206.0854,7489
202506,중구,13시,22171.4782,6176
202506,중구,14시,22765.1093,6014
202506,중구,15시,21943.1892,5833
202506,중구,16시,19383.6192,5406
202506,중구,17시,18983.2855,5253
202506,중구,18시,18765.8925,5092
202506,중구,19시,18258.665,4329
202506,중구,20시,13084.9406,3319
202506,중구,21시,7746.3581,2276
202506,중구,22시,5030.3023,1555
202506,중구,23시,3373.2728,974
202506,해운대구,00시,5475.1572,2203
202506,해운대구,01시,3412.7556,1340
202506,해운대구,02시,2066.9849,890
202506,해운대구,03시,1345.7149,610
202506,해운대구,04시,1241.1322,593
202506,해운대구,05시,2109.8785,947
202506,해운대구,06시,3448.3958,1690
202506,해운대구,07시,5915.3677,3101
202506,해운대구,08시,13202.8113,6183
202506,해운대구,09시,30065.5122,9378
202506,해운대구,10시,53002.361,12178
202506,해운대구,11시,76439.588,15941
202506,해운대구,12시,83830.9154,20699
202506,해운대구,13시,92045.9232,20917
202506,해운대구,14시,81817.9171,17341
202506,해운대구,15시,87072.9478,17263
202506,해운대구,16시,82118.6147,17127
202506,해운대구,17시,76753.3449,17015
202506,해운대구,18시,71690.779,16592
202506,해운대구,19시,64445.2081,14391
202506,해운대구,20시,44916.4143,11522
202506,해운대구,21시,26496.9672,8639
202506,해운대구,22시,17426.53,5914
202506,해운대구,23시,9949.6902,3634
202507,강서구,00시,3655.3387,613
202507,강서구,01시,1909.1002,366
202507,강서구,02시,1625.239,268
202507,강서구,03시,1507.3841,208
202507,강서구,04시,2050.5351,283
202507,강서구,05시,4428.3629,787
202507,강서구,06시,8908.0844,2245
202507,강서구,07시,11405.5804,3328
202507,강서구,08시,13541.3959,3834
202507,강서구,09시,19481.3531,4401
202507,강서구,10시,24207.8308,4941
202507,강서구,11시,30492.0124,7118
202507,강서구,12시,33826.8981,9558
202507,강서구,13시,31357.5099,7141
202507,강서구,14시,29615.0336,6317
202507,강서구,15시,28997.5289,6174
202507,강서구,16시,29744.3528,6459
202507,강서구,17시,30231.6735,7211
202507,강서구,18시,29753.431,7083
202507,강서구,19시,27752.258,6394
202507,강서구,20시,23551.0641,5284
202507,강서구,21시,14968.5095,3290
202507,강서구,22시,8621.6227,1843
202507,강서구,23시,5587.2265,1026
202507,금정구,00시,2667.7219,1309
202507,금정구,01시,1718.0807,778
202507,금정구,02시,1095.5056,517
202507,금정구,03시,674.4787,352
202507,금정구,04시,541.1798,336
202507,금정구,05시,1051.6628,590
202507,금정구,06시,2133.5018,1198
202507,금정구,07시,4042.4737,2054
202507,금정구,08시,6689.723,3712
202507,금정구,09시,16824.7566,5691
202507,금정구,10시,24309.6467,7064
202507,금정구,11시,33081.7895,8975
202507,금정구,12시,39626.8889,12019
202507,금정구,13시,32493.0477,9613
202507,금정구,14시,30336.4315,8677
202507,금정구,15시,28509.6001,8618
202507,금정구,16시,28677.8601,9038
202507,금정구,17시,31048.6551,9841
202507,금정구,18시,31401.2919,10359
202507,금정구,19시,28293.6149,8666
202507,금정구,20시,21449.9624,6975
202507,금정구,21시,13025.2218,5068
202507,금정구,22시,7430.9105,3396
202507,금정구,23시,4310.3012,2076
202507,기장군,00시,1769.2755,727
202507,기장군,01시,1105.3807,441
202507,기장군,02시,671.4065,279
202507,기장군,03시,413.2284,216
202507,기장군,04시,424.6382,221
202507,기장군,05시,1234.2508,508
202507,기장군,06시,2943.4117,1068
202507,기장군,07시,3754.6877,1702
202507,기장군,08시,6531.7279,2618
202507,기장군,09시,13180.3015,4023
202507,기장군,10시,21858.9574,5355
202507,기장군,11시,34754.2619,7783
202507,기장군,12시,46892.9593,10671
202507,기장군,13시,46581.1329,9693
202507,기장군,14시,44815.0246,9033
202507,기장군,15시,40582.6581,8429
202507,기장군,16시,38661.4635,8221
202507,기장군,17시,38680.393,8328
202507,기장군,18시,37324.0713,8238
202507,기장군,19시,34069.6212,7248
202507,기장군,20시,24466.7074,5528
202507,기장군,21시,10912.823,3484
202507,기장군,22시,5207.7979,2052
202507,기장군,23시,3260.6092,1208
202507,남구,00시,3553.053,1769
202507,남구,01시,2275.9792,1144
202507,남구,02시,1549.7885,781
202507,남구,03시,1155.812,551
202507,남구,04시,1298.87,523
202507,남구,05시,1954.9473,834
202507,남구,06시,3131.4186,1310
202507,남구,07시,3933.559,2108
202507,남구,08시,7384.6421,4162
202507,남구,09시,15686.7428,6067
202507,남구,10시,28105.9042,7956
202507,남구,11시,33099.031,10422
202507,남구,12시,37053.2983,13410
202507,남구,13시,30914.9912,10491
202507,남구,14시,31352.2641,9676
202507,남구,15시,32476.2876,9906
202507,남구,16시,33673.0808,10555
202507,남구,17시,33553.8407,11163
202507,남구,18시,34447.1846,11644
202507,남구,19시,31531.9193,10035
202507,남구,20시,25447.0224,8273
202507,남구,21시,16096.6141,6228
202507,남구,22시,9363.1494,4256
202507,남구,23시,5662.2186,2801
202507,동구,00시,2002.5825,681
202507,동구,01시,1464.6677,467
202507,동구,02시,1165.8455,337
202507,동구,03시,1131.7417,240
202507,동구,04시,927.9219,292
202507,동구,05시,1237.2215,550
202507,동구,06시,1804.3878,962
202507,동구,07시,2670.7657,1642
202507,동구,08시,4645.6623,3308
202507,동구,09시,11171.5473,3939
202507,동구,10시,19069.0117,4559
202507,동구,11시,21873.5788,6839
202507,동구,12시,22712.7985,8895
202507,동구,13시,20063.8101,6427
202507,동구,14시,17152.7907,5360
202507,동구,15시,16410.0667,5245
202507,동구,16시,15930.497,5260
202507,동구,17시,14496.7053,5236
202507,동구,18시,14633.897,5598
202507,동구,19시,13177.6399,4727
202507,동구,20시,10592.8496,3592
202507,동구,21시,6770.8233,2585
202507,동구,22시,4565.1509,1711
202507,동구,23시,3237.8519,1074
202507,동래구,00시,5173.5652,1698
202507,동래구,01시,3404.1144,1044
202507,동래구,02시,2337.8384,723
202507,동래구,03시,1356.6299,502
202507,동래구,04시,1179.2413,492
202507,동래구,05시,2022.8288,894
202507,동래구,06시,3057.1038,1393
202507,동래구,07시,4164.9783,2256
202507,동래구,08시,13481.6218,4538
202507,동래구,09시,27009.0251,7408
202507,동래구,10시,49135.6011,9655
202507,동래구,11시,52075.1037,11559
202507,동래구,12시,53729.4447,14372
202507,동래구,13시,43395.1256,12341
202507,동래구,14시,47441.1212,11581
202507,동래구,15시,43584.4965,11745
202507,동래구,16시,45993.7722,12510
202507,동래구,17시,44815.077,13967
202507,동래구,18시,45683.9801,14280
202507,동래구,19시,43005.7871,12289
202507,동래구,20시,34659.9346,9948
202507,동래구,21시,22564.6465,7227
202507,동래구,22시,13457.8821,4769
202507,동래구,23시,9018.8722,2879
202507,부산진구,00시,9078.9429,3625
202507,부산진구,01시,6269.189,2530
202507,부산진구,02시,4487.8089,1770
202507,부산진구,03시,3023.9805,1279
202507,부산진구,04시,2644.5099,1139
202507,부산진구,05시,3200.0499,1603
202507,부산진구,06시,4180.9755,2317
202507,부산진구,07시,5525.6927,3703
202507,부산진구,08시,13791.5398,7824
202507,부산진구,09시,37667.9127,11898
202507,부산진구,10시,68518.1448,15131
202507,부산진구,11시,85291.1271,19899
202507,부산진구,12시,85934.1254,26538
202507,부산진구,13시,75964.2738,22300
202507,부산진구,14시,80269.3761,20876
202507,부산진구,15시,81902.9725,21451
202507,부산진구,16시,77643.7939,22224
202507,부산진구,17시,71896.4536,22740
202507,부산진구,18시,71282.8261,23410
202507,부산진구,19시,65867.7671,20157
202507,부산진구,20시,52631.6064,16362
202507,부산진구,21시,34656.2182,12382
202507,부산진구,22시,22366.582,8809
202507,부산진구,23시,14442.8706,5738
202507,북구,00시,3121.2705,1231
202507,북구,01시,2025.9718,779
202507,북구,02시,1367.7113,515
202507,북구,03시,945.1185,390
202507,북구,04시,896.8861,407
202507,북구,05시,1395.3384,730
202507,북구,06시,2330.3352,1270
202507,북구,07시,3446.5531,1952
202507,북구,08시,7770.9683,3899
202507,북구,09시,24724.8867,7721
202507,북구,10시,42343.7391,10614
202507,북구,11시,47611.2155,12562
202507,북구,12시,47086.2737,14194
202507,북구,13시,40771.055,12068
202507,북구,14시,40830.9182,11766
202507,북구,15시,45551.1177,12811
202507,북구,16시,47023.0506,13717
202507,북구,17시,47762.8552,14371
202507,북구,18시,47733.7854,14387
202507,북구,19시,42402.2878,12231
202507,북구,20시,33523.623,9878
202507,북구,21시,20085.5799,6852
202507,북구,22시,8027.721,3333
202507,북구,23시,5099.5381,2026
202507,사상구,00시,3269.6716,1256
202507,사상구,01시,2188.0547,819
202507,사상구,02시,1614.9052,558
202507,사상구,03시,1106.0228,443
202507,사상구,04시,1280.1661,494
202507,사상구,05시,2849.5163,1020
202507,사상구,06시,4738.8702,1957
202507,사상구,07시,6529.801,3280
202507,사상구,08시,10776.2658,4696
202507,사상구,09시,19905.9256,6276
202507,사상구,10시,29187.0677,7747
202507,사상구,11시,33948.5624,9222
202507,사상구,12시,35411.9986,11734
202507,사상구,13시,30269.0351,9062
202507,사상구,14시,30574.2516,8522
202507,사상구,15시,31116.9437,8830
202507,사상구,16시,30619.0533,9077
202507,사상구,17시,30780.6432,10006
202507,사상구,18시,30204.9501,10291
202507,사상구,19시,28776.7865,8725
202507,사상구,20시,23463.7943,7110
202507,사상구,21시,14608.6243,5082
202507,사상구,22시,9151.4354,3278
202507,사상구,23시,5523.2837,1978
202507,사하구,00시,4485.6647,1573
202507,사하구,01시,2955.795,1045
202507,사하구,02시,1992.2372,747
202507,사하구,03시,1355.6783,558
202507,사하구,04시,1474.6501,596
202507,사하구,05시,2114.843,1042
202507,사하구,06시,3785.9288,2123
202507,사하구,07시,4969.9874,3133
202507,사하구,08시,8484.7539,4531
202507,사하구,09시,19560.5451,6980
202507,사하구,10시,31202.4891,8912
202507,사하구,11시,36841.3289,10811
202507,사하구,12시,38202.9134,13198
202507,사하구,13시,30765.0176,10447
202507,사하구,14시,31407.9986,10287
202507,사하구,15시,34173.7993,10696
202507,사하구,16시,35222.0974,11321
202507,사하구,17시,36672.9993,12590
202507,사하구,18시,38780.7357,12996
202507,사하구,19시,35443.3832,11059
202507,사하구,20시,28362.2571,9005
202507,사하구,21시,17410.8251,6333
202507,사하구,22시,10199.2886,4015
202507,사하구,23시,6411.7784,2558
202507,서구,00시,1331.8834,486
202507,서구,01시,699.4847,314
202507,서구,02시,578.5296,210
202507,서구,03시,283.6417,144
202507,서구,04시,313.6907,155
202507,서구,05시,659.1395,342
202507,서구,06시,1628.5948,732
202507,서구,07시,4061.6265,1469
202507,서구,08시,8047.5047,2582
202507,서구,09시,20097.1125,3768
202507,서구,10시,27957.6028,4427
202507,서구,11시,26364.9275,5006
202507,서구,12시,22937.7694,6196
202507,서구,13시,18267.2203,4508
202507,서구,14시,19962.8514,4458
202507,서구,15시,17287.7186,4284
202507,서구,16시,14906.8974,4004
202507,서구,17시,11346.9143,3883
202507,서구,18시,11428.6366,3876
202507,서구,19시,10891.5551,3356
202507,서구,20시,8602.999,2757
202507,서구,21시,5538.0788,2034
202507,서구,22시,3116.7108,1401
202507,서구,23시,1731.9877,827
202507,수영구,00시,5355.1528,2129
202507,수영구,01시,3456.8989,1375
202507,수영구,02시,2161.296,872
202507,수영구,03시,1427.8884,590
202507,수영구,04시,951.2274,445
202507,수영구,05시,1130.1075,590
202507,수영구,06시,1591.1466,904
202507,수영구,07시,2250.1992,1484
202507,수영구,08시,5413.2093,3136
202507,수영구,09시,15552.4954,5093
202507,수영구,10시,24567.725,6622
202507,수영구,11시,31919.3893,8273
202507,수영구,12시,33093.0728,10415
202507,수영구,13시,26107.2429,8770
202507,수영구,14시,27178.2213,8478
202507,수영구,15시,26661.1387,8618
202507,수영구,16시,25133.2179,8884
202507,수영구,17시,25914.0044,9169
202507,수영구,18시,27380.502,9742
202507,수영구,19시,28849.4185,9068
202507,수영구,20시,26063.0532,8104
202507,수영구,21시,19425.2683,6771
202507,수영구,22시,12869.2842,5045
202507,수영구,23시,8355.143,3274
202507,연제구,00시,3528.122,1277
202507,연제구,01시,2560.0567,836
202507,연제구,02시,1676.459,611
202507,연제구,03시,1073.7546,434
202507,연제구,04시,878.7063,403
202507,연제구,05시,1131.2135,622
202507,연제구,06시,1795.8217,993
202507,연제구,07시,4783.823,1716
202507,연제구,08시,7303.6079,3965
202507,연제구,09시,16356.8142,5635
202507,연제구,10시,28714.4303,7209
202507,연제구,11시,35762.674,9353
202507,연제구,12시,40553.3633,12366
202507,연제구,13시,30671.9096,9027
202507,연제구,14시,32587.5765,8420
202507,연제구,15시,32416.0424,8566
202507,연제구,16시,32103.7014,9080
202507,연제구,17시,30422.7698,9582
202507,연제구,18시,30288.891,10262
202507,연제구,19시,29932.5391,8885
202507,연제구,20시,27138.4134,7413
202507,연제구,21시,17325.3269,5590
202507,연제구,22시,9823.3584,3652
202507,연제구,23시,5792.847,2163
202507,영도구,00시,1171.0694,470
202507,영도구,01시,646.2497,310
202507,영도구,02시,433.0024,208
202507,영도구,03시,256.1459,149
202507,영도구,04시,272.0552,188
202507,영도구,05시,419.3908,296
202507,영도구,06시,916.0416,632
202507,영도구,07시,1164.0134,932
202507,영도구,08시,2394.5993,1553
202507,영도구,09시,6042.1127,2388
202507,영도구,10시,9490.7403,2962
202507,영도구,11시,11118.0058,3857
202507,영도구,12시,13857.2815,5090
202507,영도구,13시,10531.0973,3787
202507,영도구,14시,9813.1929,3585
202507,영도구,15시,9639.1712,3534
202507,영도구,16시,9671.7996,3624
202507,영도구,17시,10227.6619,3809
202507,영도구,18시,10932.3504,3838
202507,영도구,19시,10152.3362,3201
202507,영도구,20시,7485.1306,2494
202507,영도구,21시,4415.9244,1776
202507,영도구,22시,2708.0051,1220
202507,영도구,23시,1699.0744,769
202507,중구,00시,2260.1406,675
202507,중구,01시,1736.4419,443
202507,중구,02시,1011.5476,318
202507,중구,03시,769.8778,237
202507,중구,04시,425.1623,166
202507,중구,05시,440.4094,212
202507,중구,06시,714.0933,353
202507,중구,07시,1071.2834,817
202507,중구,08시,2619.9577,2131
202507,중구,09시,6305.4443,2307
202507,중구,10시,12531.2476,3081
202507,중구,11시,18321.5297,5010
202507,중구,12시,24256.4521,7963
202507,중구,13시,21644.7072,6300
202507,중구,14시,21377.4915,5780
202507,중구,15시,21130.7642,5684
202507,중구,16시,19344.8368,5449
202507,중구,17시,18463.4129,5392
202507,중구,18시,18680.208,5367
202507,중구,19시,18551.7957,4665
202507,중구,20시,14091.2426,3630
202507,중구,21시,8359.0072,2500
202507,중구,22시,5125.8804,1729
202507,중구,23시,3464.3149,1070
202507,해운대구,00시,5816.8199,2384
202507,해운대구,01시,3629.5764,1490
202507,해운대구,02시,2281.0095,962
202507,해운대구,03시,1419.2682,673
202507,해운대구,04시,1385.9192,634
202507,해운대구,05시,2354.9928,1012
202507,해운대구,06시,4149.3069,1872
202507,해운대구,07시,6261.4265,3362
202507,해운대구,08시,13350.3965,6772
202507,해운대구,09시,31562.5827,10207
202507,해운대구,10시,54373.0269,13017
202507,해운대구,11시,78475.6821,16919
202507,해운대구,12시,87212.9086,21868
202507,해운대구,13시,89396.7745,20940
202507,해운대구,14시,85088.2744,18254
202507,해운대구,15시,85305.0101,17438
202507,해운대구,16시,82987.7444,17383
202507,해운대구,17시,76071.3191,17676
202507,해운대구,18시,72714.3538,17703
202507,해운대구,19시,64755.1645,15604
202507,해운대구,20시,48856.2211,12850
202507,해운대구,21시,29754.9419,9705
202507,해운대구,22시,18974.0742,6665
202507,해운대구,23시,10900.9199,4062
202508,강서구,00시,3017.431,617
202508,강서구,01시,1958.4864,375
202508,강서구,02시,1438.8323,269
202508,강서구,03시,1391.6002,215
202508,강서구,04시,1799.023,292
202508,강서구,05시,3560.3531,725
202508,강서구,06시,7934.1186,2120
202508,강서구,07시,10582.3485,3090
202508,강서구,08시,12686.43,3637
202508,강서구,09시,18095.4494,4247
202508,강서구,10시,22696.365,4957
202508,강서구,11시,28495.9746,7061
202508,강서구,12시,32764.4645,9309
202508,강서구,13시,30653.5981,7269
202508,강서구,14시,29424.6536,6409
202508,강서구,15시,28119.0439,6068
202508,강서구,16시,28285.9808,6476
202508,강서구,17시,29036.7479,7176
202508,강서구,18시,28701.1401,7114
202508,강서구,19시,27298.9688,6414
202508,강서구,20시,21931.0951,5120
202508,강서구,21시,14093.8521,3203
202508,강서구,22시,8207.2331,1807
202508,강서구,23시,5225.9222,1044
202508,금정구,00시,2610.718,1305
202508,금정구,01시,1737.0777,801
202508,금정구,02시,1131.8353,543
202508,금정구,03시,679.343,369
202508,금정구,04시,577.0191,356
202508,금정구,05시,941.914,569
202508,금정구,06시,1967.4407,1119
202508,금정구,07시,3526.9102,1959
202508,금정구,08시,5805.5541,3503
202508,금정구,09시,16895.0363,5482
202508,금정구,10시,25195.4235,6836
202508,금정구,11시,33034.5358,8701
202508,금정구,12시,34237.5856,11405
202508,금정구,13시,34460.4166,9473
202508,금정구,14시,29247.833,8485
202508,금정구,15시,26335.7837,8321
202508,금정구,16시,29205.7975,8699
202508,금정구,17시,28411.2744,9387
202508,금정구,18시,28502.1781,10106
202508,금정구,19시,26503.9014,8495
202508,금정구,20시,19771.6891,6658
202508,금정구,21시,12024.3506,4843
202508,금정구,22시,6939.244,3322
202508,금정구,23시,4198.9992,2080
202508,기장군,00시,1894.665,804
202508,기장군,01시,1132.9382,479
202508,기장군,02시,691.9806,328
202508,기장군,03시,398.1389,212
202508,기장군,04시,415.4837,229
202508,기장군,05시,1152.9703,458
202508,기장군,06시,2708.6616,990
202508,기장군,07시,3785.0919,1697
202508,기장군,08시,6249.0291,2522
202508,기장군,09시,13393.7441,4100
202508,기장군,10시,22310.8805,5605
202508,기장군,11시,34006.8167,7986
202508,기장군,12시,47745.9914,10987
202508,기장군,13시,48305.7994,10261
202508,기장군,14시,45877.7705,9685
202508,기장군,15시,42348.1005,9007
202508,기장군,16시,39821.1729,8656
202508,기장군,17시,39184.8958,8635
202508,기장군,18시,38974.1101,8580
202508,기장군,19시,34243.8559,7527
202508,기장군,20시,24219.0058,5560
202508,기장군,21시,10532.4804,3520
202508,기장군,22시,5213.3084,2102
202508,기장군,23시,3256.6143,1241
202508,남구,00시,3638.977,1796
202508,남구,01시,2524.1066,1162
202508,남구,02시,1521.3554,831
202508,남구,03시,1094.6583,582
202508,남구,04시,1109.9939,518
202508,남구,05시,1804.9879,795
202508,남구,06시,2779.941,1254
202508,남구,07시,3702.9037,2014
202508,남구,08시,7138.9578,3863
202508,남구,09시,14815.3563,5807
202508,남구,10시,26400.7411,7871
202508,남구,11시,32509.8099,10361
202508,남구,12시,35579.3042,12945
202508,남구,13시,30642.1581,10332
202508,남구,14시,30784.3715,9625
202508,남구,15시,29782.8664,9673
202508,남구,16시,31126.3545,10304
202508,남구,17시,31380.5848,10843
202508,남구,18시,32635.3552,11382
202508,남구,19시,29962.1567,10011
202508,남구,20시,23343.0852,7996
202508,남구,21시,14590.4136,6012
202508,남구,22시,8563.3003,4182
202508,남구,23시,5616.8065,2836
202508,동구,00시,2233.8696,728
202508,동구,01시,1617.4558,528
202508,동구,02시,1211.1413,382
202508,동구,03시,932.375,269
202508,동구,04시,1332.2432,316
202508,동구,05시,1587.8081,540
202508,동구,06시,1875.8323,991
202508,동구,07시,2648.271,1639
202508,동구,08시,4618.6025,3133
202508,동구,09시,9891.114,3877
202508,동구,10시,19197.3956,4561
202508,동구,11시,19885.1195,6809
202508,동구,12시,22428.6503,8611
202508,동구,13시,18320.9256,6360
202508,동구,14시,16496.9871,5559
202508,동구,15시,15269.0873,5252
202508,동구,16시,14794.1359,5302
202508,동구,17시,13534.8333,5309
202508,동구,18시,13370.2453,5619
202508,동구,19시,13388.067,4817
202508,동구,20시,9889.4173,3592
202508,동구,21시,6448.167,2595
202508,동구,22시,4371.7969,1702
202508,동구,23시,3110.9617,1074
202508,동래구,00시,5206.4083,1771
202508,동래구,01시,3566.4258,1119
202508,동래구,02시,2416.2064,808
202508,동래구,03시,1487.9557,527
202508,동래구,04시,1165.5658,495
202508,동래구,05시,1784.5882,840
202508,동래구,06시,2579.9524,1317
202508,동래구,07시,4102.3812,2136
202508,동래구,08시,9607.6069,4284
202508,동래구,09시,26520.1292,7172
202508,동래구,10시,41602.8103,9454
202508,동래구,11시,49898.7754,11443
202508,동래구,12시,52394.0394,14121
202508,동래구,13시,46408.2558,12343
202508,동래구,14시,43670.7893,11508
202508,동래구,15시,44579.2388,11645
202508,동래구,16시,42070.3643,12526
202508,동래구,17시,42248.6795,14020
202508,동래구,18시,42674.5591,14034
202508,동래구,19시,40016.7557,12125
202508,동래구,20시,31779.7682,9521
202508,동래구,21시,20548.1181,6966
202508,동래구,22시,12832.2721,4749
202508,동래구,23시,8880.3924,2924
202508,부산진구,00시,9677.4632,3896
202508,부산진구,01시,6759.3746,2695
202508,부산진구,02시,4852.4385,1919
202508,부산진구,03시,3262.2618,1403
202508,부산진구,04시,2615.1258,1197
202508,부산진구,05시,2904.7519,1578
202508,부산진구,06시,4182.074,2287
202508,부산진구,07시,5747.841,3638
202508,부산진구,08시,12287.2946,7321
202508,부산진구,09시,35011.0442,11413
202508,부산진구,10시,64203.8971,15003
202508,부산진구,11시,78006.1623,19810
202508,부산진구,12시,81882.6404,26096
202508,부산진구,13시,75326.8231,22483
202508,부산진구,14시,75710.8194,21204
202508,부산진구,15시,76622.1448,21323
202508,부산진구,16시,72859.5177,22140
202508,부산진구,17시,66042.5023,22490
202508,부산진구,18시,67691.0562,22968
202508,부산진구,19시,62583.5428,19849
202508,부산진구,20시,48639.7148,15923
202508,부산진구,21시,32198.1584,12207
202508,부산진구,22시,21109.1094,8908
202508,부산진구,23시,14527.9033,5882
202508,북구,00시,3077.5001,1275
202508,북구,01시,2179.3361,802
202508,북구,02시,1353.089,544
202508,북구,03시,947.1272,414
202508,북구,04시,842.757,423
202508,북구,05시,1223.7698,671
202508,북구,06시,2255.9009,1223
202508,북구,07시,3026.5559,1918
202508,북구,08시,7295.1086,3751
202508,북구,09시,23364.3211,7447
202508,북구,10시,39065.2506,10287
202508,북구,11시,44201.0874,12276
202508,북구,12시,45279.932,13982
202508,북구,13시,40670.7183,11989
202508,북구,14시,41843.5574,11743
202508,북구,15시,42909.7815,12490
202508,북구,16시,45422.5301,13325
202508,북구,17시,45967.7008,13991
202508,북구,18시,45318.6856,14090
202508,북구,19시,40290.3419,12067
202508,북구,20시,30716.2088,9422
202508,북구,21시,18105.2576,6449
202508,북구,22시,7506.5813,3265
202508,북구,23시,4866.945,2030
202508,사상구,00시,3519.382,1301
202508,사상구,01시,2264.9723,853
202508,사상구,02시,1562.7308,594
202508,사상구,03시,1205.3441,453
202508,사상구,04시,1246.6992,511
202508,사상구,05시,2513.8958,969
202508,사상구,06시,4376.8839,1816
202508,사상구,07시,6563.997,3117
202508,사상구,08시,9833.3346,4431
202508,사상구,09시,18424.1188,6079
202508,사상구,10시,28646.0093,7558
202508,사상구,11시,32036.7031,9077
202508,사상구,12시,33533.9546,11404
202508,사상구,13시,29342.5592,9046
202508,사상구,14시,29241.1036,8576
202508,사상구,15시,28660.3947,8590
202508,사상구,16시,28214.7116,8777
202508,사상구,17시,27801.4685,9579
202508,사상구,18시,28731.6873,9912
202508,사상구,19시,27112.3622,8491
202508,사상구,20시,21253.9832,6801
202508,사상구,21시,13674.0389,4894
202508,사상구,22시,8826.1516,3216
202508,사상구,23시,5161.0958,1989
202508,사하구,00시,4282.6848,1624
202508,사하구,01시,3030.07,1076
202508,사하구,02시,2092.3951,777
202508,사하구,03시,1402.9914,565
202508,사하구,04시,1368.691,585
202508,사하구,05시,2104.3118,972
202508,사하구,06시,3487.5332,1979
202508,사하구,07시,4660.7217,2986
202508,사하구,08시,7769.9225,4265
202508,사하구,09시,19155.2682,6796
202508,사하구,10시,31308.2801,8723
202508,사하구,11시,36573.3365,10655
202508,사하구,12시,37519.7137,12854
202508,사하구,13시,31251.6338,10371
202508,사하구,14시,31817.8794,10046
202508,사하구,15시,31509.8491,10325
202508,사하구,16시,32410.9498,10916
202508,사하구,17시,33638.1855,12050
202508,사하구,18시,35779.8781,12439
202508,사하구,19시,32902.9993,10746
202508,사하구,20시,26679.486,8530
202508,사하구,21시,16170.8354,6031
202508,사하구,22시,9698.4386,3974
202508,사하구,23시,6398.6458,2503
202508,서구,00시,1153.9975,506
202508,서구,01시,659.5964,323
202508,서구,02시,459.048,214
202508,서구,03시,390.2152,146
202508,서구,04시,276.3082,162
202508,서구,05시,568.8276,338
202508,서구,06시,1392.5668,715
202508,서구,07시,3133.3207,1357
202508,서구,08시,6958.8337,2358
202508,서구,09시,19416.53,3567
202508,서구,10시,26312.2781,4248
202508,서구,11시,26097.6592,4895
202508,서구,12시,19466.9708,5931
202508,서구,13시,16085.1209,4427
202508,서구,14시,18019.1764,4357
202508,서구,15시,15851.7289,4102
202508,서구,16시,12889.4517,3830
202508,서구,17시,11375.4983,3780
202508,서구,18시,11017.4856,3828
202508,서구,19시,10312.4388,3312
202508,서구,20시,7525.2623,2598
202508,서구,21시,5113.9486,2016
202508,서구,22시,3021.6071,1407
202508,서구,23시,1796.6743,842
202508,수영구,00시,5795.1728,2333
202508,수영구,01시,4040.3943,1550
202508,수영구,02시,2459.3018,961
202508,수영구,03시,1629.8156,623
202508,수영구,04시,988.6872,480
202508,수영구,05시,1157.6478,593
202508,수영구,06시,1454.3241,858
202508,수영구,07시,2230.3097,1444
202508,수영구,08시,5162.7172,3000
202508,수영구,09시,14621.6377,4951
202508,수영구,10시,24344.494,6505
202508,수영구,11시,30673.9291,8150
202508,수영구,12시,32564.9172,10307
202508,수영구,13시,26416.5197,9001
202508,수영구,14시,26893.1759,8703
202508,수영구,15시,26366.6285,8777
202508,수영구,16시,25024.6691,9040
202508,수영구,17시,25113.864,9335
202508,수영구,18시,27001.0106,9875
202508,수영구,19시,28917.1674,9406
202508,수영구,20시,26174.4457,8300
202508,수영구,21시,18989.1026,6907
202508,수영구,22시,12752.5691,5164
202508,수영구,23시,8525.584,3473
202508,연제구,00시,3743.9225,1357
202508,연제구,01시,2596.6682,861
202508,연제구,02시,1769.3063,622
202508,연제구,03시,1196.7702,458
202508,연제구,04시,826.1511,395
202508,연제구,05시,1083.8705,583
202508,연제구,06시,1706.7535,940
202508,연제구,07시,2700.8242,1634
202508,연제구,08시,7007.1556,3734
202508,연제구,09시,16696.8626,5438
202508,연제구,10시,27150.0471,7016
202508,연제구,11시,33772.4091,9000
202508,연제구,12시,37363.3462,11831
202508,연제구,13시,29278.9136,8925
202508,연제구,14시,28967.7733,8202
202508,연제구,15시,28853.359,8205
202508,연제구,16시,31288.9131,8774
202508,연제구,17시,27195.0992,9191
202508,연제구,18시,28608.4842,9937
202508,연제구,19시,27677.3664,8621
202508,연제구,20시,23832.8242,6979
202508,연제구,21시,15583.5199,5276
202508,연제구,22시,9077.6043,3521
202508,연제구,23시,5636.9577,2146
202508,영도구,00시,1144.0122,498
202508,영도구,01시,750.7024,327
202508,영도구,02시,477.6541,214
202508,영도구,03시,297.5383,159
202508,영도구,04시,266.5307,193
202508,영도구,05시,373.4403,283
202508,영도구,06시,736.9451,577
202508,영도구,07시,1241.5274,887
202508,영도구,08시,2093.9178,1464
202508,영도구,09시,5901.4028,2292
202508,영도구,10시,8637.3934,2921
202508,영도구,11시,10708.4148,3788
202508,영도구,12시,13272.8314,4925
202508,영도구,13시,10607.2007,3816
202508,영도구,14시,9498.4313,3592
202508,영도구,15시,8996.8656,3492
202508,영도구,16시,9131.0579,3522
202508,영도구,17시,9451.2833,3729
202508,영도구,18시,10182.2371,3766
202508,영도구,19시,10047.277,3176
202508,영도구,20시,7077.0286,2404
202508,영도구,21시,4357.3985,1778
202508,영도구,22시,2813.351,1197
202508,영도구,23시,1818.2859,811
202508,중구,00시,2504.1908,743
202508,중구,01시,1687.6038,484
202508,중구,02시,1204.3094,338
202508,중구,03시,635.5448,214
202508,중구,04시,517.3362,203
202508,중구,05시,486.7411,208
202508,중구,06시,685.0019,339
202508,중구,07시,1148.4317,783
202508,중구,08시,2493.4909,1960
202508,중구,09시,5787.2662,2172
202508,중구,10시,11720.9619,3066
202508,중구,11시,16562.1326,4984
202508,중구,12시,22269.6273,7681
202508,중구,13시,22386.1701,6363
202508,중구,14시,20406.9916,6021
202508,중구,15시,20402.7885,5935
202508,중구,16시,19223.05,5760
202508,중구,17시,18505.1107,5581
202508,중구,18시,18918.7873,5526
202508,중구,19시,18313.85,4921
202508,중구,20시,13572.6064,3802
202508,중구,21시,8032.5047,2633
202508,중구,22시,4991.0272,1739
202508,중구,23시,3493.6835,1109
202508,해운대구,00시,6173.5451,2648
202508,해운대구,01시,3673.2266,1642
202508,해운대구,02시,2381.0042,1077
202508,해운대구,03시,1523.8274,755
202508,해운대구,04시,1400.3707,673
202508,해운대구,05시,2071.6693,969
202508,해운대구,06시,3584.2801,1767
202508,해운대구,07시,5896.3241,3335
202508,해운대구,08시,13010.4316,6433
202508,해운대구,09시,29644.3055,9968
202508,해운대구,10시,52859.889,12995
202508,해운대구,11시,76683.3434,17129
202508,해운대구,12시,82632.8791,21686
202508,해운대구,13시,85698.1601,21788
202508,해운대구,14시,83612.3883,17728
202508,해운대구,15시,82646.6163,17566
202508,해운대구,16시,81494.2444,17489
202508,해운대구,17시,77070.2443,17786
202508,해운대구,18시,72760.1019,17736
202508,해운대구,19시,67341.6586,15990
202508,해운대구,20시,45858.8286,12856
202508,해운대구,21시,30261.8526,9720
202508,해운대구,22시,19484.5396,6814
202508,해운대구,23시,10488.2376,4258
202509,강서구,00시,3522.7459,616
202509,강서구,01시,2233.6766,380
202509,강서구,02시,1821.5376,284
202509,강서구,03시,1605.9347,234
202509,강서구,04시,2397.2975,331
202509,강서구,05시,4590.7141,814
202509,강서구,06시,10027.5899,2299
202509,강서구,07시,11999.6448,3319
202509,강서구,08시,15193.1446,3973
202509,강서구,09시,21718.1415,4413
202509,강서구,10시,26398.6698,4937
202509,강서구,11시,32592.8861,7057
202509,강서구,12시,36076.0463,9521
202509,강서구,13시,34419.2352,7189
202509,강서구,14시,33387.1455,6343
202509,강서구,15시,32746.4691,6172
202509,강서구,16시,33195.9236,6618
202509,강서구,17시,32329.4185,7426
202509,강서구,18시,31230.6705,7281
202509,강서구,19시,29235.7863,6334
202509,강서구,20시,24230.0944,4986
202509,강서구,21시,15542.1552,3185
202509,강서구,22시,9427.1509,1816
202509,강서구,23시,5418.8968,1038
202509,금정구,00시,2976.8527,1373
202509,금정구,01시,1883.1039,833
202509,금정구,02시,1162.8123,526
202509,금정구,03시,850.3498,366
202509,금정구,04시,588.9492,338
202509,금정구,05시,1213.6182,592
202509,금정구,06시,2266.6342,1173
202509,금정구,07시,3776.0413,2118
202509,금정구,08시,6712.6159,4147
202509,금정구,09시,16921.5118,5947
202509,금정구,10시,26189.9933,7754
202509,금정구,11시,34090.4565,10200
202509,금정구,12시,42125.9898,13948
202509,금정구,13시,37685.8364,10769
202509,금정구,14시,36359.7557,9631
202509,금정구,15시,33529.4348,9416
202509,금정구,16시,31890.9218,9989
202509,금정구,17시,32503.6641,10667
202509,금정구,18시,32873.6989,11208
202509,금정구,19시,29714.1833,8884
202509,금정구,20시,21684.1672,6832
202509,금정구,21시,13145.4236,5094
202509,금정구,22시,7917.2835,3516
202509,금정구,23시,4771.6839,2230
202509,기장군,00시,1857.6339,696
202509,기장군,01시,1035.9451,473
202509,기장군,02시,681.3175,297
202509,기장군,03시,446.8121,187
202509,기장군,04시,451.0793,230
202509,기장군,05시,1266.0742,476
202509,기장군,06시,3047.7345,1058
202509,기장군,07시,4248.2948,1768
202509,기장군,08시,6727.0304,2612
202509,기장군,09시,14195.3664,3946
202509,기장군,10시,21894.9943,5265
202509,기장군,11시,36491.0909,7542
202509,기장군,12시,48157.9042,10483
202509,기장군,13시,48311.3607,9381
202509,기장군,14시,46958.1681,8896
202509,기장군,15시,43172.9709,8480
202509,기장군,16시,43954.2574,8414
202509,기장군,17시,43561.6192,8461
202509,기장군,18시,39835.793,8207
202509,기장군,19시,33589.4203,6856
202509,기장군,20시,23057.2747,4934
202509,기장군,21시,10402.9389,3192
202509,기장군,22시,4992.943,2025
202509,기장군,23시,3154.3027,1211
202509,남구,00시,3832.0918,1785
202509,남구,01시,2413.5287,1108
202509,남구,02시,1623.4213,756
202509,남구,03시,1170.7615,534
202509,남구,04시,1165.0502,505
202509,남구,05시,2132.1854,817
202509,남구,06시,3380.1432,1299
202509,남구,07시,4181.5096,2158
202509,남구,08시,7874.6811,4377
202509,남구,09시,16444.2258,6499
202509,남구,10시,30723.7094,8433
202509,남구,11시,37638.8335,11773
202509,남구,12시,41324.6297,15274
202509,남구,13시,34693.6425,11569
202509,남구,14시,34739.0384,10664
202509,남구,15시,35789.4818,10872
202509,남구,16시,36774.823,11433
202509,남구,17시,35859.4266,11923
202509,남구,18시,36547.0589,12333
202509,남구,19시,32654.3442,10182
202509,남구,20시,25229.5427,8010
202509,남구,21시,16755.1766,6153
202509,남구,22시,9809.8308,4345
202509,남구,23시,6375.8015,2911
202509,동구,00시,2057.1827,664
202509,동구,01시,1471.5675,464
202509,동구,02시,1190.3102,325
202509,동구,03시,1107.082,248
202509,동구,04시,1211.782,297
202509,동구,05시,1206.7593,539
202509,동구,06시,1995.955,960
202509,동구,07시,2905.9444,1729
202509,동구,08시,4924.4107,3260
202509,동구,09시,11343.5077,3884
202509,동구,10시,20068.2762,4490
202509,동구,11시,23092.1173,6682
202509,동구,12시,24702.698,8701
202509,동구,13시,20459.0984,6252
202509,동구,14시,18848.3954,5453
202509,동구,15시,17849.4964,5199
202509,동구,16시,16903.6187,5236
202509,동구,17시,14970.0125,5245
202509,동구,18시,14741.3053,5532
202509,동구,19시,13827.3284,4642
202509,동구,20시,10416.3079,3434
202509,동구,21시,6552.7914,2492
202509,동구,22시,4255.702,1625
202509,동구,23시,3273.7839,1029
202509,동래구,00시,5206.3755,1664
202509,동래구,01시,3419.5965,1038
202509,동래구,02시,2336.1773,727
202509,동래구,03시,1505.7276,500
202509,동래구,04시,1317.7643,480
202509,동래구,05시,1962.1173,870
202509,동래구,06시,2850.8482,1393
202509,동래구,07시,4946.5837,2246
202509,동래구,08시,11790.2565,4451
202509,동래구,09시,29775.0693,7319
202509,동래구,10시,45374.9923,9581
202509,동래구,11시,57674.4255,11560
202509,동래구,12시,57082.2687,14653
202509,동래구,13시,49092.462,12473
202509,동래구,14시,50359.8563,12124
202509,동래구,15시,47171.7067,12392
202509,동래구,16시,46856.1816,13145
202509,동래구,17시,47099.2336,13748
202509,동래구,18시,47528.7493,13987
202509,동래구,19시,42885.4735,11717
202509,동래구,20시,33216.8255,9123
202509,동래구,21시,22486.0576,6826
202509,동래구,22시,13495.6896,4558
202509,동래구,23시,8907.8157,2836
202509,부산진구,00시,9492.7611,3523
202509,부산진구,01시,6658.0445,2430
202509,부산진구,02시,4643.4979,1771
202509,부산진구,03시,3187.0378,1273
202509,부산진구,04시,2836.4543,1147
202509,부산진구,05시,3075.9147,1604
202509,부산진구,06시,3917.0263,2373
202509,부산진구,07시,6272.413,3810
202509,부산진구,08시,14464.506,7991
202509,부산진구,09시,42368.2572,12123
202509,부산진구,10시,73010.536,15750
202509,부산진구,11시,91992.2338,20818
202509,부산진구,12시,93246.9337,27626
202509,부산진구,13시,80184.5094,23122
202509,부산진구,14시,85083.306,21761
202509,부산진구,15시,86764.3099,22175
202509,부산진구,16시,84382.0808,22706
202509,부산진구,17시,76140.4299,23006
202509,부산진구,18시,73364.8913,23144
202509,부산진구,19시,67670.026,19412
202509,부산진구,20시,51344.7241,15449
202509,부산진구,21시,33711.9411,11828
202509,부산진구,22시,22301.568,8644
202509,부산진구,23시,14687.9489,5596
202509,북구,00시,3190.8064,1210
202509,북구,01시,2139.4987,795
202509,북구,02시,1326.9491,507
202509,북구,03시,1008.7782,380
202509,북구,04시,828.9409,410
202509,북구,05시,1438.6257,723
202509,북구,06시,2530.7015,1302
202509,북구,07시,3342.4312,1991
202509,북구,08시,7785.8709,3880
202509,북구,09시,25159.0431,7413
202509,북구,10시,42741.3215,10309
202509,북구,11시,50447.0416,12581
202509,북구,12시,50465.6561,14485
202509,북구,13시,44796.9452,12312
202509,북구,14시,47487.1258,12345
202509,북구,15시,51561.2768,13420
202509,북구,16시,51738.0715,14197
202509,북구,17시,51900.5515,14783
202509,북구,18시,49729.9883,14607
202509,북구,19시,42074.1472,11770
202509,북구,20시,32595.907,9262
202509,북구,21시,19326.5511,6507
202509,북구,22시,8439.6088,3301
202509,북구,23시,5211.4161,2006
202509,사상구,00시,3669.0182,1278
202509,사상구,01시,2339.7847,820
202509,사상구,02시,1548.6851,565
202509,사상구,03시,1355.5762,449
202509,사상구,04시,1304.5654,500
202509,사상구,05시,2992.8577,1029
202509,사상구,06시,5348.0293,1978
202509,사상구,07시,6994.329,3316
202509,사상구,08시,11710.4652,4814
202509,사상구,09시,22112.068,6503
202509,사상구,10시,31044.4011,7916
202509,사상구,11시,37019.4269,9652
202509,사상구,12시,37564.2811,12671
202509,사상구,13시,34937.1867,9998
202509,사상구,14시,34533.2807,9234
202509,사상구,15시,34360.2052,9335
202509,사상구,16시,33307.9307,9468
202509,사상구,17시,32503.3022,10451
202509,사상구,18시,32261.5819,10498
202509,사상구,19시,29592.7387,8673
202509,사상구,20시,23207.2543,6763
202509,사상구,21시,14806.5585,4944
202509,사상구,22시,10166.1406,3305
202509,사상구,23시,5604.1439,2033
202509,사하구,00시,4248.2777,1546
202509,사하구,01시,3346.906,1012
202509,사하구,02시,2077.6916,703
202509,사하구,03시,1549.8459,536
202509,사하구,04시,1379.0015,591
202509,사하구,05시,2285.0444,1039
202509,사하구,06시,3788.7232,2161
202509,사하구,07시,5414.8638,3302
202509,사하구,08시,8370.0149,4722
202509,사하구,09시,20019.3977,6998
202509,사하구,10시,32452.9854,9141
202509,사하구,11시,38176.9607,11149
202509,사하구,12시,40868.6963,13708
202509,사하구,13시,32778.9239,11014
202509,사하구,14시,34895.7955,10813
202509,사하구,15시,36767.7937,11174
202509,사하구,16시,38140.965,11818
202509,사하구,17시,38826.3869,12998
202509,사하구,18시,40408.5531,13141
202509,사하구,19시,36793.8481,10836
202509,사하구,20시,28103.5909,8426
202509,사하구,21시,17405.8092,6003
202509,사하구,22시,10040.474,3903
202509,사하구,23시,6693.2485,2452
202509,서구,00시,1183.6715,500
202509,서구,01시,672.7485,312
202509,서구,02시,474.6334,203
202509,서구,03시,283.1819,148
202509,서구,04시,305.3505,157
202509,서구,05시,1047.3491,331
202509,서구,06시,1573.5529,752
202509,서구,07시,3806.6088,1445
202509,서구,08시,7775.2073,2706
202509,서구,09시,22110.9051,3862
202509,서구,10시,31478.0148,4663
202509,서구,11시,28749.8019,5552
202509,서구,12시,22963.5456,6639
202509,서구,13시,19661.1671,5023
202509,서구,14시,22561.3724,4854
202509,서구,15시,19591.5996,4466
202509,서구,16시,15782.3544,4228
202509,서구,17시,12789.242,4060
202509,서구,18시,11869.452,4073
202509,서구,19시,10563.6759,3274
202509,서구,20시,7882.879,2531
202509,서구,21시,5292.4618,1918
202509,서구,22시,3178.3987,1380
202509,서구,23시,2039.3592,809
202509,수영구,00시,5204.9542,1876
202509,수영구,01시,3430.6967,1219
202509,수영구,02시,2252.2536,798
202509,수영구,03시,1406.0836,532
202509,수영구,04시,840.5748,406
202509,수영구,05시,1137.5683,550
202509,수영구,06시,1947.942,883
202509,수영구,07시,2387.4546,1514
202509,수영구,08시,5935.5527,3118
202509,수영구,09시,16125.679,5056
202509,수영구,10시,27459.3295,6551
202509,수영구,11시,35002.4873,8076
202509,수영구,12시,33180.713,10163
202509,수영구,13시,27923.3719,8698
202509,수영구,14시,28856.3325,8476
202509,수영구,15시,28680.4316,8814
202509,수영구,16시,27455.8749,8848
202509,수영구,17시,27392.1734,9060
202509,수영구,18시,28181.6959,9410
202509,수영구,19시,28071.6325,8516
202509,수영구,20시,24326.5271,7252
202509,수영구,21시,17678.4255,5940
202509,수영구,22시,12010.9963,4437
202509,수영구,23시,8014.2658,2930
202509,연제구,00시,3711.9029,1241
202509,연제구,01시,2718.1959,823
202509,연제구,02시,1780.0504,587
202509,연제구,03시,1148.6024,423
202509,연제구,04시,938.8658,383
202509,연제구,05시,1355.0328,599
202509,연제구,06시,1873.5419,988
202509,연제구,07시,3673.8476,1768
202509,연제구,08시,7755.9781,4065
202509,연제구,09시,17991.7978,5675
202509,연제구,10시,32444.0222,7154
202509,연제구,11시,40402.7607,9279
202509,연제구,12시,41557.1292,12462
202509,연제구,13시,34103.4724,9213
202509,연제구,14시,38331.0666,8672
202509,연제구,15시,36511.8981,8891
202509,연제구,16시,34977.3684,9405
202509,연제구,17시,32633.9443,9840
202509,연제구,18시,32431.6561,10457
202509,연제구,19시,30454.9625,8692
202509,연제구,20시,26199.8048,6985
202509,연제구,21시,17097.5426,5305
202509,연제구,22시,9951.0211,3461
202509,연제구,23시,5746.328,2163
202509,영도구,00시,1173.7321,503
202509,영도구,01시,797.2817,326
202509,영도구,02시,516.9382,208
202509,영도구,03시,266.3265,138
202509,영도구,04시,357.6608,191
202509,영도구,05시,450.5004,280
202509,영도구,06시,881.6966,611
202509,영도구,07시,1354.8543,936
202509,영도구,08시,2606.7032,1632
202509,영도구,09시,6744.227,2472
202509,영도구,10시,9835.1236,2944
202509,영도구,11시,11491.2598,3939
202509,영도구,12시,13849.44,5226
202509,영도구,13시,11276.2614,3883
202509,영도구,14시,10511.7262,3716
202509,영도구,15시,10172.6645,3652
202509,영도구,16시,10050.789,3738
202509,영도구,17시,10375.0524,3864
202509,영도구,18시,11399.8359,3892
202509,영도구,19시,10242.1604,3077
202509,영도구,20시,7542.552,2336
202509,영도구,21시,4346.9128,1717
202509,영도구,22시,2850.8961,1197
202509,영도구,23시,1975.5034,835
202509,중구,00시,2526.2107,706
202509,중구,01시,1742.4603,503
202509,중구,02시,1309.6405,326
202509,중구,03시,712.2455,221
202509,중구,04시,592.0165,184
202509,중구,05시,592.2957,220
202509,중구,06시,763.5964,357
202509,중구,07시,1442.3635,843
202509,중구,08시,2773.1242,2158
202509,중구,09시,6625.5639,2272
202509,중구,10시,12981.3372,3071
202509,중구,11시,21307.3501,4982
202509,중구,12시,26489.485,8000
202509,중구,13시,23785.4849,6385
202509,중구,14시,24089.5172,5866
202509,중구,15시,22766.2922,5729
202509,중구,16시,21268.8388,5434
202509,중구,17시,19309.4764,5265
202509,중구,18시,19503.9626,5378
202509,중구,19시,18741.3581,4544
202509,중구,20시,13695.7132,3457
202509,중구,21시,8290.8755,2456
202509,중구,22시,5361.2213,1725
202509,중구,23시,3667.2271,1113
202509,해운대구,00시,5603.2186,2249
202509,해운대구,01시,3709.3713,1391
202509,해운대구,02시,2251.7993,904
202509,해운대구,03시,1411.0736,643
202509,해운대구,04시,1507.1056,634
202509,해운대구,05시,2667.7378,1018
202509,해운대구,06시,4150.6611,1789
202509,해운대구,07시,6864.6147,3394
202509,해운대구,08시,13489.6516,6686
202509,해운대구,09시,32799.4378,10054
202509,해운대구,10시,57341.0052,12750
202509,해운대구,11시,82791.0588,16701
202509,해운대구,12시,86836.509,21512
202509,해운대구,13시,89333.369,21248
202509,해운대구,14시,91329.333,17207
202509,해운대구,15시,93998.5992,17406
202509,해운대구,16시,91531.9814,17392
202509,해운대구,17시,82419.2813,17527
202509,해운대구,18시,76966.4647,17264
202509,해운대구,19시,67264.0364,14896
202509,해운대구,20시,44354.1893,11365
202509,해운대구,21시,25824.7062,8497
202509,해운대구,22시,16227.1047,5919
202509,해운대구,23시,9969.4589,3695
202510,강서구,00시,3657.7601,630
202510,강서구,01시,2416.4782,414
202510,강서구,02시,1916.3519,299
202510,강서구,03시,1737.0684,268
202510,강서구,04시,2232.2335,342
202510,강서구,05시,3909.9576,758
202510,강서구,06시,8602.3809,2071
202510,강서구,07시,10719.8387,3008
202510,강서구,08시,13833.9134,3631
202510,강서구,09시,19466.6434,4221
202510,강서구,10시,24663.3031,4984
202510,강서구,11시,30705.3916,6948
202510,강서구,12시,34743.5199,9203
202510,강서구,13시,31755.3466,7289
202510,강서구,14시,32118.6725,6612
202510,강서구,15시,31866.6448,6390
202510,강서구,16시,31447.3425,6594
202510,강서구,17시,31007.1979,7209
202510,강서구,18시,28996.6665,6890
202510,강서구,19시,27521.7568,5979
202510,강서구,20시,22852.2271,4715
202510,강서구,21시,14230.7232,3035
202510,강서구,22시,8992.7221,1799
202510,강서구,23시,5988.2002,1080
202510,금정구,00시,2781.6771,1445
202510,금정구,01시,1803.8342,836
202510,금정구,02시,1164.3747,562
202510,금정구,03시,691.2307,386
202510,금정구,04시,616.0342,352
202510,금정구,05시,1028.156,542
202510,금정구,06시,1873.4741,1043
202510,금정구,07시,3488.4133,1837
202510,금정구,08시,5912.7261,3543
202510,금정구,09시,15495.5764,5345
202510,금정구,10시,23936.0971,7199
202510,금정구,11시,32496.6663,9460
202510,금정구,12시,39566.4516,12695
202510,금정구,13시,32284.7001,10501
202510,금정구,14시,33300.3696,9781
202510,금정구,15시,30422.474,9459
202510,금정구,16시,31768.2678,9754
202510,금정구,17시,31708.9806,10213
202510,금정구,18시,30945.8339,10341
202510,금정구,19시,27080.7187,8341
202510,금정구,20시,19150.2949,6481
202510,금정구,21시,11774.6183,4834
202510,금정구,22시,6991.8334,3385
202510,금정구,23시,4730.1623,2218
202510,기장군,00시,1844.0836,696
202510,기장군,01시,1106.4819,429
202510,기장군,02시,599.863,271
202510,기장군,03시,352.6821,183
202510,기장군,04시,334.4483,199
202510,기장군,05시,1069.2943,431
202510,기장군,06시,2494.5889,898
202510,기장군,07시,3583.9309,1587
202510,기장군,08시,6393.1051,2442
202510,기장군,09시,13202.4756,3876
202510,기장군,10시,22480.0243,5371
202510,기장군,11시,37739.7663,7917
202510,기장군,12시,52375.3321,10825
202510,기장군,13시,56189.3466,10444
202510,기장군,14시,56358.7958,10128
202510,기장군,15시,52047.2631,9668
202510,기장군,16시,51625.5871,9354
202510,기장군,17시,49316.2114,9078
202510,기장군,18시,44309.4487,8395
202510,기장군,19시,35869.843,6901
202510,기장군,20시,23498.2519,5062
202510,기장군,21시,9792.0184,3111
202510,기장군,22시,5153.728,1981
202510,기장군,23시,2942.4144,1190
202510,남구,00시,3742.2125,1922
202510,남구,01시,2473.7879,1188
202510,남구,02시,1604.8426,833
202510,남구,03시,1067.3512,558
202510,남구,04시,975.9111,510
202510,남구,05시,1710.5632,748
202510,남구,06시,2609.2918,1153
202510,남구,07시,3617.5012,1886
202510,남구,08시,6673.9992,3842
202510,남구,09시,14438.8178,5857
202510,남구,10시,25804.9184,7881
202510,남구,11시,32421.3186,10833
202510,남구,12시,37274.1829,13906
202510,남구,13시,31710.1453,11170
202510,남구,14시,32199.4255,10457
202510,남구,15시,32958.3795,10576
202510,남구,16시,34513.5731,10947
202510,남구,17시,32621.0905,11206
202510,남구,18시,32735.2404,11271
202510,남구,19시,29185.8317,9490
202510,남구,20시,23032.021,7577
202510,남구,21시,14693.0194,5892
202510,남구,22시,8966.9491,4230
202510,남구,23시,5878.8431,2945
202510,동구,00시,2176.8264,714
202510,동구,01시,1535.3247,494
202510,동구,02시,1571.7083,354
202510,동구,03시,1448.9172,253
202510,동구,04시,976.914,298
202510,동구,05시,1165.0445,511
202510,동구,06시,1934.2029,893
202510,동구,07시,2845.3268,1564
202510,동구,08시,4703.803,2913
202510,동구,09시,10641.9566,3599
202510,동구,10시,18490.5673,4274
202510,동구,11시,24007.065,6309
202510,동구,12시,22924.7173,7936
202510,동구,13시,17313.3202,5958
202510,동구,14시,16763.3153,5294
202510,동구,15시,16890.442,5170
202510,동구,16시,15626.036,5193
202510,동구,17시,13866.415,5066
202510,동구,18시,14007.485,5266
202510,동구,19시,13093.2393,4420
202510,동구,20시,9824.7545,3373
202510,동구,21시,6317.5542,2473
202510,동구,22시,4435.1215,1662
202510,동구,23시,3514.0487,1053
202510,동래구,00시,5313.88,1782
202510,동래구,01시,3553.3159,1128
202510,동래구,02시,2417.9855,783
202510,동래구,03시,1551.5564,528
202510,동래구,04시,1170.155,482
202510,동래구,05시,1710.3799,786
202510,동래구,06시,2588.6117,1200
202510,동래구,07시,3912.7168,1963
202510,동래구,08시,9304.9814,4037
202510,동래구,09시,27735.382,6791
202510,동래구,10시,42490.875,9228
202510,동래구,11시,52190.5579,11340
202510,동래구,12시,54180.9731,14235
202510,동래구,13시,46797.4122,12602
202510,동래구,14시,45847.6932,12239
202510,동래구,15시,47514.3429,12387
202510,동래구,16시,45158.1219,12543
202510,동래구,17시,42925.5193,12774
202510,동래구,18시,42445.8103,12741
202510,동래구,19시,39670.3158,10946
202510,동래구,20시,31094.6185,8765
202510,동래구,21시,20435.9855,6594
202510,동래구,22시,13166.7441,4579
202510,동래구,23시,8813.6078,2901
202510,부산진구,00시,10039.2743,3835
202510,부산진구,01시,7247.8398,2694
202510,부산진구,02시,4892.0666,1907
202510,부산진구,03시,3483.0971,1365
202510,부산진구,04시,2692.8926,1185
202510,부산진구,05시,2938.7978,1509
202510,부산진구,06시,3745.1809,2079
202510,부산진구,07시,5864.0108,3395
202510,부산진구,08시,13810.667,7080
202510,부산진구,09시,36482.4016,10979
202510,부산진구,10시,64066.2906,14690
202510,부산진구,11시,83633.3042,19755
202510,부산진구,12시,86810.1808,26303
202510,부산진구,13시,76813.6489,23037
202510,부산진구,14시,85154.7479,22205
202510,부산진구,15시,86739.6201,22441
202510,부산진구,16시,80670.6428,22811
202510,부산진구,17시,73966.1513,22492
202510,부산진구,18시,69887.0415,21955
202510,부산진구,19시,63755.7908,18805
202510,부산진구,20시,48191.8717,15352
202510,부산진구,21시,32781.0531,11960
202510,부산진구,22시,22274.2719,8788
202510,부산진구,23시,15549.0906,5917
202510,북구,00시,3311.8105,1324
202510,북구,01시,2235.1878,843
202510,북구,02시,1487.66,568
202510,북구,03시,926.6809,401
202510,북구,04시,829.5605,394
202510,북구,05시,1190.3024,647
202510,북구,06시,2121.7692,1138
202510,북구,07시,2868.4653,1752
202510,북구,08시,7440.6594,3504
202510,북구,09시,23227.7419,7046
202510,북구,10시,41106.7196,10054
202510,북구,11시,48803.9412,12418
202510,북구,12시,49668.1745,14456
202510,북구,13시,45764.3097,12789
202510,북구,14시,48837.1375,12853
202510,북구,15시,50633.3498,13632
202510,북구,16시,51206.0666,14122
202510,북구,17시,49051.0948,14233
202510,북구,18시,46407.731,13572
202510,북구,19시,39537.3715,11141
202510,북구,20시,29902.0527,8853
202510,북구,21시,18231.9064,6258
202510,북구,22시,8509.0032,3355
202510,북구,23시,5206.5362,2097
202510,사상구,00시,3515.9894,1322
202510,사상구,01시,2358.7132,884
202510,사상구,02시,1585.6209,606
202510,사상구,03시,1175.1136,467
202510,사상구,04시,1141.814,464
202510,사상구,05시,2335.4073,924
202510,사상구,06시,4135.3577,1663
202510,사상구,07시,5805.1723,2832
202510,사상구,08시,9580.7064,4286
202510,사상구,09시,19058.1132,5995
202510,사상구,10시,29653.8024,7496
202510,사상구,11시,33333.0293,9248
202510,사상구,12시,36208.1057,11846
202510,사상구,13시,31719.132,9673
202510,사상구,14시,32223.0035,9243
202510,사상구,15시,32643.6726,9282
202510,사상구,16시,31953.2414,9259
202510,사상구,17시,30194.5552,9818
202510,사상구,18시,29723.8916,9648
202510,사상구,19시,27117.08,8108
202510,사상구,20시,21011.8118,6376
202510,사상구,21시,13510.1872,4687
202510,사상구,22시,8930.0965,3202
202510,사상구,23시,5862.071,2017
202510,사하구,00시,4297.8631,1614
202510,사하구,01시,2971.1842,1069
202510,사하구,02시,2080.5288,766
202510,사하구,03시,1504.5395,563
202510,사하구,04시,1338.9077,568
202510,사하구,05시,1879.9242,920
202510,사하구,06시,3201.2384,1831
202510,사하구,07시,4782.3343,2806
202510,사하구,08시,8208.2805,4200
202510,사하구,09시,18305.5466,6454
202510,사하구,10시,29361.128,8656
202510,사하구,11시,36001.6751,10665
202510,사하구,12시,38704.6682,13197
202510,사하구,13시,31970.4598,10992
202510,사하구,14시,34652.291,10943
202510,사하구,15시,35230.5054,11075
202510,사하구,16시,35866.6651,11537
202510,사하구,17시,36857.1045,12325
202510,사하구,18시,36544.5021,12151
202510,사하구,19시,32361.2068,10010
202510,사하구,20시,25475.3832,7956
202510,사하구,21시,15426.4531,5677
202510,사하구,22시,9971.4258,3867
202510,사하구,23시,6562.5483,2511
202510,서구,00시,1275.4546,512
202510,서구,01시,688.9799,321
202510,서구,02시,457.8193,210
202510,서구,03시,274.4331,147
202510,서구,04시,329.9491,146
202510,서구,05시,1094.0106,318
202510,서구,06시,1350.441,623
202510,서구,07시,3605.1341,1226
202510,서구,08시,7159.2743,2340
202510,서구,09시,18154.9622,3447
202510,서구,10시,26020.4538,4167
202510,서구,11시,25567.1099,5057
202510,서구,12시,21390.4033,6117
202510,서구,13시,18004.7289,4830
202510,서구,14시,19941.8265,4639
202510,서구,15시,17471.5392,4398
202510,서구,16시,14974.453,4080
202510,서구,17시,11712.0253,3882
202510,서구,18시,10983.9975,3746
202510,서구,19시,9819.1007,3041
202510,서구,20시,7615.5195,2423
202510,서구,21시,5103.0743,1850
202510,서구,22시,3062.8235,1353
202510,서구,23시,2024.963,817
202510,수영구,00시,5231.6077,1992
202510,수영구,01시,3493.0079,1293
202510,수영구,02시,2227.3441,808
202510,수영구,03시,1447.2202,555
202510,수영구,04시,897.6339,415
202510,수영구,05시,1002.8706,517
202510,수영구,06시,1363.2779,777
202510,수영구,07시,2241.9587,1295
202510,수영구,08시,5191.3432,2755
202510,수영구,09시,14379.7398,4727
202510,수영구,10시,25530.0495,6315
202510,수영구,11시,30375.0021,7853
202510,수영구,12시,31723.0217,10025
202510,수영구,13시,27342.4355,8828
202510,수영구,14시,28499.9104,8837
202510,수영구,15시,28322.3793,9046
202510,수영구,16시,27731.4532,9119
202510,수영구,17시,25812.7811,9092
202510,수영구,18시,27471.4864,9315
202510,수영구,19시,28187.2818,8509
202510,수영구,20시,23889.5282,7504
202510,수영구,21시,17350.6506,6106
202510,수영구,22시,11516.6621,4592
202510,수영구,23시,7842.0553,3064
202510,연제구,00시,3852.4233,1373
202510,연제구,01시,2625.1391,871
202510,연제구,02시,1843.2607,613
202510,연제구,03시,1265.9091,438
202510,연제구,04시,919.4214,390
202510,연제구,05시,1256.6743,555
202510,연제구,06시,1652.6191,882
202510,연제구,07시,2696.8484,1526
202510,연제구,08시,8495.0025,3471
202510,연제구,09시,15130.8144,5050
202510,연제구,10시,28232.2067,6649
202510,연제구,11시,34633.8463,8782
202510,연제구,12시,37780.6166,11564
202510,연제구,13시,30548.0028,8972
202510,연제구,14시,32726.5569,8559
202510,연제구,15시,32140.8932,8691
202510,연제구,16시,31737.6482,8961
202510,연제구,17시,30449.8391,9224
202510,연제구,18시,30010.8319,9613
202510,연제구,19시,28216.0603,8167
202510,연제구,20시,23421.1709,6662
202510,연제구,21시,15590.9616,5066
202510,연제구,22시,9253.4175,3432
202510,연제구,23시,6100.8787,2209
202510,영도구,00시,1243.6417,524
202510,영도구,01시,772.2638,348
202510,영도구,02시,515.9907,240
202510,영도구,03시,304.9563,174
202510,영도구,04시,285.5761,186
202510,영도구,05시,518.9043,274
202510,영도구,06시,796.3495,533
202510,영도구,07시,1136.482,813
202510,영도구,08시,2305.8932,1426
202510,영도구,09시,5723.703,2262
202510,영도구,10시,9124.66,2804
202510,영도구,11시,10383.1374,3762
202510,영도구,12시,12973.9396,4901
202510,영도구,13시,11643.4986,3911
202510,영도구,14시,10816.9153,3796
202510,영도구,15시,10060.956,3749
202510,영도구,16시,9852.4041,3759
202510,영도구,17시,9900.6196,3757
202510,영도구,18시,10346.4579,3586
202510,영도구,19시,9767.9006,2912
202510,영도구,20시,6625.0276,2211
202510,영도구,21시,4248.1947,1671
202510,영도구,22시,2668.8713,1176
202510,영도구,23시,1814.1043,822
202510,중구,00시,2687.671,735
202510,중구,01시,1814.8956,533
202510,중구,02시,1200.9221,362
202510,중구,03시,745.714,245
202510,중구,04시,585.7432,171
202510,중구,05시,464.2306,195
202510,중구,06시,754.5862,295
202510,중구,07시,1269.8613,705
202510,중구,08시,2436.9077,1841
202510,중구,09시,5843.1967,2059
202510,중구,10시,11384.9676,2916
202510,중구,11시,19234.9003,4903
202510,중구,12시,25412.3785,7782
202510,중구,13시,24736.7463,6799
202510,중구,14시,25169.7286,6640
202510,중구,15시,24790.3371,6488
202510,중구,16시,23051.4455,6126
202510,중구,17시,21145.1877,5810
202510,중구,18시,21352.2658,5771
202510,중구,19시,20363.2668,4907
202510,중구,20시,14503.3614,3836
202510,중구,21시,8647.9022,2733
202510,중구,22시,5872.0275,1879
202510,중구,23시,3899.6058,1178
202510,해운대구,00시,5253.6237,2248
202510,해운대구,01시,3380.2766,1403
202510,해운대구,02시,2170.4296,922
202510,해운대구,03시,1319.4869,645
202510,해운대구,04시,1409.2765,596
202510,해운대구,05시,2163.2903,891
202510,해운대구,06시,3406.2309,1589
202510,해운대구,07시,5863.5581,3004
202510,해운대구,08시,12562.8052,5972
202510,해운대구,09시,29474.1092,9317
202510,해운대구,10시,51343.9951,12326
202510,해운대구,11시,76671.9761,16235
202510,해운대구,12시,84723.7714,20619
202510,해운대구,13시,89008.1878,19123
202510,해운대구,14시,91045.1416,18895
202510,해운대구,15시,93510.3027,18495
202510,해운대구,16시,86525.4979,17444
202510,해운대구,17시,79704.7796,17317
202510,해운대구,18시,73764.8016,16721
202510,해운대구,19시,66096.5884,14483
202510,해운대구,20시,42300.1314,11318
202510,해운대구,21시,25521.0249,8586
202510,해운대구,22시,16235.3315,5945
202510,해운대구,23시,10289.5525,3719
202511,강서구,00시,4131.1096,611
202511,강서구,01시,2318.7905,381
202511,강서구,02시,1868.3998,280
202511,강서구,03시,1846.7337,246
202511,강서구,04시,2265.7381,326
202511,강서구,05시,4518.7539,781
202511,강서구,06시,9032.6763,2150
202511,강서구,07시,11584.3611,3116
202511,강서구,08시,14534.5376,3796
202511,강서구,09시,21545.4688,4368
202511,강서구,10시,27377.7687,5090
202511,강서구,11시,33444.5018,7202
202511,강서구,12시,38047.5837,9766
202511,강서구,13시,33791.1233,7331
202511,강서구,14시,33902.101,6665
202511,강서구,15시,32949.5646,6440
202511,강서구,16시,33154.4313,6744
202511,강서구,17시,33589.4667,7412
202511,강서구,18시,30280.5985,7042
202511,강서구,19시,28633.9458,5991
202511,강서구,20시,23757.3385,4630
202511,강서구,21시,14932.5338,2880
202511,강서구,22시,9659.2942,1624
202511,강서구,23시,5457.1069,942
202511,금정구,00시,2931.5514,1348
202511,금정구,01시,1748.5854,779
202511,금정구,02시,1091.9718,484
202511,금정구,03시,698.6194,340
202511,금정구,04시,589.4273,307
202511,금정구,05시,1392.8551,543
202511,금정구,06시,2291.3526,1079
202511,금정구,07시,3533.464,1941
202511,금정구,08시,5672.8001,3781
202511,금정구,09시,17847.0613,5774
202511,금정구,10시,26182.5934,7702
202511,금정구,11시,36399.0905,10340
202511,금정구,12시,42846.6345,14211
202511,금정구,13시,40030.5982,11369
202511,금정구,14시,35353.4802,10423
202511,금정구,15시,34386.4504,10120
202511,금정구,16시,37151.0684,10693
202511,금정구,17시,34514.3514,10974
202511,금정구,18시,34464.4262,10974
202511,금정구,19시,27871.8668,8639
202511,금정구,20시,20653.8877,6572
202511,금정구,21시,12760.9675,4827
202511,금정구,22시,7313.9665,3332
202511,금정구,23시,4684.0217,2119
202511,기장군,00시,1622.4835,618
202511,기장군,01시,1021.0561,398
202511,기장군,02시,577.0613,243
202511,기장군,03시,331.6731,170
202511,기장군,04시,371.6135,195
202511,기장군,05시,1146.4726,466
202511,기장군,06시,2689.9909,945
202511,기장군,07시,4059.1272,1628
202511,기장군,08시,7020.5672,2552
202511,기장군,09시,13204.1692,3965
202511,기장군,10시,23060.9168,5486
202511,기장군,11시,38563.5419,8011
202511,기장군,12시,52501.6738,11021
202511,기장군,13시,55673.1487,10202
202511,기장군,14시,53987.704,9787
202511,기장군,15시,51523.7552,9240
202511,기장군,16시,52432.3129,9052
202511,기장군,17시,48177.3693,8778
202511,기장군,18시,42488.5652,8099
202511,기장군,19시,34582.212,6499
202511,기장군,20시,21950.3366,4643
202511,기장군,21시,9085.4275,2908
202511,기장군,22시,4703.5377,1767
202511,기장군,23시,2967.7852,1051
202511,남구,00시,3749.2659,1796
202511,남구,01시,2477.2562,1106
202511,남구,02시,1558.3892,728
202511,남구,03시,1092.7097,521
202511,남구,04시,1028.1018,476
202511,남구,05시,1812.1994,749
202511,남구,06시,2848.7212,1169
202511,남구,07시,3759.7244,1938
202511,남구,08시,7370.6147,4113
202511,남구,09시,16561.69,6314
202511,남구,10시,29061.1109,8389
202511,남구,11시,36628.0231,11852
202511,남구,12시,41463.1823,15571
202511,남구,13시,35153.2946,11959
202511,남구,14시,34232.4496,11116
202511,남구,15시,36354.1057,11363
202511,남구,16시,37396.6871,11737
202511,남구,17시,36527.2002,12088
202511,남구,18시,35329.6597,11806
202511,남구,19시,30847.4157,9673
202511,남구,20시,24140.2177,7652
202511,남구,21시,15431.1354,5916
202511,남구,22시,9580.6033,4165
202511,남구,23시,5822.5232,2777
202511,동구,00시,1958.2535,636
202511,동구,01시,1479.0509,448
202511,동구,02시,1433.1853,312
202511,동구,03시,1257.0591,236
202511,동구,04시,1339.4635,273
202511,동구,05시,1209.0304,530
202511,동구,06시,1721.0934,907
202511,동구,07시,3114.5058,1682
202511,동구,08시,4942.11,3171
202511,동구,09시,12311.3884,3867
202511,동구,10시,19445.7185,4466
202511,동구,11시,27612.0634,6832
202511,동구,12시,24465.5712,8666
202511,동구,13시,20611.822,6410
202511,동구,14시,18923.3518,5532
202511,동구,15시,17398.106,5352
202511,동구,16시,17608.3127,5356
202511,동구,17시,15378.2228,5288
202511,동구,18시,14988.8385,5481
202511,동구,19시,13662.0575,4498
202511,동구,20시,10037.8912,3313
202511,동구,21시,6621.8545,2398
202511,동구,22시,4255.6573,1547
202511,동구,23시,3215.206,965
202511,동래구,00시,5183.9623,1625
202511,동래구,01시,3240.9469,1016
202511,동래구,02시,2240.3973,673
202511,동래구,03시,1426.196,475
202511,동래구,04시,1151.8975,464
202511,동래구,05시,1981.4539,833
202511,동래구,06시,2545.827,1264
202511,동래구,07시,4147.0566,2079
202511,동래구,08시,10011.1647,4328
202511,동래구,09시,27950.8265,7315
202511,동래구,10시,50246.9314,9824
202511,동래구,11시,56234.8603,12189
202511,동래구,12시,56764.8748,15500
202511,동래구,13시,55204.5207,13438
202511,동래구,14시,49361.4054,13027
202511,동래구,15시,50050.3958,13231
202511,동래구,16시,48670.7294,13503
202511,동래구,17시,46088.9886,13594
202511,동래구,18시,45568.3348,13380
202511,동래구,19시,42197.0932,11131
202511,동래구,20시,33070.9823,8640
202511,동래구,21시,20811.0371,6413
202511,동래구,22시,12893.351,4325
202511,동래구,23시,8240.2997,2710
202511,부산진구,00시,9815.5164,3552
202511,부산진구,01시,6979.4856,2532
202511,부산진구,02시,4739.1971,1795
202511,부산진구,03시,3235.7752,1290
202511,부산진구,04시,2701.367,1139
202511,부산진구,05시,2844.8241,1521
202511,부산진구,06시,4469.995,2138
202511,부산진구,07시,5613.0507,3453
202511,부산진구,08시,13770.205,7458
202511,부산진구,09시,39565.591,11657
202511,부산진구,10시,69782.7965,15603
202511,부산진구,11시,89308.1276,21252
202511,부산진구,12시,96126.9365,28780
202511,부산진구,13시,87132.9445,24611
202511,부산진구,14시,90039.3427,23421
202511,부산진구,15시,93778.75,23713
202511,부산진구,16시,86338.3331,24088
202511,부산진구,17시,77974.0931,23559
202511,부산진구,18시,73960.6366,22817
202511,부산진구,19시,66956.2172,19198
202511,부산진구,20시,51580.4417,15348
202511,부산진구,21시,34077.9673,11687
202511,부산진구,22시,23065.8608,8503
202511,부산진구,23시,14752.5373,5558
202511,북구,00시,3130.3169,1203
202511,북구,01시,2021.6234,714
202511,북구,02시,1289.8717,480
202511,북구,03시,837.4186,366
202511,북구,04시,763.1595,377
202511,북구,05시,1277.2612,664
202511,북구,06시,2241.1063,1161
202511,북구,07시,3005.7733,1812
202511,북구,08시,7546.5142,3571
202511,북구,09시,22730.3744,7037
202511,북구,10시,41196.5321,10145
202511,북구,11시,49903.389,12704
202511,북구,12시,50454.954,14925
202511,북구,13시,45640.9032,13013
202511,북구,14시,48453.9675,13270
202511,북구,15시,52558.9851,14203
202511,북구,16시,53335.8699,14752
202511,북구,17시,50682.7539,14878
202511,북구,18시,47386.3286,13877
202511,북구,19시,39294.586,10927
202511,북구,20시,29455.6833,8416
202511,북구,21시,17570.1014,5812
202511,북구,22시,7846.7223,3086
202511,북구,23시,4858.8249,1876
202511,사상구,00시,3200.3542,1212
202511,사상구,01시,2320.7226,794
202511,사상구,02시,1536.8695,539
202511,사상구,03시,1153.6006,409
202511,사상구,04시,1143.096,450
202511,사상구,05시,2636.6571,957
202511,사상구,06시,4430.6465,1738
202511,사상구,07시,6234.5694,3004
202511,사상구,08시,10114.8547,4494
202511,사상구,09시,19256.0399,6287
202511,사상구,10시,29917.824,7742
202511,사상구,11시,34690.87,9690
202511,사상구,12시,39072.6627,12791
202511,사상구,13시,33931.8203,10225
202511,사상구,14시,33888.1932,9510
202511,사상구,15시,34998.9454,9583
202511,사상구,16시,33099.0999,9698
202511,사상구,17시,31714.0529,10295
202511,사상구,18시,30385.4439,9936
202511,사상구,19시,28114.1654,8087
202511,사상구,20시,21982.1322,6270
202511,사상구,21시,13372.0884,4482
202511,사상구,22시,9024.6312,3038
202511,사상구,23시,5540.7068,1862
202511,사하구,00시,4261.2339,1453
202511,사하구,01시,2917.3084,970
202511,사하구,02시,2054.5159,700
202511,사하구,03시,1611.1621,504
202511,사하구,04시,1426.2924,557
202511,사하구,05시,2040.3028,930
202511,사하구,06시,3407.4122,1901
202511,사하구,07시,4978.0739,2894
202511,사하구,08시,7744.7785,4352
202511,사하구,09시,19043.5394,6722
202511,사하구,10시,32036.321,8997
202511,사하구,11시,37991.379,11213
202511,사하구,12시,41657.0883,13850
202511,사하구,13시,34826.8139,11404
202511,사하구,14시,35983.1255,11194
202511,사하구,15시,36654.8368,11533
202511,사하구,16시,38310.9453,12042
202511,사하구,17시,39290.3785,12853
202511,사하구,18시,37836.9598,12515
202511,사하구,19시,33991.8151,9883
202511,사하구,20시,25617.5506,7682
202511,사하구,21시,16066.2901,5435
202511,사하구,22시,10168.4987,3634
202511,사하구,23시,6018.9364,2233
202511,서구,00시,1210.4386,459
202511,서구,01시,641.2586,294
202511,서구,02시,421.7824,190
202511,서구,03시,313.0615,129
202511,서구,04시,398.7802,150
202511,서구,05시,972.4521,310
202511,서구,06시,1366.9677,653
202511,서구,07시,3610.3068,1291
202511,서구,08시,8125.8199,2500
202511,서구,09시,20860.1134,3731
202511,서구,10시,28059.833,4495
202511,서구,11시,26314.3454,5422
202511,서구,12시,22121.2464,6536
202511,서구,13시,18974.4814,5138
202511,서구,14시,20843.1409,4929
202511,서구,15시,20501.3532,4608
202511,서구,16시,15524.554,4271
202511,서구,17시,11716.6028,4029
202511,서구,18시,10874.2991,3777
202511,서구,19시,9970.194,2967
202511,서구,20시,7388.3329,2316
202511,서구,21시,4705.3202,1726
202511,서구,22시,2739.0341,1269
202511,서구,23시,1715.3987,757
202511,수영구,00시,4909.349,1712
202511,수영구,01시,3142.4233,1116
202511,수영구,02시,1956.9937,712
202511,수영구,03시,1342.2971,469
202511,수영구,04시,868.8396,377
202511,수영구,05시,967.9422,533
202511,수영구,06시,1512.8208,751
202511,수영구,07시,2078.7614,1315
202511,수영구,08시,5384.5638,2848
202511,수영구,09시,15246.344,4875
202511,수영구,10시,26603.5951,6614
202511,수영구,11시,33576.7023,8313
202511,수영구,12시,34785.7375,10650
202511,수영구,13시,28936.6793,9232
202511,수영구,14시,29113.2853,9236
202511,수영구,15시,29894.3251,9436
202511,수영구,16시,28975.2449,9516
202511,수영구,17시,26949.5949,9408
202511,수영구,18시,28738.6644,9439
202511,수영구,19시,27647.8688,8078
202511,수영구,20시,24526.2828,7131
202511,수영구,21시,18216.8718,5794
202511,수영구,22시,11607.2951,4126
202511,수영구,23시,7484.6669,2683
202511,연제구,00시,3827.1958,1255
202511,연제구,01시,2711.0216,799
202511,연제구,02시,1773.4209,572
202511,연제구,03시,1026.5118,393
202511,연제구,04시,843.2147,372
202511,연제구,05시,1079.4,565
202511,연제구,06시,1656.4812,886
202511,연제구,07시,2544.9961,1531
202511,연제구,08시,8041.3119,3692
202511,연제구,09시,15756.8393,5506
202511,연제구,10시,31324.0403,7199
202511,연제구,11시,37479.0658,9346
202511,연제구,12시,40433.7771,12810
202511,연제구,13시,33710.9119,9572
202511,연제구,14시,32571.8584,9072
202511,연제구,15시,33177.3237,9242
202511,연제구,16시,34547.8507,9626
202511,연제구,17시,32449.1132,9934
202511,연제구,18시,31527.1092,10123
202511,연제구,19시,29857.5101,8378
202511,연제구,20시,25153.1658,6687
202511,연제구,21시,16513.6137,5026
202511,연제구,22시,9662.2914,3352
202511,연제구,23시,5998.3733,2089
202511,영도구,00시,1165.0934,453
202511,영도구,01시,778.1149,302
202511,영도구,02시,415.8681,196
202511,영도구,03시,283.2795,140
202511,영도구,04시,248.4553,171
202511,영도구,05시,469.1114,276
202511,영도구,06시,791.1641,578
202511,영도구,07시,1299.2035,888
202511,영도구,08시,2402.8175,1507
202511,영도구,09시,6238.2432,2356
202511,영도구,10시,8737.1644,2869
202511,영도구,11시,11252.1394,3907
202511,영도구,12시,13729.9172,5207
202511,영도구,13시,11236.5142,3906
202511,영도구,14시,10812.1928,3830
202511,영도구,15시,10271.1984,3790
202511,영도구,16시,10463.9656,3768
202511,영도구,17시,10386.8956,3832
202511,영도구,18시,10674.1779,3645
202511,영도구,19시,9890.309,2811
202511,영도구,20시,6835.4522,2147
202511,영도구,21시,4198.1192,1587
202511,영도구,22시,2546.8195,1090
202511,영도구,23시,1753.3554,773
202511,중구,00시,2555.7808,687
202511,중구,01시,1746.6565,456
202511,중구,02시,1224.7061,312
202511,중구,03시,848.512,204
202511,중구,04시,451.9048,164
202511,중구,05시,504.6877,183
202511,중구,06시,670.9088,300
202511,중구,07시,1119.2603,734
202511,중구,08시,2527.9759,1910
202511,중구,09시,6504.503,2184
202511,중구,10시,12055.995,2961
202511,중구,11시,19295.6935,4937
202511,중구,12시,26554.6664,8113
202511,중구,13시,27472.0683,6797
202511,중구,14시,25859.2453,6480
202511,중구,15시,24998.6761,6286
202511,중구,16시,22389.7091,5849
202511,중구,17시,21307.802,5544
202511,중구,18시,20554.0532,5422
202511,중구,19시,19715.7628,4543
202511,중구,20시,14258.0044,3487
202511,중구,21시,8380.6007,2419
202511,중구,22시,5368.141,1646
202511,중구,23시,3687.2956,1043
202511,해운대구,00시,5141.3086,2019
202511,해운대구,01시,3217.7674,1250
202511,해운대구,02시,1963.4913,823
202511,해운대구,03시,1328.0447,558
202511,해운대구,04시,1307.7766,560
202511,해운대구,05시,2195.2295,930
202511,해운대구,06시,3611.5468,1598
202511,해운대구,07시,5788.3199,3037
202511,해운대구,08시,13399.8063,6333
202511,해운대구,09시,31877.6318,9904
202511,해운대구,10시,59880.3299,12929
202511,해운대구,11시,82376.9522,17269
202511,해운대구,12시,91882.6435,22137
202511,해운대구,13시,98256.598,22093
202511,해운대구,14시,95303.5677,18159
202511,해운대구,15시,99165.4668,18292
202511,해운대구,16시,92467.3635,18057
202511,해운대구,17시,85521.0675,17904
202511,해운대구,18시,79602.7825,17019
202511,해운대구,19시,67281.6178,14258
202511,해운대구,20시,44901.3071,11010
202511,해운대구,21시,25061.3497,8011
202511,해운대구,22시,17013.2628,5483
202511,해운대구,23시,11277.6184,3391
202512,강서구,00시,5385.7663,613
202512,강서구,01시,2686.9021,378
202512,강서구,02시,2293.9673,282
202512,강서구,03시,2246.4147,237
202512,강서구,04시,2673.056,326
202512,강서구,05시,5531.9012,792
202512,강서구,06시,9950.6665,2201
202512,강서구,07시,12969.9981,3157
202512,강서구,08시,16078.9318,3812
202512,강서구,09시,21986.0752,4304
202512,강서구,10시,29040.8229,5019
202512,강서구,11시,35113.7673,7353
202512,강서구,12시,40542.4166,9759
202512,강서구,13시,39085.8674,7570
202512,강서구,14시,38512.6585,6951
202512,강서구,15시,39495.0564,6735
202512,강서구,16시,36611.7283,6881
202512,강서구,17시,35396.8127,7441
202512,강서구,18시,34689.4719,7119
202512,강서구,19시,31061.8268,5950
202512,강서구,20시,26271.082,4645
202512,강서구,21시,18047.5662,2937
202512,강서구,22시,11046.0239,1650
202512,강서구,23시,6848.7079,957
202512,금정구,00시,2719.5007,1319
202512,금정구,01시,1894.864,822
202512,금정구,02시,1086.3896,529
202512,금정구,03시,672.8795,360
202512,금정구,04시,562.2368,339
202512,금정구,05시,965.0184,521
202512,금정구,06시,2143.7843,1071
202512,금정구,07시,3014.2268,1823
202512,금정구,08시,5711.8754,3426
202512,금정구,09시,16826.3661,5397
202512,금정구,10시,28055.4317,7361
202512,금정구,11시,36034.9402,9884
202512,금정구,12시,42193.8212,13328
202512,금정구,13시,38040.976,11037
202512,금정구,14시,36567.8165,10415
202512,금정구,15시,35036.8,10201
202512,금정구,16시,34866.0027,10332
202512,금정구,17시,36096.9296,10625
202512,금정구,18시,32601.2328,10511
202512,금정구,19시,28218.388,8310
202512,금정구,20시,21170.3943,6278
202512,금정구,21시,13149.6566,4725
202512,금정구,22시,7319.077,3289
202512,금정구,23시,4539.1832,2125
202512,기장군,00시,1808.0325,633
202512,기장군,01시,1126.504,383
202512,기장군,02시,669.6015,254
202512,기장군,03시,402.9807,164
202512,기장군,04시,383.4895,175
202512,기장군,05시,1083.4496,426
202512,기장군,06시,2431.1805,863
202512,기장군,07시,3995.236,1520
202512,기장군,08시,6735.7918,2422
202512,기장군,09시,14236.8821,3757
202512,기장군,10시,23583.0424,5269
202512,기장군,11시,38067.2787,7703
202512,기장군,12시,52197.4276,10769
202512,기장군,13시,54912.5153,10014
202512,기장군,14시,53498.4593,9726
202512,기장군,15시,50276.6768,9187
202512,기장군,16시,47335.3668,8794
202512,기장군,17시,45099.3951,8480
202512,기장군,18시,40949.8985,7690
202512,기장군,19시,34265.4878,6242
202512,기장군,20시,22377.4365,4573
202512,기장군,21시,9789.2404,2996
202512,기장군,22시,5015.2466,1791
202512,기장군,23시,3328.6076,1052
202512,남구,00시,3955.7535,1758
202512,남구,01시,2588.4498,1131
202512,남구,02시,1684.4292,752
202512,남구,03시,1202.7049,558
202512,남구,04시,1054.2297,478
202512,남구,05시,2177.3466,753
202512,남구,06시,3030.8087,1127
202512,남구,07시,4343.5349,1837
202512,남구,08시,7647.6184,3841
202512,남구,09시,16651.5378,5913
202512,남구,10시,29776.6319,8117
202512,남구,11시,37486.1603,11662
202512,남구,12시,42715.326,14956
202512,남구,13시,36910.2266,12013
202512,남구,14시,38700.8277,11671
202512,남구,15시,39330.1766,11894
202512,남구,16시,39993.9893,12123
202512,남구,17시,38172.9654,12181
202512,남구,18시,37082.349,12034
202512,남구,19시,33547.2132,9944
202512,남구,20시,27130.6238,7844
202512,남구,21시,16387.2025,5851
202512,남구,22시,9690.8049,4051
202512,남구,23시,6187.8613,2720
202512,동구,00시,2098.2749,628
202512,동구,01시,1510.9204,441
202512,동구,02시,1173.9345,301
202512,동구,03시,980.2951,225
202512,동구,04시,1159.7309,266
202512,동구,05시,1122.4164,510
202512,동구,06시,1618.6225,888
202512,동구,07시,2940.0762,1576
202512,동구,08시,5230.089,3127
202512,동구,09시,11482.2481,3829
202512,동구,10시,20425.6021,4641
202512,동구,11시,25914.2326,6847
202512,동구,12시,25495.6396,8950
202512,동구,13시,21827.6895,6465
202512,동구,14시,20869.9537,5713
202512,동구,15시,21696.0144,5571
202512,동구,16시,17960.7065,5474
202512,동구,17시,15376.7401,5312
202512,동구,18시,16695.3374,5508
202512,동구,19시,14928.4509,4474
202512,동구,20시,11518.4685,3304
202512,동구,21시,7248.6044,2421
202512,동구,22시,4690.8039,1544
202512,동구,23시,3589.007,987
202512,동래구,00시,5761.3955,1623
202512,동래구,01시,3496.498,1024
202512,동래구,02시,2484.1273,708
202512,동래구,03시,1445.1544,475
202512,동래구,04시,1044.4218,458
202512,동래구,05시,1999.0006,780
202512,동래구,06시,2471.6703,1218
202512,동래구,07시,3741.5158,1884
202512,동래구,08시,10772.6277,3954
202512,동래구,09시,30119.8286,6948
202512,동래구,10시,49453.9544,9526
202512,동래구,11시,64209.78,12092
202512,동래구,12시,64135.8371,15413
202512,동래구,13시,56644.0036,13696
202512,동래구,14시,54460.327,13550
202512,동래구,15시,55832.3202,13698
202512,동래구,16시,52823.2572,13832
202512,동래구,17시,47303.1008,13647
202512,동래구,18시,47254.9985,13088
202512,동래구,19시,44938.3861,10944
202512,동래구,20시,37048.8626,8653
202512,동래구,21시,23885.3946,6439
202512,동래구,22시,14171.2526,4367
202512,동래구,23시,9432.7448,2775
202512,부산진구,00시,9946.0812,3546
202512,부산진구,01시,7164.3716,2521
202512,부산진구,02시,4789.0458,1728
202512,부산진구,03시,3363.3935,1286
202512,부산진구,04시,2867.8856,1100
202512,부산진구,05시,2983.3583,1451
202512,부산진구,06시,3783.8501,2044
202512,부산진구,07시,6192.2838,3235
202512,부산진구,08시,13743.4824,6995
202512,부산진구,09시,40545.1344,11163
202512,부산진구,10시,73715.2672,15184
202512,부산진구,11시,92454.1922,21001
202512,부산진구,12시,103436.9583,28693
202512,부산진구,13시,92738.6868,24895
202512,부산진구,14시,96018.5082,24434
202512,부산진구,15시,101639.4699,24720
202512,부산진구,16시,91960.9234,24719
202512,부산진구,17시,82425.6302,23784
202512,부산진구,18시,79616.7035,22863
202512,부산진구,19시,73225.1674,19273
202512,부산진구,20시,59371.7039,15519
202512,부산진구,21시,39192.1908,11937
202512,부산진구,22시,24713.5905,8459
202512,부산진구,23시,16754.5439,5736
202512,북구,00시,3237.5651,1192
202512,북구,01시,2106.8759,756
202512,북구,02시,1506.5802,512
202512,북구,03시,1052.3916,374
202512,북구,04시,879.742,395
202512,북구,05시,1361.1116,668
202512,북구,06시,2176.4016,1094
202512,북구,07시,2944.5283,1685
202512,북구,08시,7423.8645,3263
202512,북구,09시,21840.3877,6549
202512,북구,10시,39317.8622,9478
202512,북구,11시,48227.2239,12163
202512,북구,12시,50091.9312,14366
202512,북구,13시,47332.6762,12862
202512,북구,14시,49110.0882,13104
202512,북구,15시,51617.8417,14099
202512,북구,16시,51803.9115,14307
202512,북구,17시,48677.0525,13935
202512,북구,18시,45080.1289,12861
202512,북구,19시,38047.8045,10072
202512,북구,20시,29531.526,7768
202512,북구,21시,17725.6806,5480
202512,북구,22시,8583.504,3058
202512,북구,23시,5067.2053,1977
202512,사상구,00시,3397.6729,1209
202512,사상구,01시,2368.294,776
202512,사상구,02시,1702.1677,575
202512,사상구,03시,1312.9431,430
202512,사상구,04시,1300.4339,451
202512,사상구,05시,3014.5563,952
202512,사상구,06시,4674.652,1674
202512,사상구,07시,6161.214,2879
202512,사상구,08시,10991.1156,4267
202512,사상구,09시,21576.0084,5990
202512,사상구,10시,31614.8063,7593
202512,사상구,11시,36955.6146,9536
202512,사상구,12시,39326.3759,12320
202512,사상구,13시,36985.5602,10047
202512,사상구,14시,36409.5156,9721
202512,사상구,15시,37297.0919,9730
202512,사상구,16시,35582.7836,9714
202512,사상구,17시,33688.3211,10134
202512,사상구,18시,32198.398,9740
202512,사상구,19시,29547.6718,7770
202512,사상구,20시,24249.9913,6102
202512,사상구,21시,15105.7602,4468
202512,사상구,22시,9748.6519,2993
202512,사상구,23시,6192.277,1913
202512,사하구,00시,4427.9176,1501
202512,사하구,01시,2976.7841,955
202512,사하구,02시,2063.4061,692
202512,사하구,03시,1545.0644,496
202512,사하구,04시,1253.4086,505
202512,사하구,05시,2055.1712,903
202512,사하구,06시,3779.48,1827
202512,사하구,07시,4952.9561,2710
202512,사하구,08시,8131.6184,4038
202512,사하구,09시,19252.7599,6330
202512,사하구,10시,32785.7629,8554
202512,사하구,11시,38929.2125,10857
202512,사하구,12시,42582.1422,13532
202512,사하구,13시,35174.2713,11217
202512,사하구,14시,38365.0075,11513
202512,사하구,15시,40041.0338,11773
202512,사하구,16시,41033.4188,12162
202512,사하구,17시,39687.7777,12685
202512,사하구,18시,38998.0016,12146
202512,사하구,19시,35066.7112,9653
202512,사하구,20시,26864.1849,7543
202512,사하구,21시,15914.6564,5393
202512,사하구,22시,9898.8728,3573
202512,사하구,23시,6410.3656,2305
202512,서구,00시,991.1157,435
202512,서구,01시,668.7277,294
202512,서구,02시,431.8309,199
202512,서구,03시,309.4269,129
202512,서구,04시,255.0703,148
202512,서구,05시,755.2479,306
202512,서구,06시,1365.2541,635
202512,서구,07시,3564.262,1252
202512,서구,08시,8926.1824,2453
202512,서구,09시,22618.2176,3708
202512,서구,10시,36013.0991,4419
202512,서구,11시,31064.6438,5306
202512,서구,12시,25399.4882,6457
202512,서구,13시,22191.0779,4973
202512,서구,14시,24292.9063,4981
202512,서구,15시,22586.0484,4678
202512,서구,16시,16767.6434,4239
202512,서구,17시,12588.529,3903
202512,서구,18시,11219.4484,3659
202512,서구,19시,10575.2031,2877
202512,서구,20시,8464.6573,2231
202512,서구,21시,5461.9111,1715
202512,서구,22시,2990.2807,1249
202512,서구,23시,1664.5168,718
202512,수영구,00시,5042.5534,1651
202512,수영구,01시,3120.5881,1102
202512,수영구,02시,2256.9602,735
202512,수영구,03시,1260.3087,440
202512,수영구,04시,864.5998,358
202512,수영구,05시,979.7858,478
202512,수영구,06시,1356.1602,697
202512,수영구,07시,2148.8396,1186
202512,수영구,08시,5123.33,2604
202512,수영구,09시,16909.2623,4751
202512,수영구,10시,28738.9559,6479
202512,수영구,11시,37433.9635,8338
202512,수영구,12시,37307.8659,10579
202512,수영구,13시,32026.4049,9364
202512,수영구,14시,33063.8126,9506
202512,수영구,15시,32489.2248,9733
202512,수영구,16시,31060.5598,9481
202512,수영구,17시,28492.4437,9249
202512,수영구,18시,30299.4383,9058
202512,수영구,19시,30124.2172,7957
202512,수영구,20시,27683.5482,6791
202512,수영구,21시,19320.7572,5568
202512,수영구,22시,12328.5469,4036
202512,수영구,23시,8028.2196,2775
202512,연제구,00시,4138.7484,1297
202512,연제구,01시,2751.0432,797
202512,연제구,02시,1777.3008,573
202512,연제구,03시,1141.8669,407
202512,연제구,04시,880.0659,353
202512,연제구,05시,1002.6463,530
202512,연제구,06시,1520.3545,834
202512,연제구,07시,2461.0186,1394
202512,연제구,08시,6820.904,3549
202512,연제구,09시,17203.3063,5338
202512,연제구,10시,29742.361,6932
202512,연제구,11시,39329.84,9296
202512,연제구,12시,44153.8229,12749
202512,연제구,13시,37873.7044,9672
202512,연제구,14시,35744.0262,9306
202512,연제구,15시,35752.8453,9551
202512,연제구,16시,37341.1918,9784
202512,연제구,17시,34357.479,9758
202512,연제구,18시,32779.1271,9975
202512,연제구,19시,31956.2661,8163
202512,연제구,20시,28661.8942,6555
202512,연제구,21시,17918.0556,4971
202512,연제구,22시,10789.1359,3306
202512,연제구,23시,6299.4411,2102
202512,영도구,00시,1158.6397,467
202512,영도구,01시,673.3391,298
202512,영도구,02시,413.5481,196
202512,영도구,03시,293.9448,162
202512,영도구,04시,231.1926,159
202512,영도구,05시,362.2448,253
202512,영도구,06시,826.5628,550
202512,영도구,07시,1432.3174,840
202512,영도구,08시,2318.3709,1485
202512,영도구,09시,7001.4168,2311
202512,영도구,10시,9303.4734,2937
202512,영도구,11시,11537.7519,3957
202512,영도구,12시,14511.4761,5176
202512,영도구,13시,12132.35,3998
202512,영도구,14시,11531.6726,3957
202512,영도구,15시,11617.6167,3893
202512,영도구,16시,10982.0529,3797
202512,영도구,17시,10987.5349,3795
202512,영도구,18시,11007.652,3509
202512,영도구,19시,10154.9008,2711
202512,영도구,20시,7311.8918,2060
202512,영도구,21시,4354.9869,1553
202512,영도구,22시,2814.0979,1101
202512,영도구,23시,1895.4547,755
202512,중구,00시,2546.0955,654
202512,중구,01시,1814.4727,455
202512,중구,02시,1118.0231,290
202512,중구,03시,723.0324,198
202512,중구,04시,427.8255,143
202512,중구,05시,497.1602,203
202512,중구,06시,572.0486,292
202512,중구,07시,1405.6212,727
202512,중구,08시,2652.8479,1904
202512,중구,09시,6304.143,2143
202512,중구,10시,12616.1913,2918
202512,중구,11시,20300.1085,4980
202512,중구,12시,28427.7982,8226
202512,중구,13시,27406.3773,6965
202512,중구,14시,27465.2548,6772
202512,중구,15시,27151.6512,6602
202512,중구,16시,24468.8746,6182
202512,중구,17시,23144.341,5904
202512,중구,18시,24457.2167,5990
202512,중구,19시,23974.8053,5121
202512,중구,20시,18385.4927,3906
202512,중구,21시,10417.8056,2719
202512,중구,22시,6632.7304,1834
202512,중구,23시,4236.9795,1140
202512,해운대구,00시,5413.5978,2039
202512,해운대구,01시,3437.5663,1239
202512,해운대구,02시,1967.7461,831
202512,해운대구,03시,1539.0882,590
202512,해운대구,04시,1329.9828,572
202512,해운대구,05시,2707.0981,917
202512,해운대구,06시,3554.4875,1523
202512,해운대구,07시,5610.7915,2783
202512,해운대구,08시,14004.0267,5896
202512,해운대구,09시,36271.134,9580
202512,해운대구,10시,61289.3136,12709
202512,해운대구,11시,89110.2837,17299
202512,해운대구,12시,98066.9195,22191
202512,해운대구,13시,106156.6369,21411
202512,해운대구,14시,112779.5446,20219
202512,해운대구,15시,101710.0678,19095
202512,해운대구,16시,101475.6003,18618
202512,해운대구,17시,88129.5971,18020
202512,해운대구,18시,86545.6534,17162
202512,해운대구,19시,73906.889,14742
202512,해운대구,20시,49189.6218,11528
202512,해운대구,21시,28897.3507,8519
202512,해운대구,22시,15313.1964,5747
202512,해운대구,23시,9217.3117,3565
