연월,행정구,업종대분류,평균이용금액(만원),평균이용건수
202301,강서구,비관광,2627,80
202301,강서구,쇼핑업,8180,1966
202301,강서구,여가서비스업,7028,862
202301,강서구,여행/숙박업,1306,366
202301,강서구,운송업,1394,125
202301,강서구,음식/주점,8184,2473
202301,강서구,음식료품,2262,732
202301,강서구,의료휄니스업,4933,795
202301,금정구,비관광,1205,37
202301,금정구,쇼핑업,5906,1591
202301,금정구,여가서비스업,4302,710
202301,금정구,여행/숙박업,1184,463
202301,금정구,운송업,668,91
202301,금정구,음식/주점,6956,2110
202301,금정구,음식료품,2036,640
202301,금정구,의료휄니스업,4564,742
202301,기장군,비관광,4239,130
202301,기장군,쇼핑업,14774,3491
202301,기장군,여가서비스업,11625,1579
202301,기장군,여행/숙박업,1977,677
202301,기장군,운송업,1853,315
202301,기장군,음식/주점,14782,4366
202301,기장군,음식료품,4221,1180
202301,기장군,의료휄니스업,8968,1508
202301,남구,비관광,1298,43
202301,남구,쇼핑업,7378,1861
202301,남구,여가서비스업,6017,829
202301,남구,여행/숙박업,1525,620
202301,남구,운송업,991,122
202301,남구,음식/주점,7954,2376
202301,남구,음식료품,2222,674
202301,남구,의료휄니스업,5750,835
202301,동구,비관광,387,12
202301,동구,쇼핑업,2925,807
202301,동구,여가서비스업,2220,338
202301,동구,여행/숙박업,689,335
202301,동구,운송업,283,48
202301,동구,음식/주점,3472,1009
202301,동구,음식료품,907,260
202301,동구,의료휄니스업,2421,370
202301,동래구,비관광,2439,80
202301,동래구,쇼핑업,9765,2482
202301,동래구,여가서비스업,6584,1075
202301,동래구,여행/숙박업,1857,758
202301,동래구,운송업,1217,147
202301,동래구,음식/주점,10724,3187
202301,동래구,음식료품,3181,977
202301,동래구,의료휄니스업,7655,1163
202301,부산진구,비관광,1236,40
202301,부산진구,쇼핑업,7746,2143
202301,부산진구,여가서비스업,5254,909
202301,부산진구,여행/숙박업,1579,775
202301,부산진구,운송업,881,122
202301,부산진구,음식/주점,9020,2692
202301,부산진구,음식료품,2337,767
202301,부산진구,의료휄니스업,6312,948
202301,북구,비관광,1878,60
202301,북구,쇼핑업,8857,2344
202301,북구,여가서비스업,6826,1092
202301,북구,여행/숙박업,1547,693
202301,북구,운송업,1284,155
202301,북구,음식/주점,10127,2994
202301,북구,음식료품,3142,1000
202301,북구,의료휄니스업,6707,1114
202301,사상구,비관광,1140,36
202301,사상구,쇼핑업,6927,2024
202301,사상구,여가서비스업,5503,890
202301,사상구,여행/숙박업,1318,702
202301,사상구,운송업,1013,120
202301,사상구,음식/주점,8487,2396
202301,사상구,음식료품,2424,712
202301,사상구,의료휄니스업,5558,947
202301,사하구,비관광,1462,44
202301,사하구,쇼핑업,8009,2197
202301,사하구,여가서비스업,5948,962
202301,사하구,여행/숙박업,1479,760
202301,사하구,운송업,1092,130
202301,사하구,음식/주점,9136,2630
202301,사하구,음식료품,2635,748
202301,사하구,의료휄니스업,6076,1062
202301,서구,비관광,505,16
202301,서구,쇼핑업,3152,831
202301,서구,여가서비스업,2157,370
202301,서구,여행/숙박업,697,370
202301,서구,운송업,314,44
202301,서구,음식/주점,3782,1065
202301,서구,음식료품,1046,278
202301,서구,의료휄니스업,2989,422
202301,수영구,비관광,1334,42
202301,수영구,쇼핑업,8429,2190
202301,수영구,여가서비스업,5716,895
202301,수영구,여행/숙박업,1737,695
202301,수영구,운송업,1142,122
202301,수영구,음식/주점,9485,2850
202301,수영구,음식료품,2659,793
202301,수영구,의료휄니스업,6331,954
202301,연제구,비관광,1646,52
202301,연제구,쇼핑업,7872,2056
202301,연제구,여가서비스업,5281,872
202301,연제구,여행/숙박업,1504,642
202301,연제구,운송업,1073,123
202301,연제구,음식/주점,8974,2682
202301,연제구,음식료품,2775,859
202301,연제구,의료휄니스업,6376,954
202301,영도구,비관광,574,18
202301,영도구,쇼핑업,3609,997
202301,영도구,여가서비스업,2666,431
202301,영도구,여행/숙박업,827,482
202301,영도구,운송업,485,57
202301,영도구,음식/주점,4568,1219
202301,영도구,음식료품,1253,327
202301,영도구,의료휄니스업,3267,536
202301,중구,비관광,185,6
202301,중구,쇼핑업,1857,532
202301,중구,여가서비스업,1204,206
202301,중구,여행/숙박업,516,268
202301,중구,운송업,171,21
202301,중구,음식/주점,2266,653
202301,중구,음식료품,618,169
202301,중구,의료휄니스업,1391,237
202301,해운대구,비관광,2293,69
202301,해운대구,쇼핑업,11327,2524
202301,해운대구,여가서비스업,7500,1068
202301,해운대구,여행/숙박업,2676,782
202301,해운대구,운송업,1386,175
202301,해운대구,음식/주점,11250,3302
202301,해운대구,음식료품,3077,940
202301,해운대구,의료휄니스업,8269,1130
202302,강서구,비관광,2772,88
202302,강서구,쇼핑업,8062,2018
202302,강서구,여가서비스업,6508,915
202302,강서구,여행/숙박업,1312,368
202302,강서구,운송업,2120,141
202302,강서구,음식/주점,8476,2659
202302,강서구,음식료품,1859,751
202302,강서구,의료휄니스업,5392,858
202302,금정구,비관광,1409,40
202302,금정구,쇼핑업,5840,1648
202302,금정구,여가서비스업,4162,764
202302,금정구,여행/숙박업,1243,474
202302,금정구,운송업,1085,98
202302,금정구,음식/주점,7294,2310
202302,금정구,음식료품,1623,684
202302,금정구,의료휄니스업,4855,793
202302,기장군,비관광,4716,146
202302,기장군,쇼핑업,14816,3649
202302,기장군,여가서비스업,11039,1691
202302,기장군,여행/숙박업,2258,710
202302,기장군,운송업,2856,341
202302,기장군,음식/주점,15647,4776
202302,기장군,음식료품,3445,1233
202302,기장군,의료휄니스업,9721,1638
202302,남구,비관광,1517,51
202302,남구,쇼핑업,7172,1921
202302,남구,여가서비스업,5233,884
202302,남구,여행/숙박업,1573,636
202302,남구,운송업,1451,133
202302,남구,음식/주점,8382,2599
202302,남구,음식료품,1802,705
202302,남구,의료휄니스업,6129,886
202302,동구,비관광,437,14
202302,동구,쇼핑업,2850,837
202302,동구,여가서비스업,2054,361
202302,동구,여행/숙박업,692,337
202302,동구,운송업,567,53
202302,동구,음식/주점,3598,1098
202302,동구,음식료품,705,265
202302,동구,의료휄니스업,2573,392
202302,동래구,비관광,2812,84
202302,동래구,쇼핑업,9570,2576
202302,동래구,여가서비스업,6274,1147
202302,동래구,여행/숙박업,2013,779
202302,동래구,운송업,1710,164
202302,동래구,음식/주점,11424,3509
202302,동래구,음식료품,2628,1024
202302,동래구,의료휄니스업,8391,1251
202302,부산진구,비관광,1459,45
202302,부산진구,쇼핑업,7706,2221
202302,부산진구,여가서비스업,5252,977
202302,부산진구,여행/숙박업,1677,803
202302,부산진구,운송업,1247,135
202302,부산진구,음식/주점,9530,2956
202302,부산진구,음식료품,1904,800
202302,부산진구,의료휄니스업,6558,1010
202302,북구,비관광,2123,65
202302,북구,쇼핑업,8690,2429
202302,북구,여가서비스업,6729,1168
202302,북구,여행/숙박업,1573,718
202302,북구,운송업,2293,168
202302,북구,음식/주점,10760,3270
202302,북구,음식료품,2469,1034
202302,북구,의료휄니스업,7191,1187
202302,사상구,비관광,1250,40
202302,사상구,쇼핑업,6730,2077
202302,사상구,여가서비스업,5384,946
202302,사상구,여행/숙박업,1341,717
202302,사상구,운송업,1377,130
202302,사상구,음식/주점,8869,2601
202302,사상구,음식료품,1905,733
202302,사상구,의료휄니스업,6041,1003
202302,사하구,비관광,1619,49
202302,사하구,쇼핑업,7721,2262
202302,사하구,여가서비스업,5718,1020
202302,사하구,여행/숙박업,1525,777
202302,사하구,운송업,1672,145
202302,사하구,음식/주점,9600,2868
202302,사하구,음식료품,2099,777
202302,사하구,의료휄니스업,6933,1141
202302,서구,비관광,605,18
202302,서구,쇼핑업,3150,863
202302,서구,여가서비스업,2104,392
202302,서구,여행/숙박업,695,381
202302,서구,운송업,383,49
202302,서구,음식/주점,4036,1174
202302,서구,음식료품,799,289
202302,서구,의료휄니스업,3096,459
202302,수영구,비관광,1571,46
202302,수영구,쇼핑업,8495,2273
202302,수영구,여가서비스업,5391,957
202302,수영구,여행/숙박업,1779,716
202302,수영구,운송업,1366,136
202302,수영구,음식/주점,10090,3121
202302,수영구,음식료품,2065,816
202302,수영구,의료휄니스업,7282,1024
202302,연제구,비관광,1874,57
202302,연제구,쇼핑업,7759,2129
202302,연제구,여가서비스업,4919,936
202302,연제구,여행/숙박업,1638,662
202302,연제구,운송업,1153,136
202302,연제구,음식/주점,9531,2976
202302,연제구,음식료품,2184,897
202302,연제구,의료휄니스업,6582,1023
202302,영도구,비관광,623,19
202302,영도구,쇼핑업,3564,1029
202302,영도구,여가서비스업,2568,458
202302,영도구,여행/숙박업,880,497
202302,영도구,운송업,647,64
202302,영도구,음식/주점,4773,1338
202302,영도구,음식료품,922,324
202302,영도구,의료휄니스업,3623,568
202302,중구,비관광,183,6
202302,중구,쇼핑업,1815,549
202302,중구,여가서비스업,1115,219
202302,중구,여행/숙박업,539,270
202302,중구,운송업,195,24
202302,중구,음식/주점,2438,724
202302,중구,음식료품,443,172
202302,중구,의료휄니스업,1567,248
202302,해운대구,비관광,2556,75
202302,해운대구,쇼핑업,11524,2625
202302,해운대구,여가서비스업,7222,1142
202302,해운대구,여행/숙박업,2689,801
202302,해운대구,운송업,2241,190
202302,해운대구,음식/주점,11870,3604
202302,해운대구,음식료품,2445,963
202302,해운대구,의료휄니스업,9078,1198
202303,강서구,비관광,2427,84
202303,강서구,쇼핑업,7941,2065
202303,강서구,여가서비스업,6266,895
202303,강서구,여행/숙박업,1199,357
202303,강서구,운송업,1719,141
202303,강서구,음식/주점,8366,2755
202303,강서구,음식료품,1800,805
202303,강서구,의료휄니스업,5156,866
202303,금정구,비관광,1154,39
202303,금정구,쇼핑업,5876,1694
202303,금정구,여가서비스업,4006,721
202303,금정구,여행/숙박업,1128,454
202303,금정구,운송업,806,98
202303,금정구,음식/주점,7111,2377
202303,금정구,음식료품,1632,717
202303,금정구,의료휄니스업,4749,799
202303,기장군,비관광,4011,136
202303,기장군,쇼핑업,14763,3748
202303,기장군,여가서비스업,10734,1638
202303,기장군,여행/숙박업,1968,694
202303,기장군,운송업,2649,334
202303,기장군,음식/주점,15330,4971
202303,기장군,음식료품,3413,1305
202303,기장군,의료휄니스업,9466,1664
202303,남구,비관광,1376,53
202303,남구,쇼핑업,7304,1988
202303,남구,여가서비스업,5371,846
202303,남구,여행/숙박업,1489,618
202303,남구,운송업,1179,136
202303,남구,음식/주점,8155,2687
202303,남구,음식료품,1778,758
202303,남구,의료휄니스업,6039,906
202303,동구,비관광,355,12
202303,동구,쇼핑업,2942,860
202303,동구,여가서비스업,2015,344
202303,동구,여행/숙박업,615,333
202303,동구,운송업,316,55
202303,동구,음식/주점,3536,1136
202303,동구,음식료품,715,286
202303,동구,의료휄니스업,2586,406
202303,동래구,비관광,2489,88
202303,동래구,쇼핑업,9752,2654
202303,동래구,여가서비스업,6244,1112
202303,동래구,여행/숙박업,1659,760
202303,동래구,운송업,1151,163
202303,동래구,음식/주점,11119,3655
202303,동래구,음식료품,2554,1083
202303,동래구,의료휄니스업,8177,1277
202303,부산진구,비관광,1232,45
202303,부산진구,쇼핑업,7785,2293
202303,부산진구,여가서비스업,5092,940
202303,부산진구,여행/숙박업,1550,791
202303,부산진구,운송업,981,138
202303,부산진구,음식/주점,9461,3075
202303,부산진구,음식료품,1966,869
202303,부산진구,의료휄니스업,6529,1041
202303,북구,비관광,1706,62
202303,북구,쇼핑업,8760,2521
202303,북구,여가서비스업,6580,1130
202303,북구,여행/숙박업,1471,717
202303,북구,운송업,1218,170
202303,북구,음식/주점,10422,3366
202303,북구,음식료품,2408,1077
202303,북구,의료휄니스업,7003,1210
202303,사상구,비관광,1049,38
202303,사상구,쇼핑업,6854,2155
202303,사상구,여가서비스업,5282,908
202303,사상구,여행/숙박업,1279,714
202303,사상구,운송업,1169,131
202303,사상구,음식/주점,8735,2705
202303,사상구,음식료품,1952,775
202303,사상구,의료휄니스업,5998,1032
202303,사하구,비관광,1370,46
202303,사하구,쇼핑업,7888,2331
202303,사하구,여가서비스업,5680,986
202303,사하구,여행/숙박업,1428,764
202303,사하구,운송업,1159,147
202303,사하구,음식/주점,9379,2975
202303,사하구,음식료품,2094,825
202303,사하구,의료휄니스업,6525,1157
202303,서구,비관광,565,18
202303,서구,쇼핑업,3150,888
202303,서구,여가서비스업,1998,375
202303,서구,여행/숙박업,704,377
202303,서구,운송업,315,48
202303,서구,음식/주점,3888,1213
202303,서구,음식료품,858,301
202303,서구,의료휄니스업,3160,465
202303,수영구,비관광,1362,48
202303,수영구,쇼핑업,8532,2330
202303,수영구,여가서비스업,5446,918
202303,수영구,여행/숙박업,1640,703
202303,수영구,운송업,934,134
202303,수영구,음식/주점,9848,3231
202303,수영구,음식료품,2093,875
202303,수영구,의료휄니스업,6818,1057
202303,연제구,비관광,1626,58
202303,연제구,쇼핑업,7776,2198
202303,연제구,여가서비스업,4864,897
202303,연제구,여행/숙박업,1428,649
202303,연제구,운송업,932,135
202303,연제구,음식/주점,9316,3079
202303,연제구,음식료품,2206,942
202303,연제구,의료휄니스업,6429,1040
202303,영도구,비관광,523,18
202303,영도구,쇼핑업,3597,1057
202303,영도구,여가서비스업,2574,438
202303,영도구,여행/숙박업,777,489
202303,영도구,운송업,291,65
202303,영도구,음식/주점,4695,1378
202303,영도구,음식료품,901,346
202303,영도구,의료휄니스업,3365,577
202303,중구,비관광,195,6
202303,중구,쇼핑업,1772,553
202303,중구,여가서비스업,1129,206
202303,중구,여행/숙박업,538,253
202303,중구,운송업,128,24
202303,중구,음식/주점,2378,745
202303,중구,음식료품,458,183
202303,중구,의료휄니스업,1515,251
202303,해운대구,비관광,2376,77
202303,해운대구,쇼핑업,11435,2689
202303,해운대구,여가서비스업,6838,1103
202303,해운대구,여행/숙박업,2411,784
202303,해운대구,운송업,1739,192
202303,해운대구,음식/주점,11424,3717
202303,해운대구,음식료품,2498,1011
202303,해운대구,의료휄니스업,8615,1217
202304,강서구,비관광,2178,80
202304,강서구,쇼핑업,7805,1982
202304,강서구,여가서비스업,6066,850
202304,강서구,여행/숙박업,1336,355
202304,강서구,운송업,2186,133
202304,강서구,음식/주점,8188,2652
202304,강서구,음식료품,1811,757
202304,강서구,의료휄니스업,4754,858
202304,금정구,비관광,1073,39
202304,금정구,쇼핑업,6353,1799
202304,금정구,여가서비스업,4213,747
202304,금정구,여행/숙박업,1205,480
202304,금정구,운송업,1127,104
202304,금정구,음식/주점,7510,2513
202304,금정구,음식료품,1750,754
202304,금정구,의료휄니스업,4833,825
202304,기장군,비관광,3542,127
202304,기장군,쇼핑업,14849,3699
202304,기장군,여가서비스업,10576,1573
202304,기장군,여행/숙박업,2031,699
202304,기장군,운송업,2987,324
202304,기장군,음식/주점,15072,4856
202304,기장군,음식료품,3405,1272
202304,기장군,의료휄니스업,9165,1643
202304,남구,비관광,1216,50
202304,남구,쇼핑업,7912,2122
202304,남구,여가서비스업,5411,877
202304,남구,여행/숙박업,1661,645
202304,남구,운송업,1700,139
202304,남구,음식/주점,8708,2877
202304,남구,음식료품,1908,797
202304,남구,의료휄니스업,6139,950
202304,동구,비관광,359,13
202304,동구,쇼핑업,3065,882
202304,동구,여가서비스업,2115,348
202304,동구,여행/숙박업,643,344
202304,동구,운송업,471,54
202304,동구,음식/주점,3651,1166
202304,동구,음식료품,737,299
202304,동구,의료휄니스업,2506,412
202304,동래구,비관광,2127,76
202304,동래구,쇼핑업,10172,2721
202304,동래구,여가서비스업,6304,1115
202304,동래구,여행/숙박업,1792,765
202304,동래구,운송업,1985,165
202304,동래구,음식/주점,11397,3732
202304,동래구,음식료품,2618,1098
202304,동래구,의료휄니스업,7876,1277
202304,부산진구,비관광,1180,44
202304,부산진구,쇼핑업,8024,2350
202304,부산진구,여가서비스업,5294,950
202304,부산진구,여행/숙박업,1596,785
202304,부산진구,운송업,1411,142
202304,부산진구,음식/주점,9691,3152
202304,부산진구,음식료품,2038,894
202304,부산진구,의료휄니스업,6592,1060
202304,북구,비관광,1673,64
202304,북구,쇼핑업,9364,2645
202304,북구,여가서비스업,7043,1160
202304,북구,여행/숙박업,1578,747
202304,북구,운송업,2023,175
202304,북구,음식/주점,11111,3576
202304,북구,음식료품,2556,1121
202304,북구,의료휄니스업,6992,1236
202304,사상구,비관광,1063,40
202304,사상구,쇼핑업,7450,2301
202304,사상구,여가서비스업,5542,951
202304,사상구,여행/숙박업,1427,755
202304,사상구,운송업,1602,135
202304,사상구,음식/주점,9349,2906
202304,사상구,음식료품,2057,836
202304,사상구,의료휄니스업,6186,1085
202304,사하구,비관광,1394,49
202304,사하구,쇼핑업,8495,2479
202304,사하구,여가서비스업,5864,1018
202304,사하구,여행/숙박업,1577,798
202304,사하구,운송업,1712,154
202304,사하구,음식/주점,10012,3175
202304,사하구,음식료품,2255,884
202304,사하구,의료휄니스업,6791,1202
202304,서구,비관광,440,16
202304,서구,쇼핑업,3297,917
202304,서구,여가서비스업,2114,376
202304,서구,여행/숙박업,734,381
202304,서구,운송업,551,49
202304,서구,음식/주점,4059,1257
202304,서구,음식료품,870,314
202304,서구,의료휄니스업,2988,470
202304,수영구,비관광,1267,45
202304,수영구,쇼핑업,8994,2404
202304,수영구,여가서비스업,5426,927
202304,수영구,여행/숙박업,1718,702
202304,수영구,운송업,2078,137
202304,수영구,음식/주점,10074,3314
202304,수영구,음식료품,2226,902
202304,수영구,의료휄니스업,6711,1059
202304,연제구,비관광,1495,54
202304,연제구,쇼핑업,8346,2298
202304,연제구,여가서비스업,5128,913
202304,연제구,여행/숙박업,1556,662
202304,연제구,운송업,1201,138
202304,연제구,음식/주점,9610,3175
202304,연제구,음식료품,2291,973
202304,연제구,의료휄니스업,6481,1055
202304,영도구,비관광,503,18
202304,영도구,쇼핑업,3896,1133
202304,영도구,여가서비스업,2673,461
202304,영도구,여행/숙박업,880,510
202304,영도구,운송업,572,69
202304,영도구,음식/주점,5019,1480
202304,영도구,음식료품,998,374
202304,영도구,의료휄니스업,3582,599
202304,중구,비관광,201,7
202304,중구,쇼핑업,2024,584
202304,중구,여가서비스업,1172,214
202304,중구,여행/숙박업,477,265
202304,중구,운송업,193,26
202304,중구,음식/주점,2413,767
202304,중구,음식료품,558,190
202304,중구,의료휄니스업,1635,260
202304,해운대구,비관광,2065,70
202304,해운대구,쇼핑업,12261,2826
202304,해운대구,여가서비스업,7113,1139
202304,해운대구,여행/숙박업,2461,799
202304,해운대구,운송업,2621,196
202304,해운대구,음식/주점,12031,3907
202304,해운대구,음식료품,2572,1054
202304,해운대구,의료휄니스업,8819,1258
202305,강서구,비관광,2251,79
202305,강서구,쇼핑업,7900,2002
202305,강서구,여가서비스업,6096,850
202305,강서구,여행/숙박업,1332,344
202305,강서구,운송업,3503,137
202305,강서구,음식/주점,8158,2654
202305,강서구,음식료품,1859,794
202305,강서구,의료휄니스업,5047,863
202305,금정구,비관광,1190,39
202305,금정구,쇼핑업,6370,1803
202305,금정구,여가서비스업,4150,747
202305,금정구,여행/숙박업,1290,467
202305,금정구,운송업,1434,104
202305,금정구,음식/주점,7492,2491
202305,금정구,음식료품,1752,758
202305,금정구,의료휄니스업,4863,828
202305,기장군,비관광,3469,120
202305,기장군,쇼핑업,14690,3730
202305,기장군,여가서비스업,10403,1576
202305,기장군,여행/숙박업,2067,673
202305,기장군,운송업,4545,321
202305,기장군,음식/주점,15165,4859
202305,기장군,음식료품,3473,1307
202305,기장군,의료휄니스업,9696,1626
202305,남구,비관광,1207,47
202305,남구,쇼핑업,8044,2134
202305,남구,여가서비스업,5395,882
202305,남구,여행/숙박업,1713,621
202305,남구,운송업,1988,142
202305,남구,음식/주점,8719,2853
202305,남구,음식료품,1958,811
202305,남구,의료휄니스업,6207,957
202305,동구,비관광,353,13
202305,동구,쇼핑업,3157,892
202305,동구,여가서비스업,2011,351
202305,동구,여행/숙박업,690,331
202305,동구,운송업,740,55
202305,동구,음식/주점,3613,1160
202305,동구,음식료품,745,304
202305,동구,의료휄니스업,2596,415
202305,동래구,비관광,2209,77
202305,동래구,쇼핑업,10328,2743
202305,동래구,여가서비스업,6338,1110
202305,동래구,여행/숙박업,2007,741
202305,동래구,운송업,1671,164
202305,동래구,음식/주점,11372,3706
202305,동래구,음식료품,2723,1121
202305,동래구,의료휄니스업,8241,1294
202305,부산진구,비관광,1177,44
202305,부산진구,쇼핑업,8122,2378
202305,부산진구,여가서비스업,5276,953
202305,부산진구,여행/숙박업,1641,756
202305,부산진구,운송업,1681,140
202305,부산진구,음식/주점,9605,3130
202305,부산진구,음식료품,2060,909
202305,부산진구,의료휄니스업,6624,1076
202305,북구,비관광,1709,63
202305,북구,쇼핑업,9364,2653
202305,북구,여가서비스업,6982,1153
202305,북구,여행/숙박업,1629,716
202305,북구,운송업,2893,176
202305,북구,음식/주점,10964,3518
202305,북구,음식료품,2636,1148
202305,북구,의료휄니스업,7312,1253
202305,사상구,비관광,1058,41
202305,사상구,쇼핑업,7511,2311
202305,사상구,여가서비스업,5466,952
202305,사상구,여행/숙박업,1459,718
202305,사상구,운송업,1641,136
202305,사상구,음식/주점,9225,2871
202305,사상구,음식료품,2102,848
202305,사상구,의료휄니스업,6008,1086
202305,사하구,비관광,1397,47
202305,사하구,쇼핑업,8548,2488
202305,사하구,여가서비스업,5788,1016
202305,사하구,여행/숙박업,1638,769
202305,사하구,운송업,2060,154
202305,사하구,음식/주점,9964,3149
202305,사하구,음식료품,2286,894
202305,사하구,의료휄니스업,7049,1217
202305,서구,비관광,521,16
202305,서구,쇼핑업,3356,928
202305,서구,여가서비스업,2071,376
202305,서구,여행/숙박업,778,370
202305,서구,운송업,855,49
202305,서구,음식/주점,4035,1254
202305,서구,음식료품,886,322
202305,서구,의료휄니스업,3045,478
202305,수영구,비관광,1360,46
202305,수영구,쇼핑업,9044,2423
202305,수영구,여가서비스업,5537,921
202305,수영구,여행/숙박업,1829,677
202305,수영구,운송업,3180,139
202305,수영구,음식/주점,10013,3270
202305,수영구,음식료품,2308,922
202305,수영구,의료휄니스업,7215,1080
202305,연제구,비관광,1535,55
202305,연제구,쇼핑업,8230,2298
202305,연제구,여가서비스업,5131,915
202305,연제구,여행/숙박업,1738,641
202305,연제구,운송업,2014,135
202305,연제구,음식/주점,9532,3126
202305,연제구,음식료품,2309,990
202305,연제구,의료휄니스업,6609,1068
202305,영도구,비관광,513,19
202305,영도구,쇼핑업,3967,1143
202305,영도구,여가서비스업,2639,457
202305,영도구,여행/숙박업,921,498
202305,영도구,운송업,800,68
202305,영도구,음식/주점,4992,1474
202305,영도구,음식료품,1030,381
202305,영도구,의료휄니스업,3664,616
202305,중구,비관광,170,7
202305,중구,쇼핑업,2061,589
202305,중구,여가서비스업,1161,215
202305,중구,여행/숙박업,517,253
202305,중구,운송업,520,27
202305,중구,음식/주점,2397,765
202305,중구,음식료품,594,193
202305,중구,의료휄니스업,1624,258
202305,해운대구,비관광,2213,73
202305,해운대구,쇼핑업,12259,2834
202305,해운대구,여가서비스업,7750,1140
202305,해운대구,여행/숙박업,2616,769
202305,해운대구,운송업,2286,194
202305,해운대구,음식/주점,12000,3864
202305,해운대구,음식료품,2656,1062
202305,해운대구,의료휄니스업,8735,1264
202306,강서구,비관광,2330,83
202306,강서구,쇼핑업,7860,2063
202306,강서구,여가서비스업,6075,872
202306,강서구,여행/숙박업,1300,338
202306,강서구,운송업,2244,142
202306,강서구,음식/주점,8143,2764
202306,강서구,음식료품,1846,837
202306,강서구,의료휄니스업,5136,845
202306,금정구,비관광,1137,39
202306,금정구,쇼핑업,6507,1857
202306,금정구,여가서비스업,4297,773
202306,금정구,여행/숙박업,1222,438
202306,금정구,운송업,755,106
202306,금정구,음식/주점,7481,2547
202306,금정구,음식료품,1727,776
202306,금정구,의료휄니스업,4955,832
202306,기장군,비관광,3759,135
202306,기장군,쇼핑업,15289,3850
202306,기장군,여가서비스업,10488,1607
202306,기장군,여행/숙박업,2160,636
202306,기장군,운송업,3084,329
202306,기장군,음식/주점,14910,4987
202306,기장군,음식료품,3680,1388
202306,기장군,의료휄니스업,9580,1622
202306,남구,비관광,1324,50
202306,남구,쇼핑업,8054,2201
202306,남구,여가서비스업,5562,906
202306,남구,여행/숙박업,1720,600
202306,남구,운송업,1584,146
202306,남구,음식/주점,8626,2925
202306,남구,음식료품,1937,837
202306,남구,의료휄니스업,6515,982
202306,동구,비관광,380,13
202306,동구,쇼핑업,3203,920
202306,동구,여가서비스업,2121,363
202306,동구,여행/숙박업,689,312
202306,동구,운송업,726,57
202306,동구,음식/주점,3598,1187
202306,동구,음식료품,763,308
202306,동구,의료휄니스업,2632,423
202306,동래구,비관광,2224,76
202306,동래구,쇼핑업,10503,2820
202306,동래구,여가서비스업,6534,1147
202306,동래구,여행/숙박업,1943,706
202306,동래구,운송업,1706,168
202306,동래구,음식/주점,11320,3817
202306,동래구,음식료품,2716,1160
202306,동래구,의료휄니스업,8350,1292
202306,부산진구,비관광,1232,46
202306,부산진구,쇼핑업,8273,2449
202306,부산진구,여가서비스업,5319,982
202306,부산진구,여행/숙박업,1652,720
202306,부산진구,운송업,1628,147
202306,부산진구,음식/주점,9623,3223
202306,부산진구,음식료품,2084,932
202306,부산진구,의료휄니스업,6859,1075
202306,북구,비관광,1734,63
202306,북구,쇼핑업,9434,2726
202306,북구,여가서비스업,6886,1184
202306,북구,여행/숙박업,1715,673
202306,북구,운송업,1845,183
202306,북구,음식/주점,10887,3617
202306,북구,음식료품,2641,1206
202306,북구,의료휄니스업,7554,1228
202306,사상구,비관광,1111,41
202306,사상구,쇼핑업,7500,2380
202306,사상구,여가서비스업,5560,986
202306,사상구,여행/숙박업,1447,684
202306,사상구,운송업,1841,144
202306,사상구,음식/주점,9282,2962
202306,사상구,음식료품,2110,881
202306,사상구,의료휄니스업,6417,1092
202306,사하구,비관광,1422,49
202306,사하구,쇼핑업,8544,2548
202306,사하구,여가서비스업,5868,1050
202306,사하구,여행/숙박업,1584,718
202306,사하구,운송업,1254,158
202306,사하구,음식/주점,9964,3239
202306,사하구,음식료품,2166,924
202306,사하구,의료휄니스업,6941,1218
202306,서구,비관광,509,17
202306,서구,쇼핑업,3429,955
202306,서구,여가서비스업,2065,386
202306,서구,여행/숙박업,722,348
202306,서구,운송업,355,52
202306,서구,음식/주점,3984,1288
202306,서구,음식료품,884,333
202306,서구,의료휄니스업,3163,485
202306,수영구,비관광,1349,47
202306,수영구,쇼핑업,9244,2502
202306,수영구,여가서비스업,5642,966
202306,수영구,여행/숙박업,1988,654
202306,수영구,운송업,2799,141
202306,수영구,음식/주점,10072,3400
202306,수영구,음식료품,2278,951
202306,수영구,의료휄니스업,7029,1080
202306,연제구,비관광,1578,55
202306,연제구,쇼핑업,8300,2348
202306,연제구,여가서비스업,5384,944
202306,연제구,여행/숙박업,1630,615
202306,연제구,운송업,1544,140
202306,연제구,음식/주점,9464,3206
202306,연제구,음식료품,2312,1024
202306,연제구,의료휄니스업,6571,1059
202306,영도구,비관광,499,19
202306,영도구,쇼핑업,4071,1171
202306,영도구,여가서비스업,2713,472
202306,영도구,여행/숙박업,895,464
202306,영도구,운송업,603,70
202306,영도구,음식/주점,5000,1516
202306,영도구,음식료품,1004,396
202306,영도구,의료휄니스업,3762,614
202306,중구,비관광,205,7
202306,중구,쇼핑업,2125,609
202306,중구,여가서비스업,1175,219
202306,중구,여행/숙박업,508,240
202306,중구,운송업,208,27
202306,중구,음식/주점,2424,793
202306,중구,음식료품,614,199
202306,중구,의료휄니스업,1644,270
202306,해운대구,비관광,2279,74
202306,해운대구,쇼핑업,12896,2918
202306,해운대구,여가서비스업,8264,1170
202306,해운대구,여행/숙박업,2514,738
202306,해운대구,운송업,1996,203
202306,해운대구,음식/주점,11864,3956
202306,해운대구,음식료품,2683,1115
202306,해운대구,의료휄니스업,9112,1260
202307,강서구,비관광,2255,79
202307,강서구,쇼핑업,8208,2138
202307,강서구,여가서비스업,6429,869
202307,강서구,여행/숙박업,1489,355
202307,강서구,운송업,1911,144
202307,강서구,음식/주점,8622,2862
202307,강서구,음식료품,1812,825
202307,강서구,의료휄니스업,5208,889
202307,금정구,비관광,1076,36
202307,금정구,쇼핑업,6003,1718
202307,금정구,여가서비스업,4114,701
202307,금정구,여행/숙박업,1308,411
202307,금정구,운송업,898,97
202307,금정구,음식/주점,7028,2364
202307,금정구,음식료품,1490,693
202307,금정구,의료휄니스업,4543,786
202307,기장군,비관광,3616,127
202307,기장군,쇼핑업,15089,3887
202307,기장군,여가서비스업,11005,1590
202307,기장군,여행/숙박업,2252,647
202307,기장군,운송업,2707,343
202307,기장군,음식/주점,15411,5014
202307,기장군,음식료품,3306,1323
202307,기장군,의료휄니스업,9485,1657
202307,남구,비관광,1208,47
202307,남구,쇼핑업,7590,2033
202307,남구,여가서비스업,5332,830
202307,남구,여행/숙박업,1528,554
202307,남구,운송업,1128,135
202307,남구,음식/주점,8118,2708
202307,남구,음식료품,1731,751
202307,남구,의료휄니스업,6005,902
202307,동구,비관광,348,13
202307,동구,쇼핑업,3032,905
202307,동구,여가서비스업,2074,342
202307,동구,여행/숙박업,667,302
202307,동구,운송업,587,54
202307,동구,음식/주점,3542,1166
202307,동구,음식료품,697,285
202307,동구,의료휄니스업,2456,402
202307,동래구,비관광,2259,80
202307,동래구,쇼핑업,10012,2719
202307,동래구,여가서비스업,6573,1091
202307,동래구,여행/숙박업,2086,690
202307,동래구,운송업,1596,164
202307,동래구,음식/주점,11067,3677
202307,동래구,음식료품,2456,1097
202307,동래구,의료휄니스업,8069,1261
202307,부산진구,비관광,1167,43
202307,부산진구,쇼핑업,7922,2374
202307,부산진구,여가서비스업,5213,923
202307,부산진구,여행/숙박업,1617,701
202307,부산진구,운송업,1325,142
202307,부산진구,음식/주점,9289,3080
202307,부산진구,음식료품,1889,866
202307,부산진구,의료휄니스업,6492,1035
202307,북구,비관광,1617,60
202307,북구,쇼핑업,8807,2564
202307,북구,여가서비스업,6711,1100
202307,북구,여행/숙박업,1556,640
202307,북구,운송업,1473,173
202307,북구,음식/주점,10475,3410
202307,북구,음식료품,2344,1110
202307,북구,의료휄니스업,6830,1178
202307,사상구,비관광,959,36
202307,사상구,쇼핑업,7060,2238
202307,사상구,여가서비스업,5320,901
202307,사상구,여행/숙박업,1422,652
202307,사상구,운송업,1189,136
202307,사상구,음식/주점,8845,2779
202307,사상구,음식료품,1884,794
202307,사상구,의료휄니스업,5772,1028
202307,사하구,비관광,1303,45
202307,사하구,쇼핑업,8061,2418
202307,사하구,여가서비스업,5644,964
202307,사하구,여행/숙박업,1505,686
202307,사하구,운송업,1383,147
202307,사하구,음식/주점,9414,3029
202307,사하구,음식료품,1992,824
202307,사하구,의료휄니스업,6570,1152
202307,서구,비관광,491,16
202307,서구,쇼핑업,3285,922
202307,서구,여가서비스업,2092,369
202307,서구,여행/숙박업,745,340
202307,서구,운송업,416,51
202307,서구,음식/주점,3857,1226
202307,서구,음식료품,787,313
202307,서구,의료휄니스업,3031,464
202307,수영구,비관광,1256,45
202307,수영구,쇼핑업,8773,2414
202307,수영구,여가서비스업,6043,915
202307,수영구,여행/숙박업,1782,628
202307,수영구,운송업,1283,136
202307,수영구,음식/주점,9674,3234
202307,수영구,음식료품,1979,878
202307,수영구,의료휄니스업,6937,1026
202307,연제구,비관광,1510,54
202307,연제구,쇼핑업,7962,2251
202307,연제구,여가서비스업,5212,889
202307,연제구,여행/숙박업,1582,588
202307,연제구,운송업,1203,136
202307,연제구,음식/주점,9058,3049
202307,연제구,음식료품,2081,937
202307,연제구,의료휄니스업,6763,1027
202307,영도구,비관광,461,17
202307,영도구,쇼핑업,3689,1101
202307,영도구,여가서비스업,2595,428
202307,영도구,여행/숙박업,870,434
202307,영도구,운송업,555,68
202307,영도구,음식/주점,4738,1418
202307,영도구,음식료품,889,354
202307,영도구,의료휄니스업,3421,582
202307,중구,비관광,161,6
202307,중구,쇼핑업,1748,575
202307,중구,여가서비스업,1128,205
202307,중구,여행/숙박업,437,239
202307,중구,운송업,152,24
202307,중구,음식/주점,2282,750
202307,중구,음식료품,420,184
202307,중구,의료휄니스업,1536,253
202307,해운대구,비관광,2128,71
202307,해운대구,쇼핑업,12036,2751
202307,해운대구,여가서비스업,7664,1087
202307,해운대구,여행/숙박업,2545,703
202307,해운대구,운송업,1705,193
202307,해운대구,음식/주점,11332,3683
202307,해운대구,음식료품,2376,997
202307,해운대구,의료휄니스업,8799,1198
202308,강서구,비관광,2442,79
202308,강서구,쇼핑업,7949,2123
202308,강서구,여가서비스업,6034,920
202308,강서구,여행/숙박업,1497,356
202308,강서구,운송업,1492,142
202308,강서구,음식/주점,8640,2938
202308,강서구,음식료품,1848,846
202308,강서구,의료휄니스업,5172,843
202308,금정구,비관광,1196,35
202308,금정구,쇼핑업,5867,1720
202308,금정구,여가서비스업,3944,791
202308,금정구,여행/숙박업,1178,411
202308,금정구,운송업,843,100
202308,금정구,음식/주점,7115,2469
202308,금정구,음식료품,1613,743
202308,금정구,의료휄니스업,4666,785
202308,기장군,비관광,3773,128
202308,기장군,쇼핑업,14972,3895
202308,기장군,여가서비스업,10471,1704
202308,기장군,여행/숙박업,2219,653
202308,기장군,운송업,2889,350
202308,기장군,음식/주점,15580,5200
202308,기장군,음식료품,3421,1382
202308,기장군,의료휄니스업,9454,1635
202308,남구,비관광,1373,47
202308,남구,쇼핑업,7373,2052
202308,남구,여가서비스업,5029,934
202308,남구,여행/숙박업,1588,564
202308,남구,운송업,1207,137
202308,남구,음식/주점,8307,2839
202308,남구,음식료품,1880,800
202308,남구,의료휄니스업,6174,905
202308,동구,비관광,385,12
202308,동구,쇼핑업,3048,908
202308,동구,여가서비스업,1985,401
202308,동구,여행/숙박업,670,311
202308,동구,운송업,376,53
202308,동구,음식/주점,3628,1226
202308,동구,음식료품,764,307
202308,동구,의료휄니스업,2432,401
202308,동래구,비관광,2441,75
202308,동래구,쇼핑업,9833,2735
202308,동래구,여가서비스업,6193,1236
202308,동래구,여행/숙박업,1919,696
202308,동래구,운송업,1333,167
202308,동래구,음식/주점,11381,3876
202308,동래구,음식료품,2629,1178
202308,동래구,의료휄니스업,8326,1265
202308,부산진구,비관광,1306,44
202308,부산진구,쇼핑업,7893,2398
202308,부산진구,여가서비스업,5114,1073
202308,부산진구,여행/숙박업,1623,722
202308,부산진구,운송업,1214,143
202308,부산진구,음식/주점,9539,3248
202308,부산진구,음식료품,2015,924
202308,부산진구,의료휄니스업,6450,1042
202308,북구,비관광,1732,58
202308,북구,쇼핑업,8758,2571
202308,북구,여가서비스업,6560,1248
202308,북구,여행/숙박업,1577,653
202308,북구,운송업,1509,171
202308,북구,음식/주점,10603,3572
202308,북구,음식료품,2515,1190
202308,북구,의료휄니스업,6978,1188
202308,사상구,비관광,1078,36
202308,사상구,쇼핑업,6888,2247
202308,사상구,여가서비스업,5206,1018
202308,사상구,여행/숙박업,1371,662
202308,사상구,운송업,1186,136
202308,사상구,음식/주점,8996,2912
202308,사상구,음식료품,2021,848
202308,사상구,의료휄니스업,5897,1028
202308,사하구,비관광,1398,46
202308,사하구,쇼핑업,7848,2429
202308,사하구,여가서비스업,5575,1086
202308,사하구,여행/숙박업,1500,704
202308,사하구,운송업,1198,148
202308,사하구,음식/주점,9617,3184
202308,사하구,음식료품,2101,872
202308,사하구,의료휄니스업,6560,1138
202308,서구,비관광,576,16
202308,서구,쇼핑업,3222,931
202308,서구,여가서비스업,1994,423
202308,서구,여행/숙박업,734,355
202308,서구,운송업,397,50
202308,서구,음식/주점,3984,1296
202308,서구,음식료품,837,332
202308,서구,의료휄니스업,3176,465
202308,수영구,비관광,1423,45
202308,수영구,쇼핑업,8848,2429
202308,수영구,여가서비스업,5334,1023
202308,수영구,여행/숙박업,1818,640
202308,수영구,운송업,1250,136
202308,수영구,음식/주점,9896,3395
202308,수영구,음식료품,2172,930
202308,수영구,의료휄니스업,6950,1031
202308,연제구,비관광,1624,52
202308,연제구,쇼핑업,7936,2263
202308,연제구,여가서비스업,5066,1011
202308,연제구,여행/숙박업,1611,597
202308,연제구,운송업,1080,137
202308,연제구,음식/주점,9360,3229
202308,연제구,음식료품,2259,1010
202308,연제구,의료휄니스업,6479,1021
202308,영도구,비관광,545,17
202308,영도구,쇼핑업,3654,1106
202308,영도구,여가서비스업,2651,497
202308,영도구,여행/숙박업,881,443
202308,영도구,운송업,493,65
202308,영도구,음식/주점,4886,1488
202308,영도구,음식료품,961,384
202308,영도구,의료휄니스업,3534,579
202308,중구,비관광,171,6
202308,중구,쇼핑업,1779,592
202308,중구,여가서비스업,1107,233
202308,중구,여행/숙박업,549,246
202308,중구,운송업,130,26
202308,중구,음식/주점,2370,792
202308,중구,음식료품,493,195
202308,중구,의료휄니스업,1522,254
202308,해운대구,비관광,2409,68
202308,해운대구,쇼핑업,11991,2760
202308,해운대구,여가서비스업,6909,1192
202308,해운대구,여행/숙박업,2464,710
202308,해운대구,운송업,1342,194
202308,해운대구,음식/주점,11519,3842
202308,해운대구,음식료품,2517,1070
202308,해운대구,의료휄니스업,9282,1192
202309,강서구,비관광,2562,82
202309,강서구,쇼핑업,8958,2151
202309,강서구,여가서비스업,6823,948
202309,강서구,여행/숙박업,1440,356
202309,강서구,운송업,1420,141
202309,강서구,음식/주점,9062,2924
202309,강서구,음식료품,2558,913
202309,강서구,의료휄니스업,5314,834
202309,금정구,비관광,1191,38
202309,금정구,쇼핑업,6468,1761
202309,금정구,여가서비스업,4420,838
202309,금정구,여행/숙박업,1233,418
202309,금정구,운송업,930,96
202309,금정구,음식/주점,7510,2486
202309,금정구,음식료품,2345,818
202309,금정구,의료휄니스업,4731,771
202309,기장군,비관광,3996,138
202309,기장군,쇼핑업,16524,3949
202309,기장군,여가서비스업,11607,1778
202309,기장군,여행/숙박업,2180,652
202309,기장군,운송업,3156,347
202309,기장군,음식/주점,16300,5205
202309,기장군,음식료품,4695,1475
202309,기장군,의료휄니스업,9741,1628
202309,남구,비관광,1401,51
202309,남구,쇼핑업,8298,2068
202309,남구,여가서비스업,5697,995
202309,남구,여행/숙박업,1607,571
202309,남구,운송업,1187,134
202309,남구,음식/주점,8739,2856
202309,남구,음식료품,2684,878
202309,남구,의료휄니스업,6565,891
202309,동구,비관광,374,13
202309,동구,쇼핑업,3342,921
202309,동구,여가서비스업,2218,437
202309,동구,여행/숙박업,740,324
202309,동구,운송업,466,53
202309,동구,음식/주점,3908,1250
202309,동구,음식료품,1099,349
202309,동구,의료휄니스업,2497,398
202309,동래구,비관광,2545,86
202309,동래구,쇼핑업,11040,2784
202309,동래구,여가서비스업,7032,1317
202309,동래구,여행/숙박업,1947,705
202309,동래구,운송업,1368,161
202309,동래구,음식/주점,12068,3916
202309,동래구,음식료품,3834,1319
202309,동래구,의료휄니스업,8598,1246
202309,부산진구,비관광,1310,46
202309,부산진구,쇼핑업,8941,2453
202309,부산진구,여가서비스업,5773,1156
202309,부산진구,여행/숙박업,1739,748
202309,부산진구,운송업,1020,136
202309,부산진구,음식/주점,10215,3306
202309,부산진구,음식료품,2907,1037
202309,부산진구,의료휄니스업,7026,1030
202309,북구,비관광,1801,61
202309,북구,쇼핑업,9809,2617
202309,북구,여가서비스업,7180,1339
202309,북구,여행/숙박업,1703,678
202309,북구,운송업,1529,167
202309,북구,음식/주점,11169,3597
202309,북구,음식료품,3614,1307
202309,북구,의료휄니스업,7220,1177
202309,사상구,비관광,1056,38
202309,사상구,쇼핑업,7850,2299
202309,사상구,여가서비스업,5936,1092
202309,사상구,여행/숙박업,1426,683
202309,사상구,운송업,1114,135
202309,사상구,음식/주점,9646,2965
202309,사상구,음식료품,2947,953
202309,사상구,의료휄니스업,6031,1009
202309,사하구,비관광,1424,46
202309,사하구,쇼핑업,8757,2460
202309,사하구,여가서비스업,6139,1157
202309,사하구,여행/숙박업,1617,719
202309,사하구,운송업,1316,149
202309,사하구,음식/주점,10179,3218
202309,사하구,음식료품,3053,977
202309,사하구,의료휄니스업,6979,1128
202309,서구,비관광,548,18
202309,서구,쇼핑업,3632,945
202309,서구,여가서비스업,2282,455
202309,서구,여행/숙박업,780,367
202309,서구,운송업,501,49
202309,서구,음식/주점,4194,1304
202309,서구,음식료품,1275,366
202309,서구,의료휄니스업,3145,454
202309,수영구,비관광,1412,48
202309,수영구,쇼핑업,9846,2461
202309,수영구,여가서비스업,6036,1091
202309,수영구,여행/숙박업,1882,654
202309,수영구,운송업,969,131
202309,수영구,음식/주점,10490,3439
202309,수영구,음식료품,3176,1038
202309,수영구,의료휄니스업,7657,1021
202309,연제구,비관광,1714,59
202309,연제구,쇼핑업,8790,2301
202309,연제구,여가서비스업,5906,1095
202309,연제구,여행/숙박업,1649,609
202309,연제구,운송업,875,129
202309,연제구,음식/주점,10021,3273
202309,연제구,음식료품,3258,1116
202309,연제구,의료휄니스업,7080,1024
202309,영도구,비관광,523,19
202309,영도구,쇼핑업,4113,1127
202309,영도구,여가서비스업,2805,531
202309,영도구,여행/숙박업,879,453
202309,영도구,운송업,382,64
202309,영도구,음식/주점,5202,1512
202309,영도구,음식료품,1464,424
202309,영도구,의료휄니스업,3727,579
202309,중구,비관광,178,6
202309,중구,쇼핑업,1963,595
202309,중구,여가서비스업,1224,253
202309,중구,여행/숙박업,540,260
202309,중구,운송업,149,25
202309,중구,음식/주점,2541,799
202309,중구,음식료품,670,216
202309,중구,의료휄니스업,1646,246
202309,해운대구,비관광,2358,74
202309,해운대구,쇼핑업,13059,2792
202309,해운대구,여가서비스업,7975,1266
202309,해운대구,여행/숙박업,2560,718
202309,해운대구,운송업,1373,188
202309,해운대구,음식/주점,12198,3879
202309,해운대구,음식료품,3515,1179
202309,해운대구,의료휄니스업,9179,1175
202310,강서구,비관광,2440,87
202310,강서구,쇼핑업,8387,2096
202310,강서구,여가서비스업,7003,968
202310,강서구,여행/숙박업,1362,337
202310,강서구,운송업,1782,148
202310,강서구,음식/주점,8676,2940
202310,강서구,음식료품,1905,838
202310,강서구,의료휄니스업,5240,879
202310,금정구,비관광,1011,35
202310,금정구,쇼핑업,6114,1714
202310,금정구,여가서비스업,4400,852
202310,금정구,여행/숙박업,1128,405
202310,금정구,운송업,1104,97
202310,금정구,음식/주점,7260,2551
202310,금정구,음식료품,1616,734
202310,금정구,의료휄니스업,4631,825
202310,기장군,비관광,3763,135
202310,기장군,쇼핑업,15685,3868
202310,기장군,여가서비스업,11956,1805
202310,기장군,여행/숙박업,2193,650
202310,기장군,운송업,3974,354
202310,기장군,음식/주점,15617,5255
202310,기장군,음식료품,3376,1323
202310,기장군,의료휄니스업,9734,1731
202310,남구,비관광,1248,49
202310,남구,쇼핑업,7862,2031
202310,남구,여가서비스업,5691,1004
202310,남구,여행/숙박업,1624,565
202310,남구,운송업,1156,139
202310,남구,음식/주점,8477,2933
202310,남구,음식료품,1831,784
202310,남구,의료휄니스업,6195,941
202310,동구,비관광,347,13
202310,동구,쇼핑업,3151,896
202310,동구,여가서비스업,2255,444
202310,동구,여행/숙박업,689,318
202310,동구,운송업,468,54
202310,동구,음식/주점,3726,1263
202310,동구,음식료품,744,306
202310,동구,의료휄니스업,2581,423
202310,동래구,비관광,2230,80
202310,동래구,쇼핑업,10448,2733
202310,동래구,여가서비스업,7056,1352
202310,동래구,여행/숙박업,1912,698
202310,동래구,운송업,1004,164
202310,동래구,음식/주점,11758,4016
202310,동래구,음식료품,2602,1165
202310,동래구,의료휄니스업,8363,1330
202310,부산진구,비관광,1163,43
202310,부산진구,쇼핑업,8415,2393
202310,부산진구,여가서비스업,5896,1186
202310,부산진구,여행/숙박업,1756,737
202310,부산진구,운송업,1249,141
202310,부산진구,음식/주점,9897,3393
202310,부산진구,음식료품,2003,912
202310,부산진구,의료휄니스업,6791,1095
202310,북구,비관광,1634,60
202310,북구,쇼핑업,9208,2552
202310,북구,여가서비스업,7330,1371
202310,북구,여행/숙박업,1603,663
202310,북구,운송업,1447,173
202310,북구,음식/주점,10844,3675
202310,북구,음식료품,2530,1167
202310,북구,의료휄니스업,7261,1261
202310,사상구,비관광,1012,37
202310,사상구,쇼핑업,7306,2233
202310,사상구,여가서비스업,5957,1114
202310,사상구,여행/숙박업,1386,673
202310,사상구,운송업,1354,139
202310,사상구,음식/주점,9277,3014
202310,사상구,음식료품,2010,844
202310,사상구,의료휄니스업,6033,1082
202310,사하구,비관광,1353,46
202310,사하구,쇼핑업,8259,2410
202310,사하구,여가서비스업,6223,1181
202310,사하구,여행/숙박업,1522,706
202310,사하구,운송업,1474,163
202310,사하구,음식/주점,9902,3269
202310,사하구,음식료품,2113,874
202310,사하구,의료휄니스업,6863,1211
202310,서구,비관광,539,16
202310,서구,쇼핑업,3467,927
202310,서구,여가서비스업,2351,467
202310,서구,여행/숙박업,766,356
202310,서구,운송업,415,50
202310,서구,음식/주점,4105,1338
202310,서구,음식료품,872,330
202310,서구,의료휄니스업,3221,485
202310,수영구,비관광,1235,46
202310,수영구,쇼핑업,9321,2414
202310,수영구,여가서비스업,5976,1113
202310,수영구,여행/숙박업,1788,639
202310,수영구,운송업,1402,136
202310,수영구,음식/주점,10198,3511
202310,수영구,음식료품,2152,908
202310,수영구,의료휄니스업,7062,1079
202310,연제구,비관광,1489,54
202310,연제구,쇼핑업,8319,2255
202310,연제구,여가서비스업,5949,1119
202310,연제구,여행/숙박업,1583,598
202310,연제구,운송업,1333,135
202310,연제구,음식/주점,9707,3382
202310,연제구,음식료품,2206,980
202310,연제구,의료휄니스업,6612,1076
202310,영도구,비관광,539,20
202310,영도구,쇼핑업,3844,1105
202310,영도구,여가서비스업,2888,539
202310,영도구,여행/숙박업,827,450
202310,영도구,운송업,543,68
202310,영도구,음식/주점,4952,1518
202310,영도구,음식료품,986,372
202310,영도구,의료휄니스업,3544,605
202310,중구,비관광,183,6
202310,중구,쇼핑업,1860,579
202310,중구,여가서비스업,1377,262
202310,중구,여행/숙박업,510,248
202310,중구,운송업,282,25
202310,중구,음식/주점,2488,813
202310,중구,음식료품,483,195
202310,중구,의료휄니스업,1536,257
202310,해운대구,비관광,2010,68
202310,해운대구,쇼핑업,12411,2739
202310,해운대구,여가서비스업,7996,1283
202310,해운대구,여행/숙박업,2446,704
202310,해운대구,운송업,1775,193
202310,해운대구,음식/주점,11720,3941
202310,해운대구,음식료품,2458,1047
202310,해운대구,의료휄니스업,8993,1251
202311,강서구,비관광,2520,84
202311,강서구,쇼핑업,8689,2074
202311,강서구,여가서비스업,6810,958
202311,강서구,여행/숙박업,1358,330
202311,강서구,운송업,1678,140
202311,강서구,음식/주점,8236,2716
202311,강서구,음식료품,1999,831
202311,강서구,의료휄니스업,5643,937
202311,금정구,비관광,1151,37
202311,금정구,쇼핑업,6329,1711
202311,금정구,여가서비스업,4429,879
202311,금정구,여행/숙박업,1224,411
202311,금정구,운송업,933,97
202311,금정구,음식/주점,7050,2404
202311,금정구,음식료품,1718,734
202311,금정구,의료휄니스업,5047,867
202311,기장군,비관광,3921,136
202311,기장군,쇼핑업,15818,3835
202311,기장군,여가서비스업,11790,1846
202311,기장군,여행/숙박업,2182,657
202311,기장군,운송업,3817,349
202311,기장군,음식/주점,15274,4978
202311,기장군,음식료품,3665,1318
202311,기장군,의료휄니스업,10436,1833
202311,남구,비관광,1315,50
202311,남구,쇼핑업,8111,2024
202311,남구,여가서비스업,5616,1033
202311,남구,여행/숙박업,1567,574
202311,남구,운송업,1150,137
202311,남구,음식/주점,8208,2770
202311,남구,음식료품,1989,799
202311,남구,의료휄니스업,6774,1012
202311,동구,비관광,349,13
202311,동구,쇼핑업,3323,901
202311,동구,여가서비스업,2296,465
202311,동구,여행/숙박업,714,323
202311,동구,운송업,354,53
202311,동구,음식/주점,3660,1198
202311,동구,음식료품,834,313
202311,동구,의료휄니스업,2838,445
202311,동래구,비관광,2431,85
202311,동래구,쇼핑업,10994,2720
202311,동래구,여가서비스업,6982,1395
202311,동래구,여행/숙박업,1950,705
202311,동래구,운송업,1370,166
202311,동래구,음식/주점,11366,3780
202311,동래구,음식료품,2899,1177
202311,동래구,의료휄니스업,9191,1413
202311,부산진구,비관광,1217,44
202311,부산진구,쇼핑업,8708,2387
202311,부산진구,여가서비스업,5824,1231
202311,부산진구,여행/숙박업,1674,740
202311,부산진구,운송업,1060,137
202311,부산진구,음식/주점,9601,3209
202311,부산진구,음식료품,2183,925
202311,부산진구,의료휄니스업,7378,1165
202311,북구,비관광,1725,61
202311,북구,쇼핑업,9525,2535
202311,북구,여가서비스업,7346,1420
202311,북구,여행/숙박업,1604,665
202311,북구,운송업,1536,171
202311,북구,음식/주점,10487,3450
202311,북구,음식료품,2695,1179
202311,북구,의료휄니스업,8009,1332
202311,사상구,비관광,1061,38
202311,사상구,쇼핑업,7507,2223
202311,사상구,여가서비스업,5851,1153
202311,사상구,여행/숙박업,1377,675
202311,사상구,운송업,1204,136
202311,사상구,음식/주점,8838,2816
202311,사상구,음식료품,2189,871
202311,사상구,의료휄니스업,6474,1156
202311,사하구,비관광,1433,47
202311,사하구,쇼핑업,8404,2374
202311,사하구,여가서비스업,6211,1207
202311,사하구,여행/숙박업,1520,712
202311,사하구,운송업,1413,148
202311,사하구,음식/주점,9409,3040
202311,사하구,음식료품,2261,875
202311,사하구,의료휄니스업,7396,1269
202311,서구,비관광,510,17
202311,서구,쇼핑업,3587,918
202311,서구,여가서비스업,2345,485
202311,서구,여행/숙박업,751,370
202311,서구,운송업,429,49
202311,서구,음식/주점,3998,1265
202311,서구,음식료품,951,334
202311,서구,의료휄니스업,3779,518
202311,수영구,비관광,1351,49
202311,수영구,쇼핑업,9795,2417
202311,수영구,여가서비스업,5866,1152
202311,수영구,여행/숙박업,1715,649
202311,수영구,운송업,1359,132
202311,수영구,음식/주점,9910,3298
202311,수영구,음식료품,2387,937
202311,수영구,의료휄니스업,7864,1152
202311,연제구,비관광,1583,56
202311,연제구,쇼핑업,8675,2238
202311,연제구,여가서비스업,5767,1158
202311,연제구,여행/숙박업,1623,608
202311,연제구,운송업,1034,134
202311,연제구,음식/주점,9413,3184
202311,연제구,음식료품,2413,989
202311,연제구,의료휄니스업,7189,1153
202311,영도구,비관광,546,19
202311,영도구,쇼핑업,3901,1094
202311,영도구,여가서비스업,2964,566
202311,영도구,여행/숙박업,881,454
202311,영도구,운송업,525,67
202311,영도구,음식/주점,4825,1446
202311,영도구,음식료품,1068,372
202311,영도구,의료휄니스업,3907,653
202311,중구,비관광,160,6
202311,중구,쇼핑업,1948,579
202311,중구,여가서비스업,1258,272
202311,중구,여행/숙박업,553,252
202311,중구,운송업,145,26
202311,중구,음식/주점,2380,769
202311,중구,음식료품,527,195
202311,중구,의료휄니스업,1659,269
202311,해운대구,비관광,2247,73
202311,해운대구,쇼핑업,13071,2733
202311,해운대구,여가서비스업,7929,1321
202311,해운대구,여행/숙박업,2411,713
202311,해운대구,운송업,1830,189
202311,해운대구,음식/주점,11389,3730
202311,해운대구,음식료품,2727,1060
202311,해운대구,의료휄니스업,9840,1327
202312,강서구,비관광,2418,81
202312,강서구,쇼핑업,8618,2059
202312,강서구,여가서비스업,6519,964
202312,강서구,여행/숙박업,1449,351
202312,강서구,운송업,1449,141
202312,강서구,음식/주점,9116,2688
202312,강서구,음식료품,2260,817
202312,강서구,의료휄니스업,5905,941
202312,금정구,비관광,1045,33
202312,금정구,쇼핑업,6218,1659
202312,금정구,여가서비스업,4129,879
202312,금정구,여행/숙박업,1193,428
202312,금정구,운송업,601,94
202312,금정구,음식/주점,7708,2347
202312,금정구,음식료품,1902,720
202312,금정구,의료휄니스업,5067,847
202312,기장군,비관광,3779,132
202312,기장군,쇼핑업,15861,3744
202312,기장군,여가서비스업,10924,1821
202312,기장군,여행/숙박업,2311,688
202312,기장군,운송업,2899,357
202312,기장군,음식/주점,16338,4797
202312,기장군,음식료품,4050,1264
202312,기장군,의료휄니스업,10382,1799
202312,남구,비관광,1261,47
202312,남구,쇼핑업,8085,1977
202312,남구,여가서비스업,5224,1032
202312,남구,여행/숙박업,1651,595
202312,남구,운송업,964,135
202312,남구,음식/주점,8921,2675
202312,남구,음식료품,2235,792
202312,남구,의료휄니스업,6909,981
202312,동구,비관광,356,12
202312,동구,쇼핑업,3194,878
202312,동구,여가서비스업,2185,468
202312,동구,여행/숙박업,692,327
202312,동구,운송업,272,53
202312,동구,음식/주점,3921,1160
202312,동구,음식료품,928,317
202312,동구,의료휄니스업,2733,443
202312,동래구,비관광,2329,80
202312,동래구,쇼핑업,10575,2644
202312,동래구,여가서비스업,6500,1382
202312,동래구,여행/숙박업,1942,734
202312,동래구,운송업,1475,161
202312,동래구,음식/주점,12445,3659
202312,동래구,음식료품,3119,1154
202312,동래구,의료휄니스업,9222,1386
202312,부산진구,비관광,1207,43
202312,부산진구,쇼핑업,8616,2333
202312,부산진구,여가서비스업,5575,1234
202312,부산진구,여행/숙박업,1727,764
202312,부산진구,운송업,906,135
202312,부산진구,음식/주점,10510,3114
202312,부산진구,음식료품,2412,938
202312,부산진구,의료휄니스업,7223,1138
202312,북구,비관광,1641,57
202312,북구,쇼핑업,9404,2475
202312,북구,여가서비스업,6889,1420
202312,북구,여행/숙박업,1642,702
202312,북구,운송업,1214,169
202312,북구,음식/주점,11560,3385
202312,북구,음식료품,3030,1158
202312,북구,의료휄니스업,7604,1304
202312,사상구,비관광,1003,36
202312,사상구,쇼핑업,7514,2179
202312,사상구,여가서비스업,5662,1163
202312,사상구,여행/숙박업,1415,712
202312,사상구,운송업,1234,134
202312,사상구,음식/주점,9818,2771
202312,사상구,음식료품,2519,886
202312,사상구,의료휄니스업,6321,1124
202312,사하구,비관광,1348,43
202312,사하구,쇼핑업,8332,2343
202312,사하구,여가서비스업,5872,1216
202312,사하구,여행/숙박업,1622,741
202312,사하구,운송업,1187,137
202312,사하구,음식/주점,10334,2982
202312,사하구,음식료품,2607,882
202312,사하구,의료휄니스업,7262,1260
202312,서구,비관광,481,16
202312,서구,쇼핑업,3468,895
202312,서구,여가서비스업,2236,491
202312,서구,여행/숙박업,780,376
202312,서구,운송업,359,46
202312,서구,음식/주점,4311,1226
202312,서구,음식료품,1078,341
202312,서구,의료휄니스업,3424,499
202312,수영구,비관광,1332,45
202312,수영구,쇼핑업,9581,2345
202312,수영구,여가서비스업,5564,1148
202312,수영구,여행/숙박업,1794,661
202312,수영구,운송업,1020,131
202312,수영구,음식/주점,10600,3185
202312,수영구,음식료품,2547,932
202312,수영구,의료휄니스업,8226,1120
202312,연제구,비관광,1458,50
202312,연제구,쇼핑업,8366,2182
202312,연제구,여가서비스업,5216,1159
202312,연제구,여행/숙박업,1617,628
202312,연제구,운송업,703,131
202312,연제구,음식/주점,10301,3086
202312,연제구,음식료품,2645,985
202312,연제구,의료휄니스업,7508,1128
202312,영도구,비관광,502,17
202312,영도구,쇼핑업,3831,1074
202312,영도구,여가서비스업,2773,563
202312,영도구,여행/숙박업,902,468
202312,영도구,운송업,468,65
202312,영도구,음식/주점,5201,1404
202312,영도구,음식료품,1164,383
202312,영도구,의료휄니스업,3735,634
202312,중구,비관광,150,6
202312,중구,쇼핑업,1897,567
202312,중구,여가서비스업,1202,271
202312,중구,여행/숙박업,534,264
202312,중구,운송업,142,25
202312,중구,음식/주점,2597,749
202312,중구,음식료품,598,203
202312,중구,의료휄니스업,1738,268
202312,해운대구,비관광,2063,65
202312,해운대구,쇼핑업,12871,2660
202312,해운대구,여가서비스업,7025,1305
202312,해운대구,여행/숙박업,2541,742
202312,해운대구,운송업,1397,187
202312,해운대구,음식/주점,12286,3582
202312,해운대구,음식료품,2908,1033
202312,해운대구,의료휄니스업,9866,1293
202401,강서구,비관광,2628,82
202401,강서구,쇼핑업,8334,1984
202401,강서구,여가서비스업,6938,936
202401,강서구,여행/숙박업,1439,323
202401,강서구,운송업,1583,128
202401,강서구,음식/주점,8286,2613
202401,강서구,음식료품,2104,818
202401,강서구,의료휄니스업,6009,900
202401,금정구,비관광,1124,35
202401,금정구,쇼핑업,5974,1602
202401,금정구,여가서비스업,4407,863
202401,금정구,여행/숙박업,1211,401
202401,금정구,운송업,908,89
202401,금정구,음식/주점,6938,2256
202401,금정구,음식료품,1818,734
202401,금정구,의료휄니스업,5301,851
202401,기장군,비관광,3951,129
202401,기장군,쇼핑업,15169,3635
202401,기장군,여가서비스업,11837,1791
202401,기장군,여행/숙박업,2187,643
202401,기장군,운송업,2443,331
202401,기장군,음식/주점,15054,4652
202401,기장군,음식료품,3666,1274
202401,기장군,의료휄니스업,10538,1733
202401,남구,비관광,1306,48
202401,남구,쇼핑업,7806,1910
202401,남구,여가서비스업,5748,1017
202401,남구,여행/숙박업,1639,557
202401,남구,운송업,1086,129
202401,남구,음식/주점,8143,2603
202401,남구,음식료품,2067,796
202401,남구,의료휄니스업,7083,978
202401,동구,비관광,375,13
202401,동구,쇼핑업,3093,854
202401,동구,여가서비스업,2315,461
202401,동구,여행/숙박업,743,309
202401,동구,운송업,357,50
202401,동구,음식/주점,3646,1139
202401,동구,음식료품,852,321
202401,동구,의료휄니스업,2922,448
202401,동래구,비관광,2507,84
202401,동래구,쇼핑업,10508,2568
202401,동래구,여가서비스업,7108,1359
202401,동래구,여행/숙박업,1961,683
202401,동래구,운송업,1321,153
202401,동래구,음식/주점,11256,3568
202401,동래구,음식료품,2992,1171
202401,동래구,의료휄니스업,9550,1376
202401,부산진구,비관광,1266,43
202401,부산진구,쇼핑업,8224,2255
202401,부산진구,여가서비스업,5979,1222
202401,부산진구,여행/숙박업,1677,715
202401,부산진구,운송업,1041,124
202401,부산진구,음식/주점,9617,3035
202401,부산진구,음식료품,2346,955
202401,부산진구,의료휄니스업,7564,1144
202401,북구,비관광,1760,58
202401,북구,쇼핑업,8984,2382
202401,북구,여가서비스업,7234,1391
202401,북구,여행/숙박업,1633,640
202401,북구,운송업,1303,153
202401,북구,음식/주점,10474,3258
202401,북구,음식료품,2831,1188
202401,북구,의료휄니스업,8167,1305
202401,사상구,비관광,1071,36
202401,사상구,쇼핑업,7070,2089
202401,사상구,여가서비스업,5877,1136
202401,사상구,여행/숙박업,1375,646
202401,사상구,운송업,1035,123
202401,사상구,음식/주점,8809,2651
202401,사상구,음식료품,2282,879
202401,사상구,의료휄니스업,6532,1132
202401,사하구,비관광,1420,45
202401,사하구,쇼핑업,7908,2251
202401,사하구,여가서비스업,6100,1188
202401,사하구,여행/숙박업,1495,686
202401,사하구,운송업,1197,126
202401,사하구,음식/주점,9266,2865
202401,사하구,음식료품,2350,887
202401,사하구,의료휄니스업,7575,1240
202401,서구,비관광,536,17
202401,서구,쇼핑업,3436,874
202401,서구,여가서비스업,2385,489
202401,서구,여행/숙박업,802,353
202401,서구,운송업,363,46
202401,서구,음식/주점,3921,1192
202401,서구,음식료품,955,331
202401,서구,의료휄니스업,3643,505
202401,수영구,비관광,1424,47
202401,수영구,쇼핑업,9045,2285
202401,수영구,여가서비스업,5930,1121
202401,수영구,여행/숙박업,1886,625
202401,수영구,운송업,1075,126
202401,수영구,음식/주점,9748,3130
202401,수영구,음식료품,2376,924
202401,수영구,의료휄니스업,8415,1133
202401,연제구,비관광,1616,54
202401,연제구,쇼핑업,8089,2123
202401,연제구,여가서비스업,5845,1137
202401,연제구,여행/숙박업,1702,592
202401,연제구,운송업,721,126
202401,연제구,음식/주점,9469,3031
202401,연제구,음식료품,2552,1002
202401,연제구,의료휄니스업,7443,1124
202401,영도구,비관광,554,17
202401,영도구,쇼핑업,3691,1044
202401,영도구,여가서비스업,2919,554
202401,영도구,여행/숙박업,840,445
202401,영도구,운송업,364,61
202401,영도구,음식/주점,4693,1347
202401,영도구,음식료품,1098,371
202401,영도구,의료휄니스업,4027,648
202401,중구,비관광,166,6
202401,중구,쇼핑업,1855,554
202401,중구,여가서비스업,1207,269
202401,중구,여행/숙박업,505,251
202401,중구,운송업,148,23
202401,중구,음식/주점,2374,721
202401,중구,음식료품,516,194
202401,중구,의료휄니스업,1700,267
202401,해운대구,비관광,2272,70
202401,해운대구,쇼핑업,12239,2582
202401,해운대구,여가서비스업,7891,1274
202401,해운대구,여행/숙박업,2711,705
202401,해운대구,운송업,1451,178
202401,해운대구,음식/주점,11268,3518
202401,해운대구,음식료품,2737,1032
202401,해운대구,의료휄니스업,10214,1282
202402,강서구,비관광,2760,84
202402,강서구,쇼핑업,8569,2040
202402,강서구,여가서비스업,6415,965
202402,강서구,여행/숙박업,1431,344
202402,강서구,운송업,1374,130
202402,강서구,음식/주점,8651,2700
202402,강서구,음식료품,2328,826
202402,강서구,의료휄니스업,5913,856
202402,금정구,비관광,1198,35
202402,금정구,쇼핑업,5932,1593
202402,금정구,여가서비스업,3942,876
202402,금정구,여행/숙박업,1098,407
202402,금정구,운송업,609,88
202402,금정구,음식/주점,6947,2226
202402,금정구,음식료품,2078,739
202402,금정구,의료휄니스업,5062,800
202402,기장군,비관광,4217,141
202402,기장군,쇼핑업,15401,3694
202402,기장군,여가서비스업,10644,1818
202402,기장군,여행/숙박업,2107,662
202402,기장군,운송업,2073,332
202402,기장군,음식/주점,15580,4720
202402,기장군,음식료품,4159,1307
202402,기장군,의료휄니스업,10033,1655
202402,남구,비관광,1444,49
202402,남구,쇼핑업,7881,1926
202402,남구,여가서비스업,5213,1043
202402,남구,여행/숙박업,1552,565
202402,남구,운송업,837,127
202402,남구,음식/주점,8140,2593
202402,남구,음식료품,2296,792
202402,남구,의료휄니스업,6888,924
202402,동구,비관광,410,13
202402,동구,쇼핑업,3098,864
202402,동구,여가서비스업,2100,475
202402,동구,여행/숙박업,718,316
202402,동구,운송업,265,49
202402,동구,음식/주점,3664,1149
202402,동구,음식료품,982,329
202402,동구,의료휄니스업,2589,418
202402,동래구,비관광,2637,80
202402,동래구,쇼핑업,10278,2582
202402,동래구,여가서비스업,6415,1397
202402,동래구,여행/숙박업,1885,693
202402,동래구,운송업,961,153
202402,동래구,음식/주점,11421,3589
202402,동래구,음식료품,3394,1196
202402,동래구,의료휄니스업,8692,1291
202402,부산진구,비관광,1399,43
202402,부산진구,쇼핑업,8313,2287
202402,부산진구,여가서비스업,5478,1261
202402,부산진구,여행/숙박업,1602,731
202402,부산진구,운송업,743,128
202402,부산진구,음식/주점,9625,3040
202402,부산진구,음식료품,2636,970
202402,부산진구,의료휄니스업,7156,1068
202402,북구,비관광,1865,60
202402,북구,쇼핑업,9012,2394
202402,북구,여가서비스업,6616,1419
202402,북구,여행/숙박업,1524,652
202402,북구,운송업,1094,153
202402,북구,음식/주점,10560,3275
202402,북구,음식료품,3206,1196
202402,북구,의료휄니스업,7919,1212
202402,사상구,비관광,1150,36
202402,사상구,쇼핑업,7220,2110
202402,사상구,여가서비스업,5359,1160
202402,사상구,여행/숙박업,1325,665
202402,사상구,운송업,996,121
202402,사상구,음식/주점,8845,2660
202402,사상구,음식료품,2678,888
202402,사상구,의료휄니스업,6115,1050
202402,사하구,비관광,1531,45
202402,사하구,쇼핑업,8011,2284
202402,사하구,여가서비스업,5636,1216
202402,사하구,여행/숙박업,1551,718
202402,사하구,운송업,871,125
202402,사하구,음식/주점,9489,2901
202402,사하구,음식료품,2741,906
202402,사하구,의료휄니스업,7024,1179
202402,서구,비관광,595,17
202402,서구,쇼핑업,3434,887
202402,서구,여가서비스업,2219,501
202402,서구,여행/숙박업,756,376
202402,서구,운송업,282,45
202402,서구,음식/주점,4038,1207
202402,서구,음식료품,1113,344
202402,서구,의료휄니스업,3294,474
202402,수영구,비관광,1498,46
202402,수영구,쇼핑업,9132,2304
202402,수영구,여가서비스업,5464,1161
202402,수영구,여행/숙박업,1738,636
202402,수영구,운송업,826,126
202402,수영구,음식/주점,9788,3127
202402,수영구,음식료품,2714,943
202402,수영구,의료휄니스업,8149,1057
202402,연제구,비관광,1811,56
202402,연제구,쇼핑업,8457,2200
202402,연제구,여가서비스업,5439,1197
202402,연제구,여행/숙박업,1581,604
202402,연제구,운송업,903,132
202402,연제구,음식/주점,9697,3078
202402,연제구,음식료품,2914,1034
202402,연제구,의료휄니스업,7115,1080
202402,영도구,비관광,592,17
202402,영도구,쇼핑업,3757,1053
202402,영도구,여가서비스업,2713,573
202402,영도구,여행/숙박업,849,465
202402,영도구,운송업,416,62
202402,영도구,음식/주점,4809,1359
202402,영도구,음식료품,1315,387
202402,영도구,의료휄니스업,3716,607
202402,중구,비관광,169,6
202402,중구,쇼핑업,1826,551
202402,중구,여가서비스업,1181,273
202402,중구,여행/숙박업,492,258
202402,중구,운송업,155,22
202402,중구,음식/주점,2402,723
202402,중구,음식료품,600,196
202402,중구,의료휄니스업,1643,251
202402,해운대구,비관광,2413,68
202402,해운대구,쇼핑업,12268,2580
202402,해운대구,여가서비스업,6725,1299
202402,해운대구,여행/숙박업,2634,702
202402,해운대구,운송업,1094,177
202402,해운대구,음식/주점,11243,3476
202402,해운대구,음식료품,3061,1047
202402,해운대구,의료휄니스업,10120,1193
202403,강서구,비관광,2399,80
202403,강서구,쇼핑업,8240,2102
202403,강서구,여가서비스업,6295,971
202403,강서구,여행/숙박업,1301,341
202403,강서구,운송업,1604,140
202403,강서구,음식/주점,8891,2864
202403,강서구,음식료품,2139,885
202403,강서구,의료휄니스업,5888,864
202403,금정구,비관광,1084,36
202403,금정구,쇼핑업,5859,1653
202403,금정구,여가서비스업,4027,870
202403,금정구,여행/숙박업,1066,405
202403,금정구,운송업,602,94
202403,금정구,음식/주점,7125,2407
202403,금정구,음식료품,1691,764
202403,금정구,의료휄니스업,4766,805
202403,기장군,비관광,3515,126
202403,기장군,쇼핑업,15055,3813
202403,기장군,여가서비스업,10630,1829
202403,기장군,여행/숙박업,1995,662
202403,기장군,운송업,2608,342
202403,기장군,음식/주점,15693,5028
202403,기장군,음식료품,3669,1349
202403,기장군,의료휄니스업,9803,1685
202403,남구,비관광,1357,53
202403,남구,쇼핑업,7594,2000
202403,남구,여가서비스업,5134,1030
202403,남구,여행/숙박업,1492,567
202403,남구,운송업,1044,134
202403,남구,음식/주점,8417,2810
202403,남구,음식료품,1945,834
202403,남구,의료휄니스업,6434,932
202403,동구,비관광,359,13
202403,동구,쇼핑업,3110,891
202403,동구,여가서비스업,2074,468
202403,동구,여행/숙박업,673,314
202403,동구,운송업,372,53
202403,동구,음식/주점,3763,1234
202403,동구,음식료품,827,341
202403,동구,의료휄니스업,2664,428
202403,동래구,비관광,2474,90
202403,동래구,쇼핑업,10272,2664
202403,동래구,여가서비스업,6381,1388
202403,동래구,여행/숙박업,1717,690
202403,동래구,운송업,999,158
202403,동래구,음식/주점,11619,3852
202403,동래구,음식료품,2812,1245
202403,동래구,의료휄니스업,8614,1299
202403,부산진구,비관광,1289,47
202403,부산진구,쇼핑업,8147,2360
202403,부산진구,여가서비스업,5462,1246
202403,부산진구,여행/숙박업,1574,738
202403,부산진구,운송업,752,136
202403,부산진구,음식/주점,9962,3287
202403,부산진구,음식료품,2177,1014
202403,부산진구,의료휄니스업,6811,1091
202403,북구,비관광,1567,59
202403,북구,쇼핑업,8780,2460
202403,북구,여가서비스업,6572,1408
202403,북구,여행/숙박업,1478,656
202403,북구,운송업,1469,160
202403,북구,음식/주점,10769,3522
202403,북구,음식료품,2725,1299
202403,북구,의료휄니스업,7312,1216
202403,사상구,비관광,1002,37
202403,사상구,쇼핑업,7013,2173
202403,사상구,여가서비스업,5378,1151
202403,사상구,여행/숙박업,1271,671
202403,사상구,운송업,906,130
202403,사상구,음식/주점,9173,2870
202403,사상구,음식료품,2230,928
202403,사상구,의료휄니스업,5944,1071
202403,사하구,비관광,1276,44
202403,사하구,쇼핑업,7851,2349
202403,사하구,여가서비스업,5609,1204
202403,사하구,여행/숙박업,1478,715
202403,사하구,운송업,909,132
202403,사하구,음식/주점,9792,3136
202403,사하구,음식료품,2326,955
202403,사하구,의료휄니스업,6822,1185
202403,서구,비관광,592,17
202403,서구,쇼핑업,3337,918
202403,서구,여가서비스업,2145,493
202403,서구,여행/숙박업,726,373
202403,서구,운송업,246,47
202403,서구,음식/주점,4164,1305
202403,서구,음식료품,940,353
202403,서구,의료휄니스업,3005,478
202403,수영구,비관광,1361,47
202403,수영구,쇼핑업,9045,2376
202403,수영구,여가서비스업,5441,1151
202403,수영구,여행/숙박업,1653,643
202403,수영구,운송업,851,132
202403,수영구,음식/주점,10021,3365
202403,수영구,음식료품,2267,978
202403,수영구,의료휄니스업,7316,1074
202403,연제구,비관광,1685,60
202403,연제구,쇼핑업,8311,2282
202403,연제구,여가서비스업,5346,1188
202403,연제구,여행/숙박업,1473,612
202403,연제구,운송업,799,135
202403,연제구,음식/주점,9976,3344
202403,연제구,음식료품,2459,1069
202403,연제구,의료휄니스업,6584,1094
202403,영도구,비관광,501,17
202403,영도구,쇼핑업,3689,1080
202403,영도구,여가서비스업,2742,564
202403,영도구,여행/숙박업,816,461
202403,영도구,운송업,439,64
202403,영도구,음식/주점,4991,1470
202403,영도구,음식료품,1027,393
202403,영도구,의료휄니스업,3475,618
202403,중구,비관광,144,5
202403,중구,쇼핑업,1761,569
202403,중구,여가서비스업,1170,265
202403,중구,여행/숙박업,466,253
202403,중구,운송업,133,24
202403,중구,음식/주점,2445,776
202403,중구,음식료품,471,203
202403,중구,의료휄니스업,1561,255
202403,해운대구,비관광,2321,75
202403,해운대구,쇼핑업,11947,2674
202403,해운대구,여가서비스업,6750,1295
202403,해운대구,여행/숙박업,2231,700
202403,해운대구,운송업,1247,187
202403,해운대구,음식/주점,11505,3734
202403,해운대구,음식료품,2533,1074
202403,해운대구,의료휄니스업,9117,1201
202404,강서구,비관광,2400,88
202404,강서구,쇼핑업,8252,2132
202404,강서구,여가서비스업,6809,1011
202404,강서구,여행/숙박업,1370,342
202404,강서구,운송업,1701,140
202404,강서구,음식/주점,8724,2942
202404,강서구,음식료품,2131,930
202404,강서구,의료휄니스업,6030,912
202404,금정구,비관광,994,35
202404,금정구,쇼핑업,5713,1688
202404,금정구,여가서비스업,4327,924
202404,금정구,여행/숙박업,1096,410
202404,금정구,운송업,730,94
202404,금정구,음식/주점,7092,2522
202404,금정구,음식료품,1711,806
202404,금정구,의료휄니스업,4901,856
202404,기장군,비관광,3492,131
202404,기장군,쇼핑업,14994,3902
202404,기장군,여가서비스업,11624,1924
202404,기장군,여행/숙박업,2074,656
202404,기장군,운송업,2306,344
202404,기장군,음식/주점,15811,5261
202404,기장군,음식료품,3685,1443
202404,기장군,의료휄니스업,10355,1803
202404,남구,비관광,1250,53
202404,남구,쇼핑업,7515,2062
202404,남구,여가서비스업,5533,1098
202404,남구,여행/숙박업,1589,576
202404,남구,운송업,997,137
202404,남구,음식/주점,8417,2928
202404,남구,음식료품,1976,883
202404,남구,의료휄니스업,6775,997
202404,동구,비관광,350,13
202404,동구,쇼핑업,3047,906
202404,동구,여가서비스업,2254,498
202404,동구,여행/숙박업,698,317
202404,동구,운송업,274,55
202404,동구,음식/주점,3786,1275
202404,동구,음식료품,824,353
202404,동구,의료휄니스업,2819,452
202404,동래구,비관광,2283,83
202404,동래구,쇼핑업,10032,2713
202404,동래구,여가서비스업,7012,1484
202404,동래구,여행/숙박업,1822,703
202404,동래구,운송업,1161,164
202404,동래구,음식/주점,11717,4035
202404,동래구,음식료품,2806,1330
202404,동래구,의료휄니스업,8795,1391
202404,부산진구,비관광,1234,46
202404,부산진구,쇼핑업,8158,2423
202404,부산진구,여가서비스업,5923,1334
202404,부산진구,여행/숙박업,1673,745
202404,부산진구,운송업,851,140
202404,부산진구,음식/주점,9896,3424
202404,부산진구,음식료품,2215,1061
202404,부산진구,의료휄니스업,7217,1174
202404,북구,비관광,1631,62
202404,북구,쇼핑업,8676,2521
202404,북구,여가서비스업,7198,1494
202404,북구,여행/숙박업,1535,656
202404,북구,운송업,1232,166
202404,북구,음식/주점,10618,3632
202404,북구,음식료품,2853,1394
202404,북구,의료휄니스업,7781,1288
202404,사상구,비관광,1001,38
202404,사상구,쇼핑업,6982,2232
202404,사상구,여가서비스업,5996,1226
202404,사상구,여행/숙박업,1312,670
202404,사상구,운송업,1097,134
202404,사상구,음식/주점,8950,2959
202404,사상구,음식료품,2170,963
202404,사상구,의료휄니스업,6252,1134
202404,사하구,비관광,1283,48
202404,사하구,쇼핑업,7780,2415
202404,사하구,여가서비스업,6114,1277
202404,사하구,여행/숙박업,1474,714
202404,사하구,운송업,1137,136
202404,사하구,음식/주점,9644,3240
202404,사하구,음식료품,2304,1005
202404,사하구,의료휄니스업,6981,1258
202404,서구,비관광,539,17
202404,서구,쇼핑업,3342,945
202404,서구,여가서비스업,2413,526
202404,서구,여행/숙박업,779,380
202404,서구,운송업,254,50
202404,서구,음식/주점,4187,1367
202404,서구,음식료품,923,366
202404,서구,의료휄니스업,3279,509
202404,수영구,비관광,1294,46
202404,수영구,쇼핑업,8882,2428
202404,수영구,여가서비스업,6077,1228
202404,수영구,여행/숙박업,1799,643
202404,수영구,운송업,824,134
202404,수영구,음식/주점,10093,3520
202404,수영구,음식료품,2350,1062
202404,수영구,의료휄니스업,7732,1140
202404,연제구,비관광,1578,58
202404,연제구,쇼핑업,8278,2339
202404,연제구,여가서비스업,5823,1265
202404,연제구,여행/숙박업,1570,617
202404,연제구,운송업,958,140
202404,연제구,음식/주점,9901,3502
202404,연제구,음식료품,2429,1134
202404,연제구,의료휄니스업,7102,1169
202404,영도구,비관광,493,18
202404,영도구,쇼핑업,3682,1114
202404,영도구,여가서비스업,3007,611
202404,영도구,여행/숙박업,858,474
202404,영도구,운송업,484,70
202404,영도구,음식/주점,4966,1523
202404,영도구,음식료품,1007,415
202404,영도구,의료휄니스업,3879,661
202404,중구,비관광,165,7
202404,중구,쇼핑업,1794,586
202404,중구,여가서비스업,1329,286
202404,중구,여행/숙박업,484,257
202404,중구,운송업,146,26
202404,중구,음식/주점,2454,821
202404,중구,음식료품,482,213
202404,중구,의료휄니스업,1593,273
202404,해운대구,비관광,2014,69
202404,해운대구,쇼핑업,11789,2723
202404,해운대구,여가서비스업,7685,1367
202404,해운대구,여행/숙박업,2286,709
202404,해운대구,운송업,1757,186
202404,해운대구,음식/주점,11360,3871
202404,해운대구,음식료품,2562,1126
202404,해운대구,의료휄니스업,9791,1282
202405,강서구,비관광,2467,84
202405,강서구,쇼핑업,8221,2155
202405,강서구,여가서비스업,6723,1013
202405,강서구,여행/숙박업,1307,345
202405,강서구,운송업,1419,149
202405,강서구,음식/주점,9188,3023
202405,강서구,음식료품,2200,943
202405,강서구,의료휄니스업,5767,883
202405,금정구,비관광,1071,37
202405,금정구,쇼핑업,5735,1715
202405,금정구,여가서비스업,4451,912
202405,금정구,여행/숙박업,1101,406
202405,금정구,운송업,708,98
202405,금정구,음식/주점,7379,2552
202405,금정구,음식료품,1790,826
202405,금정구,의료휄니스업,4743,824
202405,기장군,비관광,3601,128
202405,기장군,쇼핑업,14976,3966
202405,기장군,여가서비스업,11162,1918
202405,기장군,여행/숙박업,2044,658
202405,기장군,운송업,1882,351
202405,기장군,음식/주점,16590,5337
202405,기장군,음식료품,3923,1501
202405,기장군,의료휄니스업,9982,1703
202405,남구,비관광,1281,51
202405,남구,쇼핑업,7565,2089
202405,남구,여가서비스업,5380,1091
202405,남구,여행/숙박업,1614,570
202405,남구,운송업,902,142
202405,남구,음식/주점,8865,2972
202405,남구,음식료품,2087,920
202405,남구,의료휄니스업,6714,961
202405,동구,비관광,341,13
202405,동구,쇼핑업,3066,918
202405,동구,여가서비스업,2244,497
202405,동구,여행/숙박업,660,324
202405,동구,운송업,370,56
202405,동구,음식/주점,3909,1293
202405,동구,음식료품,860,364
202405,동구,의료휄니스업,2687,439
202405,동래구,비관광,2399,87
202405,동래구,쇼핑업,10009,2763
202405,동래구,여가서비스업,6937,1471
202405,동래구,여행/숙박업,1860,700
202405,동래구,운송업,1006,170
202405,동래구,음식/주점,12192,4104
202405,동래구,음식료품,2963,1363
202405,동래구,의료휄니스업,9151,1341
202405,부산진구,비관광,1272,49
202405,부산진구,쇼핑업,8127,2457
202405,부산진구,여가서비스업,5745,1331
202405,부산진구,여행/숙박업,1655,746
202405,부산진구,운송업,858,144
202405,부산진구,음식/주점,10413,3499
202405,부산진구,음식료품,2342,1091
202405,부산진구,의료휄니스업,6873,1129
202405,북구,비관광,1621,60
202405,북구,쇼핑업,8636,2545
202405,북구,여가서비스업,7874,1476
202405,북구,여행/숙박업,1557,664
202405,북구,운송업,1239,167
202405,북구,음식/주점,11130,3680
202405,북구,음식료품,2932,1417
202405,북구,의료휄니스업,7479,1241
202405,사상구,비관광,976,37
202405,사상구,쇼핑업,7022,2264
202405,사상구,여가서비스업,5714,1223
202405,사상구,여행/숙박업,1308,674
202405,사상구,운송업,1179,138
202405,사상구,음식/주점,9472,3028
202405,사상구,음식료품,2334,1011
202405,사상구,의료휄니스업,6294,1094
202405,사하구,비관광,1322,46
202405,사하구,쇼핑업,7825,2449
202405,사하구,여가서비스업,5911,1270
202405,사하구,여행/숙박업,1485,718
202405,사하구,운송업,1096,143
202405,사하구,음식/주점,10147,3317
202405,사하구,음식료품,2455,1035
202405,사하구,의료휄니스업,6995,1232
202405,서구,비관광,533,16
202405,서구,쇼핑업,3279,953
202405,서구,여가서비스업,2314,523
202405,서구,여행/숙박업,800,382
202405,서구,운송업,319,51
202405,서구,음식/주점,4330,1392
202405,서구,음식료품,947,378
202405,서구,의료휄니스업,3172,500
202405,수영구,비관광,1373,49
202405,수영구,쇼핑업,9105,2466
202405,수영구,여가서비스업,5725,1214
202405,수영구,여행/숙박업,1748,633
202405,수영구,운송업,1056,138
202405,수영구,음식/주점,10426,3557
202405,수영구,음식료품,2441,1086
202405,수영구,의료휄니스업,7249,1102
202405,연제구,비관광,1682,61
202405,연제구,쇼핑업,8215,2374
202405,연제구,여가서비스업,5684,1266
202405,연제구,여행/숙박업,1551,613
202405,연제구,운송업,848,146
202405,연제구,음식/주점,10444,3558
202405,연제구,음식료품,2563,1151
202405,연제구,의료휄니스업,6726,1126
202405,영도구,비관광,502,17
202405,영도구,쇼핑업,3706,1130
202405,영도구,여가서비스업,2951,609
202405,영도구,여행/숙박업,874,484
202405,영도구,운송업,326,72
202405,영도구,음식/주점,5252,1579
202405,영도구,음식료품,1120,433
202405,영도구,의료휄니스업,3857,652
202405,중구,비관광,161,6
202405,중구,쇼핑업,1785,601
202405,중구,여가서비스업,1278,286
202405,중구,여행/숙박업,535,263
202405,중구,운송업,190,27
202405,중구,음식/주점,2504,837
202405,중구,음식료품,515,218
202405,중구,의료휄니스업,1576,267
202405,해운대구,비관광,2245,72
202405,해운대구,쇼핑업,11773,2762
202405,해운대구,여가서비스업,7347,1364
202405,해운대구,여행/숙박업,2319,703
202405,해운대구,운송업,1285,197
202405,해운대구,음식/주점,11984,3949
202405,해운대구,음식료품,2684,1151
202405,해운대구,의료휄니스업,9299,1238
202406,강서구,비관광,2530,89
202406,강서구,쇼핑업,8267,2182
202406,강서구,여가서비스업,6268,1021
202406,강서구,여행/숙박업,1349,341
202406,강서구,운송업,1287,140
202406,강서구,음식/주점,8930,2990
202406,강서구,음식료품,2048,938
202406,강서구,의료휄니스업,5390,815
202406,금정구,비관광,1066,38
202406,금정구,쇼핑업,5731,1730
202406,금정구,여가서비스업,4086,914
202406,금정구,여행/숙박업,1108,401
202406,금정구,운송업,576,96
202406,금정구,음식/주점,7132,2515
202406,금정구,음식료품,1672,815
202406,금정구,의료휄니스업,4722,778
202406,기장군,비관광,3802,141
202406,기장군,쇼핑업,14806,4023
202406,기장군,여가서비스업,10787,1924
202406,기장군,여행/숙박업,2162,655
202406,기장군,운송업,2212,344
202406,기장군,음식/주점,16106,5254
202406,기장군,음식료품,3669,1514
202406,기장군,의료휄니스업,9600,1606
202406,남구,비관광,1419,56
202406,남구,쇼핑업,7361,2097
202406,남구,여가서비스업,5405,1100
202406,남구,여행/숙박업,1542,567
202406,남구,운송업,853,137
202406,남구,음식/주점,8525,2937
202406,남구,음식료품,1975,938
202406,남구,의료휄니스업,6271,914
202406,동구,비관광,367,14
202406,동구,쇼핑업,3030,933
202406,동구,여가서비스업,2157,498
202406,동구,여행/숙박업,653,319
202406,동구,운송업,280,55
202406,동구,음식/주점,3804,1286
202406,동구,음식료품,803,358
202406,동구,의료휄니스업,2645,417
202406,동래구,비관광,2384,87
202406,동래구,쇼핑업,9835,2788
202406,동래구,여가서비스업,6861,1482
202406,동래구,여행/숙박업,1741,684
202406,동래구,운송업,947,164
202406,동래구,음식/주점,11781,4037
202406,동래구,음식료품,2708,1343
202406,동래구,의료휄니스업,8141,1257
202406,부산진구,비관광,1359,52
202406,부산진구,쇼핑업,8086,2475
202406,부산진구,여가서비스업,5541,1339
202406,부산진구,여행/숙박업,1599,736
202406,부산진구,운송업,790,143
202406,부산진구,음식/주점,10037,3452
202406,부산진구,음식료품,2202,1100
202406,부산진구,의료휄니스업,6522,1063
202406,북구,비관광,1741,68
202406,북구,쇼핑업,8684,2563
202406,북구,여가서비스업,6729,1485
202406,북구,여행/숙박업,1564,658
202406,북구,운송업,955,165
202406,북구,음식/주점,10812,3646
202406,북구,음식료품,2735,1421
202406,북구,의료휄니스업,7171,1171
202406,사상구,비관광,1052,40
202406,사상구,쇼핑업,7007,2293
202406,사상구,여가서비스업,5469,1231
202406,사상구,여행/숙박업,1300,671
202406,사상구,운송업,918,133
202406,사상구,음식/주점,9166,2992
202406,사상구,음식료품,2207,1016
202406,사상구,의료휄니스업,6056,1036
202406,사하구,비관광,1412,52
202406,사하구,쇼핑업,7820,2478
202406,사하구,여가서비스업,5754,1278
202406,사하구,여행/숙박업,1494,713
202406,사하구,운송업,994,137
202406,사하구,음식/주점,9860,3274
202406,사하구,음식료품,2286,1032
202406,사하구,의료휄니스업,6700,1162
202406,서구,비관광,546,17
202406,서구,쇼핑업,3345,965
202406,서구,여가서비스업,2226,525
202406,서구,여행/숙박업,739,378
202406,서구,운송업,308,50
202406,서구,음식/주점,4199,1384
202406,서구,음식료품,913,380
202406,서구,의료휄니스업,3410,474
202406,수영구,비관광,1412,50
202406,수영구,쇼핑업,8890,2472
202406,수영구,여가서비스업,5598,1218
202406,수영구,여행/숙박업,1689,614
202406,수영구,운송업,906,137
202406,수영구,음식/주점,10108,3499
202406,수영구,음식료품,2286,1079
202406,수영구,의료휄니스업,7270,1036
202406,연제구,비관광,1691,62
202406,연제구,쇼핑업,8179,2402
202406,연제구,여가서비스업,5489,1282
202406,연제구,여행/숙박업,1655,615
202406,연제구,운송업,948,139
202406,연제구,음식/주점,10116,3531
202406,연제구,음식료품,2376,1144
202406,연제구,의료휄니스업,6793,1064
202406,영도구,비관광,531,20
202406,영도구,쇼핑업,3677,1145
202406,영도구,여가서비스업,2787,615
202406,영도구,여행/숙박업,858,480
202406,영도구,운송업,347,68
202406,영도구,음식/주점,5087,1562
202406,영도구,음식료품,1034,423
202406,영도구,의료휄니스업,3756,621
202406,중구,비관광,168,6
202406,중구,쇼핑업,1807,608
202406,중구,여가서비스업,1193,284
202406,중구,여행/숙박업,500,268
202406,중구,운송업,121,25
202406,중구,음식/주점,2516,836
202406,중구,음식료품,495,220
202406,중구,의료휄니스업,1525,258
202406,해운대구,비관광,2219,74
202406,해운대구,쇼핑업,11821,2799
202406,해운대구,여가서비스업,7200,1370
202406,해운대구,여행/숙박업,2308,696
202406,해운대구,운송업,1216,189
202406,해운대구,음식/주점,11540,3895
202406,해운대구,음식료품,2501,1150
202406,해운대구,의료휄니스업,9355,1179
202407,강서구,비관광,2519,86
202407,강서구,쇼핑업,8207,2161
202407,강서구,여가서비스업,7023,1020
202407,강서구,여행/숙박업,1356,341
202407,강서구,운송업,1442,137
202407,강서구,음식/주점,8798,2939
202407,강서구,음식료품,1981,901
202407,강서구,의료휄니스업,5911,916
202407,금정구,비관광,1103,38
202407,금정구,쇼핑업,5750,1702
202407,금정구,여가서비스업,4495,917
202407,금정구,여행/숙박업,1141,400
202407,금정구,운송업,737,98
202407,금정구,음식/주점,7067,2465
202407,금정구,음식료품,1588,776
202407,금정구,의료휄니스업,5038,845
202407,기장군,비관광,3727,134
202407,기장군,쇼핑업,14648,3971
202407,기장군,여가서비스업,12029,1925
202407,기장군,여행/숙박업,2318,660
202407,기장군,운송업,2183,344
202407,기장군,음식/주점,15930,5193
202407,기장군,음식료품,3464,1452
202407,기장군,의료휄니스업,10589,1759
202407,남구,비관광,1403,56
202407,남구,쇼핑업,7379,2071
202407,남구,여가서비스업,6095,1106
202407,남구,여행/숙박업,1601,563
202407,남구,운송업,996,139
202407,남구,음식/주점,8422,2886
202407,남구,음식료품,1914,905
202407,남구,의료휄니스업,6811,991
202407,동구,비관광,378,14
202407,동구,쇼핑업,2969,922
202407,동구,여가서비스업,2474,502
202407,동구,여행/숙박업,659,325
202407,동구,운송업,312,56
202407,동구,음식/주점,3741,1272
202407,동구,음식료품,776,356
202407,동구,의료휄니스업,2728,448
202407,동래구,비관광,2527,88
202407,동래구,쇼핑업,9718,2744
202407,동래구,여가서비스업,7520,1483
202407,동래구,여행/숙박업,1800,688
202407,동래구,운송업,1065,166
202407,동래구,음식/주점,11655,3986
202407,동래구,음식료품,2672,1300
202407,동래구,의료휄니스업,9046,1378
202407,부산진구,비관광,1356,52
202407,부산진구,쇼핑업,8027,2454
202407,부산진구,여가서비스업,6150,1343
202407,부산진구,여행/숙박업,1643,732
202407,부산진구,운송업,895,144
202407,부산진구,음식/주점,9897,3394
202407,부산진구,음식료품,2156,1075
202407,부산진구,의료휄니스업,7199,1165
202407,북구,비관광,1731,64
202407,북구,쇼핑업,8589,2515
202407,북구,여가서비스업,7444,1482
202407,북구,여행/숙박업,1542,654
202407,북구,운송업,1288,168
202407,북구,음식/주점,10607,3565
202407,북구,음식료품,2650,1389
202407,북구,의료휄니스업,7695,1270
202407,사상구,비관광,1016,39
202407,사상구,쇼핑업,7016,2267
202407,사상구,여가서비스업,6066,1240
202407,사상구,여행/숙박업,1370,670
202407,사상구,운송업,1100,135
202407,사상구,음식/주점,9088,2946
202407,사상구,음식료품,2120,987
202407,사상구,의료휄니스업,6348,1121
202407,사하구,비관광,1389,49
202407,사하구,쇼핑업,7765,2448
202407,사하구,여가서비스업,6345,1288
202407,사하구,여행/숙박업,1515,720
202407,사하구,운송업,1015,140
202407,사하구,음식/주점,9745,3198
202407,사하구,음식료품,2186,1005
202407,사하구,의료휄니스업,7086,1267
202407,서구,비관광,532,17
202407,서구,쇼핑업,3345,966
202407,서구,여가서비스업,2861,532
202407,서구,여행/숙박업,738,381
202407,서구,운송업,357,49
202407,서구,음식/주점,4137,1365
202407,서구,음식료품,882,370
202407,서구,의료휄니스업,3386,520
202407,수영구,비관광,1391,50
202407,수영구,쇼핑업,8581,2456
202407,수영구,여가서비스업,6533,1229
202407,수영구,여행/숙박업,1723,628
202407,수영구,운송업,822,137
202407,수영구,음식/주점,10092,3495
202407,수영구,음식료품,2274,1069
202407,수영구,의료휄니스업,7679,1124
202407,연제구,비관광,1754,63
202407,연제구,쇼핑업,8183,2378
202407,연제구,여가서비스업,6336,1291
202407,연제구,여행/숙박업,1698,617
202407,연제구,운송업,905,145
202407,연제구,음식/주점,9998,3501
202407,연제구,음식료품,2337,1123
202407,연제구,의료휄니스업,7043,1161
202407,영도구,비관광,539,19
202407,영도구,쇼핑업,3734,1134
202407,영도구,여가서비스업,3117,617
202407,영도구,여행/숙박업,845,473
202407,영도구,운송업,395,68
202407,영도구,음식/주점,4972,1542
202407,영도구,음식료품,975,415
202407,영도구,의료휄니스업,3875,663
202407,중구,비관광,175,6
202407,중구,쇼핑업,1828,615
202407,중구,여가서비스업,1385,291
202407,중구,여행/숙박업,540,268
202407,중구,운송업,140,26
202407,중구,음식/주점,2452,828
202407,중구,음식료품,472,220
202407,중구,의료휄니스업,1697,282
202407,해운대구,비관광,2296,75
202407,해운대구,쇼핑업,11758,2770
202407,해운대구,여가서비스업,8497,1377
202407,해운대구,여행/숙박업,2342,689
202407,해운대구,운송업,1424,191
202407,해운대구,음식/주점,11464,3832
202407,해운대구,음식료품,2396,1113
202407,해운대구,의료휄니스업,9538,1276
202408,강서구,비관광,2554,82
202408,강서구,쇼핑업,8124,2174
202408,강서구,여가서비스업,6350,1035
202408,강서구,여행/숙박업,1467,348
202408,강서구,운송업,1418,143
202408,강서구,음식/주점,9218,3036
202408,강서구,음식료품,2239,951
202408,강서구,의료휄니스업,5914,902
202408,금정구,비관광,1171,35
202408,금정구,쇼핑업,5669,1706
202408,금정구,여가서비스업,3958,912
202408,금정구,여행/숙박업,1163,407
202408,금정구,운송업,658,100
202408,금정구,음식/주점,7322,2529
202408,금정구,음식료품,1722,794
202408,금정구,의료휄니스업,4824,826
202408,기장군,비관광,3649,127
202408,기장군,쇼핑업,14623,3985
202408,기장군,여가서비스업,10621,1951
202408,기장군,여행/숙박업,2273,684
202408,기장군,운송업,2250,357
202408,기장군,음식/주점,16769,5364
202408,기장군,음식료품,3523,1471
202408,기장군,의료휄니스업,10317,1745
202408,남구,비관광,1487,52
202408,남구,쇼핑업,7338,2085
202408,남구,여가서비스업,5545,1112
202408,남구,여행/숙박업,1578,567
202408,남구,운송업,930,143
202408,남구,음식/주점,8826,2975
202408,남구,음식료품,2095,942
202408,남구,의료휄니스업,6571,970
202408,동구,비관광,409,13
202408,동구,쇼핑업,3011,934
202408,동구,여가서비스업,2107,501
202408,동구,여행/숙박업,665,326
202408,동구,운송업,351,56
202408,동구,음식/주점,3863,1312
202408,동구,음식료품,842,376
202408,동구,의료휄니스업,2708,443
202408,동래구,비관광,2658,80
202408,동래구,쇼핑업,9635,2750
202408,동래구,여가서비스업,6578,1486
202408,동래구,여행/숙박업,1882,686
202408,동래구,운송업,1006,166
202408,동래구,음식/주점,12063,4075
202408,동래구,음식료품,2870,1349
202408,동래구,의료휄니스업,8861,1349
202408,부산진구,비관광,1359,48
202408,부산진구,쇼핑업,7903,2462
202408,부산진구,여가서비스업,5581,1353
202408,부산진구,여행/숙박업,1671,740
202408,부산진구,운송업,918,149
202408,부산진구,음식/주점,10271,3490
202408,부산진구,음식료품,2385,1134
202408,부산진구,의료휄니스업,7030,1145
202408,북구,비관광,1768,61
202408,북구,쇼핑업,8459,2520
202408,북구,여가서비스업,6662,1490
202408,북구,여행/숙박업,1580,659
202408,북구,운송업,1112,175
202408,북구,음식/주점,11126,3702
202408,북구,음식료품,2881,1434
202408,북구,의료휄니스업,7590,1253
202408,사상구,비관광,1080,37
202408,사상구,쇼핑업,6913,2274
202408,사상구,여가서비스업,5488,1244
202408,사상구,여행/숙박업,1360,678
202408,사상구,운송업,859,138
202408,사상구,음식/주점,9519,3064
202408,사상구,음식료품,2314,1030
202408,사상구,의료휄니스업,6261,1105
202408,사하구,비관광,1415,46
202408,사하구,쇼핑업,7670,2457
202408,사하구,여가서비스업,5703,1300
202408,사하구,여행/숙박업,1530,731
202408,사하구,운송업,1080,139
202408,사하구,음식/주점,10139,3319
202408,사하구,음식료품,2364,1028
202408,사하구,의료휄니스업,6931,1227
202408,서구,비관광,533,16
202408,서구,쇼핑업,3287,978
202408,서구,여가서비스업,2185,538
202408,서구,여행/숙박업,772,385
202408,서구,운송업,271,50
202408,서구,음식/주점,4326,1423
202408,서구,음식료품,940,391
202408,서구,의료휄니스업,3274,510
202408,수영구,비관광,1508,48
202408,수영구,쇼핑업,8665,2485
202408,수영구,여가서비스업,5580,1235
202408,수영구,여행/숙박업,1786,630
202408,수영구,운송업,951,142
202408,수영구,음식/주점,10431,3566
202408,수영구,음식료품,2387,1099
202408,수영구,의료휄니스업,7791,1100
202408,연제구,비관광,1862,59
202408,연제구,쇼핑업,8209,2397
202408,연제구,여가서비스업,5510,1299
202408,연제구,여행/숙박업,1620,624
202408,연제구,운송업,821,144
202408,연제구,음식/주점,10350,3596
202408,연제구,음식료품,2557,1171
202408,연제구,의료휄니스업,7074,1140
202408,영도구,비관광,514,16
202408,영도구,쇼핑업,3649,1147
202408,영도구,여가서비스업,2827,619
202408,영도구,여행/숙박업,871,485
202408,영도구,운송업,453,69
202408,영도구,음식/주점,5203,1591
202408,영도구,음식료품,1095,439
202408,영도구,의료휄니스업,3721,644
202408,중구,비관광,169,6
202408,중구,쇼핑업,1797,617
202408,중구,여가서비스업,1214,292
202408,중구,여행/숙박업,504,278
202408,중구,운송업,136,27
202408,중구,음식/주점,2555,857
202408,중구,음식료품,495,228
202408,중구,의료휄니스업,1614,268
202408,해운대구,비관광,2415,68
202408,해운대구,쇼핑업,11489,2762
202408,해운대구,여가서비스업,7476,1364
202408,해운대구,여행/숙박업,2384,685
202408,해운대구,운송업,1062,194
202408,해운대구,음식/주점,11811,3923
202408,해운대구,음식료품,2561,1151
202408,해운대구,의료휄니스업,9348,1254
202409,강서구,비관광,2588,83
202409,강서구,쇼핑업,8719,2157
202409,강서구,여가서비스업,7613,1061
202409,강서구,여행/숙박업,1392,335
202409,강서구,운송업,1233,138
202409,강서구,음식/주점,8970,2889
202409,강서구,음식료품,2621,938
202409,강서구,의료휄니스업,5562,816
202409,금정구,비관광,1102,37
202409,금정구,쇼핑업,6123,1706
202409,금정구,여가서비스업,4639,954
202409,금정구,여행/숙박업,1245,398
202409,금정구,운송업,692,93
202409,금정구,음식/주점,7193,2440
202409,금정구,음식료품,2108,808
202409,금정구,의료휄니스업,4813,761
202409,기장군,비관광,3794,131
202409,기장군,쇼핑업,15762,3975
202409,기장군,여가서비스업,11801,1980
202409,기장군,여행/숙박업,2055,645
202409,기장군,운송업,2478,342
202409,기장군,음식/주점,16403,5125
202409,기장군,음식료품,4444,1477
202409,기장군,의료휄니스업,9863,1604
202409,남구,비관광,1370,53
202409,남구,쇼핑업,7916,2084
202409,남구,여가서비스업,6222,1165
202409,남구,여행/숙박업,1509,542
202409,남구,운송업,990,136
202409,남구,음식/주점,8628,2860
202409,남구,음식료품,2557,947
202409,남구,의료휄니스업,6452,890
202409,동구,비관광,387,14
202409,동구,쇼핑업,3167,928
202409,동구,여가서비스업,2425,532
202409,동구,여행/숙박업,680,320
202409,동구,운송업,283,53
202409,동구,음식/주점,3793,1259
202409,동구,음식료품,1012,374
202409,동구,의료휄니스업,2664,401
202409,동래구,비관광,2479,87
202409,동래구,쇼핑업,10502,2709
202409,동래구,여가서비스업,7689,1552
202409,동래구,여행/숙박업,1816,660
202409,동래구,운송업,1105,160
202409,동래구,음식/주점,11786,3918
202409,동래구,음식료품,3566,1360
202409,동래구,의료휄니스업,8222,1237
202409,부산진구,비관광,1354,49
202409,부산진구,쇼핑업,8645,2459
202409,부산진구,여가서비스업,6378,1421
202409,부산진구,여행/숙박업,1646,717
202409,부산진구,운송업,990,143
202409,부산진구,음식/주점,10173,3351
202409,부산진구,음식료품,2905,1126
202409,부산진구,의료휄니스업,6730,1036
202409,북구,비관광,1711,63
202409,북구,쇼핑업,9087,2497
202409,북구,여가서비스업,7529,1542
202409,북구,여행/숙박업,1518,645
202409,북구,운송업,1130,163
202409,북구,음식/주점,10826,3546
202409,북구,음식료품,3472,1404
202409,북구,의료휄니스업,7582,1142
202409,사상구,비관광,1064,38
202409,사상구,쇼핑업,7528,2273
202409,사상구,여가서비스업,6030,1294
202409,사상구,여행/숙박업,1405,674
202409,사상구,운송업,937,133
202409,사상구,음식/주점,9319,2942
202409,사상구,음식료품,2909,1050
202409,사상구,의료휄니스업,6061,1012
202409,사하구,비관광,1401,46
202409,사하구,쇼핑업,8242,2438
202409,사하구,여가서비스업,6340,1349
202409,사하구,여행/숙박업,1500,719
202409,사하구,운송업,1075,137
202409,사하구,음식/주점,9945,3180
202409,사하구,음식료품,2921,1020
202409,사하구,의료휄니스업,6706,1117
202409,서구,비관광,622,17
202409,서구,쇼핑업,3485,960
202409,서구,여가서비스업,2589,561
202409,서구,여행/숙박업,732,377
202409,서구,운송업,286,48
202409,서구,음식/주점,4182,1340
202409,서구,음식료품,1201,396
202409,서구,의료휄니스업,3251,463
202409,수영구,비관광,1528,51
202409,수영구,쇼핑업,9147,2440
202409,수영구,여가서비스업,6768,1285
202409,수영구,여행/숙박업,1713,604
202409,수영구,운송업,865,135
202409,수영구,음식/주점,10127,3401
202409,수영구,음식료품,3014,1113
202409,수영구,의료휄니스업,7676,1014
202409,연제구,비관광,1771,63
202409,연제구,쇼핑업,8752,2366
202409,연제구,여가서비스업,6385,1359
202409,연제구,여행/숙박업,1577,592
202409,연제구,운송업,987,141
202409,연제구,음식/주점,10211,3439
202409,연제구,음식료품,3107,1172
202409,연제구,의료휄니스업,6824,1045
202409,영도구,비관광,527,18
202409,영도구,쇼핑업,3899,1128
202409,영도구,여가서비스업,3088,649
202409,영도구,여행/숙박업,873,477
202409,영도구,운송업,419,65
202409,영도구,음식/주점,5134,1520
202409,영도구,음식료품,1430,444
202409,영도구,의료휄니스업,3759,594
202409,중구,비관광,165,6
202409,중구,쇼핑업,1882,609
202409,중구,여가서비스업,1365,307
202409,중구,여행/숙박업,480,270
202409,중구,운송업,157,26
202409,중구,음식/주점,2538,829
202409,중구,음식료품,618,226
202409,중구,의료휄니스업,1452,246
202409,해운대구,비관광,2288,75
202409,해운대구,쇼핑업,12372,2728
202409,해운대구,여가서비스업,9021,1425
202409,해운대구,여행/숙박업,2257,659
202409,해운대구,운송업,1446,188
202409,해운대구,음식/주점,11644,3778
202409,해운대구,음식료품,3108,1165
202409,해운대구,의료휄니스업,8958,1145
202410,강서구,비관광,2392,82
202410,강서구,쇼핑업,8292,2110
202410,강서구,여가서비스업,6660,1028
202410,강서구,여행/숙박업,1264,317
202410,강서구,운송업,1429,139
202410,강서구,음식/주점,8543,2876
202410,강서구,음식료품,2066,889
202410,강서구,의료휄니스업,5741,868
202410,금정구,비관광,1006,34
202410,금정구,쇼핑업,5774,1677
202410,금정구,여가서비스업,4126,917
202410,금정구,여행/숙박업,1184,390
202410,금정구,운송업,651,95
202410,금정구,음식/주점,6991,2471
202410,금정구,음식료품,1680,798
202410,금정구,의료휄니스업,4912,818
202410,기장군,비관광,3481,127
202410,기장군,쇼핑업,15073,3898
202410,기장군,여가서비스업,10915,1894
202410,기장군,여행/숙박업,2157,630
202410,기장군,운송업,2079,344
202410,기장군,음식/주점,15727,5106
202410,기장군,음식료품,3528,1394
202410,기장군,의료휄니스업,10356,1731
202410,남구,비관광,1281,53
202410,남구,쇼핑업,7583,2053
202410,남구,여가서비스업,5472,1128
202410,남구,여행/숙박업,1543,542
202410,남구,운송업,924,137
202410,남구,음식/주점,8411,2903
202410,남구,음식료품,2023,928
202410,남구,의료휄니스업,6786,953
202410,동구,비관광,358,13
202410,동구,쇼핑업,3053,920
202410,동구,여가서비스업,2268,518
202410,동구,여행/숙박업,640,315
202410,동구,운송업,263,55
202410,동구,음식/주점,3741,1281
202410,동구,음식료품,806,362
202410,동구,의료휄니스업,2634,435
202410,동래구,비관광,2308,81
202410,동래구,쇼핑업,9921,2677
202410,동래구,여가서비스업,6756,1498
202410,동래구,여행/숙박업,1818,657
202410,동래구,운송업,1101,166
202410,동래구,음식/주점,11468,3944
202410,동래구,음식료품,2769,1312
202410,동래구,의료휄니스업,8794,1331
202410,부산진구,비관광,1232,47
202410,부산진구,쇼핑업,8173,2416
202410,부산진구,여가서비스업,5858,1374
202410,부산진구,여행/숙박업,1660,708
202410,부산진구,운송업,751,142
202410,부산진구,음식/주점,9893,3392
202410,부산진구,음식료품,2262,1081
202410,부산진구,의료휄니스업,7017,1122
202410,북구,비관광,1627,64
202410,북구,쇼핑업,8662,2451
202410,북구,여가서비스업,6891,1494
202410,북구,여행/숙박업,1554,636
202410,북구,운송업,1288,168
202410,북구,음식/주점,10551,3561
202410,북구,음식료품,2787,1373
202410,북구,의료휄니스업,7695,1239
202410,사상구,비관광,1003,36
202410,사상구,쇼핑업,7090,2222
202410,사상구,여가서비스업,5700,1252
202410,사상구,여행/숙박업,1360,656
202410,사상구,운송업,1051,135
202410,사상구,음식/주점,8985,2930
202410,사상구,음식료품,2241,1001
202410,사상구,의료휄니스업,6461,1101
202410,사하구,비관광,1304,46
202410,사하구,쇼핑업,7895,2388
202410,사하구,여가서비스업,5939,1304
202410,사하구,여행/숙박업,1449,700
202410,사하구,운송업,1080,141
202410,사하구,음식/주점,9552,3165
202410,사하구,음식료품,2233,1003
202410,사하구,의료휄니스업,6908,1206
202410,서구,비관광,523,16
202410,서구,쇼핑업,3412,945
202410,서구,여가서비스업,2406,541
202410,서구,여행/숙박업,759,365
202410,서구,운송업,378,48
202410,서구,음식/주점,4068,1338
202410,서구,음식료품,960,381
202410,서구,의료휄니스업,3253,496
202410,수영구,비관광,1340,47
202410,수영구,쇼핑업,8883,2418
202410,수영구,여가서비스업,5776,1249
202410,수영구,여행/숙박업,1650,604
202410,수영구,운송업,782,136
202410,수영구,음식/주점,10042,3443
202410,수영구,음식료품,2356,1079
202410,수영구,의료휄니스업,7940,1099
202410,연제구,비관광,1638,59
202410,연제구,쇼핑업,8491,2341
202410,연제구,여가서비스업,5689,1316
202410,연제구,여행/숙박업,1557,594
202410,연제구,운송업,882,144
202410,연제구,음식/주점,10004,3517
202410,연제구,음식료품,2487,1128
202410,연제구,의료휄니스업,7207,1124
202410,영도구,비관광,474,17
202410,영도구,쇼핑업,3762,1109
202410,영도구,여가서비스업,2949,629
202410,영도구,여행/숙박업,834,467
202410,영도구,운송업,439,67
202410,영도구,음식/주점,4947,1520
202410,영도구,음식료품,1037,416
202410,영도구,의료휄니스업,3783,637
202410,중구,비관광,162,6
202410,중구,쇼핑업,1791,593
202410,중구,여가서비스업,1309,294
202410,중구,여행/숙박업,484,257
202410,중구,운송업,157,25
202410,중구,음식/주점,2467,831
202410,중구,음식료품,493,222
202410,중구,의료휄니스업,1742,268
202410,해운대구,비관광,2061,69
202410,해운대구,쇼핑업,11921,2695
202410,해운대구,여가서비스업,7333,1382
202410,해운대구,여행/숙박업,2325,663
202410,해운대구,운송업,1302,191
202410,해운대구,음식/주점,11263,3815
202410,해운대구,음식료품,2538,1115
202410,해운대구,의료휄니스업,9794,1239
202411,강서구,비관광,2572,83
202411,강서구,쇼핑업,9071,2266
202411,강서구,여가서비스업,6990,1106
202411,강서구,여행/숙박업,1320,375
202411,강서구,운송업,1634,147
202411,강서구,음식/주점,9089,2950
202411,강서구,음식료품,2330,940
202411,강서구,의료휄니스업,6192,947
202411,금정구,비관광,1124,37
202411,금정구,쇼핑업,6244,1785
202411,금정구,여가서비스업,4352,1008
202411,금정구,여행/숙박업,1156,426
202411,금정구,운송업,795,98
202411,금정구,음식/주점,7458,2560
202411,금정구,음식료품,1877,856
202411,금정구,의료휄니스업,5269,886
202411,기장군,비관광,3838,130
202411,기장군,쇼핑업,16142,4111
202411,기장군,여가서비스업,11535,2091
202411,기장군,여행/숙박업,2083,702
202411,기장군,운송업,2685,372
202411,기장군,음식/주점,16627,5263
202411,기장군,음식료품,3911,1464
202411,기장군,의료휄니스업,11181,1886
202411,남구,비관광,1408,54
202411,남구,쇼핑업,8231,2202
202411,남구,여가서비스업,5564,1238
202411,남구,여행/숙박업,1591,594
202411,남구,운송업,1182,141
202411,남구,음식/주점,8977,3035
202411,남구,음식료품,2230,1000
202411,남구,의료휄니스업,6969,1038
202411,동구,비관광,407,14
202411,동구,쇼핑업,3342,973
202411,동구,여가서비스업,2354,565
202411,동구,여행/숙박업,701,341
202411,동구,운송업,482,59
202411,동구,음식/주점,4022,1332
202411,동구,음식료품,906,384
202411,동구,의료휄니스업,2913,475
202411,동래구,비관광,2576,90
202411,동래구,쇼핑업,10788,2841
202411,동래구,여가서비스업,7250,1666
202411,동래구,여행/숙박업,1894,710
202411,동래구,운송업,1200,174
202411,동래구,음식/주점,12359,4114
202411,동래구,음식료품,3191,1418
202411,동래구,의료휄니스업,9717,1458
202411,부산진구,비관광,1327,48
202411,부산진구,쇼핑업,8766,2533
202411,부산진구,여가서비스업,6091,1499
202411,부산진구,여행/숙박업,1627,763
202411,부산진구,운송업,1047,148
202411,부산진구,음식/주점,10457,3487
202411,부산진구,음식료품,2500,1137
202411,부산진구,의료휄니스업,7667,1212
202411,북구,비관광,1696,63
202411,북구,쇼핑업,9186,2558
202411,북구,여가서비스업,7103,1619
202411,북구,여행/숙박업,1472,678
202411,북구,운송업,1232,170
202411,북구,음식/주점,11006,3641
202411,북구,음식료품,3055,1413
202411,북구,의료휄니스업,8261,1323
202411,사상구,비관광,1046,37
202411,사상구,쇼핑업,7523,2335
202411,사상구,여가서비스업,5947,1365
202411,사상구,여행/숙박업,1368,706
202411,사상구,운송업,1228,137
202411,사상구,음식/주점,9477,3010
202411,사상구,음식료품,2540,1079
202411,사상구,의료휄니스업,6825,1179
202411,사하구,비관광,1372,47
202411,사하구,쇼핑업,8431,2520
202411,사하구,여가서비스업,6230,1430
202411,사하구,여행/숙박업,1541,762
202411,사하구,운송업,1290,144
202411,사하구,음식/주점,10143,3268
202411,사하구,음식료품,2524,1067
202411,사하구,의료휄니스업,7445,1298
202411,서구,비관광,590,18
202411,서구,쇼핑업,3633,1002
202411,서구,여가서비스업,2460,595
202411,서구,여행/숙박업,775,401
202411,서구,운송업,309,50
202411,서구,음식/주점,4400,1408
202411,서구,음식료품,1041,412
202411,서구,의료휄니스업,3633,533
202411,수영구,비관광,1488,50
202411,수영구,쇼핑업,9436,2518
202411,수영구,여가서비스업,5953,1360
202411,수영구,여행/숙박업,1729,651
202411,수영구,운송업,928,139
202411,수영구,음식/주점,10504,3516
202411,수영구,음식료품,2676,1164
202411,수영구,의료휄니스업,8216,1188
202411,연제구,비관광,1764,63
202411,연제구,쇼핑업,9012,2441
202411,연제구,여가서비스업,6018,1430
202411,연제구,여행/숙박업,1692,631
202411,연제구,운송업,945,150
202411,연제구,음식/주점,10495,3570
202411,연제구,음식료품,2743,1211
202411,연제구,의료휄니스업,7658,1232
202411,영도구,비관광,519,18
202411,영도구,쇼핑업,3969,1168
202411,영도구,여가서비스업,3054,682
202411,영도구,여행/숙박업,884,506
202411,영도구,운송업,493,71
202411,영도구,음식/주점,5248,1564
202411,영도구,음식료품,1139,441
202411,영도구,의료휄니스업,4013,685
202411,중구,비관광,172,6
202411,중구,쇼핑업,1961,638
202411,중구,여가서비스업,1280,323
202411,중구,여행/숙박업,505,280
202411,중구,운송업,194,26
202411,중구,음식/주점,2610,872
202411,중구,음식료품,556,250
202411,중구,의료휄니스업,1812,282
202411,해운대구,비관광,2341,76
202411,해운대구,쇼핑업,12850,2852
202411,해운대구,여가서비스업,7643,1528
202411,해운대구,여행/숙박업,2618,719
202411,해운대구,운송업,1469,199
202411,해운대구,음식/주점,11905,3924
202411,해운대구,음식료품,2839,1183
202411,해운대구,의료휄니스업,10042,1344
202412,강서구,비관광,2582,81
202412,강서구,쇼핑업,9245,2197
202412,강서구,여가서비스업,7381,1105
202412,강서구,여행/숙박업,1674,400
202412,강서구,운송업,1272,142
202412,강서구,음식/주점,9669,2782
202412,강서구,음식료품,2547,892
202412,강서구,의료휄니스업,6372,997
202412,금정구,비관광,1057,35
202412,금정구,쇼핑업,6395,1722
202412,금정구,여가서비스업,4470,1004
202412,금정구,여행/숙박업,1247,444
202412,금정구,운송업,685,95
202412,금정구,음식/주점,7864,2419
202412,금정구,음식료품,2042,823
202412,금정구,의료휄니스업,5448,920
202412,기장군,비관광,3731,126
202412,기장군,쇼핑업,16252,3972
202412,기장군,여가서비스업,12214,2082
202412,기장군,여행/숙박업,2394,747
202412,기장군,운송업,2173,360
202412,기장군,음식/주점,17169,4957
202412,기장군,음식료품,4210,1396
202412,기장군,의료휄니스업,11779,1923
202412,남구,비관광,1415,53
202412,남구,쇼핑업,8273,2123
202412,남구,여가서비스업,5808,1243
202412,남구,여행/숙박업,1827,622
202412,남구,운송업,1182,138
202412,남구,음식/주점,9443,2853
202412,남구,음식료품,2405,952
202412,남구,의료휄니스업,7276,1070
202412,동구,비관광,393,14
202412,동구,쇼핑업,3393,943
202412,동구,여가서비스업,2499,567
202412,동구,여행/숙박업,784,357
202412,동구,운송업,411,57
202412,동구,음식/주점,4212,1256
202412,동구,음식료품,974,365
202412,동구,의료휄니스업,3119,485
202412,동래구,비관광,2526,86
202412,동래구,쇼핑업,10942,2748
202412,동래구,여가서비스업,7488,1661
202412,동래구,여행/숙박업,2124,750
202412,동래구,운송업,1272,165
202412,동래구,음식/주점,13026,3886
202412,동래구,음식료품,3493,1382
202412,동래구,의료휄니스업,9703,1514
202412,부산진구,비관광,1329,47
202412,부산진구,쇼핑업,8730,2436
202412,부산진구,여가서비스업,6321,1502
202412,부산진구,여행/숙박업,1748,800
202412,부산진구,운송업,789,143
202412,부산진구,음식/주점,10974,3281
202412,부산진구,음식료품,2710,1099
202412,부산진구,의료휄니스업,7789,1258
202412,북구,비관광,1710,61
202412,북구,쇼핑업,9259,2470
202412,북구,여가서비스업,7340,1608
202412,북구,여행/숙박업,1748,701
202412,북구,운송업,1205,170
202412,북구,음식/주점,11656,3439
202412,북구,음식료품,3312,1365
202412,북구,의료휄니스업,8109,1359
202412,사상구,비관광,1047,36
202412,사상구,쇼핑업,7526,2248
202412,사상구,여가서비스업,6063,1357
202412,사상구,여행/숙박업,1538,741
202412,사상구,운송업,954,134
202412,사상구,음식/주점,9948,2824
202412,사상구,음식료품,2794,1072
202412,사상구,의료휄니스업,6826,1196
202412,사하구,비관광,1370,44
202412,사하구,쇼핑업,8400,2426
202412,사하구,여가서비스업,6345,1422
202412,사하구,여행/숙박업,1634,792
202412,사하구,운송업,1088,135
202412,사하구,음식/주점,10529,3070
202412,사하구,음식료품,2782,1023
202412,사하구,의료휄니스업,7510,1328
202412,서구,비관광,557,17
202412,서구,쇼핑업,3696,971
202412,서구,여가서비스업,2525,593
202412,서구,여행/숙박업,866,414
202412,서구,운송업,343,48
202412,서구,음식/주점,4581,1326
202412,서구,음식료품,1140,393
202412,서구,의료휄니스업,3637,554
202412,수영구,비관광,1398,46
202412,수영구,쇼핑업,9561,2440
202412,수영구,여가서비스업,6024,1365
202412,수영구,여행/숙박업,1909,684
202412,수영구,운송업,823,133
202412,수영구,음식/주점,11028,3313
202412,수영구,음식료품,2920,1137
202412,수영구,의료휄니스업,8549,1215
202412,연제구,비관광,1759,60
202412,연제구,쇼핑업,8963,2354
202412,연제구,여가서비스업,6135,1420
202412,연제구,여행/숙박업,1730,666
202412,연제구,운송업,1100,147
202412,연제구,음식/주점,11101,3366
202412,연제구,음식료품,2962,1177
202412,연제구,의료휄니스업,8114,1248
202412,영도구,비관광,523,17
202412,영도구,쇼핑업,3934,1123
202412,영도구,여가서비스업,3179,678
202412,영도구,여행/숙박업,945,516
202412,영도구,운송업,461,67
202412,영도구,음식/주점,5360,1468
202412,영도구,음식료품,1210,427
202412,영도구,의료휄니스업,4131,710
202412,중구,비관광,175,6
202412,중구,쇼핑업,2014,621
202412,중구,여가서비스업,1349,322
202412,중구,여행/숙박업,545,281
202412,중구,운송업,130,25
202412,중구,음식/주점,2697,822
202412,중구,음식료품,619,241
202412,중구,의료휄니스업,1741,289
202412,해운대구,비관광,2251,69
202412,해운대구,쇼핑업,12884,2752
202412,해운대구,여가서비스업,7568,1529
202412,해운대구,여행/숙박업,2603,755
202412,해운대구,운송업,1387,189
202412,해운대구,음식/주점,12553,3689
202412,해운대구,음식료품,3001,1129
202412,해운대구,의료휄니스업,10457,1372
202501,강서구,비관광,2463,75
202501,강서구,쇼핑업,8821,2117
202501,강서구,여가서비스업,7148,1061
202501,강서구,여행/숙박업,1445,394
202501,강서구,운송업,1190,138
202501,강서구,음식/주점,9217,2736
202501,강서구,음식료품,2924,924
202501,강서구,의료휄니스업,6234,916
202501,금정구,비관광,1074,34
202501,금정구,쇼핑업,6064,1626
202501,금정구,여가서비스업,4271,955
202501,금정구,여행/숙박업,1145,410
202501,금정구,운송업,546,91
202501,금정구,음식/주점,7257,2271
202501,금정구,음식료품,2440,843
202501,금정구,의료휄니스업,5358,879
202501,기장군,비관광,3580,114
202501,기장군,쇼핑업,15526,3837
202501,기장군,여가서비스업,11633,2001
202501,기장군,여행/숙박업,2260,695
202501,기장군,운송업,1842,344
202501,기장군,음식/주점,16516,4777
202501,기장군,음식료품,4875,1422
202501,기장군,의료휄니스업,11589,1795
202501,남구,비관광,1414,49
202501,남구,쇼핑업,7743,2001
202501,남구,여가서비스업,5580,1187
202501,남구,여행/숙박업,1619,581
202501,남구,운송업,749,131
202501,남구,음식/주점,8632,2675
202501,남구,음식료품,2903,980
202501,남구,의료휄니스업,6867,1008
202501,동구,비관광,366,12
202501,동구,쇼핑업,3239,906
202501,동구,여가서비스업,2373,543
202501,동구,여행/숙박업,702,332
202501,동구,운송업,303,54
202501,동구,음식/주점,3900,1198
202501,동구,음식료품,1179,383
202501,동구,의료휄니스업,2846,469
202501,동래구,비관광,2620,87
202501,동래구,쇼핑업,10619,2644
202501,동래구,여가서비스업,7008,1597
202501,동래구,여행/숙박업,1860,702
202501,동래구,운송업,924,158
202501,동래구,음식/주점,12208,3732
202501,동래구,음식료품,4194,1443
202501,동래구,의료휄니스업,9546,1428
202501,부산진구,비관광,1291,44
202501,부산진구,쇼핑업,8289,2338
202501,부산진구,여가서비스업,6074,1445
202501,부산진구,여행/숙박업,1643,755
202501,부산진구,운송업,827,136
202501,부산진구,음식/주점,10242,3145
202501,부산진구,음식료품,3269,1159
202501,부산진구,의료휄니스업,7553,1206
202501,북구,비관광,1676,57
202501,북구,쇼핑업,8862,2366
202501,북구,여가서비스업,6963,1536
202501,북구,여행/숙박업,1512,657
202501,북구,운송업,1193,161
202501,북구,음식/주점,10876,3312
202501,북구,음식료품,3905,1431
202501,북구,의료휄니스업,7957,1308
202501,사상구,비관광,1009,33
202501,사상구,쇼핑업,7179,2143
202501,사상구,여가서비스업,5694,1310
202501,사상구,여행/숙박업,1364,691
202501,사상구,운송업,850,126
202501,사상구,음식/주점,9177,2683
202501,사상구,음식료품,3375,1119
202501,사상구,의료휄니스업,6535,1161
202501,사하구,비관광,1323,40
202501,사하구,쇼핑업,8135,2332
202501,사하구,여가서비스업,6018,1360
202501,사하구,여행/숙박업,1533,752
202501,사하구,운송업,1058,130
202501,사하구,음식/주점,9896,2949
202501,사하구,음식료품,3340,1051
202501,사하구,의료휄니스업,7155,1279
202501,서구,비관광,503,15
202501,서구,쇼핑업,3467,937
202501,서구,여가서비스업,2435,573
202501,서구,여행/숙박업,807,396
202501,서구,운송업,364,46
202501,서구,음식/주점,4296,1270
202501,서구,음식료품,1369,403
202501,서구,의료휄니스업,3519,527
202501,수영구,비관광,1390,45
202501,수영구,쇼핑업,9027,2331
202501,수영구,여가서비스업,5828,1322
202501,수영구,여행/숙박업,1724,641
202501,수영구,운송업,958,128
202501,수영구,음식/주점,10154,3159
202501,수영구,음식료품,3605,1226
202501,수영구,의료휄니스업,8069,1152
202501,연제구,비관광,1793,59
202501,연제구,쇼핑업,8647,2264
202501,연제구,여가서비스업,5880,1377
202501,연제구,여행/숙박업,1633,627
202501,연제구,운송업,891,137
202501,연제구,음식/주점,10437,3230
202501,연제구,음식료품,3628,1251
202501,연제구,의료휄니스업,7546,1195
202501,영도구,비관광,488,16
202501,영도구,쇼핑업,3785,1077
202501,영도구,여가서비스업,3007,652
202501,영도구,여행/숙박업,883,488
202501,영도구,운송업,338,65
202501,영도구,음식/주점,5005,1401
202501,영도구,음식료품,1566,447
202501,영도구,의료휄니스업,3951,677
202501,중구,비관광,150,5
202501,중구,쇼핑업,1820,599
202501,중구,여가서비스업,1279,315
202501,중구,여행/숙박업,616,269
202501,중구,운송업,129,24
202501,중구,음식/주점,2498,771
202501,중구,음식료품,716,246
202501,중구,의료휄니스업,1753,276
202501,해운대구,비관광,2217,66
202501,해운대구,쇼핑업,12088,2618
202501,해운대구,여가서비스업,7268,1443
202501,해운대구,여행/숙박업,2588,714
202501,해운대구,운송업,1024,180
202501,해운대구,음식/주점,11606,3506
202501,해운대구,음식료품,3569,1165
202501,해운대구,의료휄니스업,9928,1300
202502,강서구,비관광,2678,80
202502,강서구,쇼핑업,7520,1854
202502,강서구,여가서비스업,6072,957
202502,강서구,여행/숙박업,1208,324
202502,강서구,운송업,1357,124
202502,강서구,음식/주점,7544,2363
202502,강서구,음식료품,1880,791
202502,강서구,의료휄니스업,5709,804
202502,금정구,비관광,1265,37
202502,금정구,쇼핑업,5868,1631
202502,금정구,여가서비스업,4306,1002
202502,금정구,여행/숙박업,1192,415
202502,금정구,운송업,664,95
202502,금정구,음식/주점,7121,2349
202502,금정구,음식료품,1754,814
202502,금정구,의료휄니스업,5521,880
202502,기장군,비관광,4317,136
202502,기장군,쇼핑업,15019,3844
202502,기장군,여가서비스업,11557,2087
202502,기장군,여행/숙박업,2232,715
202502,기장군,운송업,2123,343
202502,기장군,음식/주점,15849,4866
202502,기장군,음식료품,3726,1362
202502,기장군,의료휄니스업,11987,1806
202502,남구,비관광,1687,56
202502,남구,쇼핑업,7506,2015
202502,남구,여가서비스업,5620,1261
202502,남구,여행/숙박업,1683,599
202502,남구,운송업,877,137
202502,남구,음식/주점,8491,2769
202502,남구,음식료품,2117,931
202502,남구,의료휄니스업,7301,1025
202502,동구,비관광,466,15
202502,동구,쇼핑업,3111,904
202502,동구,여가서비스업,2427,573
202502,동구,여행/숙박업,708,337
202502,동구,운송업,384,56
202502,동구,음식/주점,3826,1222
202502,동구,음식료품,816,356
202502,동구,의료휄니스업,3060,465
202502,동래구,비관광,3004,94
202502,동래구,쇼핑업,10159,2656
202502,동래구,여가서비스업,7174,1672
202502,동래구,여행/숙박업,1977,720
202502,동래구,운송업,1120,170
202502,동래구,음식/주점,11990,3870
202502,동래구,음식료품,3045,1394
202502,동래구,의료휄니스업,9693,1457
202502,부산진구,비관광,1572,50
202502,부산진구,쇼핑업,8083,2362
202502,부산진구,여가서비스업,6050,1520
202502,부산진구,여행/숙박업,1744,772
202502,부산진구,운송업,950,142
202502,부산진구,음식/주점,10080,3238
202502,부산진구,음식료품,2430,1102
202502,부산진구,의료휄니스업,7911,1206
202502,북구,비관광,1994,66
202502,북구,쇼핑업,8458,2365
202502,북구,여가서비스업,7016,1605
202502,북구,여행/숙박업,1565,676
202502,북구,운송업,1246,166
202502,북구,음식/주점,10593,3373
202502,북구,음식료품,2895,1387
202502,북구,의료휄니스업,8305,1315
202502,사상구,비관광,1201,38
202502,사상구,쇼핑업,6861,2140
202502,사상구,여가서비스업,5788,1360
202502,사상구,여행/숙박업,1353,698
202502,사상구,운송업,929,129
202502,사상구,음식/주점,8843,2705
202502,사상구,음식료품,2398,1051
202502,사상구,의료휄니스업,6726,1151
202502,사하구,비관광,1584,47
202502,사하구,쇼핑업,7686,2325
202502,사하구,여가서비스업,6214,1410
202502,사하구,여행/숙박업,1503,749
202502,사하구,운송업,1025,129
202502,사하구,음식/주점,9547,2997
202502,사하구,음식료품,2277,986
202502,사하구,의료휄니스업,7566,1280
202502,서구,비관광,606,18
202502,서구,쇼핑업,3407,941
202502,서구,여가서비스업,2512,604
202502,서구,여행/숙박업,801,402
202502,서구,운송업,403,47
202502,서구,음식/주점,4245,1307
202502,서구,음식료품,969,383
202502,서구,의료휄니스업,3695,535
202502,수영구,비관광,1689,50
202502,수영구,쇼핑업,8685,2343
202502,수영구,여가서비스업,5895,1385
202502,수영구,여행/숙박업,1884,660
202502,수영구,운송업,1037,130
202502,수영구,음식/주점,9880,3238
202502,수영구,음식료품,2567,1158
202502,수영구,의료휄니스업,8134,1179
202502,연제구,비관광,2182,66
202502,연제구,쇼핑업,8390,2282
202502,연제구,여가서비스업,6063,1452
202502,연제구,여행/숙박업,1712,639
202502,연제구,운송업,862,144
202502,연제구,음식/주점,10292,3369
202502,연제구,음식료품,2571,1162
202502,연제구,의료휄니스업,8001,1202
202502,영도구,비관광,597,19
202502,영도구,쇼핑업,3582,1074
202502,영도구,여가서비스업,3013,680
202502,영도구,여행/숙박업,862,499
202502,영도구,운송업,368,67
202502,영도구,음식/주점,4880,1440
202502,영도구,음식료품,1007,405
202502,영도구,의료휄니스업,4221,688
202502,중구,비관광,176,6
202502,중구,쇼핑업,1805,593
202502,중구,여가서비스업,1280,322
202502,중구,여행/숙박업,507,269
202502,중구,운송업,140,27
202502,중구,음식/주점,2446,787
202502,중구,음식료품,537,233
202502,중구,의료휄니스업,1824,281
202502,해운대구,비관광,2705,75
202502,해운대구,쇼핑업,11988,2649
202502,해운대구,여가서비스업,7436,1512
202502,해운대구,여행/숙박업,2741,730
202502,해운대구,운송업,1325,187
202502,해운대구,음식/주점,11374,3614
202502,해운대구,음식료품,2603,1106
202502,해운대구,의료휄니스업,10210,1320
202503,강서구,비관광,2223,73
202503,강서구,쇼핑업,7380,1934
202503,강서구,여가서비스업,5723,958
202503,강서구,여행/숙박업,1166,338
202503,강서구,운송업,1075,124
202503,강서구,음식/주점,7904,2545
202503,강서구,음식료품,2036,896
202503,강서구,의료휄니스업,5113,777
202503,금정구,비관광,1123,37
202503,금정구,쇼핑업,5645,1697
202503,금정구,여가서비스업,4148,985
202503,금정구,여행/숙박업,1089,419
202503,금정구,운송업,703,93
202503,금정구,음식/주점,7270,2515
202503,금정구,음식료품,1919,906
202503,금정구,의료휄니스업,4996,849
202503,기장군,비관광,3597,122
202503,기장군,쇼핑업,14772,3935
202503,기장군,여가서비스업,11038,2060
202503,기장군,여행/숙박업,2283,721
202503,기장군,운송업,2403,339
202503,기장군,음식/주점,15945,5112
202503,기장군,음식료품,4004,1543
202503,기장군,의료휄니스업,10709,1724
202503,남구,비관광,1513,57
202503,남구,쇼핑업,7402,2109
202503,남구,여가서비스업,5331,1215
202503,남구,여행/숙박업,1449,599
202503,남구,운송업,1114,135
202503,남구,음식/주점,8681,2934
202503,남구,음식료품,2231,1040
202503,남구,의료휄니스업,6498,1000
202503,동구,비관광,396,14
202503,동구,쇼핑업,3051,938
202503,동구,여가서비스업,2242,549
202503,동구,여행/숙박업,710,348
202503,동구,운송업,310,57
202503,동구,음식/주점,3908,1293
202503,동구,음식료품,894,393
202503,동구,의료휄니스업,2823,459
202503,동래구,비관광,2750,94
202503,동래구,쇼핑업,9780,2757
202503,동래구,여가서비스업,6782,1641
202503,동래구,여행/숙박업,1840,719
202503,동래구,운송업,1047,167
202503,동래구,음식/주점,12158,4109
202503,동래구,음식료품,3213,1538
202503,동래구,의료휄니스업,8822,1409
202503,부산진구,비관광,1367,50
202503,부산진구,쇼핑업,7963,2441
202503,부산진구,여가서비스업,5865,1486
202503,부산진구,여행/숙박업,1614,778
202503,부산진구,운송업,836,143
202503,부산진구,음식/주점,10234,3434
202503,부산진구,음식료품,2573,1227
202503,부산진구,의료휄니스업,7190,1187
202503,북구,비관광,1656,59
202503,북구,쇼핑업,8328,2459
202503,북구,여가서비스업,6786,1571
202503,북구,여행/숙박업,1534,673
202503,북구,운송업,1090,164
202503,북구,음식/주점,10817,3591
202503,북구,음식료품,3050,1518
202503,북구,의료휄니스업,7419,1274
202503,사상구,비관광,972,35
202503,사상구,쇼핑업,6828,2237
202503,사상구,여가서비스업,5539,1327
202503,사상구,여행/숙박업,1324,710
202503,사상구,운송업,1030,131
202503,사상구,음식/주점,9304,2946
202503,사상구,음식료품,2649,1205
202503,사상구,의료휄니스업,6508,1137
202503,사하구,비관광,1312,43
202503,사하구,쇼핑업,7666,2417
202503,사하구,여가서비스업,5840,1382
202503,사하구,여행/숙박업,1451,751
202503,사하구,운송업,1319,135
202503,사하구,음식/주점,9918,3223
202503,사하구,음식료품,2458,1104
202503,사하구,의료휄니스업,7121,1252
202503,서구,비관광,596,18
202503,서구,쇼핑업,3343,975
202503,서구,여가서비스업,2342,584
202503,서구,여행/숙박업,742,400
202503,서구,운송업,301,48
202503,서구,음식/주점,4332,1401
202503,서구,음식료품,1020,431
202503,서구,의료휄니스업,3487,516
202503,수영구,비관광,1542,50
202503,수영구,쇼핑업,8382,2412
202503,수영구,여가서비스업,5702,1345
202503,수영구,여행/숙박업,1640,651
202503,수영구,운송업,912,132
202503,수영구,음식/주점,10070,3436
202503,수영구,음식료품,2832,1282
202503,수영구,의료휄니스업,7504,1142
202503,연제구,비관광,1956,68
202503,연제구,쇼핑업,8106,2371
202503,연제구,여가서비스업,5713,1411
202503,연제구,여행/숙박업,1606,639
202503,연제구,운송업,830,143
202503,연제구,음식/주점,10482,3580
202503,연제구,음식료품,2742,1302
202503,연제구,의료휄니스업,7125,1177
202503,영도구,비관광,494,18
202503,영도구,쇼핑업,3519,1104
202503,영도구,여가서비스업,2777,658
202503,영도구,여행/숙박업,837,498
202503,영도구,운송업,355,63
202503,영도구,음식/주점,5015,1521
202503,영도구,음식료품,1117,447
202503,영도구,의료휄니스업,3800,658
202503,중구,비관광,153,5
202503,중구,쇼핑업,1789,617
202503,중구,여가서비스업,1202,313
202503,중구,여행/숙박업,467,271
202503,중구,운송업,134,25
202503,중구,음식/주점,2458,843
202503,중구,음식료품,559,258
202503,중구,의료휄니스업,1594,272
202503,해운대구,비관광,2520,77
202503,해운대구,쇼핑업,11461,2726
202503,해운대구,여가서비스업,7193,1483
202503,해운대구,여행/숙박업,2229,719
202503,해운대구,운송업,1293,189
202503,해운대구,음식/주점,11534,3821
202503,해운대구,음식료품,2733,1223
202503,해운대구,의료휄니스업,9109,1270
202504,강서구,비관광,2381,82
202504,강서구,쇼핑업,7718,1989
202504,강서구,여가서비스업,6058,996
202504,강서구,여행/숙박업,1242,346
202504,강서구,운송업,1330,130
202504,강서구,음식/주점,8125,2674
202504,강서구,음식료품,2072,946
202504,강서구,의료휄니스업,5320,861
202504,금정구,비관광,1046,34
202504,금정구,쇼핑업,5909,1758
202504,금정구,여가서비스업,4435,1016
202504,금정구,여행/숙박업,1087,417
202504,금정구,운송업,588,98
202504,금정구,음식/주점,7393,2652
202504,금정구,음식료품,1955,977
202504,금정구,의료휄니스업,5588,934
202504,기장군,비관광,3516,123
202504,기장군,쇼핑업,15259,4049
202504,기장군,여가서비스업,12132,2127
202504,기장군,여행/숙박업,2176,726
202504,기장군,운송업,2860,366
202504,기장군,음식/주점,16298,5384
202504,기장군,음식료품,4127,1666
202504,기장군,의료휄니스업,11368,1866
202504,남구,비관광,1444,56
202504,남구,쇼핑업,7615,2173
202504,남구,여가서비스업,5714,1252
202504,남구,여행/숙박업,1647,600
202504,남구,운송업,1063,144
202504,남구,음식/주점,8808,3097
202504,남구,음식료품,2356,1121
202504,남구,의료휄니스업,7142,1085
202504,동구,비관광,385,14
202504,동구,쇼핑업,3141,968
202504,동구,여가서비스업,2537,573
202504,동구,여행/숙박업,701,347
202504,동구,운송업,391,60
202504,동구,음식/주점,4018,1366
202504,동구,음식료품,920,419
202504,동구,의료휄니스업,3021,495
202504,동래구,비관광,2592,91
202504,동래구,쇼핑업,10151,2828
202504,동래구,여가서비스업,7323,1704
202504,동래구,여행/숙박업,1897,729
202504,동래구,운송업,1286,174
202504,동래구,음식/주점,12548,4352
202504,동래구,음식료품,3394,1673
202504,동래구,의료휄니스업,9776,1543
202504,부산진구,비관광,1284,48
202504,부산진구,쇼핑업,8272,2524
202504,부산진구,여가서비스업,6337,1556
202504,부산진구,여행/숙박업,1636,783
202504,부산진구,운송업,1081,151
202504,부산진구,음식/주점,10442,3604
202504,부산진구,음식료품,2660,1310
202504,부산진구,의료휄니스업,7844,1284
202504,북구,비관광,1652,62
202504,북구,쇼핑업,8520,2536
202504,북구,여가서비스업,7231,1619
202504,북구,여행/숙박업,1495,678
202504,북구,운송업,1222,170
202504,북구,음식/주점,10930,3741
202504,북구,음식료품,3104,1605
202504,북구,의료휄니스업,8191,1387
202504,사상구,비관광,992,36
202504,사상구,쇼핑업,6999,2298
202504,사상구,여가서비스업,5992,1375
202504,사상구,여행/숙박업,1366,716
202504,사상구,운송업,938,133
202504,사상구,음식/주점,9250,3041
202504,사상구,음식료품,2720,1276
202504,사상구,의료휄니스업,6785,1220
202504,사하구,비관광,1297,46
202504,사하구,쇼핑업,7962,2493
202504,사하구,여가서비스업,6278,1426
202504,사하구,여행/숙박업,1502,759
202504,사하구,운송업,1143,138
202504,사하구,음식/주점,10074,3357
202504,사하구,음식료품,2616,1191
202504,사하구,의료휄니스업,7778,1357
202504,서구,비관광,531,17
202504,서구,쇼핑업,3504,1011
202504,서구,여가서비스업,2483,603
202504,서구,여행/숙박업,821,404
202504,서구,운송업,261,51
202504,서구,음식/주점,4412,1462
202504,서구,음식료품,1046,458
202504,서구,의료휄니스업,3680,578
202504,수영구,비관광,1425,48
202504,수영구,쇼핑업,8821,2493
202504,수영구,여가서비스업,6062,1388
202504,수영구,여행/숙박업,1795,662
202504,수영구,운송업,832,138
202504,수영구,음식/주점,10343,3624
202504,수영구,음식료품,2869,1358
202504,수영구,의료휄니스업,7986,1247
202504,연제구,비관광,1818,63
202504,연제구,쇼핑업,8383,2437
202504,연제구,여가서비스업,6145,1472
202504,연제구,여행/숙박업,1660,642
202504,연제구,운송업,948,147
202504,연제구,음식/주점,10764,3774
202504,연제구,음식료품,2863,1397
202504,연제구,의료휄니스업,8183,1294
202504,영도구,비관광,468,18
202504,영도구,쇼핑업,3688,1140
202504,영도구,여가서비스업,3133,686
202504,영도구,여행/숙박업,890,506
202504,영도구,운송업,437,70
202504,영도구,음식/주점,5102,1579
202504,영도구,음식료품,1156,485
202504,영도구,의료휄니스업,4026,715
202504,중구,비관광,164,6
202504,중구,쇼핑업,1861,633
202504,중구,여가서비스업,1311,324
202504,중구,여행/숙박업,522,273
202504,중구,운송업,259,26
202504,중구,음식/주점,2582,886
202504,중구,음식료품,557,271
202504,중구,의료휄니스업,1914,301
202504,해운대구,비관광,2233,71
202504,해운대구,쇼핑업,12170,2828
202504,해운대구,여가서비스업,7934,1534
202504,해운대구,여행/숙박업,2341,733
202504,해운대구,운송업,1250,199
202504,해운대구,음식/주점,11797,4014
202504,해운대구,음식료품,2874,1314
202504,해운대구,의료휄니스업,10138,1381
202505,강서구,비관광,2383,77
202505,강서구,쇼핑업,7586,2009
202505,강서구,여가서비스업,5616,998
202505,강서구,여행/숙박업,1246,350
202505,강서구,운송업,1105,127
202505,강서구,음식/주점,8737,2778
202505,강서구,음식료품,2083,930
202505,강서구,의료휄니스업,5230,790
202505,금정구,비관광,1113,36
202505,금정구,쇼핑업,5817,1761
202505,금정구,여가서비스업,4157,1018
202505,금정구,여행/숙박업,1082,420
202505,금정구,운송업,545,99
202505,금정구,음식/주점,7821,2678
202505,금정구,음식료품,1980,959
202505,금정구,의료휄니스업,5210,854
202505,기장군,비관광,3642,124
202505,기장군,쇼핑업,14765,4081
202505,기장군,여가서비스업,11034,2118
202505,기장군,여행/숙박업,2108,735
202505,기장군,운송업,2025,359
202505,기장군,음식/주점,17236,5501
202505,기장군,음식료품,4245,1643
202505,기장군,의료휄니스업,10760,1729
202505,남구,비관광,1433,56
202505,남구,쇼핑업,7472,2177
202505,남구,여가서비스업,5259,1248
202505,남구,여행/숙박업,1571,597
202505,남구,운송업,841,140
202505,남구,음식/주점,9289,3130
202505,남구,음식료품,2339,1101
202505,남구,의료휄니스업,6640,993
202505,동구,비관광,376,14
202505,동구,쇼핑업,3126,980
202505,동구,여가서비스업,2345,572
202505,동구,여행/숙박업,708,347
202505,동구,운송업,345,58
202505,동구,음식/주점,4178,1377
202505,동구,음식료품,942,438
202505,동구,의료휄니스업,2857,462
202505,동래구,비관광,2671,92
202505,동래구,쇼핑업,9980,2845
202505,동래구,여가서비스업,6882,1699
202505,동래구,여행/숙박업,1794,727
202505,동래구,운송업,1056,171
202505,동래구,음식/주점,13186,4396
202505,동래구,음식료품,3408,1643
202505,동래구,의료휄니스업,9097,1414
202505,부산진구,비관광,1319,48
202505,부산진구,쇼핑업,8143,2536
202505,부산진구,여가서비스업,5922,1550
202505,부산진구,여행/숙박업,1638,782
202505,부산진구,운송업,780,151
202505,부산진구,음식/주점,11001,3665
202505,부산진구,음식료품,2690,1318
202505,부산진구,의료휄니스업,7255,1180
202505,북구,비관광,1626,60
202505,북구,쇼핑업,8409,2542
202505,북구,여가서비스업,6805,1612
202505,북구,여행/숙박업,1420,692
202505,북구,운송업,1052,168
202505,북구,음식/주점,11466,3790
202505,북구,음식료품,3154,1606
202505,북구,의료휄니스업,7544,1278
202505,사상구,비관광,969,34
202505,사상구,쇼핑업,7022,2328
202505,사상구,여가서비스업,5559,1373
202505,사상구,여행/숙박업,1291,730
202505,사상구,운송업,884,135
202505,사상구,음식/주점,9904,3132
202505,사상구,음식료품,2733,1263
202505,사상구,의료휄니스업,6438,1120
202505,사하구,비관광,1266,42
202505,사하구,쇼핑업,7865,2510
202505,사하구,여가서비스업,5823,1433
202505,사하구,여행/숙박업,1462,761
202505,사하구,운송업,1285,141
202505,사하구,음식/주점,10629,3432
202505,사하구,음식료품,2624,1179
202505,사하구,의료휄니스업,7431,1252
202505,서구,비관광,552,17
202505,서구,쇼핑업,3439,1016
202505,서구,여가서비스업,2376,603
202505,서구,여행/숙박업,786,408
202505,서구,운송업,266,50
202505,서구,음식/주점,4636,1490
202505,서구,음식료품,1099,458
202505,서구,의료휄니스업,3415,520
202505,수영구,비관광,1500,50
202505,수영구,쇼핑업,8643,2511
202505,수영구,여가서비스업,5591,1378
202505,수영구,여행/숙박업,1680,650
202505,수영구,운송업,821,137
202505,수영구,음식/주점,10850,3659
202505,수영구,음식료품,2820,1328
202505,수영구,의료휄니스업,7361,1132
202505,연제구,비관광,1876,64
202505,연제구,쇼핑업,8218,2453
202505,연제구,여가서비스업,5749,1462
202505,연제구,여행/숙박업,1563,642
202505,연제구,운송업,892,149
202505,연제구,음식/주점,11302,3808
202505,연제구,음식료품,2850,1386
202505,연제구,의료휄니스업,7483,1176
202505,영도구,비관광,492,18
202505,영도구,쇼핑업,3624,1145
202505,영도구,여가서비스업,2808,680
202505,영도구,여행/숙박업,873,513
202505,영도구,운송업,459,68
202505,영도구,음식/주점,5368,1611
202505,영도구,음식료품,1194,494
202505,영도구,의료휄니스업,3816,658
202505,중구,비관광,153,5
202505,중구,쇼핑업,1798,628
202505,중구,여가서비스업,1167,330
202505,중구,여행/숙박업,445,273
202505,중구,운송업,177,26
202505,중구,음식/주점,2649,886
202505,중구,음식료품,595,274
202505,중구,의료휄니스업,1632,270
202505,해운대구,비관광,2389,74
202505,해운대구,쇼핑업,11822,2842
202505,해운대구,여가서비스업,7374,1538
202505,해운대구,여행/숙박업,2195,730
202505,해운대구,운송업,1138,197
202505,해운대구,음식/주점,12446,4058
202505,해운대구,음식료품,2875,1299
202505,해운대구,의료휄니스업,9517,1266
202506,강서구,비관광,2400,81
202506,강서구,쇼핑업,7689,2063
202506,강서구,여가서비스업,6048,1026
202506,강서구,여행/숙박업,1291,337
202506,강서구,운송업,1104,126
202506,강서구,음식/주점,8275,2743
202506,강서구,음식료품,2061,960
202506,강서구,의료휄니스업,4975,756
202506,금정구,비관광,1133,37
202506,금정구,쇼핑업,5836,1796
202506,금정구,여가서비스업,4347,1049
202506,금정구,여행/숙박업,1061,408
202506,금정구,운송업,578,95
202506,금정구,음식/주점,7440,2644
202506,금정구,음식료품,1838,952
202506,금정구,의료휄니스업,5106,832
202506,기장군,비관광,3719,131
202506,기장군,쇼핑업,14953,4185
202506,기장군,여가서비스업,11620,2191
202506,기장군,여행/숙박업,2143,725
202506,기장군,운송업,1785,343
202506,기장군,음식/주점,16551,5444
202506,기장군,음식료품,3923,1651
202506,기장군,의료휄니스업,10539,1697
202506,남구,비관광,1540,59
202506,남구,쇼핑업,7528,2234
202506,남구,여가서비스업,5625,1281
202506,남구,여행/숙박업,1450,575
202506,남구,운송업,953,139
202506,남구,음식/주점,8860,3107
202506,남구,음식료품,2223,1104
202506,남구,의료휄니스업,6617,971
202506,동구,비관광,393,14
202506,동구,쇼핑업,3177,990
202506,동구,여가서비스업,2396,587
202506,동구,여행/숙박업,672,340
202506,동구,운송업,291,57
202506,동구,음식/주점,4005,1375
202506,동구,음식료품,918,435
202506,동구,의료휄니스업,2741,446
202506,동래구,비관광,2696,92
202506,동래구,쇼핑업,10223,2900
202506,동래구,여가서비스업,7296,1743
202506,동래구,여행/숙박업,1748,703
202506,동래구,운송업,1066,170
202506,동래구,음식/주점,12551,4365
202506,동래구,음식료품,3197,1647
202506,동래구,의료휄니스업,8916,1363
202506,부산진구,비관광,1415,51
202506,부산진구,쇼핑업,8251,2598
202506,부산진구,여가서비스업,6148,1598
202506,부산진구,여행/숙박업,1609,758
202506,부산진구,운송업,828,148
202506,부산진구,음식/주점,10466,3639
202506,부산진구,음식료품,2568,1313
202506,부산진구,의료휄니스업,7290,1151
202506,북구,비관광,1761,66
202506,북구,쇼핑업,8602,2602
202506,북구,여가서비스업,6967,1645
202506,북구,여행/숙박업,1461,675
202506,북구,운송업,1179,166
202506,북구,음식/주점,10933,3759
202506,북구,음식료품,2946,1603
202506,북구,의료휄니스업,7721,1230
202506,사상구,비관광,1037,37
202506,사상구,쇼핑업,7125,2381
202506,사상구,여가서비스업,5810,1400
202506,사상구,여행/숙박업,1285,700
202506,사상구,운송업,977,134
202506,사상구,음식/주점,9343,3069
202506,사상구,음식료품,2595,1258
202506,사상구,의료휄니스업,6347,1086
202506,사하구,비관광,1379,48
202506,사하구,쇼핑업,7957,2556
202506,사하구,여가서비스업,6144,1467
202506,사하구,여행/숙박업,1426,737
202506,사하구,운송업,994,133
202506,사하구,음식/주점,10163,3384
202506,사하구,음식료품,2429,1155
202506,사하구,의료휄니스업,7127,1218
202506,서구,비관광,558,18
202506,서구,쇼핑업,3458,1040
202506,서구,여가서비스업,2444,620
202506,서구,여행/숙박업,737,395
202506,서구,운송업,323,49
202506,서구,음식/주점,4445,1483
202506,서구,음식료품,990,449
202506,서구,의료휄니스업,3478,511
202506,수영구,비관광,1492,51
202506,수영구,쇼핑업,8782,2567
202506,수영구,여가서비스업,5956,1418
202506,수영구,여행/숙박업,1576,638
202506,수영구,운송업,690,135
202506,수영구,음식/주점,10347,3632
202506,수영구,음식료품,2646,1294
202506,수영구,의료휄니스업,7290,1107
202506,연제구,비관광,1861,64
202506,연제구,쇼핑업,8387,2511
202506,연제구,여가서비스업,6008,1505
202506,연제구,여행/숙박업,1522,629
202506,연제구,운송업,906,147
202506,연제구,음식/주점,10785,3783
202506,연제구,음식료품,2722,1390
202506,연제구,의료휄니스업,7416,1148
202506,영도구,비관광,517,20
202506,영도구,쇼핑업,3712,1175
202506,영도구,여가서비스업,2979,707
202506,영도구,여행/숙박업,808,494
202506,영도구,운송업,401,66
202506,영도구,음식/주점,5136,1595
202506,영도구,음식료품,1111,487
202506,영도구,의료휄니스업,3744,659
202506,중구,비관광,158,5
202506,중구,쇼핑업,1822,643
202506,중구,여가서비스업,1222,337
202506,중구,여행/숙박업,446,263
202506,중구,운송업,153,26
202506,중구,음식/주점,2534,878
202506,중구,음식료품,563,270
202506,중구,의료휄니스업,1564,265
202506,해운대구,비관광,2409,78
202506,해운대구,쇼핑업,11966,2900
202506,해운대구,여가서비스업,7813,1569
202506,해운대구,여행/숙박업,2199,708
202506,해운대구,운송업,1347,194
202506,해운대구,음식/주점,11895,4024
202506,해운대구,음식료품,2756,1295
202506,해운대구,의료휄니스업,9068,1236
202507,강서구,비관광,2351,79
202507,강서구,쇼핑업,7650,2106
202507,강서구,여가서비스업,6316,1048
202507,강서구,여행/숙박업,1330,345
202507,강서구,운송업,1344,128
202507,강서구,음식/주점,8526,2806
202507,강서구,음식료품,2019,960
202507,강서구,의료휄니스업,5271,795
202507,금정구,비관광,1201,39
202507,금정구,쇼핑업,5814,1818
202507,금정구,여가서비스업,4483,1027
202507,금정구,여행/숙박업,1082,423
202507,금정구,운송업,810,102
202507,금정구,음식/주점,7447,2637
202507,금정구,음식료품,1794,920
202507,금정구,의료휄니스업,5257,862
202507,기장군,비관광,3866,130
202507,기장군,쇼핑업,15015,4236
202507,기장군,여가서비스업,12117,2242
202507,기장군,여행/숙박업,2277,778
202507,기장군,운송업,2769,365
202507,기장군,음식/주점,17116,5581
202507,기장군,음식료품,4066,1649
202507,기장군,의료휄니스업,11347,1761
202507,남구,비관광,1536,59
202507,남구,쇼핑업,7528,2281
202507,남구,여가서비스업,5942,1265
202507,남구,여행/숙박업,1498,591
202507,남구,운송업,1104,149
202507,남구,음식/주점,8951,3129
202507,남구,음식료품,2219,1091
202507,남구,의료휄니스업,6808,1010
202507,동구,비관광,422,15
202507,동구,쇼핑업,3135,1028
202507,동구,여가서비스업,2510,575
202507,동구,여행/숙박업,659,355
202507,동구,운송업,303,61
202507,동구,음식/주점,4045,1410
202507,동구,음식료품,914,441
202507,동구,의료휄니스업,2908,460
202507,동래구,비관광,2819,96
202507,동래구,쇼핑업,9996,2990
202507,동래구,여가서비스업,7808,1709
202507,동래구,여행/숙박업,1839,724
202507,동래구,운송업,1282,180
202507,동래구,음식/주점,12640,4390
202507,동래구,음식료품,3174,1622
202507,동래구,의료휄니스업,9175,1417
202507,부산진구,비관광,1425,51
202507,부산진구,쇼핑업,8289,2692
202507,부산진구,여가서비스업,6430,1582
202507,부산진구,여행/숙박업,1588,787
202507,부산진구,운송업,887,157
202507,부산진구,음식/주점,10662,3725
202507,부산진구,음식료품,2657,1339
202507,부산진구,의료휄니스업,7617,1207
202507,북구,비관광,1760,64
202507,북구,쇼핑업,8502,2663
202507,북구,여가서비스업,7276,1631
202507,북구,여행/숙박업,1575,698
202507,북구,운송업,1295,177
202507,북구,음식/주점,11079,3817
202507,북구,음식료품,2985,1590
202507,북구,의료휄니스업,7800,1284
202507,사상구,비관광,1039,35
202507,사상구,쇼핑업,7067,2420
202507,사상구,여가서비스업,5979,1384
202507,사상구,여행/숙박업,1381,715
202507,사상구,운송업,1036,138
202507,사상구,음식/주점,9458,3129
202507,사상구,음식료품,2617,1256
202507,사상구,의료휄니스업,6720,1131
202507,사하구,비관광,1383,45
202507,사하구,쇼핑업,8013,2629
202507,사하구,여가서비스업,6259,1448
202507,사하구,여행/숙박업,1498,780
202507,사하구,운송업,1064,139
202507,사하구,음식/주점,10313,3457
202507,사하구,음식료품,2434,1143
202507,사하구,의료휄니스업,7546,1267
202507,서구,비관광,608,18
202507,서구,쇼핑업,3388,1071
202507,서구,여가서비스업,2608,610
202507,서구,여행/숙박업,766,406
202507,서구,운송업,332,51
202507,서구,음식/주점,4485,1504
202507,서구,음식료품,1049,464
202507,서구,의료휄니스업,3504,540
202507,수영구,비관광,1516,53
202507,수영구,쇼핑업,8715,2634
202507,수영구,여가서비스업,6514,1395
202507,수영구,여행/숙박업,1626,650
202507,수영구,운송업,799,140
202507,수영구,음식/주점,10506,3696
202507,수영구,음식료품,2620,1265
202507,수영구,의료휄니스업,7464,1139
202507,연제구,비관광,1946,67
202507,연제구,쇼핑업,8399,2588
202507,연제구,여가서비스업,6335,1487
202507,연제구,여행/숙박업,1638,649
202507,연제구,운송업,907,155
202507,연제구,음식/주점,10836,3822
202507,연제구,음식료품,2710,1381
202507,연제구,의료휄니스업,7438,1191
202507,영도구,비관광,530,19
202507,영도구,쇼핑업,3705,1202
202507,영도구,여가서비스업,3050,693
202507,영도구,여행/숙박업,814,506
202507,영도구,운송업,565,72
202507,영도구,음식/주점,5223,1649
202507,영도구,음식료품,1116,495
202507,영도구,의료휄니스업,4099,679
202507,중구,비관광,166,6
202507,중구,쇼핑업,1837,663
202507,중구,여가서비스업,1301,333
202507,중구,여행/숙박업,456,279
202507,중구,운송업,179,27
202507,중구,음식/주점,2564,903
202507,중구,음식료품,557,276
202507,중구,의료휄니스업,1790,281
202507,해운대구,비관광,2469,79
202507,해운대구,쇼핑업,11767,2953
202507,해운대구,여가서비스업,8463,1563
202507,해운대구,여행/숙박업,2318,733
202507,해운대구,운송업,1431,206
202507,해운대구,음식/주점,12048,4092
202507,해운대구,음식료품,2790,1300
202507,해운대구,의료휄니스업,9587,1289
202508,강서구,비관광,2415,75
202508,강서구,쇼핑업,7384,2096
202508,강서구,여가서비스업,5484,1051
202508,강서구,여행/숙박업,1222,356
202508,강서구,운송업,1525,131
202508,강서구,음식/주점,8509,2852
202508,강서구,음식료품,2049,958
202508,강서구,의료휄니스업,4904,739
202508,금정구,비관광,1144,35
202508,금정구,쇼핑업,5454,1789
202508,금정구,여가서비스업,3855,1020
202508,금정구,여행/숙박업,1072,426
202508,금정구,운송업,724,104
202508,금정구,음식/주점,7388,2636
202508,금정구,음식료품,1825,920
202508,금정구,의료휄니스업,4854,789
202508,기장군,비관광,3706,127
202508,기장군,쇼핑업,14370,4202
202508,기장군,여가서비스업,10910,2268
202508,기장군,여행/숙박업,2073,758
202508,기장군,운송업,2846,365
202508,기장군,음식/주점,17185,5639
202508,기장군,음식료품,4133,1702
202508,기장군,의료휄니스업,10269,1668
202508,남구,비관광,1579,56
202508,남구,쇼핑업,7062,2244
202508,남구,여가서비스업,5004,1249
202508,남구,여행/숙박업,1447,590
202508,남구,운송업,1045,146
202508,남구,음식/주점,8837,3121
202508,남구,음식료품,2285,1115
202508,남구,의료휄니스업,6313,936
202508,동구,비관광,416,14
202508,동구,쇼핑업,2972,1011
202508,동구,여가서비스업,2221,570
202508,동구,여행/숙박업,652,352
202508,동구,운송업,678,60
202508,동구,음식/주점,3994,1408
202508,동구,음식료품,938,445
202508,동구,의료휄니스업,2627,431
202508,동래구,비관광,2795,88
202508,동래구,쇼핑업,9609,2963
202508,동래구,여가서비스업,6515,1688
202508,동래구,여행/숙박업,1827,725
202508,동래구,운송업,1027,181
202508,동래구,음식/주점,12487,4370
202508,동래구,음식료품,3158,1623
202508,동래구,의료휄니스업,8511,1320
202508,부산진구,비관광,1438,48
202508,부산진구,쇼핑업,7872,2670
202508,부산진구,여가서비스업,5562,1575
202508,부산진구,여행/숙박업,1545,789
202508,부산진구,운송업,881,157
202508,부산진구,음식/주점,10597,3718
202508,부산진구,음식료품,2687,1361
202508,부산진구,의료휄니스업,6983,1120
202508,북구,비관광,1680,60
202508,북구,쇼핑업,7978,2613
202508,북구,여가서비스업,6367,1622
202508,북구,여행/숙박업,1477,701
202508,북구,운송업,1346,174
202508,북구,음식/주점,10953,3828
202508,북구,음식료품,2968,1554
202508,북구,의료휄니스업,7011,1174
202508,사상구,비관광,1015,35
202508,사상구,쇼핑업,6721,2382
202508,사상구,여가서비스업,5324,1384
202508,사상구,여행/숙박업,1313,723
202508,사상구,운송업,1138,139
202508,사상구,음식/주점,9473,3164
202508,사상구,음식료품,2691,1283
202508,사상구,의료휄니스업,6092,1054
202508,사하구,비관광,1328,43
202508,사하구,쇼핑업,7542,2586
202508,사하구,여가서비스업,5585,1432
202508,사하구,여행/숙박업,1435,780
202508,사하구,운송업,1064,137
202508,사하구,음식/주점,10218,3450
202508,사하구,음식료품,2476,1155
202508,사하구,의료휄니스업,6822,1175
202508,서구,비관광,587,18
202508,서구,쇼핑업,3275,1059
202508,서구,여가서비스업,2162,609
202508,서구,여행/숙박업,749,412
202508,서구,운송업,344,50
202508,서구,음식/주점,4452,1501
202508,서구,음식료품,1080,476
202508,서구,의료휄니스업,3235,495
202508,수영구,비관광,1589,49
202508,수영구,쇼핑업,8324,2590
202508,수영구,여가서비스업,5283,1357
202508,수영구,여행/숙박업,1546,635
202508,수영구,운송업,1044,141
202508,수영구,음식/주점,10252,3664
202508,수영구,음식료품,2702,1272
202508,수영구,의료휄니스업,6578,1043
202508,연제구,비관광,1953,60
202508,연제구,쇼핑업,7901,2553
202508,연제구,여가서비스업,5492,1468
202508,연제구,여행/숙박업,1526,645
202508,연제구,운송업,979,155
202508,연제구,음식/주점,10700,3798
202508,연제구,음식료품,2774,1382
202508,연제구,의료휄니스업,6948,1102
202508,영도구,비관광,493,17
202508,영도구,쇼핑업,3507,1186
202508,영도구,여가서비스업,2668,692
202508,영도구,여행/숙박업,813,508
202508,영도구,운송업,614,69
202508,영도구,음식/주점,5135,1642
202508,영도구,음식료품,1168,509
202508,영도구,의료휄니스업,3658,617
202508,중구,비관광,161,5
202508,중구,쇼핑업,1737,654
202508,중구,여가서비스업,1134,328
202508,중구,여행/숙박업,444,277
202508,중구,운송업,170,26
202508,중구,음식/주점,2491,878
202508,중구,음식료품,581,283
202508,중구,의료휄니스업,1582,262
202508,해운대구,비관광,2616,74
202508,해운대구,쇼핑업,11156,2899
202508,해운대구,여가서비스업,6969,1535
202508,해운대구,여행/숙박업,2246,723
202508,해운대구,운송업,1440,205
202508,해운대구,음식/주점,11900,4064
202508,해운대구,음식료품,2742,1324
202508,해운대구,의료휄니스업,8581,1185
202509,강서구,비관광,2584,82
202509,강서구,쇼핑업,8264,2094
202509,강서구,여가서비스업,6576,1069
202509,강서구,여행/숙박업,1390,331
202509,강서구,운송업,1681,131
202509,강서구,음식/주점,8491,2772
202509,강서구,음식료품,2398,1012
202509,강서구,의료휄니스업,5668,832
202509,금정구,비관광,1231,39
202509,금정구,쇼핑업,6224,1846
202509,금정구,여가서비스업,4727,1058
202509,금정구,여행/숙박업,1156,420
202509,금정구,운송업,1048,104
202509,금정구,음식/주점,7677,2673
202509,금정구,음식료품,2378,1045
202509,금정구,의료휄니스업,5712,914
202509,기장군,비관광,4026,132
202509,기장군,쇼핑업,16060,4244
202509,기장군,여가서비스업,12756,2303
202509,기장군,여행/숙박업,2209,733
202509,기장군,운송업,4015,365
202509,기장군,음식/주점,17170,5468
202509,기장군,음식료품,4712,1793
202509,기장군,의료휄니스업,12116,1874
202509,남구,비관광,1584,58
202509,남구,쇼핑업,8199,2308
202509,남구,여가서비스업,6315,1291
202509,남구,여행/숙박업,1728,592
202509,남구,운송업,1299,147
202509,남구,음식/주점,9166,3161
202509,남구,음식료품,2818,1210
202509,남구,의료휄니스업,7584,1060
202509,동구,비관광,444,14
202509,동구,쇼핑업,3301,1028
202509,동구,여가서비스업,2607,587
202509,동구,여행/숙박업,674,352
202509,동구,운송업,547,60
202509,동구,음식/주점,4135,1390
202509,동구,음식료품,1154,470
202509,동구,의료휄니스업,3247,480
202509,동래구,비관광,2901,96
202509,동래구,쇼핑업,10921,3064
202509,동래구,여가서비스업,8234,1757
202509,동래구,여행/숙박업,2033,729
202509,동래구,운송업,1469,186
202509,동래구,음식/주점,12897,4419
202509,동래구,음식료품,4085,1821
202509,동래구,의료휄니스업,10053,1519
202509,부산진구,비관광,1450,50
202509,부산진구,쇼핑업,8940,2738
202509,부산진구,여가서비스업,6836,1647
202509,부산진구,여행/숙박업,1730,779
202509,부산진구,운송업,1401,155
202509,부산진구,음식/주점,10935,3725
202509,부산진구,음식료품,3299,1470
202509,부산진구,의료휄니스업,8280,1274
202509,북구,비관광,1816,63
202509,북구,쇼핑업,9207,2692
202509,북구,여가서비스업,7681,1678
202509,북구,여행/숙박업,1624,695
202509,북구,운송업,1510,173
202509,북구,음식/주점,11242,3801
202509,북구,음식료품,3586,1664
202509,북구,의료휄니스업,8536,1351
202509,사상구,비관광,1092,37
202509,사상구,쇼핑업,7528,2432
202509,사상구,여가서비스업,6317,1445
202509,사상구,여행/숙박업,1362,712
202509,사상구,운송업,1235,134
202509,사상구,음식/주점,9558,3104
202509,사상구,음식료품,3213,1380
202509,사상구,의료휄니스업,7166,1195
202509,사하구,비관광,1415,45
202509,사하구,쇼핑업,8616,2652
202509,사하구,여가서비스업,6569,1473
202509,사하구,여행/숙박업,1650,776
202509,사하구,운송업,1543,139
202509,사하구,음식/주점,10349,3400
202509,사하구,음식료품,3035,1240
202509,사하구,의료휄니스업,8092,1330
202509,서구,비관광,621,19
202509,서구,쇼핑업,3865,1088
202509,서구,여가서비스업,2724,630
202509,서구,여행/숙박업,823,413
202509,서구,운송업,426,52
202509,서구,음식/주점,4603,1515
202509,서구,음식료품,1320,511
202509,서구,의료휄니스업,3892,564
202509,수영구,비관광,1604,53
202509,수영구,쇼핑업,9415,2652
202509,수영구,여가서비스업,6946,1420
202509,수영구,여행/숙박업,1764,646
202509,수영구,운송업,1112,141
202509,수영구,음식/주점,10794,3695
202509,수영구,음식료품,3347,1408
202509,수영구,의료휄니스업,7873,1203
202509,연제구,비관광,2013,67
202509,연제구,쇼핑업,9103,2634
202509,연제구,여가서비스업,6814,1525
202509,연제구,여행/숙박업,1729,644
202509,연제구,운송업,986,157
202509,연제구,음식/주점,11134,3864
202509,연제구,음식료품,3491,1545
202509,연제구,의료휄니스업,8125,1258
202509,영도구,비관광,557,19
202509,영도구,쇼핑업,3982,1211
202509,영도구,여가서비스업,3192,719
202509,영도구,여행/숙박업,874,507
202509,영도구,운송업,715,69
202509,영도구,음식/주점,5326,1635
202509,영도구,음식료품,1494,544
202509,영도구,의료휄니스업,4386,706
202509,중구,비관광,172,6
202509,중구,쇼핑업,2011,667
202509,중구,여가서비스업,1371,340
202509,중구,여행/숙박업,478,281
202509,중구,운송업,155,28
202509,중구,음식/주점,2597,892
202509,중구,음식료품,718,295
202509,중구,의료휄니스업,1743,293
202509,해운대구,비관광,2546,78
202509,해운대구,쇼핑업,13021,2977
202509,해운대구,여가서비스업,9157,1602
202509,해운대구,여행/숙박업,2374,725
202509,해운대구,운송업,1657,205
202509,해운대구,음식/주점,12316,4083
202509,해운대구,음식료품,3470,1494
202509,해운대구,의료휄니스업,10409,1358
202510,강서구,비관광,2285,77
202510,강서구,쇼핑업,7764,2073
202510,강서구,여가서비스업,7972,1093
202510,강서구,여행/숙박업,1305,350
202510,강서구,운송업,1811,132
202510,강서구,음식/주점,8615,2823
202510,강서구,음식료품,2388,968
202510,강서구,의료휄니스업,5181,767
202510,금정구,비관광,1068,35
202510,금정구,쇼핑업,5762,1783
202510,금정구,여가서비스업,4127,1037
202510,금정구,여행/숙박업,1020,403
202510,금정구,운송업,946,100
202510,금정구,음식/주점,7520,2609
202510,금정구,음식료품,2249,949
202510,금정구,의료휄니스업,4964,814
202510,기장군,비관광,3535,123
202510,기장군,쇼핑업,15237,4170
202510,기장군,여가서비스업,11309,2263
202510,기장군,여행/숙박업,2081,730
202510,기장군,운송업,3036,361
202510,기장군,음식/주점,16993,5444
202510,기장군,음식료품,4619,1680
202510,기장군,의료휄니스업,10558,1680
202510,남구,비관광,1423,56
202510,남구,쇼핑업,7501,2233
202510,남구,여가서비스업,5295,1273
202510,남구,여행/숙박업,1572,574
202510,남구,운송업,1364,140
202510,남구,음식/주점,9042,3087
202510,남구,음식료품,2612,1108
202510,남구,의료휄니스업,6589,960
202510,동구,비관광,371,13
202510,동구,쇼핑업,3101,993
202510,동구,여가서비스업,2288,577
202510,동구,여행/숙박업,619,330
202510,동구,운송업,378,57
202510,동구,음식/주점,4023,1346
202510,동구,음식료품,1051,438
202510,동구,의료휄니스업,2821,435
202510,동래구,비관광,2558,88
202510,동래구,쇼핑업,10115,2951
202510,동래구,여가서비스업,7088,1756
202510,동래구,여행/숙박업,1775,704
202510,동래구,운송업,1527,174
202510,동래구,음식/주점,12786,4338
202510,동래구,음식료품,3837,1690
202510,동래구,의료휄니스업,8902,1369
202510,부산진구,비관광,1331,48
202510,부산진구,쇼핑업,8307,2653
202510,부산진구,여가서비스업,5955,1631
202510,부산진구,여행/숙박업,1654,751
202510,부산진구,운송업,1221,151
202510,부산진구,음식/주점,10836,3667
202510,부산진구,음식료품,3109,1355
202510,부산진구,의료휄니스업,7187,1156
202510,북구,비관광,1645,62
202510,북구,쇼핑업,8531,2609
202510,북구,여가서비스업,6776,1666
202510,북구,여행/숙박업,1499,677
202510,북구,운송업,1707,174
202510,북구,음식/주점,11132,3753
202510,북구,음식료품,3476,1531
202510,북구,의료휄니스업,7429,1234
202510,사상구,비관광,970,35
202510,사상구,쇼핑업,7051,2359
202510,사상구,여가서비스업,5653,1437
202510,사상구,여행/숙박업,1314,708
202510,사상구,운송업,1282,134
202510,사상구,음식/주점,9536,3092
202510,사상구,음식료품,3065,1270
202510,사상구,의료휄니스업,6413,1093
202510,사하구,비관광,1240,45
202510,사하구,쇼핑업,8059,2577
202510,사하구,여가서비스업,5820,1464
202510,사하구,여행/숙박업,1469,758
202510,사하구,운송업,1387,138
202510,사하구,음식/주점,10259,3362
202510,사하구,음식료품,2906,1146
202510,사하구,의료휄니스업,6923,1211
202510,서구,비관광,519,17
202510,서구,쇼핑업,3502,1055
202510,서구,여가서비스업,2667,627
202510,서구,여행/숙박업,772,402
202510,서구,운송업,452,51
202510,서구,음식/주점,4510,1464
202510,서구,음식료품,1269,477
202510,서구,의료휄니스업,3287,507
202510,수영구,비관광,1361,48
202510,수영구,쇼핑업,8706,2549
202510,수영구,여가서비스업,5799,1399
202510,수영구,여행/숙박업,1679,615
202510,수영구,운송업,1349,136
202510,수영구,음식/주점,10601,3591
202510,수영구,음식료품,3099,1294
202510,수영구,의료휄니스업,7137,1085
202510,연제구,비관광,1818,62
202510,연제구,쇼핑업,8286,2539
202510,연제구,여가서비스업,5771,1514
202510,연제구,여행/숙박업,1647,619
202510,연제구,운송업,1184,149
202510,연제구,음식/주점,10942,3733
202510,연제구,음식료품,3267,1427
202510,연제구,의료휄니스업,7337,1144
202510,영도구,비관광,465,17
202510,영도구,쇼핑업,3667,1164
202510,영도구,여가서비스업,2870,711
202510,영도구,여행/숙박업,858,490
202510,영도구,운송업,509,65
202510,영도구,음식/주점,5190,1573
202510,영도구,음식료품,1362,497
202510,영도구,의료휄니스업,3683,636
202510,중구,비관광,159,5
202510,중구,쇼핑업,1834,645
202510,중구,여가서비스업,1248,328
202510,중구,여행/숙박업,455,265
202510,중구,운송업,132,25
202510,중구,음식/주점,2528,861
202510,중구,음식료품,645,270
202510,중구,의료휄니스업,1685,262
202510,해운대구,비관광,2245,74
202510,해운대구,쇼핑업,11880,2866
202510,해운대구,여가서비스업,7922,1575
202510,해운대구,여행/숙박업,2298,694
202510,해운대구,운송업,1792,198
202510,해운대구,음식/주점,12078,3993
202510,해운대구,음식료품,3271,1376
202510,해운대구,의료휄니스업,9204,1216
202511,강서구,비관광,2537,78
202511,강서구,쇼핑업,8255,2113
202511,강서구,여가서비스업,6344,1074
202511,강서구,여행/숙박업,1294,339
202511,강서구,운송업,2192,138
202511,강서구,음식/주점,8677,2854
202511,강서구,음식료품,2312,994
202511,강서구,의료휄니스업,5960,912
202511,금정구,비관광,1227,40
202511,금정구,쇼핑업,6173,1847
202511,금정구,여가서비스업,4376,1047
202511,금정구,여행/숙박업,1072,412
202511,금정구,운송업,852,104
202511,금정구,음식/주점,7904,2734
202511,금정구,음식료품,2221,1014
202511,금정구,의료휄니스업,5552,956
202511,기장군,비관광,3851,126
202511,기장군,쇼핑업,15933,4244
202511,기장군,여가서비스업,11635,2250
202511,기장군,여행/숙박업,2181,716
202511,기장군,운송업,3197,384
202511,기장군,음식/주점,17290,5548
202511,기장군,음식료품,4518,1687
202511,기장군,의료휄니스업,12434,1984
202511,남구,비관광,1609,58
202511,남구,쇼핑업,8145,2301
202511,남구,여가서비스업,5492,1256
202511,남구,여행/숙박업,1545,591
202511,남구,운송업,1277,147
202511,남구,음식/주점,9486,3180
202511,남구,음식료품,2602,1166
202511,남구,의료휄니스업,7341,1119
202511,동구,비관광,437,14
202511,동구,쇼핑업,3262,1022
202511,동구,여가서비스업,2343,567
202511,동구,여행/숙박업,696,340
202511,동구,운송업,470,60
202511,동구,음식/주점,4201,1387
202511,동구,음식료품,1053,453
202511,동구,의료휄니스업,3190,495
202511,동래구,비관광,2980,99
202511,동래구,쇼핑업,10845,3048
202511,동래구,여가서비스업,7180,1760
202511,동래구,여행/숙박업,1932,732
202511,동래구,운송업,2318,188
202511,동래구,음식/주점,13483,4550
202511,동래구,음식료품,3889,1787
202511,동래구,의료휄니스업,10007,1603
202511,부산진구,비관광,1503,51
202511,부산진구,쇼핑업,8784,2741
202511,부산진구,여가서비스업,6168,1629
202511,부산진구,여행/숙박업,1679,776
202511,부산진구,운송업,1466,155
202511,부산진구,음식/주점,11358,3807
202511,부산진구,음식료품,3115,1421
202511,부산진구,의료휄니스업,8108,1335
202511,북구,비관광,1828,65
202511,북구,쇼핑업,9008,2693
202511,북구,여가서비스업,7108,1658
202511,북구,여행/숙박업,1581,688
202511,북구,운송업,1750,178
202511,북구,음식/주점,11581,3856
202511,북구,음식료품,3461,1603
202511,북구,의료휄니스업,8190,1409
202511,사상구,비관광,1053,36
202511,사상구,쇼핑업,7449,2406
202511,사상구,여가서비스업,5768,1410
202511,사상구,여행/숙박업,1325,712
202511,사상구,운송업,1254,139
202511,사상구,음식/주점,9793,3119
202511,사상구,음식료품,2954,1305
202511,사상구,의료휄니스업,7142,1246
202511,사하구,비관광,1359,45
202511,사하구,쇼핑업,8410,2622
202511,사하구,여가서비스업,6007,1435
202511,사하구,여행/숙박업,1524,762
202511,사하구,운송업,1371,143
202511,사하구,음식/주점,10554,3413
202511,사하구,음식료품,2794,1160
202511,사하구,의료휄니스업,7969,1381
202511,서구,비관광,632,18
202511,서구,쇼핑업,3645,1085
202511,서구,여가서비스업,2465,627
202511,서구,여행/숙박업,767,411
202511,서구,운송업,452,53
202511,서구,음식/주점,4653,1508
202511,서구,음식료품,1240,488
202511,서구,의료휄니스업,3628,574
202511,수영구,비관광,1618,53
202511,수영구,쇼핑업,9362,2639
202511,수영구,여가서비스업,5925,1383
202511,수영구,여행/숙박업,1802,638
202511,수영구,운송업,1088,140
202511,수영구,음식/주점,11044,3720
202511,수영구,음식료품,3124,1376
202511,수영구,의료휄니스업,8069,1256
202511,연제구,비관광,2070,68
202511,연제구,쇼핑업,8920,2643
202511,연제구,여가서비스업,5886,1513
202511,연제구,여행/숙박업,1750,640
202511,연제구,운송업,1690,157
202511,연제구,음식/주점,11646,3922
202511,연제구,음식료품,3365,1520
202511,연제구,의료휄니스업,8336,1341
202511,영도구,비관광,531,19
202511,영도구,쇼핑업,3851,1206
202511,영도구,여가서비스업,2947,700
202511,영도구,여행/숙박업,892,504
202511,영도구,운송업,556,68
202511,영도구,음식/주점,5352,1621
202511,영도구,음식료품,1315,507
202511,영도구,의료휄니스업,4157,713
202511,중구,비관광,180,6
202511,중구,쇼핑업,1962,661
202511,중구,여가서비스업,1217,327
202511,중구,여행/숙박업,443,275
202511,중구,운송업,196,28
202511,중구,음식/주점,2675,886
202511,중구,음식료품,636,277
202511,중구,의료휄니스업,1779,295
202511,해운대구,비관광,2753,82
202511,해운대구,쇼핑업,12826,2978
202511,해운대구,여가서비스업,7698,1581
202511,해운대구,여행/숙박업,2431,724
202511,해운대구,운송업,2207,204
202511,해운대구,음식/주점,12631,4160
202511,해운대구,음식료품,3423,1461
202511,해운대구,의료휄니스업,10164,1432
202512,강서구,비관광,2375,72
202512,강서구,쇼핑업,8211,2047
202512,강서구,여가서비스업,6911,1097
202512,강서구,여행/숙박업,1313,344
202512,강서구,운송업,2072,151
202512,강서구,음식/주점,9150,2727
202512,강서구,음식료품,2616,978
202512,강서구,의료휄니스업,6290,883
202512,금정구,비관광,1150,35
202512,금정구,쇼핑업,5998,1771
202512,금정구,여가서비스업,4472,1064
202512,금정구,여행/숙박업,1158,417
202512,금정구,운송업,883,111
202512,금정구,음식/주점,8310,2607
202512,금정구,음식료품,2425,1020
202512,금정구,의료휄니스업,5987,964
202512,기장군,비관광,3711,119
202512,기장군,쇼핑업,15749,4067
202512,기장군,여가서비스업,12540,2291
202512,기장군,여행/숙박업,2488,731
202512,기장군,운송업,3081,428
202512,기장군,음식/주점,18258,5310
202512,기장군,음식료품,5075,1688
202512,기장군,의료휄니스업,12935,1978
202512,남구,비관광,1540,52
202512,남구,쇼핑업,8032,2217
202512,남구,여가서비스업,5956,1289
202512,남구,여행/숙박업,1678,588
202512,남구,운송업,1137,162
202512,남구,음식/주점,10079,3070
202512,남구,음식료품,2886,1167
202512,남구,의료휄니스업,7936,1125
202512,동구,비관광,427,13
202512,동구,쇼핑업,3179,990
202512,동구,여가서비스업,2439,576
202512,동구,여행/숙박업,737,334
202512,동구,운송업,414,66
202512,동구,음식/주점,4386,1324
202512,동구,음식료품,1156,448
202512,동구,의료휄니스업,3106,511
202512,동래구,비관광,2797,89
202512,동래구,쇼핑업,10388,2916
202512,동래구,여가서비스업,7318,1785
202512,동래구,여행/숙박업,2109,731
202512,동래구,운송업,1207,200
202512,동래구,음식/주점,14381,4348
202512,동래구,음식료품,4356,1799
202512,동래구,의료휄니스업,10887,1630
202512,부산진구,비관광,1400,47
202512,부산진구,쇼핑업,8567,2626
202512,부산진구,여가서비스업,6472,1640
202512,부산진구,여행/숙박업,1798,766
202512,부산진구,운송업,994,166
202512,부산진구,음식/주점,11854,3611
202512,부산진구,음식료품,3389,1421
202512,부산진구,의료휄니스업,8682,1336
202512,북구,비관광,1789,61
202512,북구,쇼핑업,8789,2599
202512,북구,여가서비스업,7334,1683
202512,북구,여행/숙박업,1762,690
202512,북구,운송업,1656,186
202512,북구,음식/주점,12142,3690
202512,북구,음식료품,3760,1598
202512,북구,의료휄니스업,8821,1425
202512,사상구,비관광,1066,34
202512,사상구,쇼핑업,7182,2296
202512,사상구,여가서비스업,6171,1422
202512,사상구,여행/숙박업,1402,714
202512,사상구,운송업,1344,144
202512,사상구,음식/주점,10080,2933
202512,사상구,음식료품,3247,1301
202512,사상구,의료휄니스업,7271,1222
202512,사하구,비관광,1291,40
202512,사하구,쇼핑업,8165,2492
202512,사하구,여가서비스업,6291,1449
202512,사하구,여행/숙박업,1577,755
202512,사하구,운송업,1244,150
202512,사하구,음식/주점,10950,3232
202512,사하구,음식료품,3059,1154
202512,사하구,의료휄니스업,8434,1379
202512,서구,비관광,562,16
202512,서구,쇼핑업,3585,1043
202512,서구,여가서비스업,2672,628
202512,서구,여행/숙박업,853,411
202512,서구,운송업,593,56
202512,서구,음식/주점,4901,1458
202512,서구,음식료품,1305,486
202512,서구,의료휄니스업,3891,587
202512,수영구,비관광,1580,49
202512,수영구,쇼핑업,9373,2548
202512,수영구,여가서비스업,6173,1400
202512,수영구,여행/숙박업,1883,636
202512,수영구,운송업,1702,155
202512,수영구,음식/주점,11521,3538
202512,수영구,음식료품,3412,1395
202512,수영구,의료휄니스업,8452,1266
202512,연제구,비관광,1979,61
202512,연제구,쇼핑업,8774,2554
202512,연제구,여가서비스업,6155,1529
202512,연제구,여행/숙박업,1715,640
202512,연제구,운송업,1558,170
202512,연제구,음식/주점,12246,3749
202512,연제구,음식료품,3716,1528
202512,연제구,의료휄니스업,8850,1350
202512,영도구,비관광,522,16
202512,영도구,쇼핑업,3841,1184
202512,영도구,여가서비스업,3194,721
202512,영도구,여행/숙박업,924,508
202512,영도구,운송업,585,75
202512,영도구,음식/주점,5624,1555
202512,영도구,음식료품,1430,513
202512,영도구,의료휄니스업,4542,751
202512,중구,비관광,176,6
202512,중구,쇼핑업,1929,641
202512,중구,여가서비스업,1332,332
202512,중구,여행/숙박업,546,276
202512,중구,운송업,139,32
202512,중구,음식/주점,2763,850
202512,중구,음식료품,712,278
202512,중구,의료휄니스업,1947,304
202512,해운대구,비관광,2450,72
202512,해운대구,쇼핑업,12856,2865
202512,해운대구,여가서비스업,7741,1604
202512,해운대구,여행/숙박업,2639,726
202512,해운대구,운송업,1630,222
202512,해운대구,음식/주점,13328,3983
202512,해운대구,음식료품,3696,1465
202512,해운대구,의료휄니스업,11308,1431
