기준연월,행정동,업종대분류명,외지인 소비액(만원),현지인 소비액(만원)
202201,강서구,쇼핑업,1080000,17581
202201,강서구,숙박업,41960,3993
202201,강서구,식음료업,720272,0
202201,강서구,여가서비스업,58415,4355
202201,강서구,운송업,2590000,1281
202201,강서구,의료웰니스업,31132,471
202201,금정구,쇼핑업,857331,94770
202201,금정구,숙박업,12917,4046
202201,금정구,식음료업,718548,0
202201,금정구,여가서비스업,96882,9315
202201,금정구,여행업,799,0
202201,금정구,운송업,368182,0
202201,금정구,의료웰니스업,70127,4114
202201,기장군,쇼핑업,4340000,17403
202201,기장군,숙박업,389904,12107
202201,기장군,식음료업,1490000,0
202201,기장군,여가서비스업,229004,12684
202201,기장군,여행업,71,74
202201,기장군,운송업,851391,0
202201,기장군,의료웰니스업,28707,3524
202201,남구,쇼핑업,777757,8702
202201,남구,숙박업,35636,7093
202201,남구,식음료업,677992,0
202201,남구,여가서비스업,63297,2272
202201,남구,운송업,1110000,0
202201,남구,의료웰니스업,65113,963
202201,동구,쇼핑업,857851,22990
202201,동구,숙박업,44637,2389
202201,동구,식음료업,570991,0
202201,동구,여가서비스업,70460,267
202201,동구,여행업,5643,389
202201,동구,운송업,630427,136
202201,동구,의료웰니스업,31953,0
202201,동래구,쇼핑업,1610000,111913
202201,동래구,숙박업,68618,16173
202201,동래구,식음료업,958357,0
202201,동래구,여가서비스업,51530,2310
202201,동래구,여행업,310,0
202201,동래구,운송업,356975,112
202201,동래구,의료웰니스업,95192,3324
202201,부산진구,쇼핑업,3870000,603525
202201,부산진구,숙박업,136705,18768
202201,부산진구,식음료업,2220000,0
202201,부산진구,여가서비스업,110475,4817
202201,부산진구,여행업,9983,48
202201,부산진구,운송업,272783,46
202201,부산진구,의료웰니스업,281664,0
202201,북구,쇼핑업,7630000,46965
202201,북구,숙박업,22764,8658
202201,북구,식음료업,493978,0
202201,북구,여가서비스업,20660,4507
202201,북구,여행업,149,754
202201,북구,운송업,564018,0
202201,북구,의료웰니스업,46914,0
202201,사상구,쇼핑업,1290000,8676
202201,사상구,숙박업,21505,6694
202201,사상구,식음료업,623388,0
202201,사상구,여가서비스업,34542,1253
202201,사상구,여행업,343,0
202201,사상구,운송업,1210000,159
202201,사상구,의료웰니스업,42136,557
202201,사하구,쇼핑업,675709,9383
202201,사하구,숙박업,12893,5768
202201,사하구,식음료업,529725,0
202201,사하구,여가서비스업,21508,2648
202201,사하구,운송업,700313,70
202201,사하구,의료웰니스업,48548,0
202201,서구,쇼핑업,430059,2284
202201,서구,숙박업,44496,1552
202201,서구,식음료업,366797,0
202201,서구,여가서비스업,67711,675
202201,서구,여행업,11,1481
202201,서구,운송업,192047,0
202201,서구,의료웰니스업,19208,0
202201,수영구,쇼핑업,1190000,2933
202201,수영구,숙박업,44257,4505
202201,수영구,식음료업,1430000,0
202201,수영구,여가서비스업,51026,1259
202201,수영구,운송업,250030,131
202201,수영구,의료웰니스업,72162,147
202201,연제구,쇼핑업,1930000,9399
202201,연제구,숙박업,16607,5906
202201,연제구,식음료업,746180,0
202201,연제구,여가서비스업,34566,1140
202201,연제구,운송업,703493,233
202201,연제구,의료웰니스업,74097,0
202201,영도구,쇼핑업,196683,3833
202201,영도구,숙박업,26347,1800
202201,영도구,식음료업,337052,0
202201,영도구,여가서비스업,11253,323
202201,영도구,여행업,109,0
202201,영도구,운송업,64111,107
202201,영도구,의료웰니스업,9592,1865
202201,중구,쇼핑업,1590000,41388
202201,중구,숙박업,56577,1533
202201,중구,식음료업,1010000,0
202201,중구,여가서비스업,28458,434
202201,중구,여행업,7047,0
202201,중구,운송업,40777,0
202201,중구,의료웰니스업,71482,0
202201,해운대구,쇼핑업,10400000,5230000
202201,해운대구,숙박업,968081,150930
202201,해운대구,식음료업,2450000,0
202201,해운대구,여가서비스업,167633,20997
202201,해운대구,여행업,10,0
202201,해운대구,운송업,574095,955
202201,해운대구,의료웰니스업,174613,2458
202202,강서구,쇼핑업,789873,13725
202202,강서구,숙박업,35108,3112
202202,강서구,식음료업,576195,0
202202,강서구,여가서비스업,57973,3082
202202,강서구,여행업,185,0
202202,강서구,운송업,2370000,635
202202,강서구,의료웰니스업,27126,419
202202,금정구,쇼핑업,649773,71964
202202,금정구,숙박업,10909,3913
202202,금정구,식음료업,578401,0
202202,금정구,여가서비스업,92154,7763
202202,금정구,운송업,292298,0
202202,금정구,의료웰니스업,53013,3767
202202,기장군,쇼핑업,3270000,10112
202202,기장군,숙박업,293511,7905
202202,기장군,식음료업,1130000,0
202202,기장군,여가서비스업,212090,11155
202202,기장군,여행업,98,54
202202,기장군,운송업,736026,0
202202,기장군,의료웰니스업,21278,2236
202202,남구,쇼핑업,560383,9147
202202,남구,숙박업,24151,5254
202202,남구,식음료업,535989,0
202202,남구,여가서비스업,53986,1357
202202,남구,여행업,634,0
202202,남구,운송업,1070000,0
202202,남구,의료웰니스업,53417,1346
202202,동구,쇼핑업,625630,16737
202202,동구,숙박업,35383,1851
202202,동구,식음료업,461743,0
202202,동구,여가서비스업,61876,1
202202,동구,여행업,5259,0
202202,동구,운송업,528288,95
202202,동구,의료웰니스업,26774,0
202202,동래구,쇼핑업,1010000,88408
202202,동래구,숙박업,50599,11988
202202,동래구,식음료업,749674,0
202202,동래구,여가서비스업,45137,3268
202202,동래구,운송업,314128,140
202202,동래구,의료웰니스업,74159,3501
202202,부산진구,쇼핑업,2890000,475127
202202,부산진구,숙박업,108076,25124
202202,부산진구,식음료업,1670000,0
202202,부산진구,여가서비스업,85058,2443
202202,부산진구,여행업,16288,2363
202202,부산진구,운송업,216102,323
202202,부산진구,의료웰니스업,229171,0
202202,북구,쇼핑업,4800000,28142
202202,북구,숙박업,18018,7366
202202,북구,식음료업,375651,0
202202,북구,여가서비스업,16768,3282
202202,북구,여행업,211,491
202202,북구,운송업,504160,347
202202,북구,의료웰니스업,39279,0
202202,사상구,쇼핑업,790607,6108
202202,사상구,숙박업,20040,5752
202202,사상구,식음료업,482171,0
202202,사상구,여가서비스업,27560,412
202202,사상구,운송업,1070000,713
202202,사상구,의료웰니스업,31388,731
202202,사하구,쇼핑업,476245,8736
202202,사하구,숙박업,13103,5850
202202,사하구,식음료업,413022,0
202202,사하구,여가서비스업,18353,1268
202202,사하구,운송업,564418,364
202202,사하구,의료웰니스업,39606,0
202202,서구,쇼핑업,319538,1637
202202,서구,숙박업,36529,1320
202202,서구,식음료업,285657,0
202202,서구,여가서비스업,56330,564
202202,서구,여행업,0,160
202202,서구,운송업,157876,0
202202,서구,의료웰니스업,12538,0
202202,수영구,쇼핑업,801536,2116
202202,수영구,숙박업,36139,3417
202202,수영구,식음료업,1150000,0
202202,수영구,여가서비스업,47530,782
202202,수영구,여행업,470,13
202202,수영구,운송업,208158,88
202202,수영구,의료웰니스업,62481,102
202202,연제구,쇼핑업,1330000,7224
202202,연제구,숙박업,18263,2999
202202,연제구,식음료업,588192,0
202202,연제구,여가서비스업,33412,476
202202,연제구,여행업,1158,0
202202,연제구,운송업,601917,74
202202,연제구,의료웰니스업,58713,0
202202,영도구,쇼핑업,138046,2508
202202,영도구,숙박업,25260,1505
202202,영도구,식음료업,258420,0
202202,영도구,여가서비스업,8727,1143
202202,영도구,여행업,76,6
202202,영도구,운송업,55705,1118
202202,영도구,의료웰니스업,7995,6572
202202,중구,쇼핑업,1120000,26623
202202,중구,숙박업,40290,1119
202202,중구,식음료업,761838,0
202202,중구,여가서비스업,22330,760
202202,중구,여행업,2633,0
202202,중구,운송업,29926,0
202202,중구,의료웰니스업,54439,0
202202,해운대구,쇼핑업,9310000,4630000
202202,해운대구,숙박업,774780,150202
202202,해운대구,식음료업,1950000,0
202202,해운대구,여가서비스업,133335,14630
202202,해운대구,여행업,8839,0
202202,해운대구,운송업,466723,451
202202,해운대구,의료웰니스업,140190,1068
202203,강서구,쇼핑업,896676,19461
202203,강서구,숙박업,35623,3021
202203,강서구,식음료업,677982,0
202203,강서구,여가서비스업,72693,2770
202203,강서구,운송업,3180000,498
202203,강서구,의료웰니스업,29705,322
202203,금정구,쇼핑업,836901,119094
202203,금정구,숙박업,12215,4483
202203,금정구,식음료업,752713,0
202203,금정구,여가서비스업,123879,10648
202203,금정구,운송업,350812,0
202203,금정구,의료웰니스업,70062,6083
202203,기장군,쇼핑업,3820000,16932
202203,기장군,숙박업,282963,8380
202203,기장군,식음료업,1220000,0
202203,기장군,여가서비스업,258443,16065
202203,기장군,여행업,17,0
202203,기장군,운송업,949401,79
202203,기장군,의료웰니스업,23313,3265
202203,남구,쇼핑업,689306,10626
202203,남구,숙박업,20233,6344
202203,남구,식음료업,673990,0
202203,남구,여가서비스업,81414,1713
202203,남구,여행업,52,330
202203,남구,운송업,1370000,0
202203,남구,의료웰니스업,59296,2739
202203,동구,쇼핑업,688363,18708
202203,동구,숙박업,37577,2865
202203,동구,식음료업,541774,0
202203,동구,여가서비스업,83312,157
202203,동구,여행업,10090,2982
202203,동구,운송업,677993,209
202203,동구,의료웰니스업,31012,0
202203,동래구,쇼핑업,1290000,95198
202203,동래구,숙박업,58981,11759
202203,동래구,식음료업,973207,0
202203,동래구,여가서비스업,56002,2000
202203,동래구,여행업,959,0
202203,동래구,운송업,388135,251
202203,동래구,의료웰니스업,76796,3379
202203,부산진구,쇼핑업,3310000,568322
202203,부산진구,숙박업,106535,18203
202203,부산진구,식음료업,2040000,0
202203,부산진구,여가서비스업,93354,3598
202203,부산진구,여행업,22403,1338
202203,부산진구,운송업,276695,565
202203,부산진구,의료웰니스업,267928,0
202203,북구,쇼핑업,6830000,46271
202203,북구,숙박업,20866,9333
202203,북구,식음료업,453734,0
202203,북구,여가서비스업,21900,5795
202203,북구,여행업,0,714
202203,북구,운송업,590453,28
202203,북구,의료웰니스업,38752,0
202203,사상구,쇼핑업,1050000,8539
202203,사상구,숙박업,22143,5984
202203,사상구,식음료업,626582,0
202203,사상구,여가서비스업,37149,1230
202203,사상구,여행업,29,0
202203,사상구,운송업,1370000,1169
202203,사상구,의료웰니스업,42145,781
202203,사하구,쇼핑업,599944,10887
202203,사하구,숙박업,13427,7073
202203,사하구,식음료업,510022,0
202203,사하구,여가서비스업,26667,1572
202203,사하구,여행업,359,0
202203,사하구,운송업,763245,123
202203,사하구,의료웰니스업,42140,0
202203,서구,쇼핑업,371224,1366
202203,서구,숙박업,29564,1289
202203,서구,식음료업,327803,0
202203,서구,여가서비스업,35169,473
202203,서구,여행업,8,115
202203,서구,운송업,221011,0
202203,서구,의료웰니스업,15400,0
202203,수영구,쇼핑업,917774,4109
202203,수영구,숙박업,35578,4544
202203,수영구,식음료업,1270000,0
202203,수영구,여가서비스업,52368,915
202203,수영구,운송업,244102,151
202203,수영구,의료웰니스업,70221,145
202203,연제구,쇼핑업,1680000,9956
202203,연제구,숙박업,14863,3783
202203,연제구,식음료업,733774,0
202203,연제구,여가서비스업,36122,916
202203,연제구,여행업,1438,0
202203,연제구,운송업,675906,86
202203,연제구,의료웰니스업,67554,0
202203,영도구,쇼핑업,172263,3381
202203,영도구,숙박업,20751,2509
202203,영도구,식음료업,284399,0
202203,영도구,여가서비스업,12464,530
202203,영도구,여행업,8,0
202203,영도구,운송업,61090,54
202203,영도구,의료웰니스업,6810,796
202203,중구,쇼핑업,1230000,43765
202203,중구,숙박업,32566,2546
202203,중구,식음료업,868491,0
202203,중구,여가서비스업,29152,360
202203,중구,여행업,4629,0
202203,중구,운송업,31922,0
202203,중구,의료웰니스업,61328,0
202203,해운대구,쇼핑업,9570000,4540000
202203,해운대구,숙박업,655935,100096
202203,해운대구,식음료업,1890000,0
202203,해운대구,여가서비스업,145781,21409
202203,해운대구,여행업,1623,20
202203,해운대구,운송업,557955,176
202203,해운대구,의료웰니스업,165145,2195
202204,강서구,쇼핑업,961642,25565
202204,강서구,숙박업,38562,3618
202204,강서구,식음료업,857160,0
202204,강서구,여가서비스업,90074,4156
202204,강서구,여행업,719,0
202204,강서구,운송업,3510000,2017
202204,강서구,의료웰니스업,26343,432
202204,금정구,쇼핑업,870144,123157
202204,금정구,숙박업,12717,4091
202204,금정구,식음료업,937493,0
202204,금정구,여가서비스업,138723,12613
202204,금정구,여행업,588,0
202204,금정구,운송업,424139,157
202204,금정구,의료웰니스업,72060,7000
202204,기장군,쇼핑업,4430000,24642
202204,기장군,숙박업,387235,8954
202204,기장군,식음료업,1600000,0
202204,기장군,여가서비스업,511080,25739
202204,기장군,여행업,168,322
202204,기장군,운송업,965877,527
202204,기장군,의료웰니스업,29636,4473
202204,남구,쇼핑업,661301,13976
202204,남구,숙박업,26014,6289
202204,남구,식음료업,831935,0
202204,남구,여가서비스업,88488,2146
202204,남구,여행업,5013,0
202204,남구,운송업,1370000,0
202204,남구,의료웰니스업,58904,2881
202204,동구,쇼핑업,821218,25562
202204,동구,숙박업,44787,1617
202204,동구,식음료업,697047,0
202204,동구,여가서비스업,105106,4
202204,동구,여행업,7741,0
202204,동구,운송업,751514,77
202204,동구,의료웰니스업,33328,0
202204,동래구,쇼핑업,1290000,133669
202204,동래구,숙박업,81111,15421
202204,동래구,식음료업,1330000,0
202204,동래구,여가서비스업,68964,2920
202204,동래구,여행업,1710,429
202204,동래구,운송업,416256,121
202204,동래구,의료웰니스업,101926,3771
202204,부산진구,쇼핑업,3690000,663139
202204,부산진구,숙박업,118509,15203
202204,부산진구,식음료업,2820000,0
202204,부산진구,여가서비스업,121967,4210
202204,부산진구,여행업,24440,287
202204,부산진구,운송업,349183,242
202204,부산진구,의료웰니스업,281448,0
202204,북구,쇼핑업,6330000,60658
202204,북구,숙박업,24756,8155
202204,북구,식음료업,599148,0
202204,북구,여가서비스업,34667,7963
202204,북구,여행업,0,268
202204,북구,운송업,699628,29
202204,북구,의료웰니스업,43050,0
202204,사상구,쇼핑업,985844,9051
202204,사상구,숙박업,25698,6287
202204,사상구,식음료업,838435,0
202204,사상구,여가서비스업,45123,666
202204,사상구,여행업,211,0
202204,사상구,운송업,1430000,684
202204,사상구,의료웰니스업,45001,639
202204,사하구,쇼핑업,660596,13136
202204,사하구,숙박업,12872,6332
202204,사하구,식음료업,661222,0
202204,사하구,여가서비스업,31799,1674
202204,사하구,운송업,667912,159
202204,사하구,의료웰니스업,45993,0
202204,서구,쇼핑업,388571,2494
202204,서구,숙박업,34486,2461
202204,서구,식음료업,437145,0
202204,서구,여가서비스업,52052,847
202204,서구,여행업,46,136
202204,서구,운송업,229053,0
202204,서구,의료웰니스업,19376,0
202204,수영구,쇼핑업,917930,4834
202204,수영구,숙박업,59616,5703
202204,수영구,식음료업,1800000,0
202204,수영구,여가서비스업,67613,763
202204,수영구,운송업,301016,301
202204,수영구,의료웰니스업,79410,120
202204,연제구,쇼핑업,1500000,12941
202204,연제구,숙박업,19018,4565
202204,연제구,식음료업,984393,0
202204,연제구,여가서비스업,42935,799
202204,연제구,운송업,753559,91
202204,연제구,의료웰니스업,66862,0
202204,영도구,쇼핑업,168052,3841
202204,영도구,숙박업,28733,2723
202204,영도구,식음료업,376838,0
202204,영도구,여가서비스업,14195,1057
202204,영도구,여행업,41,0
202204,영도구,운송업,75236,50
202204,영도구,의료웰니스업,9874,979
202204,중구,쇼핑업,1400000,48204
202204,중구,숙박업,50449,1746
202204,중구,식음료업,1200000,0
202204,중구,여가서비스업,33583,239
202204,중구,여행업,2866,30
202204,중구,운송업,37485,0
202204,중구,의료웰니스업,57620,0
202204,해운대구,쇼핑업,9770000,4950000
202204,해운대구,숙박업,858150,116844
202204,해운대구,식음료업,2690000,0
202204,해운대구,여가서비스업,209662,25610
202204,해운대구,여행업,59,0
202204,해운대구,운송업,744005,1165
202204,해운대구,의료웰니스업,191853,2140
202205,강서구,쇼핑업,1040000,22993
202205,강서구,숙박업,41366,5623
202205,강서구,식음료업,931750,0
202205,강서구,여가서비스업,117908,9484
202205,강서구,운송업,4140000,1899
202205,강서구,의료웰니스업,29882,404
202205,금정구,쇼핑업,909918,130832
202205,금정구,숙박업,13077,4015
202205,금정구,식음료업,1120000,0
202205,금정구,여가서비스업,164719,20147
202205,금정구,여행업,1634,0
202205,금정구,운송업,473734,0
202205,금정구,의료웰니스업,77833,11235
202205,기장군,쇼핑업,4620000,22921
202205,기장군,숙박업,452373,11615
202205,기장군,식음료업,1870000,0
202205,기장군,여가서비스업,585123,35391
202205,기장군,여행업,268,232
202205,기장군,운송업,1100000,486
202205,기장군,의료웰니스업,30480,3064
202205,남구,쇼핑업,724065,15786
202205,남구,숙박업,39769,5074
202205,남구,식음료업,945338,0
202205,남구,여가서비스업,104266,5873
202205,남구,여행업,2775,427
202205,남구,운송업,1640000,0
202205,남구,의료웰니스업,61422,5233
202205,동구,쇼핑업,965309,26826
202205,동구,숙박업,54847,2057
202205,동구,식음료업,851712,0
202205,동구,여가서비스업,116083,2
202205,동구,여행업,11633,0
202205,동구,운송업,759361,71
202205,동구,의료웰니스업,38739,0
202205,동래구,쇼핑업,1360000,131070
202205,동래구,숙박업,116371,35169
202205,동래구,식음료업,1520000,0
202205,동래구,여가서비스업,101792,7465
202205,동래구,여행업,96,2742
202205,동래구,운송업,444085,453
202205,동래구,의료웰니스업,97613,3971
202205,부산진구,쇼핑업,3950000,723171
202205,부산진구,숙박업,155103,19461
202205,부산진구,식음료업,3350000,0
202205,부산진구,여가서비스업,182949,16421
202205,부산진구,여행업,17177,6684
202205,부산진구,운송업,362391,138
202205,부산진구,의료웰니스업,312343,0
202205,북구,쇼핑업,6490000,57744
202205,북구,숙박업,22227,8316
202205,북구,식음료업,701853,0
202205,북구,여가서비스업,37513,10999
202205,북구,운송업,769798,74
202205,북구,의료웰니스업,47897,0
202205,사상구,쇼핑업,1060000,10666
202205,사상구,숙박업,25646,6154
202205,사상구,식음료업,954506,0
202205,사상구,여가서비스업,47475,1151
202205,사상구,운송업,1610000,909
202205,사상구,의료웰니스업,50415,782
202205,사하구,쇼핑업,706348,16741
202205,사하구,숙박업,13596,5320
202205,사하구,식음료업,797060,0
202205,사하구,여가서비스업,40807,7356
202205,사하구,운송업,884403,403
202205,사하구,의료웰니스업,56342,0
202205,서구,쇼핑업,412471,2939
202205,서구,숙박업,45835,2290
202205,서구,식음료업,524199,0
202205,서구,여가서비스업,81345,762
202205,서구,여행업,362,19
202205,서구,운송업,259000,128
202205,서구,의료웰니스업,19237,0
202205,수영구,쇼핑업,996922,5695
202205,수영구,숙박업,64935,9813
202205,수영구,식음료업,2150000,0
202205,수영구,여가서비스업,82489,862
202205,수영구,여행업,98,0
202205,수영구,운송업,339373,263
202205,수영구,의료웰니스업,91306,196
202205,연제구,쇼핑업,1700000,13432
202205,연제구,숙박업,24490,4625
202205,연제구,식음료업,1150000,0
202205,연제구,여가서비스업,62498,3824
202205,연제구,여행업,748,0
202205,연제구,운송업,834930,34
202205,연제구,의료웰니스업,73860,0
202205,영도구,쇼핑업,186141,5559
202205,영도구,숙박업,35002,3041
202205,영도구,식음료업,467044,0
202205,영도구,여가서비스업,18709,491
202205,영도구,여행업,64,0
202205,영도구,운송업,89793,415
202205,영도구,의료웰니스업,9110,1672
202205,중구,쇼핑업,1530000,56621
202205,중구,숙박업,70562,2183
202205,중구,식음료업,1430000,0
202205,중구,여가서비스업,68101,2042
202205,중구,여행업,7266,3
202205,중구,운송업,47766,0
202205,중구,의료웰니스업,79920,0
202205,해운대구,쇼핑업,10700000,4990000
202205,해운대구,숙박업,1000000,144860
202205,해운대구,식음료업,3370000,0
202205,해운대구,여가서비스업,263140,57180
202205,해운대구,여행업,11849,0
202205,해운대구,운송업,847919,279
202205,해운대구,의료웰니스업,190296,1226
202206,강서구,쇼핑업,963879,21129
202206,강서구,숙박업,42397,3106
202206,강서구,식음료업,857778,0
202206,강서구,여가서비스업,97589,8490
202206,강서구,운송업,3950000,1459
202206,강서구,의료웰니스업,31795,457
202206,금정구,쇼핑업,775041,103786
202206,금정구,숙박업,14792,4673
202206,금정구,식음료업,957547,0
202206,금정구,여가서비스업,154830,17636
202206,금정구,운송업,448930,151
202206,금정구,의료웰니스업,74266,6920
202206,기장군,쇼핑업,3590000,25013
202206,기장군,숙박업,427764,10010
202206,기장군,식음료업,1650000,0
202206,기장군,여가서비스업,464605,29344
202206,기장군,여행업,151,37
202206,기장군,운송업,1020000,42
202206,기장군,의료웰니스업,28271,2470
202206,남구,쇼핑업,667944,15516
202206,남구,숙박업,30835,4858
202206,남구,식음료업,848085,0
202206,남구,여가서비스업,103397,5967
202206,남구,운송업,1570000,0
202206,남구,의료웰니스업,76442,8862
202206,동구,쇼핑업,950002,24314
202206,동구,숙박업,58512,2730
202206,동구,식음료업,798955,0
202206,동구,여가서비스업,116349,7
202206,동구,여행업,7012,0
202206,동구,운송업,715373,140
202206,동구,의료웰니스업,38254,0
202206,동래구,쇼핑업,1340000,115371
202206,동래구,숙박업,98617,25928
202206,동래구,식음료업,1370000,0
202206,동래구,여가서비스업,85970,8233
202206,동래구,여행업,2153,167
202206,동래구,운송업,409437,273
202206,동래구,의료웰니스업,102173,4741
202206,부산진구,쇼핑업,3260000,600344
202206,부산진구,숙박업,155628,18084
202206,부산진구,식음료업,3040000,0
202206,부산진구,여가서비스업,174313,16236
202206,부산진구,여행업,23227,3924
202206,부산진구,운송업,352459,184
202206,부산진구,의료웰니스업,304438,0
202206,북구,쇼핑업,6260000,43427
202206,북구,숙박업,23832,7716
202206,북구,식음료업,640557,0
202206,북구,여가서비스업,45109,10394
202206,북구,여행업,1193,284
202206,북구,운송업,714776,0
202206,북구,의료웰니스업,52667,0
202206,사상구,쇼핑업,929500,9331
202206,사상구,숙박업,25443,5217
202206,사상구,식음료업,857334,0
202206,사상구,여가서비스업,54039,5565
202206,사상구,여행업,65,0
202206,사상구,운송업,1570000,1450
202206,사상구,의료웰니스업,47570,932
202206,사하구,쇼핑업,616404,13212
202206,사하구,숙박업,11194,5118
202206,사하구,식음료업,700396,0
202206,사하구,여가서비스업,38442,7126
202206,사하구,여행업,2556,0
202206,사하구,운송업,862694,659
202206,사하구,의료웰니스업,55968,0
202206,서구,쇼핑업,388112,1365
202206,서구,숙박업,45690,1735
202206,서구,식음료업,484127,0
202206,서구,여가서비스업,69048,1064
202206,서구,여행업,825,34
202206,서구,운송업,261374,56
202206,서구,의료웰니스업,18245,0
202206,수영구,쇼핑업,1010000,7788
202206,수영구,숙박업,65344,12868
202206,수영구,식음료업,2020000,0
202206,수영구,여가서비스업,89895,1218
202206,수영구,운송업,320590,0
202206,수영구,의료웰니스업,89801,118
202206,연제구,쇼핑업,1570000,16653
202206,연제구,숙박업,24349,3997
202206,연제구,식음료업,1030000,0
202206,연제구,여가서비스업,60963,3971
202206,연제구,여행업,2414,0
202206,연제구,운송업,798116,0
202206,연제구,의료웰니스업,77600,0
202206,영도구,쇼핑업,172210,3962
202206,영도구,숙박업,29315,2011
202206,영도구,식음료업,425418,0
202206,영도구,여가서비스업,17096,506
202206,영도구,여행업,61,0
202206,영도구,운송업,83508,293
202206,영도구,의료웰니스업,8471,1549
202206,중구,쇼핑업,1320000,45974
202206,중구,숙박업,68758,5596
202206,중구,식음료업,1310000,0
202206,중구,여가서비스업,52115,2172
202206,중구,여행업,9628,0
202206,중구,운송업,49781,0
202206,중구,의료웰니스업,79924,0
202206,해운대구,쇼핑업,9410000,4140000
202206,해운대구,숙박업,1070000,105881
202206,해운대구,식음료업,3240000,0
202206,해운대구,여가서비스업,255783,42157
202206,해운대구,여행업,3342,21
202206,해운대구,운송업,800326,1122
202206,해운대구,의료웰니스업,187716,1250
202207,강서구,쇼핑업,1070000,19125
202207,강서구,숙박업,62038,5277
202207,강서구,식음료업,954645,0
202207,강서구,여가서비스업,101950,9957
202207,강서구,운송업,4240000,1470
202207,강서구,의료웰니스업,31091,240
202207,금정구,쇼핑업,789749,110854
202207,금정구,숙박업,13580,5410
202207,금정구,식음료업,965936,0
202207,금정구,여가서비스업,148709,19100
202207,금정구,여행업,2260,400
202207,금정구,운송업,482281,0
202207,금정구,의료웰니스업,70413,5107
202207,기장군,쇼핑업,3720000,15173
202207,기장군,숙박업,561143,12810
202207,기장군,식음료업,1830000,0
202207,기장군,여가서비스업,489419,30918
202207,기장군,여행업,157,332
202207,기장군,운송업,1080000,0
202207,기장군,의료웰니스업,30940,2399
202207,남구,쇼핑업,722704,13856
202207,남구,숙박업,47659,5792
202207,남구,식음료업,886661,0
202207,남구,여가서비스업,95549,6276
202207,남구,여행업,958,0
202207,남구,운송업,1600000,0
202207,남구,의료웰니스업,68133,3124
202207,동구,쇼핑업,963366,21550
202207,동구,숙박업,78084,3079
202207,동구,식음료업,883543,0
202207,동구,여가서비스업,95297,77
202207,동구,여행업,12398,0
202207,동구,운송업,776090,159
202207,동구,의료웰니스업,37861,0
202207,동래구,쇼핑업,1240000,102770
202207,동래구,숙박업,103699,17533
202207,동래구,식음료업,1480000,0
202207,동래구,여가서비스업,89484,8225
202207,동래구,여행업,191,964
202207,동래구,운송업,441041,0
202207,동래구,의료웰니스업,98631,3187
202207,부산진구,쇼핑업,3410000,633003
202207,부산진구,숙박업,196461,18396
202207,부산진구,식음료업,3330000,0
202207,부산진구,여가서비스업,187766,16555
202207,부산진구,여행업,17343,1494
202207,부산진구,운송업,378515,63
202207,부산진구,의료웰니스업,322255,0
202207,북구,쇼핑업,6820000,44121
202207,북구,숙박업,25640,8464
202207,북구,식음료업,681211,0
202207,북구,여가서비스업,47811,11116
202207,북구,운송업,742528,410
202207,북구,의료웰니스업,52709,0
202207,사상구,쇼핑업,1040000,9947
202207,사상구,숙박업,29058,6674
202207,사상구,식음료업,864311,0
202207,사상구,여가서비스업,54778,4807
202207,사상구,여행업,53,0
202207,사상구,운송업,1660000,1602
202207,사상구,의료웰니스업,47101,769
202207,사하구,쇼핑업,627974,20054
202207,사하구,숙박업,16965,7232
202207,사하구,식음료업,766566,0
202207,사하구,여가서비스업,38412,6565
202207,사하구,운송업,789247,713
202207,사하구,의료웰니스업,51409,0
202207,서구,쇼핑업,389509,924
202207,서구,숙박업,56848,2197
202207,서구,식음료업,543955,0
202207,서구,여가서비스업,89867,1212
202207,서구,여행업,23,94
202207,서구,운송업,250956,0
202207,서구,의료웰니스업,21212,0
202207,수영구,쇼핑업,1020000,4766
202207,수영구,숙박업,73783,7704
202207,수영구,식음료업,2360000,0
202207,수영구,여가서비스업,110038,1155
202207,수영구,여행업,781,0
202207,수영구,운송업,356393,77
202207,수영구,의료웰니스업,92883,54
202207,연제구,쇼핑업,1800000,10356
202207,연제구,숙박업,26460,4753
202207,연제구,식음료업,1110000,0
202207,연제구,여가서비스업,61509,3819
202207,연제구,여행업,0,405
202207,연제구,운송업,823259,236
202207,연제구,의료웰니스업,79550,0
202207,영도구,쇼핑업,185939,4065
202207,영도구,숙박업,47074,2662
202207,영도구,식음료업,475050,0
202207,영도구,여가서비스업,18374,1101
202207,영도구,여행업,58,8
202207,영도구,운송업,93051,1200
202207,영도구,의료웰니스업,8795,1277
202207,중구,쇼핑업,1440000,43946
202207,중구,숙박업,92456,2171
202207,중구,식음료업,1360000,0
202207,중구,여가서비스업,62736,1607
202207,중구,여행업,2425,1
202207,중구,운송업,49613,0
202207,중구,의료웰니스업,81539,0
202207,해운대구,쇼핑업,9970000,4470000
202207,해운대구,숙박업,1440000,101285
202207,해운대구,식음료업,3790000,0
202207,해운대구,여가서비스업,307454,51023
202207,해운대구,여행업,10531,626
202207,해운대구,운송업,1010000,301
202207,해운대구,의료웰니스업,198704,1778
202208,강서구,쇼핑업,1110000,15510
202208,강서구,숙박업,53774,4975
202208,강서구,식음료업,985048,0
202208,강서구,여가서비스업,104322,9000
202208,강서구,여행업,2341,0
202208,강서구,운송업,3460000,3096
202208,강서구,의료웰니스업,30843,334
202208,금정구,쇼핑업,791774,82501
202208,금정구,숙박업,13270,4158
202208,금정구,식음료업,957307,0
202208,금정구,여가서비스업,163799,16310
202208,금정구,여행업,2374,0
202208,금정구,운송업,403711,85
202208,금정구,의료웰니스업,79460,6525
202208,기장군,쇼핑업,3740000,22936
202208,기장군,숙박업,504660,9852
202208,기장군,식음료업,2010000,0
202208,기장군,여가서비스업,529708,35932
202208,기장군,여행업,246,118
202208,기장군,운송업,910901,542
202208,기장군,의료웰니스업,28838,1385
202208,남구,쇼핑업,781429,10541
202208,남구,숙박업,47421,5638
202208,남구,식음료업,907180,0
202208,남구,여가서비스업,90784,6967
202208,남구,여행업,4298,451
202208,남구,운송업,1340000,0
202208,남구,의료웰니스업,65881,3362
202208,동구,쇼핑업,1060000,20888
202208,동구,숙박업,89571,2394
202208,동구,식음료업,909794,0
202208,동구,여가서비스업,103953,161
202208,동구,여행업,6946,0
202208,동구,운송업,711978,339
202208,동구,의료웰니스업,39325,0
202208,동래구,쇼핑업,1330000,85117
202208,동래구,숙박업,108325,19969
202208,동래구,식음료업,1440000,0
202208,동래구,여가서비스업,94088,8301
202208,동래구,운송업,387849,156
202208,동래구,의료웰니스업,99898,4247
202208,부산진구,쇼핑업,3420000,545057
202208,부산진구,숙박업,225541,17089
202208,부산진구,식음료업,3350000,0
202208,부산진구,여가서비스업,196959,16979
202208,부산진구,여행업,28222,636
202208,부산진구,운송업,352183,138
202208,부산진구,의료웰니스업,323761,0
202208,북구,쇼핑업,7050000,35523
202208,북구,숙박업,26881,7939
202208,북구,식음료업,655867,0
202208,북구,여가서비스업,39569,10083
202208,북구,여행업,0,166
202208,북구,운송업,652946,57
202208,북구,의료웰니스업,48101,0
202208,사상구,쇼핑업,1070000,6765
202208,사상구,숙박업,29753,6728
202208,사상구,식음료업,856590,0
202208,사상구,여가서비스업,53601,4987
202208,사상구,여행업,133,0
202208,사상구,운송업,1850000,1113
202208,사상구,의료웰니스업,44994,460
202208,사하구,쇼핑업,655218,14735
202208,사하구,숙박업,18098,6175
202208,사하구,식음료업,758499,0
202208,사하구,여가서비스업,38844,7087
202208,사하구,운송업,671913,133
202208,사하구,의료웰니스업,48546,0
202208,서구,쇼핑업,412138,1386
202208,서구,숙박업,58685,1452
202208,서구,식음료업,553395,0
202208,서구,여가서비스업,118473,1612
202208,서구,여행업,666,47
202208,서구,운송업,209735,0
202208,서구,의료웰니스업,19975,0
202208,수영구,쇼핑업,1090000,5701
202208,수영구,숙박업,87381,3790
202208,수영구,식음료업,2530000,0
202208,수영구,여가서비스업,110879,1201
202208,수영구,운송업,330983,297
202208,수영구,의료웰니스업,91626,68
202208,연제구,쇼핑업,1810000,10383
202208,연제구,숙박업,29416,4183
202208,연제구,식음료업,1110000,0
202208,연제구,여가서비스업,62586,3744
202208,연제구,여행업,1472,0
202208,연제구,운송업,783712,623
202208,연제구,의료웰니스업,75653,0
202208,영도구,쇼핑업,203912,3147
202208,영도구,숙박업,67714,3113
202208,영도구,식음료업,524911,0
202208,영도구,여가서비스업,20901,430
202208,영도구,여행업,95,0
202208,영도구,운송업,88779,493
202208,영도구,의료웰니스업,10630,1879
202208,중구,쇼핑업,1450000,45721
202208,중구,숙박업,103793,2011
202208,중구,식음료업,1470000,0
202208,중구,여가서비스업,64019,1815
202208,중구,여행업,13038,0
202208,중구,운송업,46726,0
202208,중구,의료웰니스업,76297,0
202208,해운대구,쇼핑업,9600000,4000000
202208,해운대구,숙박업,1430000,112475
202208,해운대구,식음료업,4140000,0
202208,해운대구,여가서비스업,311366,43973
202208,해운대구,여행업,776,760
202208,해운대구,운송업,974401,1711
202208,해운대구,의료웰니스업,196264,1420
202209,강서구,쇼핑업,1080000,23292
202209,강서구,숙박업,44904,3866
202209,강서구,식음료업,866793,0
202209,강서구,여가서비스업,98373,7051
202209,강서구,여행업,880,0
202209,강서구,운송업,3530000,3366
202209,강서구,의료웰니스업,29347,471
202209,금정구,쇼핑업,897558,98688
202209,금정구,숙박업,11222,5223
202209,금정구,식음료업,953333,0
202209,금정구,여가서비스업,150482,14027
202209,금정구,여행업,3745,0
202209,금정구,운송업,381451,67
202209,금정구,의료웰니스업,80533,7036
202209,기장군,쇼핑업,4300000,18738
202209,기장군,숙박업,382530,9769
202209,기장군,식음료업,1570000,0
202209,기장군,여가서비스업,496699,28364
202209,기장군,여행업,195,62
202209,기장군,운송업,822892,185
202209,기장군,의료웰니스업,31400,2614
202209,남구,쇼핑업,788408,11450
202209,남구,숙박업,26457,4924
202209,남구,식음료업,879994,0
202209,남구,여가서비스업,92349,3716
202209,남구,여행업,1270,0
202209,남구,운송업,1240000,33
202209,남구,의료웰니스업,70419,3642
202209,동구,쇼핑업,912022,24360
202209,동구,숙박업,56461,2055
202209,동구,식음료업,772766,0
202209,동구,여가서비스업,99615,1528
202209,동구,여행업,8005,1535
202209,동구,운송업,686444,139
202209,동구,의료웰니스업,37279,0
202209,동래구,쇼핑업,1290000,100667
202209,동래구,숙박업,92566,19865
202209,동래구,식음료업,1410000,0
202209,동래구,여가서비스업,89245,5819
202209,동래구,여행업,1562,0
202209,동래구,운송업,375968,425
202209,동래구,의료웰니스업,102290,3852
202209,부산진구,쇼핑업,3490000,655835
202209,부산진구,숙박업,138964,18003
202209,부산진구,식음료업,3070000,0
202209,부산진구,여가서비스업,160839,11375
202209,부산진구,여행업,27068,6879
202209,부산진구,운송업,300766,778
202209,부산진구,의료웰니스업,330643,0
202209,북구,쇼핑업,6870000,44671
202209,북구,숙박업,23711,7667
202209,북구,식음료업,656513,0
202209,북구,여가서비스업,44308,7574
202209,북구,여행업,0,1151
202209,북구,운송업,601947,57
202209,북구,의료웰니스업,49268,0
202209,사상구,쇼핑업,1190000,10598
202209,사상구,숙박업,25891,5162
202209,사상구,식음료업,845093,0
202209,사상구,여가서비스업,66624,3396
202209,사상구,여행업,316,0
202209,사상구,운송업,1740000,1299
202209,사상구,의료웰니스업,50492,877
202209,사하구,쇼핑업,704928,15816
202209,사하구,숙박업,14925,5788
202209,사하구,식음료업,725149,0
202209,사하구,여가서비스업,35933,5069
202209,사하구,운송업,614870,1506
202209,사하구,의료웰니스업,57142,0
202209,서구,쇼핑업,381307,2418
202209,서구,숙박업,31605,1020
202209,서구,식음료업,448572,0
202209,서구,여가서비스업,56882,1343
202209,서구,여행업,28,9
202209,서구,운송업,184956,0
202209,서구,의료웰니스업,17636,0
202209,수영구,쇼핑업,948113,3758
202209,수영구,숙박업,55540,4933
202209,수영구,식음료업,1890000,0
202209,수영구,여가서비스업,79527,1008
202209,수영구,여행업,593,17
202209,수영구,운송업,288254,292
202209,수영구,의료웰니스업,86532,48
202209,연제구,쇼핑업,1760000,9043
202209,연제구,숙박업,19548,3931
202209,연제구,식음료업,1060000,0
202209,연제구,여가서비스업,61942,2773
202209,연제구,여행업,203,0
202209,연제구,운송업,692440,441
202209,연제구,의료웰니스업,77614,0
202209,영도구,쇼핑업,201399,3626
202209,영도구,숙박업,35194,1862
202209,영도구,식음료업,411492,0
202209,영도구,여가서비스업,16528,251
202209,영도구,여행업,35,0
202209,영도구,운송업,70348,278
202209,영도구,의료웰니스업,11313,2836
202209,중구,쇼핑업,1460000,42467
202209,중구,숙박업,53612,1650
202209,중구,식음료업,1260000,0
202209,중구,여가서비스업,49256,1251
202209,중구,여행업,9816,0
202209,중구,운송업,44062,0
202209,중구,의료웰니스업,83279,0
202209,해운대구,쇼핑업,9110000,4320000
202209,해운대구,숙박업,839577,98116
202209,해운대구,식음료업,2750000,0
202209,해운대구,여가서비스업,230706,32342
202209,해운대구,여행업,5520,59
202209,해운대구,운송업,763059,398
202209,해운대구,의료웰니스업,197597,1490
202210,강서구,쇼핑업,1160000,37810
202210,강서구,숙박업,60463,5577
202210,강서구,식음료업,1060000,0
202210,강서구,여가서비스업,121149,6965
202210,강서구,여행업,797,0
202210,강서구,운송업,4440000,4739
202210,강서구,의료웰니스업,32795,775
202210,금정구,쇼핑업,896911,126086
202210,금정구,숙박업,12704,4326
202210,금정구,식음료업,1160000,0
202210,금정구,여가서비스업,171055,14032
202210,금정구,여행업,1699,0
202210,금정구,운송업,419514,0
202210,금정구,의료웰니스업,84086,9912
202210,기장군,쇼핑업,5700000,24035
202210,기장군,숙박업,416042,7893
202210,기장군,식음료업,1900000,0
202210,기장군,여가서비스업,648145,30532
202210,기장군,여행업,2950,39
202210,기장군,운송업,874756,232
202210,기장군,의료웰니스업,37104,2063
202210,남구,쇼핑업,724560,17713
202210,남구,숙박업,51200,9429
202210,남구,식음료업,1040000,0
202210,남구,여가서비스업,100236,3371
202210,남구,여행업,1160,0
202210,남구,운송업,1360000,0
202210,남구,의료웰니스업,79387,8956
202210,동구,쇼핑업,1030000,20943
202210,동구,숙박업,81030,2360
202210,동구,식음료업,948611,0
202210,동구,여가서비스업,122076,237
202210,동구,여행업,11927,0
202210,동구,운송업,754064,182
202210,동구,의료웰니스업,42089,0
202210,동래구,쇼핑업,1410000,132473
202210,동래구,숙박업,112402,24564
202210,동래구,식음료업,1590000,0
202210,동래구,여가서비스업,88938,4468
202210,동래구,여행업,1057,3463
202210,동래구,운송업,404498,274
202210,동래구,의료웰니스업,109998,4529
202210,부산진구,쇼핑업,3930000,739955
202210,부산진구,숙박업,181444,16938
202210,부산진구,식음료업,3600000,0
202210,부산진구,여가서비스업,172886,7730
202210,부산진구,여행업,38012,3903
202210,부산진구,운송업,327560,620
202210,부산진구,의료웰니스업,325518,0
202210,북구,쇼핑업,7160000,70111
202210,북구,숙박업,24109,9276
202210,북구,식음료업,735067,0
202210,북구,여가서비스업,40084,7770
202210,북구,여행업,1260,378
202210,북구,운송업,640902,238
202210,북구,의료웰니스업,53330,0
202210,사상구,쇼핑업,1120000,16806
202210,사상구,숙박업,30539,5722
202210,사상구,식음료업,987173,0
202210,사상구,여가서비스업,60789,1929
202210,사상구,여행업,36,0
202210,사상구,운송업,1820000,1554
202210,사상구,의료웰니스업,62413,1669
202210,사하구,쇼핑업,727388,22521
202210,사하구,숙박업,17268,7059
202210,사하구,식음료업,834002,0
202210,사하구,여가서비스업,39762,3421
202210,사하구,여행업,101,0
202210,사하구,운송업,637627,1333
202210,사하구,의료웰니스업,56477,0
202210,서구,쇼핑업,393231,2609
202210,서구,숙박업,44485,2349
202210,서구,식음료업,545431,0
202210,서구,여가서비스업,88323,1016
202210,서구,여행업,481,75
202210,서구,운송업,210175,0
202210,서구,의료웰니스업,30035,0
202210,수영구,쇼핑업,1090000,7750
202210,수영구,숙박업,65872,7656
202210,수영구,식음료업,2380000,0
202210,수영구,여가서비스업,105907,1708
202210,수영구,여행업,23,0
202210,수영구,운송업,312009,302
202210,수영구,의료웰니스업,99016,93
202210,연제구,쇼핑업,1650000,12250
202210,연제구,숙박업,27763,4065
202210,연제구,식음료업,1230000,0
202210,연제구,여가서비스업,60388,1841
202210,연제구,여행업,1450,0
202210,연제구,운송업,727772,538
202210,연제구,의료웰니스업,77648,0
202210,영도구,쇼핑업,194487,6171
202210,영도구,숙박업,53437,2452
202210,영도구,식음료업,543081,0
202210,영도구,여가서비스업,18903,612
202210,영도구,여행업,50,10
202210,영도구,운송업,87518,400
202210,영도구,의료웰니스업,10731,1828
202210,중구,쇼핑업,1690000,55726
202210,중구,숙박업,92745,4953
202210,중구,식음료업,1600000,0
202210,중구,여가서비스업,54363,925
202210,중구,여행업,9934,6
202210,중구,운송업,52342,0
202210,중구,의료웰니스업,77631,0
202210,해운대구,쇼핑업,11000000,4840000
202210,해운대구,숙박업,948686,106845
202210,해운대구,식음료업,3460000,0
202210,해운대구,여가서비스업,242546,33007
202210,해운대구,여행업,16594,358
202210,해운대구,운송업,997158,2142
202210,해운대구,의료웰니스업,207485,1874
202211,강서구,쇼핑업,1060000,29161
202211,강서구,숙박업,50234,3821
202211,강서구,식음료업,929778,0
202211,강서구,여가서비스업,109650,5237
202211,강서구,여행업,418,0
202211,강서구,운송업,4280000,6036
202211,강서구,의료웰니스업,35634,2671
202211,금정구,쇼핑업,883826,127953
202211,금정구,숙박업,11995,3792
202211,금정구,식음료업,1050000,0
202211,금정구,여가서비스업,153901,12078
202211,금정구,여행업,2303,0
202211,금정구,운송업,385037,0
202211,금정구,의료웰니스업,72245,9614
202211,기장군,쇼핑업,4370000,16675
202211,기장군,숙박업,343255,8837
202211,기장군,식음료업,1550000,0
202211,기장군,여가서비스업,452636,22928
202211,기장군,여행업,1360,119
202211,기장군,운송업,806196,0
202211,기장군,의료웰니스업,36090,2151
202211,남구,쇼핑업,700977,15380
202211,남구,숙박업,42801,6631
202211,남구,식음료업,935120,0
202211,남구,여가서비스업,90093,3087
202211,남구,여행업,959,0
202211,남구,운송업,1350000,255
202211,남구,의료웰니스업,73128,5836
202211,동구,쇼핑업,928193,23047
202211,동구,숙박업,68523,3004
202211,동구,식음료업,871734,0
202211,동구,여가서비스업,97350,87
202211,동구,여행업,32943,1552
202211,동구,운송업,698173,7960
202211,동구,의료웰니스업,40871,0
202211,동래구,쇼핑업,1260000,148950
202211,동래구,숙박업,97369,22910
202211,동래구,식음료업,1440000,0
202211,동래구,여가서비스업,79765,3713
202211,동래구,여행업,2762,3284
202211,동래구,운송업,361052,345
202211,동래구,의료웰니스업,107393,4963
202211,부산진구,쇼핑업,3550000,729828
202211,부산진구,숙박업,171713,18930
202211,부산진구,식음료업,3230000,0
202211,부산진구,여가서비스업,149935,8403
202211,부산진구,여행업,31580,9483
202211,부산진구,운송업,294296,310
202211,부산진구,의료웰니스업,306518,0
202211,북구,쇼핑업,6240000,70465
202211,북구,숙박업,23466,7188
202211,북구,식음료업,663607,0
202211,북구,여가서비스업,36581,7663
202211,북구,여행업,2398,901
202211,북구,운송업,618471,98
202211,북구,의료웰니스업,53280,0
202211,사상구,쇼핑업,1110000,10856
202211,사상구,숙박업,29494,4745
202211,사상구,식음료업,921471,0
202211,사상구,여가서비스업,53313,2573
202211,사상구,여행업,926,0
202211,사상구,운송업,1640000,1200
202211,사상구,의료웰니스업,54426,684
202211,사하구,쇼핑업,638086,12706
202211,사하구,숙박업,14408,5413
202211,사하구,식음료업,760436,0
202211,사하구,여가서비스업,34019,2330
202211,사하구,여행업,2649,0
202211,사하구,운송업,627760,474
202211,사하구,의료웰니스업,50915,0
202211,서구,쇼핑업,430274,2142
202211,서구,숙박업,33984,1232
202211,서구,식음료업,472467,0
202211,서구,여가서비스업,63567,1160
202211,서구,여행업,29,45
202211,서구,운송업,195978,162
202211,서구,의료웰니스업,19177,0
202211,수영구,쇼핑업,870487,5597
202211,수영구,숙박업,54406,8939
202211,수영구,식음료업,1960000,0
202211,수영구,여가서비스업,77072,1379
202211,수영구,운송업,303847,92
202211,수영구,의료웰니스업,75566,62
202211,연제구,쇼핑업,1670000,12099
202211,연제구,숙박업,24480,4317
202211,연제구,식음료업,1190000,0
202211,연제구,여가서비스업,46767,1750
202211,연제구,여행업,200,4296
202211,연제구,운송업,732530,803
202211,연제구,의료웰니스업,82672,0
202211,영도구,쇼핑업,172792,3945
202211,영도구,숙박업,36103,2333
202211,영도구,식음료업,436168,0
202211,영도구,여가서비스업,20174,486
202211,영도구,여행업,123,0
202211,영도구,운송업,77355,0
202211,영도구,의료웰니스업,11874,2415
202211,중구,쇼핑업,1570000,49653
202211,중구,숙박업,74805,1203
202211,중구,식음료업,1390000,0
202211,중구,여가서비스업,46135,856
202211,중구,여행업,12709,0
202211,중구,운송업,45120,0
202211,중구,의료웰니스업,73438,0
202211,해운대구,쇼핑업,9690000,4670000
202211,해운대구,숙박업,791803,122606
202211,해운대구,식음료업,3000000,0
202211,해운대구,여가서비스업,220583,28711
202211,해운대구,여행업,2779,5612
202211,해운대구,운송업,757790,75
202211,해운대구,의료웰니스업,197127,2788
202212,강서구,쇼핑업,1190000,26489
202212,강서구,숙박업,57865,4843
202212,강서구,식음료업,1020000,0
202212,강서구,여가서비스업,88323,7743
202212,강서구,운송업,4110000,3185
202212,강서구,의료웰니스업,36168,3388
202212,금정구,쇼핑업,882772,126840
202212,금정구,숙박업,10148,4215
202212,금정구,식음료업,1100000,0
202212,금정구,여가서비스업,125349,13958
202212,금정구,여행업,3809,0
202212,금정구,운송업,416922,0
202212,금정구,의료웰니스업,92338,27479
202212,기장군,쇼핑업,4910000,19652
202212,기장군,숙박업,392500,12277
202212,기장군,식음료업,1720000,0
202212,기장군,여가서비스업,348581,22576
202212,기장군,여행업,403,147
202212,기장군,운송업,852966,126
202212,기장군,의료웰니스업,36980,2429
202212,남구,쇼핑업,774066,13779
202212,남구,숙박업,36889,5869
202212,남구,식음료업,994217,0
202212,남구,여가서비스업,78684,4503
202212,남구,여행업,2477,0
202212,남구,운송업,1240000,0
202212,남구,의료웰니스업,90871,23820
202212,동구,쇼핑업,1020000,25483
202212,동구,숙박업,56577,2703
202212,동구,식음료업,970996,0
202212,동구,여가서비스업,78476,772
202212,동구,여행업,33117,0
202212,동구,운송업,698580,71
202212,동구,의료웰니스업,37773,0
202212,동래구,쇼핑업,1400000,165390
202212,동래구,숙박업,134132,22517
202212,동래구,식음료업,1640000,0
202212,동래구,여가서비스업,97242,6718
202212,동래구,여행업,2086,2239
202212,동래구,운송업,365596,67
202212,동래구,의료웰니스업,111594,6619
202212,부산진구,쇼핑업,4030000,811647
202212,부산진구,숙박업,169571,23685
202212,부산진구,식음료업,3770000,0
202212,부산진구,여가서비스업,201060,14536
202212,부산진구,여행업,15393,2371
202212,부산진구,운송업,336299,1042
202212,부산진구,의료웰니스업,348800,0
202212,북구,쇼핑업,6970000,63377
202212,북구,숙박업,27424,9012
202212,북구,식음료업,769965,0
202212,북구,여가서비스업,38367,7731
202212,북구,여행업,0,4018
202212,북구,운송업,630484,0
202212,북구,의료웰니스업,59085,0
202212,사상구,쇼핑업,1140000,8935
202212,사상구,숙박업,28261,6838
202212,사상구,식음료업,1040000,0
202212,사상구,여가서비스업,61399,3883
202212,사상구,운송업,1550000,945
202212,사상구,의료웰니스업,61951,1068
202212,사하구,쇼핑업,683413,13072
202212,사하구,숙박업,14174,5580
202212,사하구,식음료업,819952,0
202212,사하구,여가서비스업,42300,5896
202212,사하구,운송업,606035,343
202212,사하구,의료웰니스업,59501,0
202212,서구,쇼핑업,369925,2076
202212,서구,숙박업,35832,2428
202212,서구,식음료업,508107,0
202212,서구,여가서비스업,64299,842
202212,서구,여행업,362,72
202212,서구,운송업,196311,0
202212,서구,의료웰니스업,21704,0
202212,수영구,쇼핑업,998176,7300
202212,수영구,숙박업,65682,6814
202212,수영구,식음료업,2300000,0
202212,수영구,여가서비스업,89094,2181
202212,수영구,운송업,311198,0
202212,수영구,의료웰니스업,94995,183
202212,연제구,쇼핑업,1830000,11223
202212,연제구,숙박업,24328,3479
202212,연제구,식음료업,1360000,0
202212,연제구,여가서비스업,70875,3139
202212,연제구,여행업,340,0
202212,연제구,운송업,762422,70
202212,연제구,의료웰니스업,90325,0
202212,영도구,쇼핑업,204269,4352
202212,영도구,숙박업,41078,2234
202212,영도구,식음료업,448814,0
202212,영도구,여가서비스업,16057,334
202212,영도구,운송업,84175,0
202212,영도구,의료웰니스업,13395,2825
202212,중구,쇼핑업,1810000,51745
202212,중구,숙박업,74444,2501
202212,중구,식음료업,1670000,0
202212,중구,여가서비스업,66148,1488
202212,중구,여행업,23969,8
202212,중구,운송업,50389,0
202212,중구,의료웰니스업,88223,0
202212,해운대구,쇼핑업,10300000,4950000
202212,해운대구,숙박업,1040000,145308
202212,해운대구,식음료업,3420000,0
202212,해운대구,여가서비스업,232672,42135
202212,해운대구,여행업,5849,90
202212,해운대구,운송업,669924,1255
202212,해운대구,의료웰니스업,206877,4614
202301,강서구,쇼핑업,1200000,17538
202301,강서구,숙박업,44735,4101
202301,강서구,식음료업,1000000,0
202301,강서구,여가서비스업,78259,6005
202301,강서구,여행업,749,0
202301,강서구,운송업,3540000,1566
202301,강서구,의료웰니스업,39032,3751
202301,금정구,쇼핑업,861323,88702
202301,금정구,숙박업,10235,3757
202301,금정구,식음료업,987830,0
202301,금정구,여가서비스업,114645,13425
202301,금정구,여행업,6307,1014
202301,금정구,운송업,367870,0
202301,금정구,의료웰니스업,83413,6557
202301,기장군,쇼핑업,4320000,17950
202301,기장군,숙박업,379874,9812
202301,기장군,식음료업,1780000,0
202301,기장군,여가서비스업,293051,21164
202301,기장군,여행업,39,126
202301,기장군,운송업,766026,247
202301,기장군,의료웰니스업,38454,2340
202301,남구,쇼핑업,776832,12838
202301,남구,숙박업,32745,7110
202301,남구,식음료업,914982,0
202301,남구,여가서비스업,69560,3866
202301,남구,여행업,5314,0
202301,남구,운송업,1210000,0
202301,남구,의료웰니스업,72808,5268
202301,동구,쇼핑업,1030000,21824
202301,동구,숙박업,54649,2491
202301,동구,식음료업,855477,0
202301,동구,여가서비스업,51622,3
202301,동구,여행업,25714,0
202301,동구,운송업,650692,308
202301,동구,의료웰니스업,40035,0
202301,동래구,쇼핑업,1450000,111431
202301,동래구,숙박업,145109,29227
202301,동래구,식음료업,1540000,0
202301,동래구,여가서비스업,87757,5562
202301,동래구,여행업,179,1263
202301,동래구,운송업,405382,0
202301,동래구,의료웰니스업,107789,5324
202301,부산진구,쇼핑업,3560000,621231
202301,부산진구,숙박업,145508,16655
202301,부산진구,식음료업,3490000,0
202301,부산진구,여가서비스업,198296,13277
202301,부산진구,여행업,21255,3717
202301,부산진구,운송업,273969,0
202301,부산진구,의료웰니스업,311507,0
202301,북구,쇼핑업,7400000,41147
202301,북구,숙박업,22236,8893
202301,북구,식음료업,737032,0
202301,북구,여가서비스업,44016,6198
202301,북구,여행업,2301,748
202301,북구,운송업,561219,167
202301,북구,의료웰니스업,52467,0
202301,사상구,쇼핑업,1240000,7614
202301,사상구,숙박업,23467,5619
202301,사상구,식음료업,900189,0
202301,사상구,여가서비스업,61303,4088
202301,사상구,여행업,27,0
202301,사상구,운송업,1600000,1064
202301,사상구,의료웰니스업,47990,1266
202301,사하구,쇼핑업,705014,10120
202301,사하구,숙박업,12726,5832
202301,사하구,식음료업,756351,0
202301,사하구,여가서비스업,46937,4087
202301,사하구,운송업,585273,174
202301,사하구,의료웰니스업,49243,0
202301,서구,쇼핑업,380054,1786
202301,서구,숙박업,32393,1699
202301,서구,식음료업,457476,0
202301,서구,여가서비스업,63739,708
202301,서구,여행업,4008,50
202301,서구,운송업,171190,0
202301,서구,의료웰니스업,29084,0
202301,수영구,쇼핑업,1100000,2972
202301,수영구,숙박업,54712,4763
202301,수영구,식음료업,2120000,0
202301,수영구,여가서비스업,82236,1334
202301,수영구,운송업,273779,193
202301,수영구,의료웰니스업,87357,211
202301,연제구,쇼핑업,1920000,13297
202301,연제구,숙박업,23239,4491
202301,연제구,식음료업,1190000,0
202301,연제구,여가서비스업,55037,3222
202301,연제구,여행업,0,129
202301,연제구,운송업,670580,219
202301,연제구,의료웰니스업,83312,0
202301,영도구,쇼핑업,189344,2948
202301,영도구,숙박업,22973,2415
202301,영도구,식음료업,433377,0
202301,영도구,여가서비스업,16974,349
202301,영도구,여행업,70,0
202301,영도구,운송업,76484,0
202301,영도구,의료웰니스업,18291,4117
202301,중구,쇼핑업,1680000,43227
202301,중구,숙박업,65977,1822
202301,중구,식음료업,1480000,0
202301,중구,여가서비스업,60017,1304
202301,중구,여행업,24368,0
202301,중구,운송업,48226,0
202301,중구,의료웰니스업,78184,0
202301,해운대구,쇼핑업,9820000,5060000
202301,해운대구,숙박업,872540,178286
202301,해운대구,식음료업,3130000,0
202301,해운대구,여가서비스업,237949,34794
202301,해운대구,여행업,2198,0
202301,해운대구,운송업,624561,979
202301,해운대구,의료웰니스업,190748,3714
202302,강서구,쇼핑업,1020000,13035
202302,강서구,숙박업,44969,5262
202302,강서구,식음료업,972058,0
202302,강서구,여가서비스업,71370,3631
202302,강서구,여행업,3454,0
202302,강서구,운송업,3890000,8452
202302,강서구,의료웰니스업,32316,2487
202302,금정구,쇼핑업,716381,91196
202302,금정구,숙박업,10867,2959
202302,금정구,식음료업,936527,0
202302,금정구,여가서비스업,115762,10552
202302,금정구,여행업,14774,0
202302,금정구,운송업,318957,0
202302,금정구,의료웰니스업,75720,5698
202302,기장군,쇼핑업,3790000,13365
202302,기장군,숙박업,313356,8260
202302,기장군,식음료업,1580000,0
202302,기장군,여가서비스업,355326,19883
202302,기장군,여행업,110,376
202302,기장군,운송업,666539,108
202302,기장군,의료웰니스업,33747,2031
202302,남구,쇼핑업,615280,11849
202302,남구,숙박업,58801,4894
202302,남구,식음료업,875618,0
202302,남구,여가서비스업,73199,2697
202302,남구,여행업,7178,0
202302,남구,운송업,1080000,0
202302,남구,의료웰니스업,63581,3139
202302,동구,쇼핑업,926636,18715
202302,동구,숙박업,55971,2397
202302,동구,식음료업,870769,0
202302,동구,여가서비스업,76452,0
202302,동구,여행업,30697,362
202302,동구,운송업,598643,71
202302,동구,의료웰니스업,36035,0
202302,동래구,쇼핑업,1090000,95454
202302,동래구,숙박업,121710,23816
202302,동래구,식음료업,1380000,0
202302,동래구,여가서비스업,70198,3363
202302,동래구,여행업,694,0
202302,동래구,운송업,482378,1111
202302,동래구,의료웰니스업,102707,5657
202302,부산진구,쇼핑업,3130000,570249
202302,부산진구,숙박업,166363,33028
202302,부산진구,식음료업,3250000,0
202302,부산진구,여가서비스업,168691,6273
202302,부산진구,여행업,36009,4560
202302,부산진구,운송업,241770,189
202302,부산진구,의료웰니스업,311847,0
202302,북구,쇼핑업,5560000,34019
202302,북구,숙박업,23545,6771
202302,북구,식음료업,652214,0
202302,북구,여가서비스업,35510,4773
202302,북구,여행업,282,0
202302,북구,운송업,479847,105
202302,북구,의료웰니스업,51021,0
202302,사상구,쇼핑업,893219,4647
202302,사상구,숙박업,21826,4775
202302,사상구,식음료업,843800,0
202302,사상구,여가서비스업,49784,2115
202302,사상구,운송업,1350000,224
202302,사상구,의료웰니스업,45372,1033
202302,사하구,쇼핑업,576777,6327
202302,사하구,숙박업,12289,5332
202302,사하구,식음료업,697844,0
202302,사하구,여가서비스업,38607,2455
202302,사하구,운송업,541131,289
202302,사하구,의료웰니스업,47963,0
202302,서구,쇼핑업,326486,1532
202302,서구,숙박업,40244,901
202302,서구,식음료업,447829,0
202302,서구,여가서비스업,77749,966
202302,서구,여행업,284,72
202302,서구,운송업,142818,0
202302,서구,의료웰니스업,26547,0
202302,수영구,쇼핑업,839408,4909
202302,수영구,숙박업,53634,4324
202302,수영구,식음료업,2120000,0
202302,수영구,여가서비스업,82969,994
202302,수영구,여행업,5595,0
202302,수영구,운송업,253753,127
202302,수영구,의료웰니스업,81712,90
202302,연제구,쇼핑업,1360000,9830
202302,연제구,숙박업,21249,3788
202302,연제구,식음료업,1120000,0
202302,연제구,여가서비스업,53452,1188
202302,연제구,여행업,2068,0
202302,연제구,운송업,577362,282
202302,연제구,의료웰니스업,81535,0
202302,영도구,쇼핑업,151468,3376
202302,영도구,숙박업,31839,1912
202302,영도구,식음료업,412234,0
202302,영도구,여가서비스업,17444,497
202302,영도구,여행업,167,0
202302,영도구,운송업,72628,152
202302,영도구,의료웰니스업,13435,7280
202302,중구,쇼핑업,1300000,37440
202302,중구,숙박업,66622,1709
202302,중구,식음료업,1400000,0
202302,중구,여가서비스업,40404,614
202302,중구,여행업,29126,4
202302,중구,운송업,49507,0
202302,중구,의료웰니스업,67843,0
202302,해운대구,쇼핑업,9300000,4590000
202302,해운대구,숙박업,976266,164502
202302,해운대구,식음료업,3130000,0
202302,해운대구,여가서비스업,205485,29281
202302,해운대구,여행업,11339,275
202302,해운대구,운송업,577438,1695
202302,해운대구,의료웰니스업,181134,4017
202303,강서구,쇼핑업,1130000,20492
202303,강서구,숙박업,36561,3329
202303,강서구,식음료업,1060000,0
202303,강서구,여가서비스업,98461,5156
202303,강서구,여행업,240,0
202303,강서구,운송업,4160000,3521
202303,강서구,의료웰니스업,39485,2784
202303,금정구,쇼핑업,903509,126567
202303,금정구,숙박업,11226,2951
202303,금정구,식음료업,1090000,0
202303,금정구,여가서비스업,163194,12383
202303,금정구,여행업,8180,2457
202303,금정구,운송업,363414,183
202303,금정구,의료웰니스업,96218,5735
202303,기장군,쇼핑업,4400000,17404
202303,기장군,숙박업,271830,8717
202303,기장군,식음료업,1670000,0
202303,기장군,여가서비스업,386148,22834
202303,기장군,여행업,57,45
202303,기장군,운송업,711649,0
202303,기장군,의료웰니스업,38887,1904
202303,남구,쇼핑업,750190,16001
202303,남구,숙박업,48586,4543
202303,남구,식음료업,1010000,0
202303,남구,여가서비스업,93466,2748
202303,남구,여행업,4749,432
202303,남구,운송업,1220000,0
202303,남구,의료웰니스업,81695,3966
202303,동구,쇼핑업,969101,23163
202303,동구,숙박업,55008,2413
202303,동구,식음료업,913921,0
202303,동구,여가서비스업,90546,188
202303,동구,여행업,25916,98
202303,동구,운송업,630761,138
202303,동구,의료웰니스업,50095,0
202303,동래구,쇼핑업,1360000,103873
202303,동래구,숙박업,103294,24526
202303,동래구,식음료업,1520000,0
202303,동래구,여가서비스업,81024,3475
202303,동래구,여행업,1217,370
202303,동래구,운송업,531835,0
202303,동래구,의료웰니스업,116969,5331
202303,부산진구,쇼핑업,3390000,637667
202303,부산진구,숙박업,135504,16771
202303,부산진구,식음료업,3360000,0
202303,부산진구,여가서비스업,168188,8228
202303,부산진구,여행업,16741,3915
202303,부산진구,운송업,265149,589
202303,부산진구,의료웰니스업,368033,0
202303,북구,쇼핑업,7290000,59011
202303,북구,숙박업,22185,7669
202303,북구,식음료업,693909,0
202303,북구,여가서비스업,34845,6695
202303,북구,운송업,516761,392
202303,북구,의료웰니스업,53457,0
202303,사상구,쇼핑업,1120000,8425
202303,사상구,숙박업,29157,5959
202303,사상구,식음료업,967388,0
202303,사상구,여가서비스업,56211,2399
202303,사상구,여행업,129,0
202303,사상구,운송업,1400000,556
202303,사상구,의료웰니스업,65605,1478
202303,사하구,쇼핑업,692715,9371
202303,사하구,숙박업,12253,6189
202303,사하구,식음료업,778371,0
202303,사하구,여가서비스업,37261,3522
202303,사하구,운송업,576678,244
202303,사하구,의료웰니스업,55694,0
202303,서구,쇼핑업,374314,2681
202303,서구,숙박업,33415,2210
202303,서구,식음료업,496672,0
202303,서구,여가서비스업,51220,937
202303,서구,여행업,8340,104
202303,서구,운송업,168831,0
202303,서구,의료웰니스업,23786,0
202303,수영구,쇼핑업,937001,2466
202303,수영구,숙박업,48788,4636
202303,수영구,식음료업,2060000,0
202303,수영구,여가서비스업,90900,1226
202303,수영구,여행업,59,0
202303,수영구,운송업,276032,0
202303,수영구,의료웰니스업,98034,85
202303,연제구,쇼핑업,1830000,10799
202303,연제구,숙박업,27655,3740
202303,연제구,식음료업,1200000,0
202303,연제구,여가서비스업,51325,1616
202303,연제구,여행업,853,0
202303,연제구,운송업,601654,185
202303,연제구,의료웰니스업,84254,0
202303,영도구,쇼핑업,198159,10299
202303,영도구,숙박업,25384,2160
202303,영도구,식음료업,436298,0
202303,영도구,여가서비스업,17562,1185
202303,영도구,여행업,107,0
202303,영도구,운송업,78120,254
202303,영도구,의료웰니스업,17216,2485
202303,중구,쇼핑업,1370000,38467
202303,중구,숙박업,57547,2803
202303,중구,식음료업,1400000,0
202303,중구,여가서비스업,39387,681
202303,중구,여행업,22861,0
202303,중구,운송업,50227,0
202303,중구,의료웰니스업,89811,0
202303,해운대구,쇼핑업,9170000,4600000
202303,해운대구,숙박업,730400,135357
202303,해운대구,식음료업,2770000,0
202303,해운대구,여가서비스업,183919,31707
202303,해운대구,여행업,11126,0
202303,해운대구,운송업,617752,0
202303,해운대구,의료웰니스업,215765,4394
202304,강서구,쇼핑업,1120000,24737
202304,강서구,숙박업,36475,5582
202304,강서구,식음료업,1070000,0
202304,강서구,여가서비스업,102897,4988
202304,강서구,여행업,2384,0
202304,강서구,운송업,3700000,4251
202304,강서구,의료웰니스업,33835,2727
202304,금정구,쇼핑업,851071,113573
202304,금정구,숙박업,10767,3279
202304,금정구,식음료업,1080000,0
202304,금정구,여가서비스업,157992,14668
202304,금정구,여행업,12921,0
202304,금정구,운송업,330937,0
202304,금정구,의료웰니스업,86089,8131
202304,기장군,쇼핑업,4440000,16085
202304,기장군,숙박업,304592,7647
202304,기장군,식음료업,1800000,0
202304,기장군,여가서비스업,402585,25119
202304,기장군,여행업,132,192
202304,기장군,운송업,683174,29
202304,기장군,의료웰니스업,32352,2279
202304,남구,쇼핑업,726101,15433
202304,남구,숙박업,46365,6021
202304,남구,식음료업,994067,0
202304,남구,여가서비스업,95960,3331
202304,남구,여행업,1377,45
202304,남구,운송업,1180000,0
202304,남구,의료웰니스업,80438,4189
202304,동구,쇼핑업,978098,30746
202304,동구,숙박업,67030,2294
202304,동구,식음료업,898987,0
202304,동구,여가서비스업,110288,149
202304,동구,여행업,16219,2
202304,동구,운송업,620801,123
202304,동구,의료웰니스업,38898,0
202304,동래구,쇼핑업,1220000,107174
202304,동래구,숙박업,120663,21378
202304,동래구,식음료업,1540000,0
202304,동래구,여가서비스업,79350,4763
202304,동래구,여행업,2234,24
202304,동래구,운송업,559871,106
202304,동래구,의료웰니스업,112045,4231
202304,부산진구,쇼핑업,3370000,652313
202304,부산진구,숙박업,142969,18896
202304,부산진구,식음료업,3340000,0
202304,부산진구,여가서비스업,170880,7325
202304,부산진구,여행업,24747,4093
202304,부산진구,운송업,254465,345
202304,부산진구,의료웰니스업,314273,0
202304,북구,쇼핑업,6650000,63283
202304,북구,숙박업,24903,8670
202304,북구,식음료업,697693,0
202304,북구,여가서비스업,35643,7310
202304,북구,여행업,363,0
202304,북구,운송업,513412,321
202304,북구,의료웰니스업,54888,0
202304,사상구,쇼핑업,1060000,8397
202304,사상구,숙박업,28842,5068
202304,사상구,식음료업,962872,0
202304,사상구,여가서비스업,56827,2324
202304,사상구,여행업,87,0
202304,사상구,운송업,1360000,467
202304,사상구,의료웰니스업,45455,1182
202304,사하구,쇼핑업,660692,14378
202304,사하구,숙박업,10715,5343
202304,사하구,식음료업,765801,0
202304,사하구,여가서비스업,36322,2684
202304,사하구,운송업,540698,176
202304,사하구,의료웰니스업,55437,0
202304,서구,쇼핑업,342584,2762
202304,서구,숙박업,38440,2449
202304,서구,식음료업,496667,0
202304,서구,여가서비스업,66531,925
202304,서구,여행업,2031,50
202304,서구,운송업,141785,77
202304,서구,의료웰니스업,25192,0
202304,수영구,쇼핑업,882935,5569
202304,수영구,숙박업,56297,7560
202304,수영구,식음료업,2120000,0
202304,수영구,여가서비스업,91106,1207
202304,수영구,여행업,123,0
202304,수영구,운송업,253931,212
202304,수영구,의료웰니스업,88462,78
202304,연제구,쇼핑업,1770000,9456
202304,연제구,숙박업,20797,4099
202304,연제구,식음료업,1180000,0
202304,연제구,여가서비스업,54666,1702
202304,연제구,여행업,2207,247
202304,연제구,운송업,597959,249
202304,연제구,의료웰니스업,75050,0
202304,영도구,쇼핑업,189393,7515
202304,영도구,숙박업,34690,1792
202304,영도구,식음료업,455660,0
202304,영도구,여가서비스업,19369,1134
202304,영도구,여행업,822,0
202304,영도구,운송업,75256,261
202304,영도구,의료웰니스업,16404,2009
202304,중구,쇼핑업,1440000,44988
202304,중구,숙박업,70435,1836
202304,중구,식음료업,1470000,0
202304,중구,여가서비스업,41122,703
202304,중구,여행업,13766,0
202304,중구,운송업,50269,0
202304,중구,의료웰니스업,78285,0
202304,해운대구,쇼핑업,9690000,4580000
202304,해운대구,숙박업,824341,98908
202304,해운대구,식음료업,3010000,0
202304,해운대구,여가서비스업,170212,31523
202304,해운대구,여행업,11023,463
202304,해운대구,운송업,645283,57
202304,해운대구,의료웰니스업,195426,4960
202305,강서구,쇼핑업,1160000,23608
202305,강서구,숙박업,37398,3187
202305,강서구,식음료업,1120000,0
202305,강서구,여가서비스업,104560,8608
202305,강서구,여행업,292,0
202305,강서구,운송업,3640000,2572
202305,강서구,의료웰니스업,37512,1929
202305,금정구,쇼핑업,875586,125865
202305,금정구,숙박업,12099,3652
202305,금정구,식음료업,1160000,0
202305,금정구,여가서비스업,171721,13254
202305,금정구,여행업,12030,0
202305,금정구,운송업,337059,0
202305,금정구,의료웰니스업,88733,10581
202305,기장군,쇼핑업,4340000,13415
202305,기장군,숙박업,379606,11468
202305,기장군,식음료업,1910000,0
202305,기장군,여가서비스업,417054,25998
202305,기장군,여행업,544,300
202305,기장군,운송업,709764,0
202305,기장군,의료웰니스업,35588,2671
202305,남구,쇼핑업,778459,11013
202305,남구,숙박업,61064,8832
202305,남구,식음료업,1080000,0
202305,남구,여가서비스업,102147,4624
202305,남구,여행업,2860,0
202305,남구,운송업,1110000,0
202305,남구,의료웰니스업,79704,6491
202305,동구,쇼핑업,1090000,27387
202305,동구,숙박업,74336,2241
202305,동구,식음료업,953917,0
202305,동구,여가서비스업,104396,0
202305,동구,여행업,32739,663
202305,동구,운송업,653578,75
202305,동구,의료웰니스업,45126,0
202305,동래구,쇼핑업,1340000,124152
202305,동래구,숙박업,125751,20707
202305,동래구,식음료업,1600000,0
202305,동래구,여가서비스업,84265,5626
202305,동래구,여행업,4182,559
202305,동래구,운송업,603664,93
202305,동래구,의료웰니스업,108781,5153
202305,부산진구,쇼핑업,3520000,684201
202305,부산진구,숙박업,147532,19017
202305,부산진구,식음료업,3530000,0
202305,부산진구,여가서비스업,184508,12507
202305,부산진구,여행업,20749,4296
202305,부산진구,운송업,289333,73
202305,부산진구,의료웰니스업,343905,0
202305,북구,쇼핑업,6860000,53816
202305,북구,숙박업,21159,8281
202305,북구,식음료업,751032,0
202305,북구,여가서비스업,42263,7866
202305,북구,여행업,854,0
202305,북구,운송업,499386,147
202305,북구,의료웰니스업,51640,0
202305,사상구,쇼핑업,1140000,7473
202305,사상구,숙박업,28189,6112
202305,사상구,식음료업,995131,0
202305,사상구,여가서비스업,60535,3940
202305,사상구,여행업,1323,0
202305,사상구,운송업,1290000,229
202305,사상구,의료웰니스업,54351,1643
202305,사하구,쇼핑업,667258,16416
202305,사하구,숙박업,16153,5135
202305,사하구,식음료업,842050,0
202305,사하구,여가서비스업,41280,3837
202305,사하구,여행업,1477,0
202305,사하구,운송업,560583,0
202305,사하구,의료웰니스업,59035,0
202305,서구,쇼핑업,382191,2337
202305,서구,숙박업,39220,1628
202305,서구,식음료업,535045,0
202305,서구,여가서비스업,72731,1106
202305,서구,여행업,5161,102
202305,서구,운송업,149274,0
202305,서구,의료웰니스업,22606,0
202305,수영구,쇼핑업,942380,5428
202305,수영구,숙박업,71041,6641
202305,수영구,식음료업,2220000,0
202305,수영구,여가서비스업,97291,1116
202305,수영구,여행업,119,0
202305,수영구,운송업,283905,117
202305,수영구,의료웰니스업,103128,119
202305,연제구,쇼핑업,1770000,9888
202305,연제구,숙박업,23922,4168
202305,연제구,식음료업,1280000,0
202305,연제구,여가서비스업,62040,2334
202305,연제구,여행업,5670,530
202305,연제구,운송업,603304,265
202305,연제구,의료웰니스업,79852,0
202305,영도구,쇼핑업,192883,7339
202305,영도구,숙박업,37989,2563
202305,영도구,식음료업,498379,0
202305,영도구,여가서비스업,18639,289
202305,영도구,여행업,514,0
202305,영도구,운송업,77749,810
202305,영도구,의료웰니스업,18700,2351
202305,중구,쇼핑업,1530000,49445
202305,중구,숙박업,83117,2536
202305,중구,식음료업,1500000,0
202305,중구,여가서비스업,55237,1310
202305,중구,여행업,22590,0
202305,중구,운송업,59253,0
202305,중구,의료웰니스업,90289,0
202305,해운대구,쇼핑업,9620000,4540000
202305,해운대구,숙박업,946718,105285
202305,해운대구,식음료업,3290000,0
202305,해운대구,여가서비스업,202151,42224
202305,해운대구,여행업,2563,226
202305,해운대구,운송업,667531,538
202305,해운대구,의료웰니스업,202057,4152
202306,강서구,쇼핑업,1160000,26821
202306,강서구,숙박업,35363,3844
202306,강서구,식음료업,1060000,0
202306,강서구,여가서비스업,112777,7762
202306,강서구,여행업,761,0
202306,강서구,운송업,3480000,4508
202306,강서구,의료웰니스업,36456,1311
202306,금정구,쇼핑업,792307,102200
202306,금정구,숙박업,11727,2867
202306,금정구,식음료업,1070000,0
202306,금정구,여가서비스업,170662,17553
202306,금정구,여행업,0,2035
202306,금정구,운송업,334302,0
202306,금정구,의료웰니스업,91059,5790
202306,기장군,쇼핑업,3720000,18345
202306,기장군,숙박업,345336,8150
202306,기장군,식음료업,1710000,0
202306,기장군,여가서비스업,419676,25293
202306,기장군,여행업,378,110
202306,기장군,운송업,656180,0
202306,기장군,의료웰니스업,37396,1511
202306,남구,쇼핑업,760055,12498
202306,남구,숙박업,53380,24419
202306,남구,식음료업,975040,0
202306,남구,여가서비스업,95244,5515
202306,남구,여행업,3174,245
202306,남구,운송업,1070000,0
202306,남구,의료웰니스업,95745,16462
202306,동구,쇼핑업,991657,32385
202306,동구,숙박업,69762,2112
202306,동구,식음료업,900566,0
202306,동구,여가서비스업,101287,131
202306,동구,여행업,27696,1175
202306,동구,운송업,631889,608
202306,동구,의료웰니스업,43954,0
202306,동래구,쇼핑업,1340000,95378
202306,동래구,숙박업,103312,29119
202306,동래구,식음료업,1540000,0
202306,동래구,여가서비스업,86845,8203
202306,동래구,여행업,4877,422
202306,동래구,운송업,462033,161
202306,동래구,의료웰니스업,125360,5846
202306,부산진구,쇼핑업,3230000,604408
202306,부산진구,숙박업,190789,18379
202306,부산진구,식음료업,3390000,0
202306,부산진구,여가서비스업,187745,14951
202306,부산진구,여행업,28094,9151
202306,부산진구,운송업,324341,139
202306,부산진구,의료웰니스업,357644,0
202306,북구,쇼핑업,6810000,43551
202306,북구,숙박업,18586,7211
202306,북구,식음료업,706714,0
202306,북구,여가서비스업,35522,8601
202306,북구,여행업,1761,0
202306,북구,운송업,478589,133
202306,북구,의료웰니스업,55146,0
202306,사상구,쇼핑업,1050000,10192
202306,사상구,숙박업,26936,5026
202306,사상구,식음료업,923480,0
202306,사상구,여가서비스업,65139,4387
202306,사상구,여행업,632,0
202306,사상구,운송업,1220000,543
202306,사상구,의료웰니스업,54021,1057
202306,사하구,쇼핑업,637676,11472
202306,사하구,숙박업,13416,5789
202306,사하구,식음료업,785163,0
202306,사하구,여가서비스업,44583,5515
202306,사하구,여행업,0,1125
202306,사하구,운송업,516333,313
202306,사하구,의료웰니스업,58369,0
202306,서구,쇼핑업,388905,2190
202306,서구,숙박업,34361,1798
202306,서구,식음료업,505554,0
202306,서구,여가서비스업,71202,1009
202306,서구,여행업,1813,110
202306,서구,운송업,141944,0
202306,서구,의료웰니스업,24452,0
202306,수영구,쇼핑업,992435,4875
202306,수영구,숙박업,68090,5800
202306,수영구,식음료업,2230000,0
202306,수영구,여가서비스업,105570,1067
202306,수영구,여행업,144,0
202306,수영구,운송업,253455,323
202306,수영구,의료웰니스업,105497,56
202306,연제구,쇼핑업,1590000,10349
202306,연제구,숙박업,30292,4549
202306,연제구,식음료업,1200000,0
202306,연제구,여가서비스업,56087,3307
202306,연제구,여행업,2372,0
202306,연제구,운송업,591584,0
202306,연제구,의료웰니스업,88297,0
202306,영도구,쇼핑업,194285,7801
202306,영도구,숙박업,24580,2007
202306,영도구,식음료업,461782,0
202306,영도구,여가서비스업,22761,2070
202306,영도구,여행업,2181,5
202306,영도구,운송업,81977,394
202306,영도구,의료웰니스업,12191,1613
202306,중구,쇼핑업,1420000,46731
202306,중구,숙박업,65589,3495
202306,중구,식음료업,1420000,0
202306,중구,여가서비스업,57374,1609
202306,중구,여행업,36693,0
202306,중구,운송업,57946,0
202306,중구,의료웰니스업,101794,0
202306,해운대구,쇼핑업,9090000,4080000
202306,해운대구,숙박업,810485,109534
202306,해운대구,식음료업,3110000,0
202306,해운대구,여가서비스업,205806,43915
202306,해운대구,여행업,2255,2760
202306,해운대구,운송업,690370,656
202306,해운대구,의료웰니스업,211033,4670
202307,강서구,쇼핑업,1240000,21655
202307,강서구,숙박업,40591,5016
202307,강서구,식음료업,1140000,0
202307,강서구,여가서비스업,101523,8159
202307,강서구,여행업,68,0
202307,강서구,운송업,3590000,8524
202307,강서구,의료웰니스업,33389,2024
202307,금정구,쇼핑업,790479,109419
202307,금정구,숙박업,13376,3616
202307,금정구,식음료업,1040000,0
202307,금정구,여가서비스업,161838,19170
202307,금정구,여행업,3714,0
202307,금정구,운송업,343049,0
202307,금정구,의료웰니스업,81000,8503
202307,기장군,쇼핑업,3720000,19596
202307,기장군,숙박업,509451,12389
202307,기장군,식음료업,1900000,0
202307,기장군,여가서비스업,363241,25212
202307,기장군,여행업,30,375
202307,기장군,운송업,703840,0
202307,기장군,의료웰니스업,35401,1882
202307,남구,쇼핑업,790618,13863
202307,남구,숙박업,39229,9338
202307,남구,식음료업,992914,0
202307,남구,여가서비스업,89429,5081
202307,남구,여행업,7206,0
202307,남구,운송업,1070000,0
202307,남구,의료웰니스업,76550,3975
202307,동구,쇼핑업,1040000,27184
202307,동구,숙박업,76899,2489
202307,동구,식음료업,966165,0
202307,동구,여가서비스업,69596,267
202307,동구,여행업,35464,34
202307,동구,운송업,620828,60
202307,동구,의료웰니스업,42936,0
202307,동래구,쇼핑업,1300000,112756
202307,동래구,숙박업,197334,70985
202307,동래구,식음료업,1630000,0
202307,동래구,여가서비스업,96259,7403
202307,동래구,여행업,4763,1012
202307,동래구,운송업,443078,0
202307,동래구,의료웰니스업,139054,6638
202307,부산진구,쇼핑업,3540000,640036
202307,부산진구,숙박업,188124,19396
202307,부산진구,식음료업,3630000,0
202307,부산진구,여가서비스업,193456,13567
202307,부산진구,여행업,29656,2308
202307,부산진구,운송업,354746,68
202307,부산진구,의료웰니스업,356682,0
202307,북구,쇼핑업,7400000,44060
202307,북구,숙박업,18098,8054
202307,북구,식음료업,743868,0
202307,북구,여가서비스업,47607,8500
202307,북구,여행업,2161,0
202307,북구,운송업,522967,120
202307,북구,의료웰니스업,52144,0
202307,사상구,쇼핑업,1160000,8151
202307,사상구,숙박업,31282,5289
202307,사상구,식음료업,940583,0
202307,사상구,여가서비스업,58717,4558
202307,사상구,여행업,2585,0
202307,사상구,운송업,1380000,607
202307,사상구,의료웰니스업,55295,1106
202307,사하구,쇼핑업,641333,8124
202307,사하구,숙박업,12336,6122
202307,사하구,식음료업,815032,0
202307,사하구,여가서비스업,39157,4989
202307,사하구,여행업,1860,0
202307,사하구,운송업,528896,666
202307,사하구,의료웰니스업,53362,0
202307,서구,쇼핑업,391080,1525
202307,서구,숙박업,41175,2240
202307,서구,식음료업,524627,0
202307,서구,여가서비스업,69374,1020
202307,서구,여행업,5914,18
202307,서구,운송업,141571,105
202307,서구,의료웰니스업,25107,0
202307,수영구,쇼핑업,946927,2739
202307,수영구,숙박업,77459,6487
202307,수영구,식음료업,2470000,0
202307,수영구,여가서비스업,123754,957
202307,수영구,운송업,275603,235
202307,수영구,의료웰니스업,106929,56
202307,연제구,쇼핑업,1840000,13464
202307,연제구,숙박업,33667,5536
202307,연제구,식음료업,1270000,0
202307,연제구,여가서비스업,57320,3523
202307,연제구,여행업,1948,0
202307,연제구,운송업,598934,108
202307,연제구,의료웰니스업,94066,0
202307,영도구,쇼핑업,194756,4936
202307,영도구,숙박업,37766,2992
202307,영도구,식음료업,467918,0
202307,영도구,여가서비스업,26221,153
202307,영도구,여행업,146,0
202307,영도구,운송업,81072,0
202307,영도구,의료웰니스업,13322,2163
202307,중구,쇼핑업,1480000,38589
202307,중구,숙박업,87568,2480
202307,중구,식음료업,1440000,0
202307,중구,여가서비스업,62417,1360
202307,중구,여행업,28276,0
202307,중구,운송업,54450,0
202307,중구,의료웰니스업,94682,0
202307,해운대구,쇼핑업,9190000,4060000
202307,해운대구,숙박업,1030000,101208
202307,해운대구,식음료업,3490000,0
202307,해운대구,여가서비스업,242659,43495
202307,해운대구,여행업,10162,108
202307,해운대구,운송업,712178,394
202307,해운대구,의료웰니스업,213488,2923
202308,강서구,쇼핑업,1280000,18574
202308,강서구,숙박업,44079,5889
202308,강서구,식음료업,1150000,0
202308,강서구,여가서비스업,102392,9697
202308,강서구,여행업,2635,359
202308,강서구,운송업,4040000,9260
202308,강서구,의료웰니스업,34269,1314
202308,금정구,쇼핑업,768206,83225
202308,금정구,숙박업,11999,4245
202308,금정구,식음료업,1060000,0
202308,금정구,여가서비스업,157837,14441
202308,금정구,여행업,593,247
202308,금정구,운송업,348547,0
202308,금정구,의료웰니스업,82526,8520
202308,기장군,쇼핑업,3630000,14173
202308,기장군,숙박업,694720,15358
202308,기장군,식음료업,2110000,0
202308,기장군,여가서비스업,391864,24899
202308,기장군,여행업,123,18
202308,기장군,운송업,811967,200
202308,기장군,의료웰니스업,36471,2012
202308,남구,쇼핑업,778610,8199
202308,남구,숙박업,57335,8263
202308,남구,식음료업,1000000,0
202308,남구,여가서비스업,88830,5340
202308,남구,여행업,3416,0
202308,남구,운송업,1230000,0
202308,남구,의료웰니스업,80823,3710
202308,동구,쇼핑업,1150000,20563
202308,동구,숙박업,88789,3045
202308,동구,식음료업,1020000,0
202308,동구,여가서비스업,78816,0
202308,동구,여행업,18576,0
202308,동구,운송업,635876,146
202308,동구,의료웰니스업,37846,0
202308,동래구,쇼핑업,1330000,90126
202308,동래구,숙박업,107722,18930
202308,동래구,식음료업,1630000,0
202308,동래구,여가서비스업,96988,7727
202308,동래구,여행업,4351,889
202308,동래구,운송업,507367,552
202308,동래구,의료웰니스업,109654,4376
202308,부산진구,쇼핑업,3220000,507672
202308,부산진구,숙박업,194238,19636
202308,부산진구,식음료업,3570000,0
202308,부산진구,여가서비스업,189053,12858
202308,부산진구,여행업,20967,2576
202308,부산진구,운송업,355549,34
202308,부산진구,의료웰니스업,354847,0
202308,북구,쇼핑업,7620000,28944
202308,북구,숙박업,23023,8382
202308,북구,식음료업,744761,0
202308,북구,여가서비스업,43783,7836
202308,북구,여행업,593,0
202308,북구,운송업,583981,108
202308,북구,의료웰니스업,54198,0
202308,사상구,쇼핑업,1200000,7784
202308,사상구,숙박업,30669,4769
202308,사상구,식음료업,959648,0
202308,사상구,여가서비스업,54324,3838
202308,사상구,여행업,331,0
202308,사상구,운송업,1520000,323
202308,사상구,의료웰니스업,46507,998
202308,사하구,쇼핑업,646903,7695
202308,사하구,숙박업,12851,5627
202308,사하구,식음료업,810655,0
202308,사하구,여가서비스업,37327,5362
202308,사하구,여행업,464,0
202308,사하구,운송업,593718,925
202308,사하구,의료웰니스업,53162,0
202308,서구,쇼핑업,420378,1416
202308,서구,숙박업,47386,1971
202308,서구,식음료업,557855,0
202308,서구,여가서비스업,87705,1013
202308,서구,여행업,873,66
202308,서구,운송업,153531,128
202308,서구,의료웰니스업,24104,0
202308,수영구,쇼핑업,1010000,3698
202308,수영구,숙박업,87458,7723
202308,수영구,식음료업,2670000,0
202308,수영구,여가서비스업,130193,1151
202308,수영구,운송업,286773,0
202308,수영구,의료웰니스업,107156,30
202308,연제구,쇼핑업,1770000,8044
202308,연제구,숙박업,27168,4169
202308,연제구,식음료업,1250000,0
202308,연제구,여가서비스업,61548,3225
202308,연제구,여행업,2057,19
202308,연제구,운송업,656122,103
202308,연제구,의료웰니스업,85810,0
202308,영도구,쇼핑업,228733,5378
202308,영도구,숙박업,47023,4126
202308,영도구,식음료업,517154,0
202308,영도구,여가서비스업,29196,63
202308,영도구,여행업,281,9
202308,영도구,운송업,89980,0
202308,영도구,의료웰니스업,11798,2044
202308,중구,쇼핑업,1430000,41855
202308,중구,숙박업,89515,2580
202308,중구,식음료업,1550000,0
202308,중구,여가서비스업,58722,1589
202308,중구,여행업,21237,0
202308,중구,운송업,56184,0
202308,중구,의료웰니스업,87489,0
202308,해운대구,쇼핑업,9600000,3470000
202308,해운대구,숙박업,1180000,131785
202308,해운대구,식음료업,3890000,0
202308,해운대구,여가서비스업,258065,45791
202308,해운대구,여행업,19616,3890
202308,해운대구,운송업,793086,684
202308,해운대구,의료웰니스업,211436,2758
202309,강서구,쇼핑업,1360000,29660
202309,강서구,숙박업,36187,3082
202309,강서구,식음료업,1080000,0
202309,강서구,여가서비스업,107044,6108
202309,강서구,여행업,2233,0
202309,강서구,운송업,4000000,3669
202309,강서구,의료웰니스업,35182,1773
202309,금정구,쇼핑업,902729,105355
202309,금정구,숙박업,9894,3999
202309,금정구,식음료업,1080000,0
202309,금정구,여가서비스업,153878,12252
202309,금정구,여행업,13788,546
202309,금정구,운송업,358015,0
202309,금정구,의료웰니스업,90277,6829
202309,기장군,쇼핑업,4460000,15725
202309,기장군,숙박업,484916,11078
202309,기장군,식음료업,1860000,0
202309,기장군,여가서비스업,446048,22921
202309,기장군,여행업,123,139
202309,기장군,운송업,875694,287
202309,기장군,의료웰니스업,40473,2741
202309,남구,쇼핑업,892411,8426
202309,남구,숙박업,66618,6981
202309,남구,식음료업,1010000,0
202309,남구,여가서비스업,97730,2459
202309,남구,여행업,12005,0
202309,남구,운송업,1240000,386
202309,남구,의료웰니스업,83978,3617
202309,동구,쇼핑업,1020000,22922
202309,동구,숙박업,59973,3649
202309,동구,식음료업,883400,0
202309,동구,여가서비스업,107153,467
202309,동구,여행업,26457,636
202309,동구,운송업,658511,463
202309,동구,의료웰니스업,44172,0
202309,동래구,쇼핑업,1510000,83932
202309,동래구,숙박업,102436,23690
202309,동래구,식음료업,1570000,0
202309,동래구,여가서비스업,89330,6390
202309,동래구,여행업,1803,0
202309,동래구,운송업,460567,1691
202309,동래구,의료웰니스업,118545,4193
202309,부산진구,쇼핑업,3640000,624347
202309,부산진구,숙박업,147478,17265
202309,부산진구,식음료업,3380000,0
202309,부산진구,여가서비스업,173734,8814
202309,부산진구,여행업,22784,2564
202309,부산진구,운송업,341075,113
202309,부산진구,의료웰니스업,351351,0
202309,북구,쇼핑업,7980000,35596
202309,북구,숙박업,19317,7192
202309,북구,식음료업,728068,0
202309,북구,여가서비스업,40606,5913
202309,북구,여행업,761,0
202309,북구,운송업,617659,431
202309,북구,의료웰니스업,56541,0
202309,사상구,쇼핑업,1450000,9300
202309,사상구,숙박업,24324,4660
202309,사상구,식음료업,964429,0
202309,사상구,여가서비스업,61847,2461
202309,사상구,여행업,351,0
202309,사상구,운송업,1610000,285
202309,사상구,의료웰니스업,56374,821
202309,사하구,쇼핑업,719527,14639
202309,사하구,숙박업,15683,5294
202309,사하구,식음료업,819972,0
202309,사하구,여가서비스업,44055,3031
202309,사하구,운송업,637102,185
202309,사하구,의료웰니스업,56031,0
202309,서구,쇼핑업,427530,1738
202309,서구,숙박업,34955,3809
202309,서구,식음료업,477751,0
202309,서구,여가서비스업,66448,910
202309,서구,여행업,2852,18
202309,서구,운송업,147398,0
202309,서구,의료웰니스업,21176,0
202309,수영구,쇼핑업,1010000,2216
202309,수영구,숙박업,57280,4362
202309,수영구,식음료업,2220000,0
202309,수영구,여가서비스업,109014,820
202309,수영구,여행업,446,0
202309,수영구,운송업,277960,400
202309,수영구,의료웰니스업,102694,37
202309,연제구,쇼핑업,1860000,8996
202309,연제구,숙박업,22296,3697
202309,연제구,식음료업,1230000,0
202309,연제구,여가서비스업,58061,1586
202309,연제구,여행업,1823,0
202309,연제구,운송업,677329,284
202309,연제구,의료웰니스업,91321,0
202309,영도구,쇼핑업,239227,4901
202309,영도구,숙박업,27862,3287
202309,영도구,식음료업,506398,0
202309,영도구,여가서비스업,23949,293
202309,영도구,여행업,116,0
202309,영도구,운송업,85457,388
202309,영도구,의료웰니스업,15173,2155
202309,중구,쇼핑업,1570000,31784
202309,중구,숙박업,68469,2618
202309,중구,식음료업,1470000,0
202309,중구,여가서비스업,44801,1008
202309,중구,여행업,16851,0
202309,중구,운송업,50818,0
202309,중구,의료웰니스업,96909,0
202309,해운대구,쇼핑업,9410000,4000000
202309,해운대구,숙박업,775864,105765
202309,해운대구,식음료업,2930000,0
202309,해운대구,여가서비스업,185762,29541
202309,해운대구,여행업,4354,911
202309,해운대구,운송업,748024,2980
202309,해운대구,의료웰니스업,195340,2700
202310,강서구,쇼핑업,1290000,39706
202310,강서구,숙박업,42806,2709
202310,강서구,식음료업,1110000,0
202310,강서구,여가서비스업,120738,7135
202310,강서구,운송업,4020000,6748
202310,강서구,의료웰니스업,36411,2297
202310,금정구,쇼핑업,868641,124462
202310,금정구,숙박업,9748,3579
202310,금정구,식음료업,1120000,0
202310,금정구,여가서비스업,156858,10952
202310,금정구,여행업,6226,2503
202310,금정구,운송업,343913,165
202310,금정구,의료웰니스업,85722,9017
202310,기장군,쇼핑업,5530000,28291
202310,기장군,숙박업,487646,14753
202310,기장군,식음료업,1850000,0
202310,기장군,여가서비스업,478031,24001
202310,기장군,여행업,50,118
202310,기장군,운송업,837399,45
202310,기장군,의료웰니스업,39449,3065
202310,남구,쇼핑업,723859,15176
202310,남구,숙박업,121481,18899
202310,남구,식음료업,1010000,0
202310,남구,여가서비스업,107251,3315
202310,남구,여행업,1322,0
202310,남구,운송업,1210000,0
202310,남구,의료웰니스업,79548,5038
202310,동구,쇼핑업,1060000,28419
202310,동구,숙박업,75307,2400
202310,동구,식음료업,959670,0
202310,동구,여가서비스업,123995,99
202310,동구,여행업,45067,11
202310,동구,운송업,670490,242
202310,동구,의료웰니스업,51295,0
202310,동래구,쇼핑업,1390000,136179
202310,동래구,숙박업,119678,24336
202310,동래구,식음료업,1550000,0
202310,동래구,여가서비스업,87426,7295
202310,동래구,여행업,9839,2677
202310,동래구,운송업,455096,353
202310,동래구,의료웰니스업,124661,4428
202310,부산진구,쇼핑업,3530000,669247
202310,부산진구,숙박업,135532,15591
202310,부산진구,식음료업,3430000,0
202310,부산진구,여가서비스업,169137,6659
202310,부산진구,여행업,42697,3389
202310,부산진구,운송업,343942,314
202310,부산진구,의료웰니스업,340465,0
202310,북구,쇼핑업,7090000,70291
202310,북구,숙박업,17068,7974
202310,북구,식음료업,721165,0
202310,북구,여가서비스업,36702,5911
202310,북구,여행업,200,0
202310,북구,운송업,594912,195
202310,북구,의료웰니스업,58745,0
202310,사상구,쇼핑업,1110000,9779
202310,사상구,숙박업,25595,4859
202310,사상구,식음료업,975633,0
202310,사상구,여가서비스업,59178,2518
202310,사상구,여행업,267,0
202310,사상구,운송업,1520000,344
202310,사상구,의료웰니스업,54941,979
202310,사하구,쇼핑업,669303,24431
202310,사하구,숙박업,10659,4963
202310,사하구,식음료업,803485,0
202310,사하구,여가서비스업,40089,3228
202310,사하구,운송업,571382,660
202310,사하구,의료웰니스업,62784,0
202310,서구,쇼핑업,400764,3137
202310,서구,숙박업,45134,6297
202310,서구,식음료업,500240,0
202310,서구,여가서비스업,84098,1106
202310,서구,여행업,7823,32
202310,서구,운송업,160965,0
202310,서구,의료웰니스업,34499,0
202310,수영구,쇼핑업,924808,6929
202310,수영구,숙박업,70372,6470
202310,수영구,식음료업,2310000,0
202310,수영구,여가서비스업,118571,1309
202310,수영구,여행업,677,0
202310,수영구,운송업,297034,60
202310,수영구,의료웰니스업,94129,29
202310,연제구,쇼핑업,1640000,13873
202310,연제구,숙박업,24307,3460
202310,연제구,식음료업,1200000,0
202310,연제구,여가서비스업,58495,2000
202310,연제구,여행업,1506,0
202310,연제구,운송업,664476,85
202310,연제구,의료웰니스업,75944,0
202310,영도구,쇼핑업,194340,6819
202310,영도구,숙박업,25564,1994
202310,영도구,식음료업,506348,0
202310,영도구,여가서비스업,25926,1228
202310,영도구,여행업,272,0
202310,영도구,운송업,87529,57
202310,영도구,의료웰니스업,15051,2397
202310,중구,쇼핑업,1560000,45151
202310,중구,숙박업,62484,2108
202310,중구,식음료업,1570000,0
202310,중구,여가서비스업,45569,823
202310,중구,여행업,17590,0
202310,중구,운송업,51521,0
202310,중구,의료웰니스업,88702,0
202310,해운대구,쇼핑업,9830000,4560000
202310,해운대구,숙박업,682159,97167
202310,해운대구,식음료업,3090000,0
202310,해운대구,여가서비스업,178741,26066
202310,해운대구,여행업,3600,4248
202310,해운대구,운송업,817884,423
202310,해운대구,의료웰니스업,191847,4422
202311,강서구,쇼핑업,1200000,31591
202311,강서구,숙박업,37124,3499
202311,강서구,식음료업,1020000,0
202311,강서구,여가서비스업,100565,6173
202311,강서구,운송업,4080000,4097
202311,강서구,의료웰니스업,35927,2811
202311,금정구,쇼핑업,819879,125417
202311,금정구,숙박업,11679,3135
202311,금정구,식음료업,1010000,0
202311,금정구,여가서비스업,128458,12736
202311,금정구,여행업,3917,0
202311,금정구,운송업,335695,344
202311,금정구,의료웰니스업,82882,9765
202311,기장군,쇼핑업,4670000,23301
202311,기장군,숙박업,325839,9166
202311,기장군,식음료업,1500000,0
202311,기장군,여가서비스업,334941,17135
202311,기장군,여행업,384,47
202311,기장군,운송업,777472,92
202311,기장군,의료웰니스업,36045,1977
202311,남구,쇼핑업,714899,16775
202311,남구,숙박업,101717,11400
202311,남구,식음료업,937459,0
202311,남구,여가서비스업,93638,3323
202311,남구,여행업,349,0
202311,남구,운송업,1230000,59
202311,남구,의료웰니스업,76986,6044
202311,동구,쇼핑업,1010000,23669
202311,동구,숙박업,70636,2134
202311,동구,식음료업,890669,0
202311,동구,여가서비스업,103467,4
202311,동구,여행업,33462,27
202311,동구,운송업,671739,201
202311,동구,의료웰니스업,42006,0
202311,동래구,쇼핑업,1230000,168411
202311,동래구,숙박업,107985,20301
202311,동래구,식음료업,1420000,0
202311,동래구,여가서비스업,79368,6687
202311,동래구,여행업,2950,0
202311,동래구,운송업,518402,359
202311,동래구,의료웰니스업,106841,4185
202311,부산진구,쇼핑업,3690000,787707
202311,부산진구,숙박업,144343,16389
202311,부산진구,식음료업,3120000,0
202311,부산진구,여가서비스업,148086,6787
202311,부산진구,여행업,39846,10249
202311,부산진구,운송업,316663,40
202311,부산진구,의료웰니스업,322232,0
202311,북구,쇼핑업,6330000,60888
202311,북구,숙박업,13800,5909
202311,북구,식음료업,646705,0
202311,북구,여가서비스업,38126,5460
202311,북구,여행업,885,0
202311,북구,운송업,533287,187
202311,북구,의료웰니스업,50802,0
202311,사상구,쇼핑업,1070000,7952
202311,사상구,숙박업,23894,3785
202311,사상구,식음료업,928817,0
202311,사상구,여가서비스업,58107,2572
202311,사상구,여행업,601,0
202311,사상구,운송업,1390000,367
202311,사상구,의료웰니스업,50058,960
202311,사하구,쇼핑업,611259,14267
202311,사하구,숙박업,11063,4286
202311,사하구,식음료업,714277,0
202311,사하구,여가서비스업,39283,2602
202311,사하구,여행업,689,0
202311,사하구,운송업,584783,285
202311,사하구,의료웰니스업,57761,0
202311,서구,쇼핑업,365320,2865
202311,서구,숙박업,59805,4754
202311,서구,식음료업,448490,0
202311,서구,여가서비스업,53870,1065
202311,서구,여행업,3479,1562
202311,서구,운송업,182904,151
202311,서구,의료웰니스업,23948,0
202311,수영구,쇼핑업,827492,4667
202311,수영구,숙박업,67034,3592
202311,수영구,식음료업,2020000,0
202311,수영구,여가서비스업,105393,660
202311,수영구,운송업,271151,388
202311,수영구,의료웰니스업,101661,110
202311,연제구,쇼핑업,1800000,10170
202311,연제구,숙박업,25041,2794
202311,연제구,식음료업,1190000,0
202311,연제구,여가서비스업,47968,1732
202311,연제구,여행업,1919,0
202311,연제구,운송업,622355,0
202311,연제구,의료웰니스업,82330,0
202311,영도구,쇼핑업,167061,6704
202311,영도구,숙박업,19439,2341
202311,영도구,식음료업,411814,0
202311,영도구,여가서비스업,24127,377
202311,영도구,여행업,1015,8
202311,영도구,운송업,77554,0
202311,영도구,의료웰니스업,14277,3801
202311,중구,쇼핑업,1520000,44951
202311,중구,숙박업,62125,1348
202311,중구,식음료업,1380000,0
202311,중구,여가서비스업,36373,844
202311,중구,여행업,34850,196
202311,중구,운송업,50224,0
202311,중구,의료웰니스업,92188,0
202311,해운대구,쇼핑업,9410000,4320000
202311,해운대구,숙박업,669510,102999
202311,해운대구,식음료업,2670000,0
202311,해운대구,여가서비스업,163573,23282
202311,해운대구,여행업,12109,3412
202311,해운대구,운송업,654504,481
202311,해운대구,의료웰니스업,178252,4629
202312,강서구,쇼핑업,1340000,25970
202312,강서구,숙박업,39638,5554
202312,강서구,식음료업,1180000,0
202312,강서구,여가서비스업,94144,8953
202312,강서구,운송업,4060000,7061
202312,강서구,의료웰니스업,41167,2751
202312,금정구,쇼핑업,841909,116249
202312,금정구,숙박업,10674,4322
202312,금정구,식음료업,1110000,0
202312,금정구,여가서비스업,111049,9268
202312,금정구,여행업,8430,521
202312,금정구,운송업,357116,0
202312,금정구,의료웰니스업,103671,19909
202312,기장군,쇼핑업,5240000,18011
202312,기장군,숙박업,612679,16021
202312,기장군,식음료업,1980000,0
202312,기장군,여가서비스업,328532,23213
202312,기장군,여행업,194,204
202312,기장군,운송업,811953,0
202312,기장군,의료웰니스업,40211,2703
202312,남구,쇼핑업,742859,11175
202312,남구,숙박업,78559,15517
202312,남구,식음료업,1050000,0
202312,남구,여가서비스업,89390,5751
202312,남구,여행업,2236,0
202312,남구,운송업,1190000,0
202312,남구,의료웰니스업,93491,20579
202312,동구,쇼핑업,1120000,33863
202312,동구,숙박업,66587,2935
202312,동구,식음료업,1020000,0
202312,동구,여가서비스업,76729,0
202312,동구,여행업,27105,22
202312,동구,운송업,692648,206
202312,동구,의료웰니스업,42198,0
202312,동래구,쇼핑업,1370000,137392
202312,동래구,숙박업,147109,33388
202312,동래구,식음료업,1740000,0
202312,동래구,여가서비스업,96256,10493
202312,동래구,여행업,2981,1471
202312,동래구,운송업,572728,372
202312,동래구,의료웰니스업,128763,5541
202312,부산진구,쇼핑업,3790000,737083
202312,부산진구,숙박업,190819,21296
202312,부산진구,식음료업,3900000,0
202312,부산진구,여가서비스업,211820,16266
202312,부산진구,여행업,39529,6263
202312,부산진구,운송업,337731,0
202312,부산진구,의료웰니스업,373465,0
202312,북구,쇼핑업,7050000,49432
202312,북구,숙박업,15675,6442
202312,북구,식음료업,809471,0
202312,북구,여가서비스업,48635,9316
202312,북구,여행업,4949,0
202312,북구,운송업,527465,71
202312,북구,의료웰니스업,62509,0
202312,사상구,쇼핑업,1140000,7513
202312,사상구,숙박업,29598,5386
202312,사상구,식음료업,1090000,0
202312,사상구,여가서비스업,66198,4315
202312,사상구,운송업,1400000,1009
202312,사상구,의료웰니스업,53783,1299
202312,사하구,쇼핑업,670342,11714
202312,사하구,숙박업,13137,4653
202312,사하구,식음료업,844648,0
202312,사하구,여가서비스업,50826,9912
202312,사하구,여행업,1863,0
202312,사하구,운송업,587898,319
202312,사하구,의료웰니스업,63644,0
202312,서구,쇼핑업,375538,2661
202312,서구,숙박업,81699,6924
202312,서구,식음료업,507626,0
202312,서구,여가서비스업,65696,951
202312,서구,여행업,825,90
202312,서구,운송업,188885,0
202312,서구,의료웰니스업,26590,0
202312,수영구,쇼핑업,980938,7444
202312,수영구,숙박업,72944,4741
202312,수영구,식음료업,2530000,0
202312,수영구,여가서비스업,124572,1385
202312,수영구,여행업,989,0
202312,수영구,운송업,273740,372
202312,수영구,의료웰니스업,112663,291
202312,연제구,쇼핑업,1820000,9789
202312,연제구,숙박업,28391,4425
202312,연제구,식음료업,1450000,0
202312,연제구,여가서비스업,64394,3610
202312,연제구,여행업,1623,1014
202312,연제구,운송업,633772,268
202312,연제구,의료웰니스업,101397,0
202312,영도구,쇼핑업,204450,5183
202312,영도구,숙박업,30217,2915
202312,영도구,식음료업,489480,0
202312,영도구,여가서비스업,32003,636
202312,영도구,여행업,103,5
202312,영도구,운송업,83161,0
202312,영도구,의료웰니스업,18642,4457
202312,중구,쇼핑업,1810000,49405
202312,중구,숙박업,89882,1837
202312,중구,식음료업,1900000,0
202312,중구,여가서비스업,67856,1431
202312,중구,여행업,24594,0
202312,중구,운송업,57771,0
202312,중구,의료웰니스업,111840,0
202312,해운대구,쇼핑업,11300000,5030000
202312,해운대구,숙박업,1050000,169158
202312,해운대구,식음료업,3550000,0
202312,해운대구,여가서비스업,230429,38248
202312,해운대구,여행업,4637,1527
202312,해운대구,운송업,717326,841
202312,해운대구,의료웰니스업,230474,8254
202401,강서구,쇼핑업,1270000,17031
202401,강서구,숙박업,38632,4260
202401,강서구,식음료업,1060000,0
202401,강서구,여가서비스업,80809,6322
202401,강서구,운송업,3790000,7438
202401,강서구,의료웰니스업,38103,3185
202401,금정구,쇼핑업,762709,82070
202401,금정구,숙박업,10689,2916
202401,금정구,식음료업,929690,0
202401,금정구,여가서비스업,96346,9673
202401,금정구,여행업,11029,3544
202401,금정구,운송업,302756,499
202401,금정구,의료웰니스업,87113,23266
202401,기장군,쇼핑업,3660000,15842
202401,기장군,숙박업,396794,10324
202401,기장군,식음료업,1740000,0
202401,기장군,여가서비스업,246676,16694
202401,기장군,여행업,36,88
202401,기장군,운송업,725265,649
202401,기장군,의료웰니스업,33250,3920
202401,남구,쇼핑업,732849,12740
202401,남구,숙박업,59735,8008
202401,남구,식음료업,894698,0
202401,남구,여가서비스업,72127,3193
202401,남구,여행업,3588,1237
202401,남구,운송업,1140000,0
202401,남구,의료웰니스업,71730,4683
202401,동구,쇼핑업,1010000,16395
202401,동구,숙박업,50794,3226
202401,동구,식음료업,922388,0
202401,동구,여가서비스업,55477,720
202401,동구,여행업,52216,0
202401,동구,운송업,638574,0
202401,동구,의료웰니스업,42634,0
202401,동래구,쇼핑업,1420000,90002
202401,동래구,숙박업,140278,28801
202401,동래구,식음료업,1480000,0
202401,동래구,여가서비스업,79450,9419
202401,동래구,여행업,2679,0
202401,동래구,운송업,627003,851
202401,동래구,의료웰니스업,103992,5228
202401,부산진구,쇼핑업,3200000,549609
202401,부산진구,숙박업,128304,13207
202401,부산진구,식음료업,3310000,0
202401,부산진구,여가서비스업,188536,8697
202401,부산진구,여행업,50282,2291
202401,부산진구,운송업,282951,73
202401,부산진구,의료웰니스업,324582,0
202401,북구,쇼핑업,6890000,32873
202401,북구,숙박업,13327,7555
202401,북구,식음료업,689426,0
202401,북구,여가서비스업,37179,5691
202401,북구,여행업,927,0
202401,북구,운송업,480747,200
202401,북구,의료웰니스업,50496,0
202401,사상구,쇼핑업,1200000,8227
202401,사상구,숙박업,24234,4809
202401,사상구,식음료업,905249,0
202401,사상구,여가서비스업,56311,2640
202401,사상구,여행업,156,0
202401,사상구,운송업,1430000,223
202401,사상구,의료웰니스업,49697,1190
202401,사하구,쇼핑업,596089,10675
202401,사하구,숙박업,10996,4086
202401,사하구,식음료업,709468,0
202401,사하구,여가서비스업,40901,5594
202401,사하구,여행업,3136,504
202401,사하구,운송업,574809,473
202401,사하구,의료웰니스업,52737,0
202401,서구,쇼핑업,375799,1667
202401,서구,숙박업,65693,3917
202401,서구,식음료업,439181,0
202401,서구,여가서비스업,56795,813
202401,서구,여행업,11,31
202401,서구,운송업,170481,0
202401,서구,의료웰니스업,25555,0
202401,수영구,쇼핑업,1020000,5210
202401,수영구,숙박업,59139,5713
202401,수영구,식음료업,2110000,0
202401,수영구,여가서비스업,117517,612
202401,수영구,운송업,243159,0
202401,수영구,의료웰니스업,93832,214
202401,연제구,쇼핑업,2040000,5546
202401,연제구,숙박업,19964,2968
202401,연제구,식음료업,1230000,0
202401,연제구,여가서비스업,64102,1965
202401,연제구,여행업,2670,0
202401,연제구,운송업,572147,0
202401,연제구,의료웰니스업,79782,0
202401,영도구,쇼핑업,171258,5397
202401,영도구,숙박업,18861,2514
202401,영도구,식음료업,420988,0
202401,영도구,여가서비스업,30591,2651
202401,영도구,여행업,1869,0
202401,영도구,운송업,68664,861
202401,영도구,의료웰니스업,15557,3816
202401,중구,쇼핑업,1460000,39713
202401,중구,숙박업,54120,1938
202401,중구,식음료업,1520000,0
202401,중구,여가서비스업,43516,1008
202401,중구,여행업,33822,0
202401,중구,운송업,46648,0
202401,중구,의료웰니스업,84273,0
202401,해운대구,쇼핑업,9960000,4690000
202401,해운대구,숙박업,790765,201486
202401,해운대구,식음료업,2890000,0
202401,해운대구,여가서비스업,176115,29446
202401,해운대구,여행업,18094,2016
202401,해운대구,운송업,628279,549
202401,해운대구,의료웰니스업,189910,8142
202402,강서구,쇼핑업,1390000,19803
202402,강서구,숙박업,30184,3627
202402,강서구,식음료업,1030000,0
202402,강서구,여가서비스업,79621,6264
202402,강서구,여행업,66,0
202402,강서구,운송업,3520000,4437
202402,강서구,의료웰니스업,34358,2394
202402,금정구,쇼핑업,741776,83243
202402,금정구,숙박업,10522,2670
202402,금정구,식음료업,953560,0
202402,금정구,여가서비스업,102491,10670
202402,금정구,여행업,11239,1147
202402,금정구,운송업,292382,35
202402,금정구,의료웰니스업,81744,7672
202402,기장군,쇼핑업,4290000,19639
202402,기장군,숙박업,420722,11063
202402,기장군,식음료업,1730000,0
202402,기장군,여가서비스업,272645,17624
202402,기장군,여행업,225,95
202402,기장군,운송업,706878,138
202402,기장군,의료웰니스업,32130,2098
202402,남구,쇼핑업,707698,11685
202402,남구,숙박업,45282,5115
202402,남구,식음료업,897048,0
202402,남구,여가서비스업,77572,3900
202402,남구,여행업,3051,34
202402,남구,운송업,1110000,0
202402,남구,의료웰니스업,83816,4354
202402,동구,쇼핑업,1050000,17691
202402,동구,숙박업,49482,2694
202402,동구,식음료업,885885,0
202402,동구,여가서비스업,79260,105
202402,동구,여행업,29623,7
202402,동구,운송업,627448,45
202402,동구,의료웰니스업,47240,0
202402,동래구,쇼핑업,1230000,106037
202402,동래구,숙박업,126026,26526
202402,동래구,식음료업,1490000,0
202402,동래구,여가서비스업,86894,9232
202402,동래구,여행업,4696,1255
202402,동래구,운송업,525091,1414
202402,동래구,의료웰니스업,122263,4155
202402,부산진구,쇼핑업,3220000,573933
202402,부산진구,숙박업,163567,27569
202402,부산진구,식음료업,3350000,0
202402,부산진구,여가서비스업,203772,11051
202402,부산진구,여행업,18284,2426
202402,부산진구,운송업,314492,210
202402,부산진구,의료웰니스업,327526,0
202402,북구,쇼핑업,6920000,32786
202402,북구,숙박업,15665,5428
202402,북구,식음료업,694412,0
202402,북구,여가서비스업,46146,6131
202402,북구,여행업,1506,853
202402,북구,운송업,485423,279
202402,북구,의료웰니스업,52173,0
202402,사상구,쇼핑업,1170000,5643
202402,사상구,숙박업,27725,4529
202402,사상구,식음료업,892982,0
202402,사상구,여가서비스업,59115,2992
202402,사상구,여행업,502,27
202402,사상구,운송업,1390000,186
202402,사상구,의료웰니스업,48033,2311
202402,사하구,쇼핑업,664442,11684
202402,사하구,숙박업,12880,5392
202402,사하구,식음료업,737883,0
202402,사하구,여가서비스업,41492,6535
202402,사하구,여행업,501,0
202402,사하구,운송업,556074,487
202402,사하구,의료웰니스업,64781,0
202402,서구,쇼핑업,368447,745
202402,서구,숙박업,69888,7664
202402,서구,식음료업,453918,0
202402,서구,여가서비스업,62756,891
202402,서구,여행업,27,41
202402,서구,운송업,162412,0
202402,서구,의료웰니스업,20478,0
202402,수영구,쇼핑업,979051,3629
202402,수영구,숙박업,60476,7318
202402,수영구,식음료업,2150000,0
202402,수영구,여가서비스업,120261,4848
202402,수영구,여행업,1004,0
202402,수영구,운송업,238892,135
202402,수영구,의료웰니스업,90188,126
202402,연제구,쇼핑업,1610000,8368
202402,연제구,숙박업,17147,3419
202402,연제구,식음료업,1150000,0
202402,연제구,여가서비스업,60947,2956
202402,연제구,여행업,1153,0
202402,연제구,운송업,554593,0
202402,연제구,의료웰니스업,86294,0
202402,영도구,쇼핑업,188951,4127
202402,영도구,숙박업,22725,2447
202402,영도구,식음료업,423678,0
202402,영도구,여가서비스업,34431,2042
202402,영도구,여행업,1729,0
202402,영도구,운송업,68399,879
202402,영도구,의료웰니스업,16608,3306
202402,중구,쇼핑업,1480000,34838
202402,중구,숙박업,65277,2200
202402,중구,식음료업,1510000,0
202402,중구,여가서비스업,49599,990
202402,중구,여행업,30295,58
202402,중구,운송업,39624,0
202402,중구,의료웰니스업,84349,0
202402,해운대구,쇼핑업,9640000,4140000
202402,해운대구,숙박업,853654,175731
202402,해운대구,식음료업,2870000,0
202402,해운대구,여가서비스업,189415,33948
202402,해운대구,여행업,14286,1657
202402,해운대구,운송업,618501,500
202402,해운대구,의료웰니스업,183108,6108
202403,강서구,쇼핑업,1460000,25822
202403,강서구,숙박업,39836,5971
202403,강서구,식음료업,1170000,0
202403,강서구,여가서비스업,97439,7171
202403,강서구,여행업,2335,0
202403,강서구,운송업,4210000,6848
202403,강서구,의료웰니스업,43283,2876
202403,금정구,쇼핑업,885651,121708
202403,금정구,숙박업,13701,2545
202403,금정구,식음료업,1140000,0
202403,금정구,여가서비스업,147158,11853
202403,금정구,여행업,10208,0
202403,금정구,운송업,325386,0
202403,금정구,의료웰니스업,98611,8528
202403,기장군,쇼핑업,4630000,13743
202403,기장군,숙박업,330441,9224
202403,기장군,식음료업,1800000,0
202403,기장군,여가서비스업,348275,20463
202403,기장군,여행업,170,86
202403,기장군,운송업,792728,35
202403,기장군,의료웰니스업,38704,2958
202403,남구,쇼핑업,752150,11847
202403,남구,숙박업,119946,24497
202403,남구,식음료업,1040000,0
202403,남구,여가서비스업,93933,4163
202403,남구,여행업,4721,245
202403,남구,운송업,1230000,276
202403,남구,의료웰니스업,95233,5390
202403,동구,쇼핑업,1040000,30282
202403,동구,숙박업,49453,5116
202403,동구,식음료업,941889,0
202403,동구,여가서비스업,98562,187
202403,동구,여행업,44965,30
202403,동구,운송업,667300,31
202403,동구,의료웰니스업,48343,0
202403,동래구,쇼핑업,1400000,112325
202403,동래구,숙박업,108901,22332
202403,동래구,식음료업,1640000,0
202403,동래구,여가서비스업,94791,9810
202403,동래구,여행업,4331,691
202403,동래구,운송업,519506,238
202403,동래구,의료웰니스업,123446,5038
202403,부산진구,쇼핑업,3510000,628086
202403,부산진구,숙박업,158244,17027
202403,부산진구,식음료업,3540000,0
202403,부산진구,여가서비스업,193519,11044
202403,부산진구,여행업,33836,4350
202403,부산진구,운송업,340069,42
202403,부산진구,의료웰니스업,390385,0
202403,북구,쇼핑업,7630000,48887
202403,북구,숙박업,17782,6164
202403,북구,식음료업,737543,0
202403,북구,여가서비스업,43653,7767
202403,북구,운송업,536579,69
202403,북구,의료웰니스업,53974,0
202403,사상구,쇼핑업,1210000,6733
202403,사상구,숙박업,26640,5713
202403,사상구,식음료업,1010000,0
202403,사상구,여가서비스업,66965,3926
202403,사상구,여행업,273,0
202403,사상구,운송업,1410000,238
202403,사상구,의료웰니스업,60738,1219
202403,사하구,쇼핑업,673889,9529
202403,사하구,숙박업,15335,4696
202403,사하구,식음료업,814736,0
202403,사하구,여가서비스업,49764,7392
202403,사하구,여행업,2232,358
202403,사하구,운송업,594636,169
202403,사하구,의료웰니스업,61320,0
202403,서구,쇼핑업,357577,1907
202403,서구,숙박업,59251,4893
202403,서구,식음료업,511343,0
202403,서구,여가서비스업,73924,901
202403,서구,여행업,3782,1033
202403,서구,운송업,192863,69
202403,서구,의료웰니스업,26179,0
202403,수영구,쇼핑업,966543,4419
202403,수영구,숙박업,50025,5429
202403,수영구,식음료업,2250000,0
202403,수영구,여가서비스업,119089,903
202403,수영구,여행업,117,0
202403,수영구,운송업,259130,0
202403,수영구,의료웰니스업,107366,67
202403,연제구,쇼핑업,1810000,11703
202403,연제구,숙박업,20682,3690
202403,연제구,식음료업,1280000,0
202403,연제구,여가서비스업,61879,2824
202403,연제구,운송업,611816,0
202403,연제구,의료웰니스업,100912,0
202403,영도구,쇼핑업,218509,3177
202403,영도구,숙박업,33614,1934
202403,영도구,식음료업,483962,0
202403,영도구,여가서비스업,38573,2180
202403,영도구,여행업,146,0
202403,영도구,운송업,74176,952
202403,영도구,의료웰니스업,19132,4028
202403,중구,쇼핑업,1480000,41834
202403,중구,숙박업,65631,2290
202403,중구,식음료업,1560000,0
202403,중구,여가서비스업,50107,1261
202403,중구,여행업,35828,0
202403,중구,운송업,38156,0
202403,중구,의료웰니스업,101216,0
202403,해운대구,쇼핑업,10400000,4390000
202403,해운대구,숙박업,717474,109461
202403,해운대구,식음료업,2850000,0
202403,해운대구,여가서비스업,181466,48686
202403,해운대구,여행업,16435,260
202403,해운대구,운송업,673954,307
202403,해운대구,의료웰니스업,207721,5025
202404,강서구,쇼핑업,1410000,28101
202404,강서구,숙박업,31925,4290
202404,강서구,식음료업,1100000,0
202404,강서구,여가서비스업,102745,7339
202404,강서구,여행업,819,0
202404,강서구,운송업,4070000,6304
202404,강서구,의료웰니스업,37147,2177
202404,금정구,쇼핑업,805989,108621
202404,금정구,숙박업,11529,2735
202404,금정구,식음료업,1050000,0
202404,금정구,여가서비스업,124868,10797
202404,금정구,여행업,8989,0
202404,금정구,운송업,314747,279
202404,금정구,의료웰니스업,77428,6601
202404,기장군,쇼핑업,4100000,19272
202404,기장군,숙박업,328500,8477
202404,기장군,식음료업,1690000,0
202404,기장군,여가서비스업,352620,21545
202404,기장군,여행업,42,39
202404,기장군,운송업,712704,167
202404,기장군,의료웰니스업,34033,3235
202404,남구,쇼핑업,681717,10803
202404,남구,숙박업,94023,8682
202404,남구,식음료업,976267,0
202404,남구,여가서비스업,92151,4094
202404,남구,여행업,3690,851
202404,남구,운송업,1180000,64
202404,남구,의료웰니스업,84616,4518
202404,동구,쇼핑업,986650,28900
202404,동구,숙박업,45508,3599
202404,동구,식음료업,872495,0
202404,동구,여가서비스업,100776,104
202404,동구,여행업,42425,0
202404,동구,운송업,648482,632
202404,동구,의료웰니스업,47753,0
202404,동래구,쇼핑업,1190000,105880
202404,동래구,숙박업,107717,24529
202404,동래구,식음료업,1580000,0
202404,동래구,여가서비스업,84533,8254
202404,동래구,여행업,3674,2401
202404,동래구,운송업,526464,226
202404,동래구,의료웰니스업,114983,4399
202404,부산진구,쇼핑업,3200000,641447
202404,부산진구,숙박업,118488,13970
202404,부산진구,식음료업,3210000,0
202404,부산진구,여가서비스업,166473,9678
202404,부산진구,여행업,29481,1938
202404,부산진구,운송업,323466,476
202404,부산진구,의료웰니스업,333202,0
202404,북구,쇼핑업,6660000,48293
202404,북구,숙박업,13654,6037
202404,북구,식음료업,682558,0
202404,북구,여가서비스업,52299,7421
202404,북구,운송업,504845,182
202404,북구,의료웰니스업,43949,0
202404,사상구,쇼핑업,1060000,5315
202404,사상구,숙박업,22064,4358
202404,사상구,식음료업,957303,0
202404,사상구,여가서비스업,63145,3146
202404,사상구,여행업,1427,0
202404,사상구,운송업,1300000,261
202404,사상구,의료웰니스업,49961,1236
202404,사하구,쇼핑업,632649,14809
202404,사하구,숙박업,15704,5113
202404,사하구,식음료업,765597,0
202404,사하구,여가서비스업,38574,6382
202404,사하구,여행업,4606,1592
202404,사하구,운송업,572056,327
202404,사하구,의료웰니스업,53862,0
202404,서구,쇼핑업,357643,2716
202404,서구,숙박업,57029,2461
202404,서구,식음료업,484724,0
202404,서구,여가서비스업,55796,1014
202404,서구,여행업,1203,19
202404,서구,운송업,185395,0
202404,서구,의료웰니스업,23910,0
202404,수영구,쇼핑업,903275,4754
202404,수영구,숙박업,53001,4659
202404,수영구,식음료업,2120000,0
202404,수영구,여가서비스업,111343,3280
202404,수영구,여행업,456,0
202404,수영구,운송업,243133,426
202404,수영구,의료웰니스업,90176,89
202404,연제구,쇼핑업,1560000,11586
202404,연제구,숙박업,17932,3388
202404,연제구,식음료업,1180000,0
202404,연제구,여가서비스업,55105,2428
202404,연제구,여행업,3249,0
202404,연제구,운송업,656392,0
202404,연제구,의료웰니스업,79500,0
202404,영도구,쇼핑업,178557,6439
202404,영도구,숙박업,27524,2155
202404,영도구,식음료업,436072,0
202404,영도구,여가서비스업,32236,1455
202404,영도구,여행업,450,0
202404,영도구,운송업,76115,797
202404,영도구,의료웰니스업,13822,3280
202404,중구,쇼핑업,1380000,40994
202404,중구,숙박업,61898,1456
202404,중구,식음료업,1460000,0
202404,중구,여가서비스업,40259,823
202404,중구,여행업,31919,0
202404,중구,운송업,39885,0
202404,중구,의료웰니스업,88588,0
202404,해운대구,쇼핑업,9590000,4440000
202404,해운대구,숙박업,762275,73515
202404,해운대구,식음료업,2690000,0
202404,해운대구,여가서비스업,164161,26181
202404,해운대구,여행업,4213,15
202404,해운대구,운송업,675519,116
202404,해운대구,의료웰니스업,180969,4807
202405,강서구,쇼핑업,1510000,27188
202405,강서구,숙박업,39019,4650
202405,강서구,식음료업,1220000,0
202405,강서구,여가서비스업,116313,8107
202405,강서구,여행업,280,0
202405,강서구,운송업,4300000,11029
202405,강서구,의료웰니스업,36488,1939
202405,금정구,쇼핑업,847170,108235
202405,금정구,숙박업,12786,3127
202405,금정구,식음료업,1240000,0
202405,금정구,여가서비스업,168862,16785
202405,금정구,여행업,13723,0
202405,금정구,운송업,351900,451
202405,금정구,의료웰니스업,82894,8003
202405,기장군,쇼핑업,4440000,20991
202405,기장군,숙박업,469067,14456
202405,기장군,식음료업,2020000,0
202405,기장군,여가서비스업,443865,24769
202405,기장군,여행업,143,79
202405,기장군,운송업,824762,0
202405,기장군,의료웰니스업,38443,2102
202405,남구,쇼핑업,747508,15115
202405,남구,숙박업,103534,4673
202405,남구,식음료업,1070000,0
202405,남구,여가서비스업,105011,4299
202405,남구,여행업,4074,0
202405,남구,운송업,1200000,0
202405,남구,의료웰니스업,88765,14933
202405,동구,쇼핑업,1110000,24618
202405,동구,숙박업,56467,2559
202405,동구,식음료업,970747,0
202405,동구,여가서비스업,100174,180
202405,동구,여행업,34939,107
202405,동구,운송업,671428,0
202405,동구,의료웰니스업,52209,0
202405,동래구,쇼핑업,1350000,115851
202405,동래구,숙박업,106192,30836
202405,동래구,식음료업,1760000,0
202405,동래구,여가서비스업,86523,8539
202405,동래구,여행업,7486,3451
202405,동래구,운송업,566432,620
202405,동래구,의료웰니스업,132087,4529
202405,부산진구,쇼핑업,3560000,666723
202405,부산진구,숙박업,161738,14233
202405,부산진구,식음료업,3630000,0
202405,부산진구,여가서비스업,193018,10823
202405,부산진구,여행업,31616,4895
202405,부산진구,운송업,351007,163
202405,부산진구,의료웰니스업,382261,0
202405,북구,쇼핑업,7270000,48000
202405,북구,숙박업,13397,6306
202405,북구,식음료업,769519,0
202405,북구,여가서비스업,44425,6761
202405,북구,여행업,581,0
202405,북구,운송업,530620,119
202405,북구,의료웰니스업,52391,0
202405,사상구,쇼핑업,1160000,10169
202405,사상구,숙박업,27314,5472
202405,사상구,식음료업,1060000,0
202405,사상구,여가서비스업,66486,3701
202405,사상구,여행업,547,0
202405,사상구,운송업,1430000,990
202405,사상구,의료웰니스업,57706,1266
202405,사하구,쇼핑업,684775,17390
202405,사하구,숙박업,17991,6544
202405,사하구,식음료업,881995,0
202405,사하구,여가서비스업,44843,6268
202405,사하구,여행업,1721,0
202405,사하구,운송업,783676,232
202405,사하구,의료웰니스업,65260,0
202405,서구,쇼핑업,384744,2435
202405,서구,숙박업,60797,2772
202405,서구,식음료업,561570,0
202405,서구,여가서비스업,79455,1461
202405,서구,여행업,1410,1323
202405,서구,운송업,211642,166
202405,서구,의료웰니스업,25090,0
202405,수영구,쇼핑업,1040000,4531
202405,수영구,숙박업,67226,5476
202405,수영구,식음료업,2450000,0
202405,수영구,여가서비스업,120025,1280
202405,수영구,여행업,0,0
202405,수영구,운송업,261319,0
202405,수영구,의료웰니스업,110584,63
202405,연제구,쇼핑업,1790000,10636
202405,연제구,숙박업,21381,4382
202405,연제구,식음료업,1320000,0
202405,연제구,여가서비스업,60072,3737
202405,연제구,여행업,2192,200
202405,연제구,운송업,736681,202
202405,연제구,의료웰니스업,96899,0
202405,영도구,쇼핑업,203437,4987
202405,영도구,숙박업,29434,1314
202405,영도구,식음료업,512538,0
202405,영도구,여가서비스업,44718,1889
202405,영도구,여행업,80,4
202405,영도구,운송업,81745,1157
202405,영도구,의료웰니스업,16529,3634
202405,중구,쇼핑업,1530000,39772
202405,중구,숙박업,67651,1793
202405,중구,식음료업,1640000,0
202405,중구,여가서비스업,46463,1075
202405,중구,여행업,33673,0
202405,중구,운송업,41136,0
202405,중구,의료웰니스업,93683,0
202405,해운대구,쇼핑업,9970000,4330000
202405,해운대구,숙박업,801392,89792
202405,해운대구,식음료업,3140000,0
202405,해운대구,여가서비스업,212984,31976
202405,해운대구,여행업,6105,0
202405,해운대구,운송업,738984,1376
202405,해운대구,의료웰니스업,210023,3979
202406,강서구,쇼핑업,1480000,26732
202406,강서구,숙박업,34993,6024
202406,강서구,식음료업,1140000,0
202406,강서구,여가서비스업,106437,7385
202406,강서구,여행업,393,0
202406,강서구,운송업,3990000,10130
202406,강서구,의료웰니스업,37572,1833
202406,금정구,쇼핑업,778431,96328
202406,금정구,숙박업,10235,2721
202406,금정구,식음료업,1090000,0
202406,금정구,여가서비스업,155629,16383
202406,금정구,여행업,2275,58
202406,금정구,운송업,322332,0
202406,금정구,의료웰니스업,90837,6967
202406,기장군,쇼핑업,3800000,18379
202406,기장군,숙박업,414361,11632
202406,기장군,식음료업,1820000,0
202406,기장군,여가서비스업,401929,24735
202406,기장군,여행업,1655,73
202406,기장군,운송업,769907,54
202406,기장군,의료웰니스업,38534,3093
202406,남구,쇼핑업,784635,9135
202406,남구,숙박업,79069,5587
202406,남구,식음료업,1000000,0
202406,남구,여가서비스업,97616,4568
202406,남구,여행업,4540,0
202406,남구,운송업,1100000,0
202406,남구,의료웰니스업,88442,9421
202406,동구,쇼핑업,992084,26599
202406,동구,숙박업,55365,2649
202406,동구,식음료업,973627,0
202406,동구,여가서비스업,91943,247
202406,동구,여행업,30207,2832
202406,동구,운송업,663440,33
202406,동구,의료웰니스업,51495,0
202406,동래구,쇼핑업,1410000,123922
202406,동래구,숙박업,95761,32228
202406,동래구,식음료업,1690000,0
202406,동래구,여가서비스업,86381,7066
202406,동래구,여행업,1680,0
202406,동래구,운송업,487084,229
202406,동래구,의료웰니스업,120027,5145
202406,부산진구,쇼핑업,2980000,491585
202406,부산진구,숙박업,170545,16460
202406,부산진구,식음료업,3470000,0
202406,부산진구,여가서비스업,192013,11058
202406,부산진구,여행업,26589,3358
202406,부산진구,운송업,333577,726
202406,부산진구,의료웰니스업,366108,0
202406,북구,쇼핑업,7060000,44465
202406,북구,숙박업,13811,6457
202406,북구,식음료업,710507,0
202406,북구,여가서비스업,38143,6637
202406,북구,운송업,494795,46
202406,북구,의료웰니스업,55438,0
202406,사상구,쇼핑업,1060000,6941
202406,사상구,숙박업,25614,5137
202406,사상구,식음료업,972491,0
202406,사상구,여가서비스업,61488,2601
202406,사상구,여행업,230,148
202406,사상구,운송업,1400000,607
202406,사상구,의료웰니스업,49407,1494
202406,사하구,쇼핑업,649712,10805
202406,사하구,숙박업,16476,6851
202406,사하구,식음료업,803094,0
202406,사하구,여가서비스업,50803,6393
202406,사하구,여행업,4551,0
202406,사하구,운송업,708165,0
202406,사하구,의료웰니스업,66191,4
202406,서구,쇼핑업,374091,2092
202406,서구,숙박업,62345,2557
202406,서구,식음료업,528416,0
202406,서구,여가서비스업,68067,933
202406,서구,여행업,683,28
202406,서구,운송업,206505,0
202406,서구,의료웰니스업,28169,0
202406,수영구,쇼핑업,650380,3877
202406,수영구,숙박업,78744,8281
202406,수영구,식음료업,2360000,0
202406,수영구,여가서비스업,116015,1099
202406,수영구,운송업,256524,0
202406,수영구,의료웰니스업,107498,50
202406,연제구,쇼핑업,1750000,8855
202406,연제구,숙박업,17933,3343
202406,연제구,식음료업,1290000,0
202406,연제구,여가서비스업,56743,3303
202406,연제구,운송업,720134,46
202406,연제구,의료웰니스업,107760,0
202406,영도구,쇼핑업,209525,3852
202406,영도구,숙박업,25673,1768
202406,영도구,식음료업,471708,0
202406,영도구,여가서비스업,33509,1065
202406,영도구,여행업,50,0
202406,영도구,운송업,81226,818
202406,영도구,의료웰니스업,17239,2653
202406,중구,쇼핑업,1530000,44016
202406,중구,숙박업,61825,1537
202406,중구,식음료업,1520000,0
202406,중구,여가서비스업,41205,1195
202406,중구,여행업,19307,0
202406,중구,운송업,42757,0
202406,중구,의료웰니스업,100071,0
202406,해운대구,쇼핑업,9530000,4610000
202406,해운대구,숙박업,728255,90723
202406,해운대구,식음료업,3120000,0
202406,해운대구,여가서비스업,210983,35474
202406,해운대구,여행업,3638,329
202406,해운대구,운송업,681090,185
202406,해운대구,의료웰니스업,213756,4744
202407,강서구,쇼핑업,1470000,23783
202407,강서구,숙박업,44268,7248
202407,강서구,식음료업,1150000,0
202407,강서구,여가서비스업,95767,7408
202407,강서구,여행업,3589,0
202407,강서구,운송업,4430000,8201
202407,강서구,의료웰니스업,37268,1864
202407,금정구,쇼핑업,752939,89822
202407,금정구,숙박업,10409,3473
202407,금정구,식음료업,1010000,0
202407,금정구,여가서비스업,144116,15185
202407,금정구,여행업,8284,146
202407,금정구,운송업,338970,278
202407,금정구,의료웰니스업,86464,10661
202407,기장군,쇼핑업,3330000,14232
202407,기장군,숙박업,496125,10887
202407,기장군,식음료업,1870000,0
202407,기장군,여가서비스업,313951,21130
202407,기장군,여행업,2346,66
202407,기장군,운송업,866541,55
202407,기장군,의료웰니스업,47054,2416
202407,남구,쇼핑업,773489,9450
202407,남구,숙박업,55730,4450
202407,남구,식음료업,972734,0
202407,남구,여가서비스업,92996,4824
202407,남구,여행업,4353,0
202407,남구,운송업,1190000,0
202407,남구,의료웰니스업,90212,3680
202407,동구,쇼핑업,805479,6220
202407,동구,숙박업,53747,2882
202407,동구,식음료업,978459,0
202407,동구,여가서비스업,69089,11
202407,동구,여행업,77289,58
202407,동구,운송업,716394,85
202407,동구,의료웰니스업,54619,0
202407,동래구,쇼핑업,1290000,94106
202407,동래구,숙박업,96519,23862
202407,동래구,식음료업,1630000,0
202407,동래구,여가서비스업,91414,7509
202407,동래구,여행업,3538,0
202407,동래구,운송업,524953,504
202407,동래구,의료웰니스업,115860,4055
202407,부산진구,쇼핑업,2930000,479296
202407,부산진구,숙박업,180387,14711
202407,부산진구,식음료업,3470000,0
202407,부산진구,여가서비스업,190964,9573
202407,부산진구,여행업,28256,1688
202407,부산진구,운송업,318113,81
202407,부산진구,의료웰니스업,360346,0
202407,북구,쇼핑업,7140000,31399
202407,북구,숙박업,14823,7453
202407,북구,식음료업,707036,0
202407,북구,여가서비스업,38659,6269
202407,북구,여행업,1956,3964
202407,북구,운송업,510429,273
202407,북구,의료웰니스업,59291,0
202407,사상구,쇼핑업,1120000,6561
202407,사상구,숙박업,27077,6144
202407,사상구,식음료업,966903,0
202407,사상구,여가서비스업,60574,3031
202407,사상구,여행업,242,233
202407,사상구,운송업,1480000,580
202407,사상구,의료웰니스업,50035,1020
202407,사하구,쇼핑업,626284,8971
202407,사하구,숙박업,13178,5481
202407,사하구,식음료업,812773,0
202407,사하구,여가서비스업,39077,6628
202407,사하구,여행업,3475,141
202407,사하구,운송업,687189,0
202407,사하구,의료웰니스업,59101,4
202407,서구,쇼핑업,349872,1442
202407,서구,숙박업,66039,3721
202407,서구,식음료업,534951,0
202407,서구,여가서비스업,61407,1218
202407,서구,여행업,2598,69
202407,서구,운송업,230564,0
202407,서구,의료웰니스업,24685,0
202407,수영구,쇼핑업,662756,4104
202407,수영구,숙박업,68763,7485
202407,수영구,식음료업,2440000,0
202407,수영구,여가서비스업,112439,1522
202407,수영구,여행업,1656,0
202407,수영구,운송업,267978,40
202407,수영구,의료웰니스업,105695,12
202407,연제구,쇼핑업,1830000,10916
202407,연제구,숙박업,17331,4507
202407,연제구,식음료업,1270000,0
202407,연제구,여가서비스업,56379,2685
202407,연제구,여행업,5043,0
202407,연제구,운송업,715338,382
202407,연제구,의료웰니스업,98012,0
202407,영도구,쇼핑업,200873,3346
202407,영도구,숙박업,25657,2684
202407,영도구,식음료업,453444,0
202407,영도구,여가서비스업,46665,1730
202407,영도구,여행업,39,0
202407,영도구,운송업,81878,263
202407,영도구,의료웰니스업,16139,2981
202407,중구,쇼핑업,1450000,49137
202407,중구,숙박업,66931,1200
202407,중구,식음료업,1480000,0
202407,중구,여가서비스업,43625,917
202407,중구,여행업,47685,109
202407,중구,운송업,44333,0
202407,중구,의료웰니스업,84659,0
202407,해운대구,쇼핑업,9150000,4080000
202407,해운대구,숙박업,843489,106285
202407,해운대구,식음료업,3250000,0
202407,해운대구,여가서비스업,234098,42164
202407,해운대구,여행업,8300,209
202407,해운대구,운송업,731400,75
202407,해운대구,의료웰니스업,229981,4155
202408,강서구,쇼핑업,1510000,20130
202408,강서구,숙박업,50182,4900
202408,강서구,식음료업,1210000,0
202408,강서구,여가서비스업,105116,7862
202408,강서구,여행업,218,0
202408,강서구,운송업,4110000,7430
202408,강서구,의료웰니스업,37986,2291
202408,금정구,쇼핑업,781602,79683
202408,금정구,숙박업,13438,3801
202408,금정구,식음료업,1060000,0
202408,금정구,여가서비스업,163519,14515
202408,금정구,여행업,8851,114
202408,금정구,운송업,349357,0
202408,금정구,의료웰니스업,85209,7433
202408,기장군,쇼핑업,3460000,22358
202408,기장군,숙박업,604548,16082
202408,기장군,식음료업,2240000,0
202408,기장군,여가서비스업,324586,21384
202408,기장군,여행업,67,189
202408,기장군,운송업,927153,162
202408,기장군,의료웰니스업,49332,1544
202408,남구,쇼핑업,840457,10835
202408,남구,숙박업,75054,4191
202408,남구,식음료업,1030000,0
202408,남구,여가서비스업,88286,4489
202408,남구,여행업,6370,0
202408,남구,운송업,1180000,0
202408,남구,의료웰니스업,89879,2848
202408,동구,쇼핑업,883582,1021
202408,동구,숙박업,70703,2709
202408,동구,식음료업,1080000,0
202408,동구,여가서비스업,88835,143
202408,동구,여행업,39627,126
202408,동구,운송업,764708,0
202408,동구,의료웰니스업,52191,0
202408,동래구,쇼핑업,1420000,93303
202408,동래구,숙박업,107823,29316
202408,동래구,식음료업,1690000,0
202408,동래구,여가서비스업,91932,7156
202408,동래구,여행업,2255,1884
202408,동래구,운송업,561926,124
202408,동래구,의료웰니스업,118806,5143
202408,부산진구,쇼핑업,2950000,521770
202408,부산진구,숙박업,195525,12151
202408,부산진구,식음료업,3700000,0
202408,부산진구,여가서비스업,222309,11355
202408,부산진구,여행업,35247,2167
202408,부산진구,운송업,371114,486
202408,부산진구,의료웰니스업,371859,0
202408,북구,쇼핑업,7830000,24814
202408,북구,숙박업,16249,6776
202408,북구,식음료업,733664,0
202408,북구,여가서비스업,44584,5275
202408,북구,여행업,0,3056
202408,북구,운송업,519564,2
202408,북구,의료웰니스업,49321,0
202408,사상구,쇼핑업,1240000,6536
202408,사상구,숙박업,24712,7206
202408,사상구,식음료업,963294,0
202408,사상구,여가서비스업,59728,2956
202408,사상구,여행업,95,0
202408,사상구,운송업,1620000,576
202408,사상구,의료웰니스업,55590,1308
202408,사하구,쇼핑업,654279,8063
202408,사하구,숙박업,15211,4979
202408,사하구,식음료업,835341,0
202408,사하구,여가서비스업,46068,7051
202408,사하구,여행업,4670,3973
202408,사하구,운송업,736986,557
202408,사하구,의료웰니스업,52003,0
202408,서구,쇼핑업,361467,1201
202408,서구,숙박업,82515,3734
202408,서구,식음료업,585461,0
202408,서구,여가서비스업,84213,1166
202408,서구,여행업,5926,46
202408,서구,운송업,272024,0
202408,서구,의료웰니스업,26831,0
202408,수영구,쇼핑업,796012,6332
202408,수영구,숙박업,86424,7935
202408,수영구,식음료업,2880000,0
202408,수영구,여가서비스업,136779,1907
202408,수영구,여행업,1535,0
202408,수영구,운송업,294896,40
202408,수영구,의료웰니스업,115363,24
202408,연제구,쇼핑업,1990000,9417
202408,연제구,숙박업,19763,5189
202408,연제구,식음료업,1280000,0
202408,연제구,여가서비스업,56508,3045
202408,연제구,여행업,4385,0
202408,연제구,운송업,774234,118
202408,연제구,의료웰니스업,101602,0
202408,영도구,쇼핑업,207928,3362
202408,영도구,숙박업,29525,2032
202408,영도구,식음료업,534749,0
202408,영도구,여가서비스업,92035,2487
202408,영도구,여행업,1534,0
202408,영도구,운송업,89801,173
202408,영도구,의료웰니스업,14894,2248
202408,중구,쇼핑업,1520000,34432
202408,중구,숙박업,76470,1196
202408,중구,식음료업,1670000,0
202408,중구,여가서비스업,49749,1020
202408,중구,여행업,31043,57
202408,중구,운송업,43256,0
202408,중구,의료웰니스업,87197,0
202408,해운대구,쇼핑업,9400000,3720000
202408,해운대구,숙박업,1020000,114877
202408,해운대구,식음료업,3930000,0
202408,해운대구,여가서비스업,266503,38743
202408,해운대구,여행업,9562,224
202408,해운대구,운송업,875945,657
202408,해운대구,의료웰니스업,230900,3010
202409,강서구,쇼핑업,1500000,23199
202409,강서구,숙박업,32801,3484
202409,강서구,식음료업,1120000,0
202409,강서구,여가서비스업,100127,6867
202409,강서구,여행업,1861,0
202409,강서구,운송업,4120000,12388
202409,강서구,의료웰니스업,33994,2073
202409,금정구,쇼핑업,886219,87288
202409,금정구,숙박업,12156,3002
202409,금정구,식음료업,1060000,0
202409,금정구,여가서비스업,152095,14224
202409,금정구,여행업,3375,0
202409,금정구,운송업,317142,0
202409,금정구,의료웰니스업,84958,6372
202409,기장군,쇼핑업,5870000,14997
202409,기장군,숙박업,354616,9118
202409,기장군,식음료업,1960000,0
202409,기장군,여가서비스업,381081,21273
202409,기장군,여행업,414,95
202409,기장군,운송업,831733,221
202409,기장군,의료웰니스업,56693,1617
202409,남구,쇼핑업,871811,10196
202409,남구,숙박업,90194,10157
202409,남구,식음료업,986763,0
202409,남구,여가서비스업,97587,3528
202409,남구,여행업,2833,0
202409,남구,운송업,1020000,0
202409,남구,의료웰니스업,82759,4162
202409,동구,쇼핑업,1360000,49092
202409,동구,숙박업,56079,2466
202409,동구,식음료업,921032,0
202409,동구,여가서비스업,100805,312
202409,동구,여행업,55249,697
202409,동구,운송업,678766,9
202409,동구,의료웰니스업,60144,0
202409,동래구,쇼핑업,1410000,116174
202409,동래구,숙박업,120321,44916
202409,동래구,식음료업,1700000,0
202409,동래구,여가서비스업,86649,6562
202409,동래구,여행업,5014,582
202409,동래구,운송업,548290,10
202409,동래구,의료웰니스업,118362,4790
202409,부산진구,쇼핑업,3280000,493157
202409,부산진구,숙박업,132587,15928
202409,부산진구,식음료업,3300000,0
202409,부산진구,여가서비스업,201235,8743
202409,부산진구,여행업,67833,4243
202409,부산진구,운송업,349050,217
202409,부산진구,의료웰니스업,359073,0
202409,북구,쇼핑업,7530000,18782
202409,북구,숙박업,14608,6310
202409,북구,식음료업,734209,0
202409,북구,여가서비스업,44974,7889
202409,북구,여행업,1910,3068
202409,북구,운송업,483600,204
202409,북구,의료웰니스업,53481,0
202409,사상구,쇼핑업,1300000,7004
202409,사상구,숙박업,19441,5433
202409,사상구,식음료업,932250,0
202409,사상구,여가서비스업,60440,3182
202409,사상구,여행업,312,0
202409,사상구,운송업,1510000,306
202409,사상구,의료웰니스업,50562,1382
202409,사하구,쇼핑업,672619,9811
202409,사하구,숙박업,10864,5448
202409,사하구,식음료업,810110,0
202409,사하구,여가서비스업,46498,7017
202409,사하구,여행업,1310,0
202409,사하구,운송업,642671,420
202409,사하구,의료웰니스업,47427,0
202409,서구,쇼핑업,370155,1493
202409,서구,숙박업,54610,3902
202409,서구,식음료업,508122,0
202409,서구,여가서비스업,62133,820
202409,서구,여행업,4380,5
202409,서구,운송업,230577,0
202409,서구,의료웰니스업,19292,0
202409,수영구,쇼핑업,729127,3503
202409,수영구,숙박업,61672,8705
202409,수영구,식음료업,2180000,0
202409,수영구,여가서비스업,119341,2120
202409,수영구,운송업,258473,122
202409,수영구,의료웰니스업,103624,14
202409,연제구,쇼핑업,1960000,8118
202409,연제구,숙박업,18553,4814
202409,연제구,식음료업,1220000,0
202409,연제구,여가서비스업,58610,2393
202409,연제구,여행업,472,0
202409,연제구,운송업,736979,143
202409,연제구,의료웰니스업,98845,0
202409,영도구,쇼핑업,222230,3059
202409,영도구,숙박업,20517,2636
202409,영도구,식음료업,455947,0
202409,영도구,여가서비스업,57104,2517
202409,영도구,여행업,1701,0
202409,영도구,운송업,76492,222
202409,영도구,의료웰니스업,16798,2378
202409,중구,쇼핑업,1610000,45312
202409,중구,숙박업,53055,2135
202409,중구,식음료업,1470000,0
202409,중구,여가서비스업,46419,1049
202409,중구,여행업,31663,0
202409,중구,운송업,37889,0
202409,중구,의료웰니스업,84922,0
202409,해운대구,쇼핑업,9230000,3990000
202409,해운대구,숙박업,716093,84298
202409,해운대구,식음료업,2860000,0
202409,해운대구,여가서비스업,217185,31208
202409,해운대구,여행업,9748,2894
202409,해운대구,운송업,704917,265
202409,해운대구,의료웰니스업,203735,3658
202410,강서구,쇼핑업,1520000,35677
202410,강서구,숙박업,36463,3542
202410,강서구,식음료업,1140000,0
202410,강서구,여가서비스업,107844,5227
202410,강서구,여행업,1237,0
202410,강서구,운송업,4760000,12628
202410,강서구,의료웰니스업,35909,2178
202410,금정구,쇼핑업,874890,107060
202410,금정구,숙박업,10987,3337
202410,금정구,식음료업,1080000,0
202410,금정구,여가서비스업,154526,16955
202410,금정구,여행업,6894,952
202410,금정구,운송업,301846,283
202410,금정구,의료웰니스업,78822,9055
202410,기장군,쇼핑업,5450000,18591
202410,기장군,숙박업,310544,8903
202410,기장군,식음료업,1790000,0
202410,기장군,여가서비스업,404182,23516
202410,기장군,여행업,155,120
202410,기장군,운송업,809852,429
202410,기장군,의료웰니스업,51642,1724
202410,남구,쇼핑업,770321,15137
202410,남구,숙박업,128929,3317
202410,남구,식음료업,1030000,0
202410,남구,여가서비스업,101945,3446
202410,남구,여행업,2881,0
202410,남구,운송업,1060000,0
202410,남구,의료웰니스업,75356,4624
202410,동구,쇼핑업,1230000,36484
202410,동구,숙박업,65902,2873
202410,동구,식음료업,974906,0
202410,동구,여가서비스업,111084,17
202410,동구,여행업,50670,0
202410,동구,운송업,658949,358
202410,동구,의료웰니스업,61627,0
202410,동래구,쇼핑업,1290000,138109
202410,동래구,숙박업,105577,28292
202410,동래구,식음료업,1530000,0
202410,동래구,여가서비스업,76534,6463
202410,동래구,여행업,4040,669
202410,동래구,운송업,472919,237
202410,동래구,의료웰니스업,118757,4209
202410,부산진구,쇼핑업,3190000,513219
202410,부산진구,숙박업,130191,14412
202410,부산진구,식음료업,3350000,0
202410,부산진구,여가서비스업,183326,5481
202410,부산진구,여행업,47792,3851
202410,부산진구,운송업,308974,119
202410,부산진구,의료웰니스업,341231,0
202410,북구,쇼핑업,7590000,40094
202410,북구,숙박업,17515,6535
202410,북구,식음료업,716160,0
202410,북구,여가서비스업,39022,5140
202410,북구,여행업,1499,0
202410,북구,운송업,470616,209
202410,북구,의료웰니스업,48609,0
202410,사상구,쇼핑업,1060000,10753
202410,사상구,숙박업,28053,5119
202410,사상구,식음료업,960512,0
202410,사상구,여가서비스업,66462,2786
202410,사상구,여행업,1643,0
202410,사상구,운송업,1420000,715
202410,사상구,의료웰니스업,46739,1498
202410,사하구,쇼핑업,640203,17028
202410,사하구,숙박업,13910,4481
202410,사하구,식음료업,790637,0
202410,사하구,여가서비스업,41130,3530
202410,사하구,여행업,6094,0
202410,사하구,운송업,639220,240
202410,사하구,의료웰니스업,59081,4
202410,서구,쇼핑업,369101,2246
202410,서구,숙박업,65463,3188
202410,서구,식음료업,525194,0
202410,서구,여가서비스업,61489,914
202410,서구,여행업,2515,17
202410,서구,운송업,220899,0
202410,서구,의료웰니스업,39956,0
202410,수영구,쇼핑업,676285,6393
202410,수영구,숙박업,65450,5966
202410,수영구,식음료업,2240000,0
202410,수영구,여가서비스업,105207,1247
202410,수영구,여행업,5414,0
202410,수영구,운송업,233157,139
202410,수영구,의료웰니스업,95004,55
202410,연제구,쇼핑업,1670000,9827
202410,연제구,숙박업,21308,4041
202410,연제구,식음료업,1240000,0
202410,연제구,여가서비스업,59648,2409
202410,연제구,여행업,2641,0
202410,연제구,운송업,741242,550
202410,연제구,의료웰니스업,90607,0
202410,영도구,쇼핑업,194967,5333
202410,영도구,숙박업,27960,1844
202410,영도구,식음료업,454131,0
202410,영도구,여가서비스업,43137,1373
202410,영도구,여행업,52,1596
202410,영도구,운송업,75852,471
202410,영도구,의료웰니스업,14316,2375
202410,중구,쇼핑업,1510000,41062
202410,중구,숙박업,59288,1460
202410,중구,식음료업,1560000,0
202410,중구,여가서비스업,40540,505
202410,중구,여행업,33426,0
202410,중구,운송업,41113,0
202410,중구,의료웰니스업,92733,0
202410,해운대구,쇼핑업,9130000,4350000
202410,해운대구,숙박업,704672,123220
202410,해운대구,식음료업,2960000,0
202410,해운대구,여가서비스업,189805,30224
202410,해운대구,여행업,7478,3474
202410,해운대구,운송업,704769,528
202410,해운대구,의료웰니스업,215731,3905
202411,강서구,쇼핑업,1500000,29511
202411,강서구,숙박업,34917,3057
202411,강서구,식음료업,1090000,0
202411,강서구,여가서비스업,98434,5081
202411,강서구,여행업,200,0
202411,강서구,운송업,4670000,9604
202411,강서구,의료웰니스업,37531,2906
202411,금정구,쇼핑업,867031,120149
202411,금정구,숙박업,11723,2735
202411,금정구,식음료업,1060000,0
202411,금정구,여가서비스업,139590,16304
202411,금정구,여행업,15048,0
202411,금정구,운송업,346283,0
202411,금정구,의료웰니스업,81383,9884
202411,기장군,쇼핑업,5390000,13765
202411,기장군,숙박업,316160,11445
202411,기장군,식음료업,1650000,0
202411,기장군,여가서비스업,347467,18407
202411,기장군,여행업,244,0
202411,기장군,운송업,801755,52
202411,기장군,의료웰니스업,52191,2365
202411,남구,쇼핑업,788586,12335
202411,남구,숙박업,110285,4640
202411,남구,식음료업,997824,0
202411,남구,여가서비스업,90248,2922
202411,남구,여행업,6616,290
202411,남구,운송업,1130000,0
202411,남구,의료웰니스업,85026,7410
202411,동구,쇼핑업,1150000,38118
202411,동구,숙박업,53421,3627
202411,동구,식음료업,941324,0
202411,동구,여가서비스업,102045,205
202411,동구,여행업,42392,30
202411,동구,운송업,645183,0
202411,동구,의료웰니스업,56061,0
202411,동래구,쇼핑업,1250000,137375
202411,동래구,숙박업,101368,29887
202411,동래구,식음료업,1540000,0
202411,동래구,여가서비스업,79510,6702
202411,동래구,여행업,2382,3420
202411,동래구,운송업,476380,362
202411,동래구,의료웰니스업,124711,5392
202411,부산진구,쇼핑업,3360000,612253
202411,부산진구,숙박업,124955,36165
202411,부산진구,식음료업,3370000,0
202411,부산진구,여가서비스업,160737,5731
202411,부산진구,여행업,36345,4591
202411,부산진구,운송업,298547,2138
202411,부산진구,의료웰니스업,339657,0
202411,북구,쇼핑업,6650000,42224
202411,북구,숙박업,12516,5270
202411,북구,식음료업,677417,0
202411,북구,여가서비스업,40368,4139
202411,북구,여행업,552,0
202411,북구,운송업,497741,407
202411,북구,의료웰니스업,46585,0
202411,사상구,쇼핑업,1120000,7888
202411,사상구,숙박업,22201,4355
202411,사상구,식음료업,936069,0
202411,사상구,여가서비스업,46820,1483
202411,사상구,여행업,77,17
202411,사상구,운송업,1340000,888
202411,사상구,의료웰니스업,51884,1742
202411,사하구,쇼핑업,653989,14130
202411,사하구,숙박업,12988,3996
202411,사하구,식음료업,784646,0
202411,사하구,여가서비스업,42376,4092
202411,사하구,여행업,3611,0
202411,사하구,운송업,616313,339
202411,사하구,의료웰니스업,51732,4
202411,서구,쇼핑업,351139,2362
202411,서구,숙박업,71014,5633
202411,서구,식음료업,504906,0
202411,서구,여가서비스업,56154,953
202411,서구,여행업,456,31
202411,서구,운송업,205647,0
202411,서구,의료웰니스업,20658,0
202411,수영구,쇼핑업,705514,6076
202411,수영구,숙박업,53802,6591
202411,수영구,식음료업,2220000,0
202411,수영구,여가서비스업,95740,1439
202411,수영구,여행업,2109,0
202411,수영구,운송업,232846,181
202411,수영구,의료웰니스업,105637,126
202411,연제구,쇼핑업,1640000,10352
202411,연제구,숙박업,21373,3936
202411,연제구,식음료업,1250000,0
202411,연제구,여가서비스업,55468,1441
202411,연제구,여행업,7627,0
202411,연제구,운송업,678485,115
202411,연제구,의료웰니스업,99190,0
202411,영도구,쇼핑업,186943,5569
202411,영도구,숙박업,35940,2125
202411,영도구,식음료업,429310,0
202411,영도구,여가서비스업,35436,821
202411,영도구,여행업,2251,0
202411,영도구,운송업,72456,0
202411,영도구,의료웰니스업,14518,3472
202411,중구,쇼핑업,1600000,53689
202411,중구,숙박업,74858,2170
202411,중구,식음료업,1510000,0
202411,중구,여가서비스업,36432,674
202411,중구,여행업,40409,160
202411,중구,운송업,43818,0
202411,중구,의료웰니스업,86338,0
202411,해운대구,쇼핑업,9460000,4160000
202411,해운대구,숙박업,757377,103715
202411,해운대구,식음료업,2810000,0
202411,해운대구,여가서비스업,161488,24776
202411,해운대구,여행업,7668,585
202411,해운대구,운송업,643922,120
202411,해운대구,의료웰니스업,202739,5086
202412,강서구,쇼핑업,1530000,35761
202412,강서구,숙박업,38665,4728
202412,강서구,식음료업,1160000,0
202412,강서구,여가서비스업,90718,7309
202412,강서구,여행업,2063,0
202412,강서구,운송업,4950000,9832
202412,강서구,의료웰니스업,37909,3317
202412,금정구,쇼핑업,818821,102481
202412,금정구,숙박업,10031,2798
202412,금정구,식음료업,1080000,0
202412,금정구,여가서비스업,113979,14000
202412,금정구,여행업,7188,720
202412,금정구,운송업,338991,732
202412,금정구,의료웰니스업,87541,11701
202412,기장군,쇼핑업,5520000,22750
202412,기장군,숙박업,459422,15724
202412,기장군,식음료업,1910000,0
202412,기장군,여가서비스업,300969,20523
202412,기장군,여행업,147,100
202412,기장군,운송업,877846,460
202412,기장군,의료웰니스업,65139,2754
202412,남구,쇼핑업,761780,12273
202412,남구,숙박업,86885,8596
202412,남구,식음료업,1060000,0
202412,남구,여가서비스업,82636,4566
202412,남구,여행업,865,2036
202412,남구,운송업,1140000,0
202412,남구,의료웰니스업,101444,24652
202412,동구,쇼핑업,1170000,33970
202412,동구,숙박업,59849,2871
202412,동구,식음료업,1000000,0
202412,동구,여가서비스업,79845,8
202412,동구,여행업,43377,102
202412,동구,운송업,689653,0
202412,동구,의료웰니스업,58908,0
202412,동래구,쇼핑업,1330000,123957
202412,동래구,숙박업,152738,41217
202412,동래구,식음료업,1740000,0
202412,동래구,여가서비스업,82166,6904
202412,동래구,여행업,4015,0
202412,동래구,운송업,543093,706
202412,동래구,의료웰니스업,137232,8039
202412,부산진구,쇼핑업,3310000,598371
202412,부산진구,숙박업,160388,18746
202412,부산진구,식음료업,3790000,0
202412,부산진구,여가서비스업,204854,10029
202412,부산진구,여행업,44762,8530
202412,부산진구,운송업,316528,338
202412,부산진구,의료웰니스업,366614,0
202412,북구,쇼핑업,6970000,37805
202412,북구,숙박업,14848,5598
202412,북구,식음료업,763080,0
202412,북구,여가서비스업,40186,6160
202412,북구,여행업,1742,0
202412,북구,운송업,504844,0
202412,북구,의료웰니스업,60438,0
202412,사상구,쇼핑업,1110000,5986
202412,사상구,숙박업,22995,4842
202412,사상구,식음료업,1040000,0
202412,사상구,여가서비스업,56290,2694
202412,사상구,여행업,0,0
202412,사상구,운송업,1330000,271
202412,사상구,의료웰니스업,51794,1757
202412,사하구,쇼핑업,640646,15031
202412,사하구,숙박업,12278,4208
202412,사하구,식음료업,819760,0
202412,사하구,여가서비스업,43223,7935
202412,사하구,여행업,7057,0
202412,사하구,운송업,643421,562
202412,사하구,의료웰니스업,54415,9
202412,서구,쇼핑업,355332,2907
202412,서구,숙박업,77902,6023
202412,서구,식음료업,503465,0
202412,서구,여가서비스업,55687,833
202412,서구,여행업,293,46
202412,서구,운송업,218525,0
202412,서구,의료웰니스업,28745,0
202412,수영구,쇼핑업,777384,4901
202412,수영구,숙박업,60404,9787
202412,수영구,식음료업,2490000,0
202412,수영구,여가서비스업,121315,3717
202412,수영구,여행업,2198,0
202412,수영구,운송업,249525,107
202412,수영구,의료웰니스업,104543,109
202412,연제구,쇼핑업,1640000,8809
202412,연제구,숙박업,17944,3586
202412,연제구,식음료업,1400000,0
202412,연제구,여가서비스업,55797,4051
202412,연제구,여행업,4093,0
202412,연제구,운송업,699970,71
202412,연제구,의료웰니스업,100995,0
202412,영도구,쇼핑업,216604,4925
202412,영도구,숙박업,31295,1874
202412,영도구,식음료업,483268,0
202412,영도구,여가서비스업,45166,1370
202412,영도구,여행업,713,0
202412,영도구,운송업,76508,263
202412,영도구,의료웰니스업,24372,8662
202412,중구,쇼핑업,1720000,49783
202412,중구,숙박업,60868,983
202412,중구,식음료업,1790000,0
202412,중구,여가서비스업,52010,963
202412,중구,여행업,31282,34
202412,중구,운송업,49942,0
202412,중구,의료웰니스업,99907,0
202412,해운대구,쇼핑업,10600000,5040000
202412,해운대구,숙박업,848808,151861
202412,해운대구,식음료업,3170000,0
202412,해운대구,여가서비스업,191200,33318
202412,해운대구,여행업,11690,153
202412,해운대구,운송업,661073,1714
202412,해운대구,의료웰니스업,230234,4277
202501,강서구,쇼핑업,1600000,29325
202501,강서구,숙박업,45014,4486
202501,강서구,식음료업,1140000,0
202501,강서구,여가서비스업,78488,4977
202501,강서구,여행업,505,0
202501,강서구,운송업,3620000,6130
202501,강서구,의료웰니스업,39621,3239
202501,금정구,쇼핑업,832676,82235
202501,금정구,숙박업,8390,3348
202501,금정구,식음료업,1010000,0
202501,금정구,여가서비스업,105727,9125
202501,금정구,여행업,6674,0
202501,금정구,운송업,328169,301
202501,금정구,의료웰니스업,71944,12610
202501,기장군,쇼핑업,4940000,22290
202501,기장군,숙박업,354372,8766
202501,기장군,식음료업,1980000,0
202501,기장군,여가서비스업,215797,15664
202501,기장군,여행업,176,130
202501,기장군,운송업,842902,0
202501,기장군,의료웰니스업,58916,3096
202501,남구,쇼핑업,869830,11017
202501,남구,숙박업,74654,4268
202501,남구,식음료업,986530,0
202501,남구,여가서비스업,74612,3476
202501,남구,여행업,7667,0
202501,남구,운송업,1070000,0
202501,남구,의료웰니스업,84560,4409
202501,동구,쇼핑업,1120000,29384
202501,동구,숙박업,52552,2772
202501,동구,식음료업,927782,0
202501,동구,여가서비스업,56415,0
202501,동구,여행업,27896,22
202501,동구,운송업,665989,30
202501,동구,의료웰니스업,58851,0
202501,동래구,쇼핑업,1620000,116584
202501,동래구,숙박업,146213,35561
202501,동래구,식음료업,1620000,0
202501,동래구,여가서비스업,97109,5573
202501,동래구,여행업,9401,100
202501,동래구,운송업,504527,140
202501,동래구,의료웰니스업,123914,7340
202501,부산진구,쇼핑업,3260000,480452
202501,부산진구,숙박업,122663,19642
202501,부산진구,식음료업,3510000,0
202501,부산진구,여가서비스업,202933,7929
202501,부산진구,여행업,42818,2569
202501,부산진구,운송업,311342,105
202501,부산진구,의료웰니스업,352914,0
202501,북구,쇼핑업,8030000,22761
202501,북구,숙박업,12034,5648
202501,북구,식음료업,733481,0
202501,북구,여가서비스업,43672,3476
202501,북구,운송업,485954,220
202501,북구,의료웰니스업,50830,0
202501,사상구,쇼핑업,1370000,4471
202501,사상구,숙박업,23805,4406
202501,사상구,식음료업,926673,0
202501,사상구,여가서비스업,58933,2080
202501,사상구,여행업,218,17
202501,사상구,운송업,1310000,379
202501,사상구,의료웰니스업,53053,1797
202501,사하구,쇼핑업,682758,13284
202501,사하구,숙박업,10773,3464
202501,사하구,식음료업,790071,0
202501,사하구,여가서비스업,45980,5741
202501,사하구,운송업,583094,426
202501,사하구,의료웰니스업,48908,0
202501,서구,쇼핑업,354081,1764
202501,서구,숙박업,77816,6092
202501,서구,식음료업,466962,0
202501,서구,여가서비스업,63439,719
202501,서구,여행업,9,89
202501,서구,운송업,209075,70
202501,서구,의료웰니스업,23332,0
202501,수영구,쇼핑업,832927,7122
202501,수영구,숙박업,53946,7681
202501,수영구,식음료업,2330000,0
202501,수영구,여가서비스업,122882,1317
202501,수영구,여행업,2540,0
202501,수영구,운송업,243766,424
202501,수영구,의료웰니스업,107893,82
202501,연제구,쇼핑업,1990000,7656
202501,연제구,숙박업,17183,3821
202501,연제구,식음료업,1240000,0
202501,연제구,여가서비스업,50040,2526
202501,연제구,여행업,3069,0
202501,연제구,운송업,660646,130
202501,연제구,의료웰니스업,90720,0
202501,영도구,쇼핑업,207795,3851
202501,영도구,숙박업,26655,2338
202501,영도구,식음료업,455377,0
202501,영도구,여가서비스업,49764,1006
202501,영도구,운송업,70920,0
202501,영도구,의료웰니스업,24606,4422
202501,중구,쇼핑업,1660000,41429
202501,중구,숙박업,49908,2591
202501,중구,식음료업,1680000,0
202501,중구,여가서비스업,50401,1064
202501,중구,여행업,40011,0
202501,중구,운송업,46572,0
202501,중구,의료웰니스업,84472,0
202501,해운대구,쇼핑업,10800000,5100000
202501,해운대구,숙박업,834165,148190
202501,해운대구,식음료업,3120000,0
202501,해운대구,여가서비스업,194654,25866
202501,해운대구,여행업,12909,1355
202501,해운대구,운송업,677017,192
202501,해운대구,의료웰니스업,198943,6362
202502,강서구,쇼핑업,1340000,21942
202502,강서구,숙박업,37975,3183
202502,강서구,식음료업,1000000,0
202502,강서구,여가서비스업,69855,2959
202502,강서구,여행업,2994,0
202502,강서구,운송업,3780000,9668
202502,강서구,의료웰니스업,36303,2319
202502,금정구,쇼핑업,672167,74571
202502,금정구,숙박업,7625,3768
202502,금정구,식음료업,849216,0
202502,금정구,여가서비스업,86694,9485
202502,금정구,여행업,6147,0
202502,금정구,운송업,306363,0
202502,금정구,의료웰니스업,72007,11749
202502,기장군,쇼핑업,3500000,13771
202502,기장군,숙박업,291308,16560
202502,기장군,식음료업,1540000,0
202502,기장군,여가서비스업,236559,12721
202502,기장군,여행업,0,37
202502,기장군,운송업,819231,0
202502,기장군,의료웰니스업,48244,3280
202502,남구,쇼핑업,662564,9202
202502,남구,숙박업,76608,2600
202502,남구,식음료업,861057,0
202502,남구,여가서비스업,64580,2128
202502,남구,여행업,3919,1277
202502,남구,운송업,1100000,0
202502,남구,의료웰니스업,75735,3760
202502,동구,쇼핑업,1030000,23376
202502,동구,숙박업,54262,3128
202502,동구,식음료업,889813,0
202502,동구,여가서비스업,56248,4
202502,동구,여행업,38402,0
202502,동구,운송업,637199,322
202502,동구,의료웰니스업,70862,0
202502,동래구,쇼핑업,1070000,98206
202502,동래구,숙박업,113562,32872
202502,동래구,식음료업,1360000,0
202502,동래구,여가서비스업,79739,4774
202502,동래구,여행업,9291,4572
202502,동래구,운송업,507087,34
202502,동래구,의료웰니스업,107282,6583
202502,부산진구,쇼핑업,2720000,410164
202502,부산진구,숙박업,160808,24975
202502,부산진구,식음료업,3100000,0
202502,부산진구,여가서비스업,172181,5114
202502,부산진구,여행업,53099,3313
202502,부산진구,운송업,296096,472
202502,부산진구,의료웰니스업,349040,0
202502,북구,쇼핑업,6520000,22044
202502,북구,숙박업,11897,4874
202502,북구,식음료업,608602,0
202502,북구,여가서비스업,33655,3183
202502,북구,여행업,2127,0
202502,북구,운송업,429704,71
202502,북구,의료웰니스업,47613,0
202502,사상구,쇼핑업,921303,7202
202502,사상구,숙박업,18959,5272
202502,사상구,식음료업,813636,0
202502,사상구,여가서비스업,52796,1723
202502,사상구,여행업,56,0
202502,사상구,운송업,1260000,177
202502,사상구,의료웰니스업,47298,1304
202502,사하구,쇼핑업,524100,9939
202502,사하구,숙박업,13217,3896
202502,사하구,식음료업,675146,0
202502,사하구,여가서비스업,44446,3201
202502,사하구,여행업,1394,0
202502,사하구,운송업,633014,0
202502,사하구,의료웰니스업,48117,9
202502,서구,쇼핑업,302179,847
202502,서구,숙박업,53785,5183
202502,서구,식음료업,411762,0
202502,서구,여가서비스업,46218,738
202502,서구,여행업,2,30
202502,서구,운송업,223009,0
202502,서구,의료웰니스업,21769,0
202502,수영구,쇼핑업,652482,3400
202502,수영구,숙박업,54274,6688
202502,수영구,식음료업,2020000,0
202502,수영구,여가서비스업,123114,917
202502,수영구,여행업,2292,2300
202502,수영구,운송업,228627,86
202502,수영구,의료웰니스업,100098,64
202502,연제구,쇼핑업,1410000,11335
202502,연제구,숙박업,12995,2936
202502,연제구,식음료업,1120000,0
202502,연제구,여가서비스업,44253,1192
202502,연제구,여행업,1636,0
202502,연제구,운송업,640072,260
202502,연제구,의료웰니스업,87419,0
202502,영도구,쇼핑업,159981,2296
202502,영도구,숙박업,18443,2090
202502,영도구,식음료업,351303,0
202502,영도구,여가서비스업,36177,847
202502,영도구,운송업,65401,197
202502,영도구,의료웰니스업,17669,3318
202502,중구,쇼핑업,1310000,28232
202502,중구,숙박업,47121,687
202502,중구,식음료업,1400000,0
202502,중구,여가서비스업,34789,420
202502,중구,여행업,41965,46
202502,중구,운송업,32649,0
202502,중구,의료웰니스업,82348,0
202502,해운대구,쇼핑업,8990000,4100000
202502,해운대구,숙박업,834659,193535
202502,해운대구,식음료업,2690000,0
202502,해운대구,여가서비스업,179062,18393
202502,해운대구,여행업,12770,0
202502,해운대구,운송업,625094,149
202502,해운대구,의료웰니스업,191696,5948
202503,강서구,쇼핑업,1490000,19235
202503,강서구,숙박업,44438,5131
202503,강서구,식음료업,1160000,0
202503,강서구,여가서비스업,80394,4058
202503,강서구,여행업,2843,0
202503,강서구,운송업,4080000,5569
202503,강서구,의료웰니스업,37979,3008
202503,금정구,쇼핑업,887180,114750
202503,금정구,숙박업,9573,3510
202503,금정구,식음료업,1090000,0
202503,금정구,여가서비스업,133065,15507
202503,금정구,여행업,12086,0
202503,금정구,운송업,351086,281
202503,금정구,의료웰니스업,80057,10120
202503,기장군,쇼핑업,4660000,13030
202503,기장군,숙박업,335787,9274
202503,기장군,식음료업,1830000,0
202503,기장군,여가서비스업,301653,17233
202503,기장군,여행업,703,82
202503,기장군,운송업,832531,550
202503,기장군,의료웰니스업,65766,2612
202503,남구,쇼핑업,841597,9464
202503,남구,숙박업,97830,8007
202503,남구,식음료업,1050000,0
202503,남구,여가서비스업,87349,2347
202503,남구,여행업,2811,0
202503,남구,운송업,1080000,92
202503,남구,의료웰니스업,79934,4497
202503,동구,쇼핑업,1040000,30790
202503,동구,숙박업,42129,5501
202503,동구,식음료업,956334,0
202503,동구,여가서비스업,79026,2
202503,동구,여행업,21961,307
202503,동구,운송업,689546,0
202503,동구,의료웰니스업,62466,0
202503,동래구,쇼핑업,1460000,108375
202503,동래구,숙박업,117282,30761
202503,동래구,식음료업,1610000,0
202503,동래구,여가서비스업,87520,6032
202503,동래구,여행업,4472,0
202503,동래구,운송업,531627,158
202503,동래구,의료웰니스업,139336,5705
202503,부산진구,쇼핑업,3100000,455819
202503,부산진구,숙박업,111924,10259
202503,부산진구,식음료업,3420000,0
202503,부산진구,여가서비스업,189014,5029
202503,부산진구,여행업,45758,2504
202503,부산진구,운송업,332815,5
202503,부산진구,의료웰니스업,406448,0
202503,북구,쇼핑업,7580000,29323
202503,북구,숙박업,15381,6841
202503,북구,식음료업,729372,0
202503,북구,여가서비스업,47132,6392
202503,북구,여행업,0,4098
202503,북구,운송업,487768,76
202503,북구,의료웰니스업,54724,0
202503,사상구,쇼핑업,1160000,4852
202503,사상구,숙박업,22585,4638
202503,사상구,식음료업,963304,0
202503,사상구,여가서비스업,58635,1693
202503,사상구,여행업,100,0
202503,사상구,운송업,1340000,581
202503,사상구,의료웰니스업,59286,1407
202503,사하구,쇼핑업,681037,15326
202503,사하구,숙박업,10446,4630
202503,사하구,식음료업,806017,0
202503,사하구,여가서비스업,50490,3110
202503,사하구,운송업,679580,442
202503,사하구,의료웰니스업,54965,0
202503,서구,쇼핑업,359230,1550
202503,서구,숙박업,71823,6369
202503,서구,식음료업,488181,0
202503,서구,여가서비스업,44440,454
202503,서구,여행업,573,7
202503,서구,운송업,252378,0
202503,서구,의료웰니스업,25329,0
202503,수영구,쇼핑업,709577,5097
202503,수영구,숙박업,51604,5714
202503,수영구,식음료업,2180000,0
202503,수영구,여가서비스업,114693,1346
202503,수영구,여행업,4730,0
202503,수영구,운송업,250833,333
202503,수영구,의료웰니스업,102577,97
202503,연제구,쇼핑업,1690000,12053
202503,연제구,숙박업,16237,3355
202503,연제구,식음료업,1240000,0
202503,연제구,여가서비스업,49865,1972
202503,연제구,여행업,751,0
202503,연제구,운송업,708939,400
202503,연제구,의료웰니스업,97365,0
202503,영도구,쇼핑업,196204,3498
202503,영도구,숙박업,29837,2332
202503,영도구,식음료업,421397,0
202503,영도구,여가서비스업,36018,905
202503,영도구,여행업,685,0
202503,영도구,운송업,72188,0
202503,영도구,의료웰니스업,20214,3808
202503,중구,쇼핑업,1450000,41917
202503,중구,숙박업,51164,2227
202503,중구,식음료업,1520000,0
202503,중구,여가서비스업,36051,466
202503,중구,여행업,24882,0
202503,중구,운송업,29198,0
202503,중구,의료웰니스업,86450,0
202503,해운대구,쇼핑업,9530000,4510000
202503,해운대구,숙박업,691361,108340
202503,해운대구,식음료업,2690000,0
202503,해운대구,여가서비스업,170797,17417
202503,해운대구,여행업,8330,0
202503,해운대구,운송업,693152,660
202503,해운대구,의료웰니스업,201767,6532
202504,강서구,쇼핑업,1440000,27972
202504,강서구,숙박업,33245,16423
202504,강서구,식음료업,1110000,0
202504,강서구,여가서비스업,86249,4242
202504,강서구,여행업,4001,1526
202504,강서구,운송업,3830000,6397
202504,강서구,의료웰니스업,37714,2623
202504,금정구,쇼핑업,806904,98157
202504,금정구,숙박업,9303,4289
202504,금정구,식음료업,1030000,0
202504,금정구,여가서비스업,131248,10666
202504,금정구,여행업,4203,0
202504,금정구,운송업,321168,0
202504,금정구,의료웰니스업,69744,8232
202504,기장군,쇼핑업,3970000,14629
202504,기장군,숙박업,282292,11931
202504,기장군,식음료업,1680000,0
202504,기장군,여가서비스업,362719,24607
202504,기장군,여행업,153,121
202504,기장군,운송업,780705,217
202504,기장군,의료웰니스업,56140,2786
202504,남구,쇼핑업,752686,10027
202504,남구,숙박업,68401,6024
202504,남구,식음료업,985579,0
202504,남구,여가서비스업,81468,6624
202504,남구,여행업,890,0
202504,남구,운송업,1140000,91
202504,남구,의료웰니스업,88087,3315
202504,동구,쇼핑업,1040000,28803
202504,동구,숙박업,59792,1965
202504,동구,식음료업,913107,0
202504,동구,여가서비스업,94820,54
202504,동구,여행업,22126,0
202504,동구,운송업,651232,46
202504,동구,의료웰니스업,64567,0
202504,동래구,쇼핑업,1340000,105250
202504,동래구,숙박업,88093,30735
202504,동래구,식음료업,1560000,0
202504,동래구,여가서비스업,85354,5407
202504,동래구,여행업,11270,3053
202504,동래구,운송업,580826,435
202504,동래구,의료웰니스업,111397,4374
202504,부산진구,쇼핑업,2890000,475011
202504,부산진구,숙박업,131349,15033
202504,부산진구,식음료업,3150000,0
202504,부산진구,여가서비스업,159593,5685
202504,부산진구,여행업,38662,5115
202504,부산진구,운송업,307484,76
202504,부산진구,의료웰니스업,362783,0
202504,북구,쇼핑업,6930000,27721
202504,북구,숙박업,12206,5330
202504,북구,식음료업,671714,0
202504,북구,여가서비스업,31736,5177
202504,북구,운송업,500534,0
202504,북구,의료웰니스업,51874,0
202504,사상구,쇼핑업,1020000,7112
202504,사상구,숙박업,21778,3907
202504,사상구,식음료업,952326,0
202504,사상구,여가서비스업,55131,1887
202504,사상구,여행업,92,0
202504,사상구,운송업,1210000,498
202504,사상구,의료웰니스업,50048,1473
202504,사하구,쇼핑업,580875,21925
202504,사하구,숙박업,8582,4042
202504,사하구,식음료업,775037,0
202504,사하구,여가서비스업,37239,3096
202504,사하구,여행업,2237,0
202504,사하구,운송업,632425,502
202504,사하구,의료웰니스업,47017,0
202504,서구,쇼핑업,357715,3201
202504,서구,숙박업,52492,5951
202504,서구,식음료업,477690,0
202504,서구,여가서비스업,49757,477
202504,서구,여행업,668,67
202504,서구,운송업,286622,0
202504,서구,의료웰니스업,24352,1947
202504,수영구,쇼핑업,688361,4494
202504,수영구,숙박업,49495,6228
202504,수영구,식음료업,2030000,0
202504,수영구,여가서비스업,94985,2480
202504,수영구,여행업,488,0
202504,수영구,운송업,234782,167
202504,수영구,의료웰니스업,95827,12
202504,연제구,쇼핑업,1430000,12011
202504,연제구,숙박업,14977,3233
202504,연제구,식음료업,1190000,0
202504,연제구,여가서비스업,47517,2375
202504,연제구,여행업,4298,1414
202504,연제구,운송업,660492,152
202504,연제구,의료웰니스업,87589,0
202504,영도구,쇼핑업,174538,4615
202504,영도구,숙박업,27354,1386
202504,영도구,식음료업,395243,0
202504,영도구,여가서비스업,35440,1006
202504,영도구,여행업,15,0
202504,영도구,운송업,68962,0
202504,영도구,의료웰니스업,15233,3096
202504,중구,쇼핑업,1310000,36191
202504,중구,숙박업,61464,1336
202504,중구,식음료업,1420000,0
202504,중구,여가서비스업,34245,522
202504,중구,여행업,45182,25
202504,중구,운송업,30952,223
202504,중구,의료웰니스업,71132,0
202504,해운대구,쇼핑업,8410000,3720000
202504,해운대구,숙박업,604765,87481
202504,해운대구,식음료업,2490000,0
202504,해운대구,여가서비스업,140195,18335
202504,해운대구,여행업,9857,8761
202504,해운대구,운송업,747426,335
202504,해운대구,의료웰니스업,187202,3511
202505,강서구,쇼핑업,1570000,25761
202505,강서구,숙박업,38519,4219
202505,강서구,식음료업,1270000,0
202505,강서구,여가서비스업,97541,6467
202505,강서구,여행업,13321,0
202505,강서구,운송업,4010000,6999
202505,강서구,의료웰니스업,40997,2356
202505,금정구,쇼핑업,898849,110442
202505,금정구,숙박업,10611,3406
202505,금정구,식음료업,1200000,0
202505,금정구,여가서비스업,143287,16187
202505,금정구,여행업,3843,390
202505,금정구,운송업,341306,0
202505,금정구,의료웰니스업,81040,11418
202505,기장군,쇼핑업,5080000,17943
202505,기장군,숙박업,401347,9955
202505,기장군,식음료업,2150000,0
202505,기장군,여가서비스업,429528,27238
202505,기장군,여행업,92,62
202505,기장군,운송업,828530,57
202505,기장군,의료웰니스업,58745,3731
202505,남구,쇼핑업,836684,10529
202505,남구,숙박업,110980,5513
202505,남구,식음료업,1150000,0
202505,남구,여가서비스업,93553,4476
202505,남구,여행업,3428,0
202505,남구,운송업,1120000,62
202505,남구,의료웰니스업,118835,15051
202505,동구,쇼핑업,1190000,32895
202505,동구,숙박업,65837,2734
202505,동구,식음료업,1070000,0
202505,동구,여가서비스업,103638,4
202505,동구,여행업,28742,20
202505,동구,운송업,697111,1
202505,동구,의료웰니스업,58581,0
202505,동래구,쇼핑업,1680000,132012
202505,동래구,숙박업,116103,25078
202505,동래구,식음료업,1820000,0
202505,동래구,여가서비스업,102399,7921
202505,동래구,여행업,8636,1882
202505,동래구,운송업,611895,20
202505,동래구,의료웰니스업,129001,4505
202505,부산진구,쇼핑업,3290000,518443
202505,부산진구,숙박업,121787,16232
202505,부산진구,식음료업,3740000,0
202505,부산진구,여가서비스업,215311,8617
202505,부산진구,여행업,25930,4734
202505,부산진구,운송업,307826,354
202505,부산진구,의료웰니스업,385349,0
202505,북구,쇼핑업,7800000,32701
202505,북구,숙박업,18658,5949
202505,북구,식음료업,819883,0
202505,북구,여가서비스업,35762,5760
202505,북구,운송업,511767,391
202505,북구,의료웰니스업,55057,0
202505,사상구,쇼핑업,1150000,7034
202505,사상구,숙박업,25054,5123
202505,사상구,식음료업,1050000,0
202505,사상구,여가서비스업,55339,2446
202505,사상구,여행업,35,0
202505,사상구,운송업,1320000,793
202505,사상구,의료웰니스업,47693,1661
202505,사하구,쇼핑업,636310,23964
202505,사하구,숙박업,9048,5156
202505,사하구,식음료업,887888,0
202505,사하구,여가서비스업,45052,5361
202505,사하구,운송업,675199,508
202505,사하구,의료웰니스업,55936,0
202505,서구,쇼핑업,397907,2075
202505,서구,숙박업,90232,5181
202505,서구,식음료업,573131,0
202505,서구,여가서비스업,71133,1301
202505,서구,여행업,7,236
202505,서구,운송업,296802,83
202505,서구,의료웰니스업,25618,0
202505,수영구,쇼핑업,784047,3984
202505,수영구,숙박업,77112,23512
202505,수영구,식음료업,2660000,0
202505,수영구,여가서비스업,136379,1207
202505,수영구,여행업,2825,0
202505,수영구,운송업,254292,311
202505,수영구,의료웰니스업,108035,86
202505,연제구,쇼핑업,1620000,13938
202505,연제구,숙박업,23296,2750
202505,연제구,식음료업,1350000,0
202505,연제구,여가서비스업,53626,2885
202505,연제구,여행업,2074,0
202505,연제구,운송업,680705,207
202505,연제구,의료웰니스업,102647,0
202505,영도구,쇼핑업,208874,4021
202505,영도구,숙박업,38960,2118
202505,영도구,식음료업,543476,0
202505,영도구,여가서비스업,54304,880
202505,영도구,여행업,18,0
202505,영도구,운송업,84787,98
202505,영도구,의료웰니스업,19963,4204
202505,중구,쇼핑업,1590000,44443
202505,중구,숙박업,65608,1274
202505,중구,식음료업,1790000,0
202505,중구,여가서비스업,46655,745
202505,중구,여행업,35707,0
202505,중구,운송업,35366,0
202505,중구,의료웰니스업,89616,0
202505,해운대구,쇼핑업,10500000,4730000
202505,해운대구,숙박업,789730,116686
202505,해운대구,식음료업,3370000,0
202505,해운대구,여가서비스업,198902,26596
202505,해운대구,여행업,12950,11613
202505,해운대구,운송업,800471,1268
202505,해운대구,의료웰니스업,223222,4388
202506,강서구,쇼핑업,1460000,21805
202506,강서구,숙박업,27613,4650
202506,강서구,식음료업,1140000,0
202506,강서구,여가서비스업,93082,4507
202506,강서구,여행업,513,4995
202506,강서구,운송업,3680000,5804
202506,강서구,의료웰니스업,35350,2155
202506,금정구,쇼핑업,752262,89865
202506,금정구,숙박업,8933,3056
202506,금정구,식음료업,1010000,0
202506,금정구,여가서비스업,128606,10977
202506,금정구,여행업,3996,0
202506,금정구,운송업,313841,274
202506,금정구,의료웰니스업,78259,9572
202506,기장군,쇼핑업,4260000,13102
202506,기장군,숙박업,363103,7317
202506,기장군,식음료업,1760000,0
202506,기장군,여가서비스업,326347,20961
202506,기장군,운송업,754634,710
202506,기장군,의료웰니스업,65804,1826
202506,남구,쇼핑업,798388,10185
202506,남구,숙박업,46102,3024
202506,남구,식음료업,965175,0
202506,남구,여가서비스업,91774,2390
202506,남구,여행업,3966,0
202506,남구,운송업,1040000,50
202506,남구,의료웰니스업,92397,9113
202506,동구,쇼핑업,1020000,26714
202506,동구,숙박업,49785,2040
202506,동구,식음료업,963989,0
202506,동구,여가서비스업,96075,172
202506,동구,여행업,19012,7
202506,동구,운송업,640618,119
202506,동구,의료웰니스업,57053,0
202506,동래구,쇼핑업,1540000,135208
202506,동래구,숙박업,91782,25671
202506,동래구,식음료업,1600000,0
202506,동래구,여가서비스업,104715,7791
202506,동래구,여행업,2895,1998
202506,동래구,운송업,562299,137
202506,동래구,의료웰니스업,123249,4347
202506,부산진구,쇼핑업,2900000,486494
202506,부산진구,숙박업,126423,15524
202506,부산진구,식음료업,3310000,0
202506,부산진구,여가서비스업,198095,7110
202506,부산진구,여행업,28862,3662
202506,부산진구,운송업,295852,84
202506,부산진구,의료웰니스업,376344,0
202506,북구,쇼핑업,7270000,22638
202506,북구,숙박업,11854,5350
202506,북구,식음료업,687599,0
202506,북구,여가서비스업,31862,4580
202506,북구,여행업,1095,1342
202506,북구,운송업,471121,94
202506,북구,의료웰니스업,48051,0
202506,사상구,쇼핑업,1040000,8510
202506,사상구,숙박업,21827,3501
202506,사상구,식음료업,874428,0
202506,사상구,여가서비스업,55745,1431
202506,사상구,여행업,900,0
202506,사상구,운송업,1230000,378
202506,사상구,의료웰니스업,48773,1369
202506,사하구,쇼핑업,571209,17960
202506,사하구,숙박업,9571,4964
202506,사하구,식음료업,770066,0
202506,사하구,여가서비스업,47921,4959
202506,사하구,여행업,74,0
202506,사하구,운송업,599384,349
202506,사하구,의료웰니스업,51888,0
202506,서구,쇼핑업,351139,1805
202506,서구,숙박업,64840,6701
202506,서구,식음료업,493076,0
202506,서구,여가서비스업,55636,1143
202506,서구,여행업,2363,29
202506,서구,운송업,258442,0
202506,서구,의료웰니스업,24232,0
202506,수영구,쇼핑업,690038,4686
202506,수영구,숙박업,55388,3654
202506,수영구,식음료업,2250000,0
202506,수영구,여가서비스업,128289,809
202506,수영구,여행업,4688,0
202506,수영구,운송업,233274,0
202506,수영구,의료웰니스업,100664,41
202506,연제구,쇼핑업,1490000,13878
202506,연제구,숙박업,20425,3334
202506,연제구,식음료업,1160000,0
202506,연제구,여가서비스업,48859,2536
202506,연제구,여행업,3135,59
202506,연제구,운송업,652858,434
202506,연제구,의료웰니스업,92658,0
202506,영도구,쇼핑업,185510,2720
202506,영도구,숙박업,23044,2524
202506,영도구,식음료업,440163,0
202506,영도구,여가서비스업,48174,1124
202506,영도구,여행업,15,0
202506,영도구,운송업,78370,0
202506,영도구,의료웰니스업,15783,3203
202506,중구,쇼핑업,1400000,37360
202506,중구,숙박업,53403,1358
202506,중구,식음료업,1500000,0
202506,중구,여가서비스업,35869,422
202506,중구,여행업,31312,0
202506,중구,운송업,30649,0
202506,중구,의료웰니스업,83632,0
202506,해운대구,쇼핑업,9310000,4720000
202506,해운대구,숙박업,578956,118282
202506,해운대구,식음료업,2820000,0
202506,해운대구,여가서비스업,159991,22582
202506,해운대구,여행업,10051,2957
202506,해운대구,운송업,702279,316
202506,해운대구,의료웰니스업,193414,4005
202507,강서구,쇼핑업,1570000,19741
202507,강서구,숙박업,37481,9131
202507,강서구,식음료업,1260000,0
202507,강서구,여가서비스업,80329,6720
202507,강서구,여행업,16188,0
202507,강서구,운송업,3960000,5460
202507,강서구,의료웰니스업,41003,1354
202507,금정구,쇼핑업,742299,104620
202507,금정구,숙박업,10274,3065
202507,금정구,식음료업,1030000,0
202507,금정구,여가서비스업,134689,13405
202507,금정구,여행업,10210,1821
202507,금정구,운송업,358391,285
202507,금정구,의료웰니스업,78451,9849
202507,기장군,쇼핑업,3750000,13484
202507,기장군,숙박업,461084,16171
202507,기장군,식음료업,1930000,0
202507,기장군,여가서비스업,295788,22855
202507,기장군,운송업,858737,153
202507,기장군,의료웰니스업,51592,1890
202507,남구,쇼핑업,867583,10532
202507,남구,숙박업,81314,3998
202507,남구,식음료업,1040000,0
202507,남구,여가서비스업,81565,3193
202507,남구,여행업,2749,0
202507,남구,운송업,1200000,633
202507,남구,의료웰니스업,87014,3469
202507,동구,쇼핑업,1040000,24916
202507,동구,숙박업,63300,2809
202507,동구,식음료업,1050000,0
202507,동구,여가서비스업,79593,12
202507,동구,여행업,26856,17
202507,동구,운송업,714209,0
202507,동구,의료웰니스업,74602,0
202507,동래구,쇼핑업,1480000,129089
202507,동래구,숙박업,98741,38181
202507,동래구,식음료업,1760000,0
202507,동래구,여가서비스업,95199,6699
202507,동래구,여행업,8212,3628
202507,동래구,운송업,633496,256
202507,동래구,의료웰니스업,129617,5077
202507,부산진구,쇼핑업,3050000,528734
202507,부산진구,숙박업,169348,14658
202507,부산진구,식음료업,3590000,0
202507,부산진구,여가서비스업,205756,7975
202507,부산진구,여행업,32150,3076
202507,부산진구,운송업,355521,377
202507,부산진구,의료웰니스업,426472,0
202507,북구,쇼핑업,7850000,22851
202507,북구,숙박업,15826,6097
202507,북구,식음료업,729239,0
202507,북구,여가서비스업,36303,4407
202507,북구,운송업,543714,119
202507,북구,의료웰니스업,53583,0
202507,사상구,쇼핑업,1160000,7267
202507,사상구,숙박업,21358,3671
202507,사상구,식음료업,912790,0
202507,사상구,여가서비스업,58360,2739
202507,사상구,여행업,25,0
202507,사상구,운송업,1370000,525
202507,사상구,의료웰니스업,50357,1211
202507,사하구,쇼핑업,610385,16053
202507,사하구,숙박업,11870,3662
202507,사하구,식음료업,825267,0
202507,사하구,여가서비스업,46499,5111
202507,사하구,여행업,393,0
202507,사하구,운송업,679478,141
202507,사하구,의료웰니스업,58197,0
202507,서구,쇼핑업,371506,2278
202507,서구,숙박업,82002,5445
202507,서구,식음료업,555320,0
202507,서구,여가서비스업,63892,701
202507,서구,여행업,313,1032
202507,서구,운송업,299162,88
202507,서구,의료웰니스업,20649,0
202507,수영구,쇼핑업,727553,2351
202507,수영구,숙박업,75090,4327
202507,수영구,식음료업,2680000,0
202507,수영구,여가서비스업,145883,970
202507,수영구,여행업,1632,0
202507,수영구,운송업,266927,203
202507,수영구,의료웰니스업,122040,82
202507,연제구,쇼핑업,1760000,10007
202507,연제구,숙박업,19490,3520
202507,연제구,식음료업,1280000,0
202507,연제구,여가서비스업,50932,2045
202507,연제구,여행업,1339,0
202507,연제구,운송업,748607,622
202507,연제구,의료웰니스업,106307,0
202507,영도구,쇼핑업,190299,3938
202507,영도구,숙박업,20416,2128
202507,영도구,식음료업,465672,0
202507,영도구,여가서비스업,41712,1676
202507,영도구,여행업,1330,0
202507,영도구,운송업,92344,0
202507,영도구,의료웰니스업,16268,1625
202507,중구,쇼핑업,1420000,37392
202507,중구,숙박업,47305,1458
202507,중구,식음료업,1610000,0
202507,중구,여가서비스업,44040,724
202507,중구,여행업,26164,0
202507,중구,운송업,35074,0
202507,중구,의료웰니스업,100948,0
202507,해운대구,쇼핑업,9610000,3990000
202507,해운대구,숙박업,832607,109862
202507,해운대구,식음료업,3440000,0
202507,해운대구,여가서비스업,206249,24830
202507,해운대구,여행업,8452,712
202507,해운대구,운송업,806564,1128
202507,해운대구,의료웰니스업,218712,2967
202508,강서구,쇼핑업,1620000,21852
202508,강서구,숙박업,40117,3875
202508,강서구,식음료업,1310000,0
202508,강서구,여가서비스업,92071,4121
202508,강서구,여행업,3799,0
202508,강서구,운송업,3680000,5890
202508,강서구,의료웰니스업,41440,1972
202508,금정구,쇼핑업,727434,84481
202508,금정구,숙박업,9413,3563
202508,금정구,식음료업,1060000,0
202508,금정구,여가서비스업,138261,13645
202508,금정구,여행업,2344,0
202508,금정구,운송업,364143,0
202508,금정구,의료웰니스업,77914,9416
202508,기장군,쇼핑업,4190000,18788
202508,기장군,숙박업,606776,12195
202508,기장군,식음료업,2310000,0
202508,기장군,여가서비스업,273672,15985
202508,기장군,여행업,585,0
202508,기장군,운송업,889244,0
202508,기장군,의료웰니스업,63256,2122
202508,남구,쇼핑업,862069,8901
202508,남구,숙박업,55380,5104
202508,남구,식음료업,1060000,0
202508,남구,여가서비스업,83669,1357
202508,남구,여행업,8039,0
202508,남구,운송업,1090000,0
202508,남구,의료웰니스업,91028,3849
202508,동구,쇼핑업,1120000,23024
202508,동구,숙박업,75311,2011
202508,동구,식음료업,1150000,0
202508,동구,여가서비스업,79527,4
202508,동구,여행업,46025,582
202508,동구,운송업,682137,77
202508,동구,의료웰니스업,68049,0
202508,동래구,쇼핑업,1520000,116273
202508,동래구,숙박업,110200,26669
202508,동래구,식음료업,1830000,0
202508,동래구,여가서비스업,92390,6077
202508,동래구,여행업,13895,1734
202508,동래구,운송업,646008,285
202508,동래구,의료웰니스업,137054,4718
202508,부산진구,쇼핑업,3200000,496497
202508,부산진구,숙박업,157396,15559
202508,부산진구,식음료업,3960000,0
202508,부산진구,여가서비스업,237832,6377
202508,부산진구,여행업,48635,1579
202508,부산진구,운송업,360169,837
202508,부산진구,의료웰니스업,444008,0
202508,북구,쇼핑업,8010000,17146
202508,북구,숙박업,16090,6870
202508,북구,식음료업,757337,0
202508,북구,여가서비스업,41548,4917
202508,북구,여행업,1182,0
202508,북구,운송업,534465,103
202508,북구,의료웰니스업,54972,0
202508,사상구,쇼핑업,1160000,7687
202508,사상구,숙박업,27153,6491
202508,사상구,식음료업,971252,0
202508,사상구,여가서비스업,63112,3209
202508,사상구,여행업,172,0
202508,사상구,운송업,1380000,467
202508,사상구,의료웰니스업,49408,1103
202508,사하구,쇼핑업,595572,17824
202508,사하구,숙박업,12817,4631
202508,사하구,식음료업,865466,0
202508,사하구,여가서비스업,52898,4597
202508,사하구,여행업,0,273
202508,사하구,운송업,649866,340
202508,사하구,의료웰니스업,60624,0
202508,서구,쇼핑업,390404,2235
202508,서구,숙박업,90991,4815
202508,서구,식음료업,592566,0
202508,서구,여가서비스업,82960,1530
202508,서구,여행업,2338,62
202508,서구,운송업,260819,0
202508,서구,의료웰니스업,25383,0
202508,수영구,쇼핑업,814918,3931
202508,수영구,숙박업,72716,8656
202508,수영구,식음료업,3150000,0
202508,수영구,여가서비스업,176395,878
202508,수영구,여행업,476,0
202508,수영구,운송업,283254,195
202508,수영구,의료웰니스업,138096,15
202508,연제구,쇼핑업,1640000,9702
202508,연제구,숙박업,21905,5383
202508,연제구,식음료업,1320000,0
202508,연제구,여가서비스업,49472,685
202508,연제구,여행업,1498,1589
202508,연제구,운송업,698330,127
202508,연제구,의료웰니스업,103435,0
202508,영도구,쇼핑업,193826,3193
202508,영도구,숙박업,27910,2531
202508,영도구,식음료업,526193,0
202508,영도구,여가서비스업,48708,1776
202508,영도구,여행업,86,0
202508,영도구,운송업,96341,0
202508,영도구,의료웰니스업,19670,3070
202508,중구,쇼핑업,1500000,32245
202508,중구,숙박업,63675,1370
202508,중구,식음료업,1820000,0
202508,중구,여가서비스업,49241,955
202508,중구,여행업,34521,0
202508,중구,운송업,37937,0
202508,중구,의료웰니스업,107057,0
202508,해운대구,쇼핑업,9470000,4020000
202508,해운대구,숙박업,1000000,107483
202508,해운대구,식음료업,4060000,0
202508,해운대구,여가서비스업,220087,15792
202508,해운대구,여행업,10100,2781
202508,해운대구,운송업,878561,324
202508,해운대구,의료웰니스업,235873,3662
202509,강서구,쇼핑업,1510000,17939
202509,강서구,숙박업,30205,2934
202509,강서구,식음료업,1130000,0
202509,강서구,여가서비스업,75121,2402
202509,강서구,여행업,3434,0
202509,강서구,운송업,4080000,5274
202509,강서구,의료웰니스업,38567,2081
202509,금정구,쇼핑업,822009,86495
202509,금정구,숙박업,15472,2710
202509,금정구,식음료업,1010000,0
202509,금정구,여가서비스업,143126,13499
202509,금정구,여행업,5619,0
202509,금정구,운송업,329506,439
202509,금정구,의료웰니스업,71533,7731
202509,기장군,쇼핑업,4650000,15955
202509,기장군,숙박업,316973,11868
202509,기장군,식음료업,1640000,0
202509,기장군,여가서비스업,332663,18188
202509,기장군,여행업,341,0
202509,기장군,운송업,802463,75
202509,기장군,의료웰니스업,52587,1993
202509,남구,쇼핑업,880668,9857
202509,남구,숙박업,62195,5768
202509,남구,식음료업,1010000,0
202509,남구,여가서비스업,76336,917
202509,남구,여행업,6007,0
202509,남구,운송업,1110000,136
202509,남구,의료웰니스업,83983,2981
202509,동구,쇼핑업,1020000,31069
202509,동구,숙박업,71417,1914
202509,동구,식음료업,986831,0
202509,동구,여가서비스업,76254,337
202509,동구,여행업,36967,505
202509,동구,운송업,632430,0
202509,동구,의료웰니스업,63441,0
202509,동래구,쇼핑업,1430000,115820
202509,동래구,숙박업,97181,32998
202509,동래구,식음료업,1570000,0
202509,동래구,여가서비스업,94067,4371
202509,동래구,여행업,3676,3034
202509,동래구,운송업,556031,641
202509,동래구,의료웰니스업,123475,4461
202509,부산진구,쇼핑업,3340000,510181
202509,부산진구,숙박업,139902,14033
202509,부산진구,식음료업,3420000,0
202509,부산진구,여가서비스업,178937,4988
202509,부산진구,여행업,39036,4418
202509,부산진구,운송업,316725,366
202509,부산진구,의료웰니스업,400795,0
202509,북구,쇼핑업,7480000,17612
202509,북구,숙박업,17745,5495
202509,북구,식음료업,677747,0
202509,북구,여가서비스업,37681,5139
202509,북구,운송업,509336,34
202509,북구,의료웰니스업,55636,0
202509,사상구,쇼핑업,1200000,6266
202509,사상구,숙박업,19579,4912
202509,사상구,식음료업,936889,0
202509,사상구,여가서비스업,54626,1593
202509,사상구,여행업,3264,0
202509,사상구,운송업,1290000,814
202509,사상구,의료웰니스업,50229,1111
202509,사하구,쇼핑업,654892,12010
202509,사하구,숙박업,11470,3541
202509,사하구,식음료업,775925,0
202509,사하구,여가서비스업,46081,2403
202509,사하구,운송업,587175,131
202509,사하구,의료웰니스업,64687,0
202509,서구,쇼핑업,376003,803
202509,서구,숙박업,57810,4533
202509,서구,식음료업,483732,0
202509,서구,여가서비스업,45620,539
202509,서구,여행업,3180,30
202509,서구,운송업,241913,0
202509,서구,의료웰니스업,19806,0
202509,수영구,쇼핑업,669228,2631
202509,수영구,숙박업,45784,4585
202509,수영구,식음료업,2220000,0
202509,수영구,여가서비스업,113057,694
202509,수영구,여행업,4702,0
202509,수영구,운송업,248693,495
202509,수영구,의료웰니스업,117430,88
202509,연제구,쇼핑업,1510000,9347
202509,연제구,숙박업,22599,3166
202509,연제구,식음료업,1200000,0
202509,연제구,여가서비스업,43742,1026
202509,연제구,여행업,3454,2725
202509,연제구,운송업,677477,104
202509,연제구,의료웰니스업,89489,0
202509,영도구,쇼핑업,189936,2026
202509,영도구,숙박업,43387,2234
202509,영도구,식음료업,402418,0
202509,영도구,여가서비스업,28635,914
202509,영도구,여행업,109,0
202509,영도구,운송업,76285,171
202509,영도구,의료웰니스업,18183,2289
202509,중구,쇼핑업,1450000,41079
202509,중구,숙박업,51736,1494
202509,중구,식음료업,1500000,0
202509,중구,여가서비스업,35458,772
202509,중구,여행업,71556,1876
202509,중구,운송업,29080,0
202509,중구,의료웰니스업,90652,0
202509,해운대구,쇼핑업,9050000,4210000
202509,해운대구,숙박업,624924,90286
202509,해운대구,식음료업,2730000,0
202509,해운대구,여가서비스업,136692,13172
202509,해운대구,여행업,17288,0
202509,해운대구,운송업,712158,571
202509,해운대구,의료웰니스업,209757,2857
202510,강서구,쇼핑업,1780000,33657
202510,강서구,숙박업,39519,3175
202510,강서구,식음료업,1320000,0
202510,강서구,여가서비스업,97610,2590
202510,강서구,여행업,4221,0
202510,강서구,운송업,4140000,5789
202510,강서구,의료웰니스업,40711,2173
202510,금정구,쇼핑업,893523,108108
202510,금정구,숙박업,17302,3909
202510,금정구,식음료업,1180000,0
202510,금정구,여가서비스업,164322,16265
202510,금정구,여행업,8970,0
202510,금정구,운송업,357920,348
202510,금정구,의료웰니스업,84286,12181
202510,기장군,쇼핑업,6900000,19493
202510,기장군,숙박업,390787,10184
202510,기장군,식음료업,2220000,0
202510,기장군,여가서비스업,430742,22821
202510,기장군,여행업,205,0
202510,기장군,운송업,910505,530
202510,기장군,의료웰니스업,62206,2824
202510,남구,쇼핑업,901932,14018
202510,남구,숙박업,121732,3665
202510,남구,식음료업,1140000,0
202510,남구,여가서비스업,99829,1547
202510,남구,여행업,586,0
202510,남구,운송업,1070000,267
202510,남구,의료웰니스업,82893,6061
202510,동구,쇼핑업,1160000,36048
202510,동구,숙박업,70252,2700
202510,동구,식음료업,1120000,0
202510,동구,여가서비스업,109915,47
202510,동구,여행업,43263,348
202510,동구,운송업,687915,20
202510,동구,의료웰니스업,81515,0
202510,동래구,쇼핑업,1520000,147115
202510,동래구,숙박업,132837,30780
202510,동래구,식음료업,1880000,0
202510,동래구,여가서비스업,88873,5642
202510,동래구,여행업,2290,1583
202510,동래구,운송업,577966,720
202510,동래구,의료웰니스업,127715,5913
202510,부산진구,쇼핑업,3780000,593118
202510,부산진구,숙박업,150104,11318
202510,부산진구,식음료업,3990000,0
202510,부산진구,여가서비스업,227947,6072
202510,부산진구,여행업,34031,534
202510,부산진구,운송업,327680,389
202510,부산진구,의료웰니스업,395488,0
202510,북구,쇼핑업,8760000,40041
202510,북구,숙박업,39110,7160
202510,북구,식음료업,852462,0
202510,북구,여가서비스업,47068,6951
202510,북구,여행업,5132,0
202510,북구,운송업,559726,364
202510,북구,의료웰니스업,54309,0
202510,사상구,쇼핑업,1210000,8188
202510,사상구,숙박업,31729,5052
202510,사상구,식음료업,1050000,0
202510,사상구,여가서비스업,62617,2586
202510,사상구,여행업,81,0
202510,사상구,운송업,1280000,305
202510,사상구,의료웰니스업,52479,1555
202510,사하구,쇼핑업,711767,27130
202510,사하구,숙박업,15415,5202
202510,사하구,식음료업,943527,0
202510,사하구,여가서비스업,54839,2833
202510,사하구,여행업,3028,0
202510,사하구,운송업,599679,104
202510,사하구,의료웰니스업,61056,0
202510,서구,쇼핑업,423306,2288
202510,서구,숙박업,106111,6873
202510,서구,식음료업,588908,0
202510,서구,여가서비스업,93173,1056
202510,서구,여행업,221,77
202510,서구,운송업,132999,269
202510,서구,의료웰니스업,39495,0
202510,수영구,쇼핑업,832731,4649
202510,수영구,숙박업,55995,4046
202510,수영구,식음료업,2750000,0
202510,수영구,여가서비스업,151368,1030
202510,수영구,여행업,2763,0
202510,수영구,운송업,264810,248
202510,수영구,의료웰니스업,115097,181
202510,연제구,쇼핑업,1610000,13821
202510,연제구,숙박업,24950,3944
202510,연제구,식음료업,1350000,0
202510,연제구,여가서비스업,56908,1078
202510,연제구,여행업,4081,0
202510,연제구,운송업,682979,738
202510,연제구,의료웰니스업,104686,0
202510,영도구,쇼핑업,219234,4070
202510,영도구,숙박업,41083,2001
202510,영도구,식음료업,556823,0
202510,영도구,여가서비스업,51779,1074
202510,영도구,여행업,30,0
202510,영도구,운송업,87909,730
202510,영도구,의료웰니스업,21775,4093
202510,중구,쇼핑업,1750000,51816
202510,중구,숙박업,65147,1583
202510,중구,식음료업,1970000,0
202510,중구,여가서비스업,56603,907
202510,중구,여행업,26478,0
202510,중구,운송업,33911,0
202510,중구,의료웰니스업,98773,0
202510,해운대구,쇼핑업,10100000,4270000
202510,해운대구,숙박업,819940,99627
202510,해운대구,식음료업,3580000,0
202510,해운대구,여가서비스업,190815,16166
202510,해운대구,여행업,6629,2859
202510,해운대구,운송업,853592,365
202510,해운대구,의료웰니스업,214314,3917
202511,강서구,쇼핑업,1620000,35801
202511,강서구,숙박업,32979,5427
202511,강서구,식음료업,1190000,0
202511,강서구,여가서비스업,86084,2796
202511,강서구,여행업,5396,0
202511,강서구,운송업,4780000,7179
202511,강서구,의료웰니스업,44693,3295
202511,금정구,쇼핑업,864334,115869
202511,금정구,숙박업,10504,2475
202511,금정구,식음료업,1090000,0
202511,금정구,여가서비스업,143254,10666
202511,금정구,여행업,13598,0
202511,금정구,운송업,365339,426
202511,금정구,의료웰니스업,78530,13005
202511,기장군,쇼핑업,6270000,12571
202511,기장군,숙박업,330254,16414
202511,기장군,식음료업,1800000,0
202511,기장군,여가서비스업,366649,20234
202511,기장군,운송업,910560,0
202511,기장군,의료웰니스업,63453,3350
202511,남구,쇼핑업,807633,13662
202511,남구,숙박업,124853,27793
202511,남구,식음료업,1040000,0
202511,남구,여가서비스업,81839,886
202511,남구,여행업,7757,0
202511,남구,운송업,1200000,34
202511,남구,의료웰니스업,139779,5035
202511,동구,쇼핑업,1170000,33892
202511,동구,숙박업,86481,1665
202511,동구,식음료업,1050000,0
202511,동구,여가서비스업,98479,258
202511,동구,여행업,39943,558
202511,동구,운송업,660271,145
202511,동구,의료웰니스업,83586,0
202511,동래구,쇼핑업,1330000,157503
202511,동래구,숙박업,119561,35460
202511,동래구,식음료업,1620000,0
202511,동래구,여가서비스업,78645,4920
202511,동래구,여행업,12133,5635
202511,동래구,운송업,580317,103
202511,동래구,의료웰니스업,133132,5313
202511,부산진구,쇼핑업,3920000,687523
202511,부산진구,숙박업,154513,18707
202511,부산진구,식음료업,3660000,0
202511,부산진구,여가서비스업,179437,4068
202511,부산진구,여행업,48214,3700
202511,부산진구,운송업,333302,427
202511,부산진구,의료웰니스업,387593,0
202511,북구,쇼핑업,7800000,42551
202511,북구,숙박업,14510,9186
202511,북구,식음료업,729369,0
202511,북구,여가서비스업,33632,6451
202511,북구,여행업,3433,0
202511,북구,운송업,576114,287
202511,북구,의료웰니스업,54249,0
202511,사상구,쇼핑업,1110000,8195
202511,사상구,숙박업,28112,3991
202511,사상구,식음료업,965648,0
202511,사상구,여가서비스업,52378,1585
202511,사상구,여행업,1063,0
202511,사상구,운송업,1290000,253
202511,사상구,의료웰니스업,50134,1637
202511,사하구,쇼핑업,618841,23963
202511,사하구,숙박업,11239,4239
202511,사하구,식음료업,811855,0
202511,사하구,여가서비스업,45512,1656
202511,사하구,여행업,993,0
202511,사하구,운송업,712640,278
202511,사하구,의료웰니스업,60851,0
202511,서구,쇼핑업,363586,1498
202511,서구,숙박업,82962,4796
202511,서구,식음료업,506267,0
202511,서구,여가서비스업,58661,732
202511,서구,여행업,383,2
202511,서구,운송업,144381,95
202511,서구,의료웰니스업,22727,0
202511,수영구,쇼핑업,750011,5549
202511,수영구,숙박업,57852,5067
202511,수영구,식음료업,2390000,0
202511,수영구,여가서비스업,122239,1038
202511,수영구,여행업,5715,0
202511,수영구,운송업,246947,252
202511,수영구,의료웰니스업,116216,35
202511,연제구,쇼핑업,1450000,11472
202511,연제구,숙박업,19852,3343
202511,연제구,식음료업,1300000,0
202511,연제구,여가서비스업,43438,184
202511,연제구,여행업,3128,0
202511,연제구,운송업,665931,16
202511,연제구,의료웰니스업,96641,0
202511,영도구,쇼핑업,174927,3381
202511,영도구,숙박업,26227,2302
202511,영도구,식음료업,427652,0
202511,영도구,여가서비스업,42149,876
202511,영도구,여행업,22,0
202511,영도구,운송업,81794,245
202511,영도구,의료웰니스업,17914,4056
202511,중구,쇼핑업,1660000,53352
202511,중구,숙박업,67229,1230
202511,중구,식음료업,1710000,0
202511,중구,여가서비스업,39280,670
202511,중구,여행업,32333,0
202511,중구,운송업,34025,0
202511,중구,의료웰니스업,103837,0
202511,해운대구,쇼핑업,10600000,5030000
202511,해운대구,숙박업,638333,116702
202511,해운대구,식음료업,3070000,0
202511,해운대구,여가서비스업,136185,13398
202511,해운대구,여행업,13258,1169
202511,해운대구,운송업,791032,1246
202511,해운대구,의료웰니스업,207782,4270
202512,강서구,쇼핑업,1680000,31115
202512,강서구,숙박업,32364,2780
202512,강서구,식음료업,1320000,0
202512,강서구,여가서비스업,66560,3404
202512,강서구,여행업,4394,0
202512,강서구,운송업,5430000,6986
202512,강서구,의료웰니스업,47168,3155
202512,금정구,쇼핑업,813821,102724
202512,금정구,숙박업,12152,3730
202512,금정구,식음료업,1130000,0
202512,금정구,여가서비스업,122315,13005
202512,금정구,여행업,22700,53
202512,금정구,운송업,370918,292
202512,금정구,의료웰니스업,80553,9857
202512,기장군,쇼핑업,5440000,21758
202512,기장군,숙박업,460268,13646
202512,기장군,식음료업,1930000,0
202512,기장군,여가서비스업,292733,14239
202512,기장군,여행업,2659,0
202512,기장군,운송업,914318,85
202512,기장군,의료웰니스업,72752,4499
202512,남구,쇼핑업,764221,14466
202512,남구,숙박업,136954,10586
202512,남구,식음료업,1110000,0
202512,남구,여가서비스업,77463,1385
202512,남구,여행업,1324,0
202512,남구,운송업,1260000,0
202512,남구,의료웰니스업,313821,24967
202512,동구,쇼핑업,1110000,33521
202512,동구,숙박업,63741,2139
202512,동구,식음료업,1110000,0
202512,동구,여가서비스업,62957,6
202512,동구,여행업,39038,13
202512,동구,운송업,758349,51
202512,동구,의료웰니스업,78593,0
202512,동래구,쇼핑업,1360000,133821
202512,동래구,숙박업,132263,36494
202512,동래구,식음료업,1860000,0
202512,동래구,여가서비스업,84053,6090
202512,동래구,여행업,1616,3190
202512,동래구,운송업,522924,77
202512,동래구,의료웰니스업,141818,6276
202512,부산진구,쇼핑업,3790000,640662
202512,부산진구,숙박업,171990,35304
202512,부산진구,식음료업,4180000,0
202512,부산진구,여가서비스업,211358,6800
202512,부산진구,여행업,37949,7228
202512,부산진구,운송업,378556,305
202512,부산진구,의료웰니스업,424403,0
202512,북구,쇼핑업,7800000,31350
202512,북구,숙박업,13845,5181
202512,북구,식음료업,799917,0
202512,북구,여가서비스업,34150,6985
202512,북구,여행업,244,0
202512,북구,운송업,577780,0
202512,북구,의료웰니스업,57265,0
202512,사상구,쇼핑업,1110000,6271
202512,사상구,숙박업,27431,3679
202512,사상구,식음료업,1060000,0
202512,사상구,여가서비스업,58815,3413
202512,사상구,운송업,1390000,342
202512,사상구,의료웰니스업,57677,1690
202512,사하구,쇼핑업,634356,22712
202512,사하구,숙박업,11396,4467
202512,사하구,식음료업,871105,0
202512,사하구,여가서비스업,50172,4460
202512,사하구,운송업,784631,63
202512,사하구,의료웰니스업,60182,4
202512,서구,쇼핑업,402325,1582
202512,서구,숙박업,89687,7863
202512,서구,식음료업,523566,0
202512,서구,여가서비스업,45979,401
202512,서구,여행업,5,31
202512,서구,운송업,150966,0
202512,서구,의료웰니스업,24505,0
202512,수영구,쇼핑업,767663,8119
202512,수영구,숙박업,48585,4072
202512,수영구,식음료업,2640000,0
202512,수영구,여가서비스업,132261,1952
202512,수영구,여행업,5958,0
202512,수영구,운송업,252805,78
202512,수영구,의료웰니스업,120147,159
202512,연제구,쇼핑업,1490000,10479
202512,연제구,숙박업,19271,2711
202512,연제구,식음료업,1470000,0
202512,연제구,여가서비스업,49770,934
202512,연제구,여행업,898,0
202512,연제구,운송업,702565,123
202512,연제구,의료웰니스업,108124,0
202512,영도구,쇼핑업,178442,4049
202512,영도구,숙박업,19650,1542
202512,영도구,식음료업,459896,0
202512,영도구,여가서비스업,38720,832
202512,영도구,여행업,866,0
202512,영도구,운송업,83838,0
202512,영도구,의료웰니스업,19767,4747
202512,중구,쇼핑업,1780000,46301
202512,중구,숙박업,57269,2797
202512,중구,식음료업,2020000,0
202512,중구,여가서비스업,49764,804
202512,중구,여행업,46100,0
202512,중구,운송업,39561,0
202512,중구,의료웰니스업,109317,0
202512,해운대구,쇼핑업,11400000,5000000
202512,해운대구,숙박업,875269,217416
202512,해운대구,식음료업,3490000,0
202512,해운대구,여가서비스업,162993,15104
202512,해운대구,여행업,13183,344
202512,해운대구,운송업,778226,2277
202512,해운대구,의료웰니스업,222712,4821
202601,강서구,쇼핑업,1710000,24010
202601,강서구,숙박업,32438,5252
202601,강서구,식음료업,1330000,0
202601,강서구,여가서비스업,65393,2754
202601,강서구,여행업,5833,0
202601,강서구,운송업,4990000,7661
202601,강서구,의료웰니스업,46037,3659
202601,금정구,쇼핑업,787621,90237
202601,금정구,숙박업,9767,4332
202601,금정구,식음료업,1040000,0
202601,금정구,여가서비스업,106369,8583
202601,금정구,여행업,4488,1760
202601,금정구,운송업,354582,0
202601,금정구,의료웰니스업,78734,9509
202601,기장군,쇼핑업,4840000,35645
202601,기장군,숙박업,349681,11474
202601,기장군,식음료업,1970000,0
202601,기장군,여가서비스업,204703,9756
202601,기장군,여행업,1072,0
202601,기장군,운송업,848889,0
202601,기장군,의료웰니스업,58162,5809
202601,남구,쇼핑업,865712,11583
202601,남구,숙박업,145064,10917
202601,남구,식음료업,1060000,0
202601,남구,여가서비스업,64071,1252
202601,남구,여행업,3189,0
202601,남구,운송업,1240000,0
202601,남구,의료웰니스업,76784,4881
202601,동구,쇼핑업,1140000,28403
202601,동구,숙박업,57015,1760
202601,동구,식음료업,1080000,0
202601,동구,여가서비스업,46380,26
202601,동구,여행업,27434,0
202601,동구,운송업,810624,69
202601,동구,의료웰니스업,99829,0
202601,동래구,쇼핑업,1380000,112369
202601,동래구,숙박업,175253,51127
202601,동래구,식음료업,1760000,0
202601,동래구,여가서비스업,79941,4117
202601,동래구,여행업,4064,3699
202601,동래구,운송업,514759,71
202601,동래구,의료웰니스업,133833,6059
202601,부산진구,쇼핑업,3640000,569309
202601,부산진구,숙박업,139416,23807
202601,부산진구,식음료업,4050000,0
202601,부산진구,여가서비스업,207685,4962
202601,부산진구,여행업,28937,3807
202601,부산진구,운송업,357560,26
202601,부산진구,의료웰니스업,400668,0
202601,북구,쇼핑업,8490000,26028
202601,북구,숙박업,11622,5971
202601,북구,식음료업,761648,0
202601,북구,여가서비스업,36492,4873
202601,북구,여행업,1159,0
202601,북구,운송업,561317,160
202601,북구,의료웰니스업,49292,0
202601,사상구,쇼핑업,1210000,4670
202601,사상구,숙박업,25901,3326
202601,사상구,식음료업,986986,0
202601,사상구,여가서비스업,56400,1997
202601,사상구,여행업,29,10
202601,사상구,운송업,1390000,488
202601,사상구,의료웰니스업,40745,2206
202601,사하구,쇼핑업,613919,13974
202601,사하구,숙박업,11939,5101
202601,사하구,식음료업,837548,0
202601,사하구,여가서비스업,42339,2840
202601,사하구,여행업,1372,0
202601,사하구,운송업,756404,80
202601,사하구,의료웰니스업,59793,0
202601,서구,쇼핑업,390744,1883
202601,서구,숙박업,71292,4951
202601,서구,식음료업,480587,0
202601,서구,여가서비스업,56211,405
202601,서구,여행업,0,45
202601,서구,운송업,126045,0
202601,서구,의료웰니스업,25944,0
202601,수영구,쇼핑업,745980,5245
202601,수영구,숙박업,47218,5551
202601,수영구,식음료업,2560000,0
202601,수영구,여가서비스업,136877,2084
202601,수영구,여행업,8805,160
202601,수영구,운송업,259769,0
202601,수영구,의료웰니스업,116234,171
202601,연제구,쇼핑업,1590000,9894
202601,연제구,숙박업,17314,4838
202601,연제구,식음료업,1380000,0
202601,연제구,여가서비스업,50509,1399
202601,연제구,여행업,3554,321
202601,연제구,운송업,657401,316
202601,연제구,의료웰니스업,89349,0
202601,영도구,쇼핑업,179901,4482
202601,영도구,숙박업,14619,5282
202601,영도구,식음료업,441746,0
202601,영도구,여가서비스업,43810,1138
202601,영도구,여행업,53,0
202601,영도구,운송업,73319,0
202601,영도구,의료웰니스업,25518,5743
202601,중구,쇼핑업,1600000,39670
202601,중구,숙박업,61710,1859
202601,중구,식음료업,1880000,0
202601,중구,여가서비스업,40058,842
202601,중구,여행업,55972,0
202601,중구,운송업,39657,0
202601,중구,의료웰니스업,95901,0
202601,해운대구,쇼핑업,11800000,5410000
202601,해운대구,숙박업,719690,185136
202601,해운대구,식음료업,3320000,0
202601,해운대구,여가서비스업,167127,12367
202601,해운대구,여행업,13192,0
202601,해운대구,운송업,726033,449
202601,해운대구,의료웰니스업,216805,4036
202602,강서구,쇼핑업,1620000,19517
202602,강서구,숙박업,27789,4340
202602,강서구,식음료업,1210000,0
202602,강서구,여가서비스업,72982,2548
202602,강서구,여행업,3580,0
202602,강서구,운송업,4500000,6836
202602,강서구,의료웰니스업,39870,3330
202602,금정구,쇼핑업,760415,78039
202602,금정구,숙박업,9600,3626
202602,금정구,식음료업,1050000,0
202602,금정구,여가서비스업,115451,9969
202602,금정구,여행업,5728,941
202602,금정구,운송업,322043,0
202602,금정구,의료웰니스업,72449,9767
202602,기장군,쇼핑업,5250000,17235
202602,기장군,숙박업,361534,14301
202602,기장군,식음료업,2000000,0
202602,기장군,여가서비스업,268982,14958
202602,기장군,여행업,2818,0
202602,기장군,운송업,778979,0
202602,기장군,의료웰니스업,64004,8379
202602,남구,쇼핑업,783312,6509
202602,남구,숙박업,92669,2729
202602,남구,식음료업,1020000,0
202602,남구,여가서비스업,72100,895
202602,남구,여행업,1157,1005
202602,남구,운송업,1150000,0
202602,남구,의료웰니스업,73176,6145
202602,동구,쇼핑업,1060000,26614
202602,동구,숙박업,55517,1636
202602,동구,식음료업,1020000,0
202602,동구,여가서비스업,84700,286
202602,동구,여행업,15304,214
202602,동구,운송업,712809,0
202602,동구,의료웰니스업,87513,0
202602,동래구,쇼핑업,1350000,120969
202602,동래구,숙박업,143075,33505
202602,동래구,식음료업,1720000,0
202602,동래구,여가서비스업,89096,4362
202602,동래구,여행업,769,3215
202602,동래구,운송업,448583,430
202602,동래구,의료웰니스업,125936,5894
202602,부산진구,쇼핑업,3730000,559251
202602,부산진구,숙박업,192651,26569
202602,부산진구,식음료업,3780000,0
202602,부산진구,여가서비스업,208381,5931
202602,부산진구,여행업,38214,4899
202602,부산진구,운송업,329501,373
202602,부산진구,의료웰니스업,375970,0
202602,북구,쇼핑업,8160000,22577
202602,북구,숙박업,11643,6525
202602,북구,식음료업,741297,0
202602,북구,여가서비스업,42691,6866
202602,북구,여행업,320,0
202602,북구,운송업,496334,0
202602,북구,의료웰니스업,50915,0
202602,사상구,쇼핑업,1210000,5820
202602,사상구,숙박업,23338,3302
202602,사상구,식음료업,927580,0
202602,사상구,여가서비스업,57169,2639
202602,사상구,여행업,88,0
202602,사상구,운송업,1260000,314
202602,사상구,의료웰니스업,46862,3214
202602,사하구,쇼핑업,628655,12206
202602,사하구,숙박업,12129,3948
202602,사하구,식음료업,826608,0
202602,사하구,여가서비스업,46863,4279
202602,사하구,여행업,0,107
202602,사하구,운송업,684479,117
202602,사하구,의료웰니스업,58990,0
202602,서구,쇼핑업,411784,1616
202602,서구,숙박업,92254,4906
202602,서구,식음료업,467655,0
202602,서구,여가서비스업,65767,476
202602,서구,여행업,4,65
202602,서구,운송업,122448,322
202602,서구,의료웰니스업,22073,0
202602,수영구,쇼핑업,747382,3411
202602,수영구,숙박업,40285,6508
202602,수영구,식음료업,2500000,0
202602,수영구,여가서비스업,136953,1744
202602,수영구,여행업,1286,4364
202602,수영구,운송업,228516,782
202602,수영구,의료웰니스업,111786,134
202602,연제구,쇼핑업,1440000,10982
202602,연제구,숙박업,25835,3730
202602,연제구,식음료업,1260000,0
202602,연제구,여가서비스업,49123,1303
202602,연제구,여행업,1899,739
202602,연제구,운송업,594774,0
202602,연제구,의료웰니스업,95409,0
202602,영도구,쇼핑업,176614,1600
202602,영도구,숙박업,21032,1802
202602,영도구,식음료업,457775,0
202602,영도구,여가서비스업,36540,600
202602,영도구,운송업,70019,214
202602,영도구,의료웰니스업,26158,4864
202602,중구,쇼핑업,1620000,43203
202602,중구,숙박업,61984,1851
202602,중구,식음료업,1790000,0
202602,중구,여가서비스업,49917,887
202602,중구,여행업,48579,0
202602,중구,운송업,33179,0
202602,중구,의료웰니스업,93351,0
202602,해운대구,쇼핑업,11800000,5380000
202602,해운대구,숙박업,737840,168269
202602,해운대구,식음료업,3190000,0
202602,해운대구,여가서비스업,169508,16630
202602,해운대구,여행업,8030,8467
202602,해운대구,운송업,682999,852
202602,해운대구,의료웰니스업,209224,4198
202603,강서구,쇼핑업,1670000,33614
202603,강서구,숙박업,29371,3485
202603,강서구,식음료업,1240000,0
202603,강서구,여가서비스업,75841,3930
202603,강서구,여행업,965,0
202603,강서구,운송업,6450000,18198
202603,강서구,의료웰니스업,49664,2623
202603,금정구,쇼핑업,917699,119180
202603,금정구,숙박업,11696,2864
202603,금정구,식음료업,1140000,0
202603,금정구,여가서비스업,144666,13063
202603,금정구,여행업,4754,16
202603,금정구,운송업,373662,0
202603,금정구,의료웰니스업,87564,8161
202603,기장군,쇼핑업,4970000,16522
202603,기장군,숙박업,290729,7335
202603,기장군,식음료업,1780000,0
202603,기장군,여가서비스업,337514,18712
202603,기장군,여행업,1920,0
202603,기장군,운송업,849916,80
202603,기장군,의료웰니스업,57953,4838
202603,남구,쇼핑업,798005,14996
202603,남구,숙박업,159149,13390
202603,남구,식음료업,1100000,0
202603,남구,여가서비스업,84822,1031
202603,남구,여행업,3436,2010
202603,남구,운송업,1450000,0
202603,남구,의료웰니스업,80250,4811
202603,동구,쇼핑업,1020000,32691
202603,동구,숙박업,60482,4986
202603,동구,식음료업,1070000,0
202603,동구,여가서비스업,133971,502
202603,동구,여행업,33535,348
202603,동구,운송업,807642,24
202603,동구,의료웰니스업,95371,0
202603,동래구,쇼핑업,1390000,135858
202603,동래구,숙박업,90389,24483
202603,동래구,식음료업,1680000,0
202603,동래구,여가서비스업,80367,4792
202603,동래구,여행업,7007,4936
202603,동래구,운송업,468243,162
202603,동래구,의료웰니스업,153127,6258
202603,부산진구,쇼핑업,3350000,556250
202603,부산진구,숙박업,136549,17995
202603,부산진구,식음료업,3680000,0
202603,부산진구,여가서비스업,192575,7499
202603,부산진구,여행업,46276,5830
202603,부산진구,운송업,436170,42
202603,부산진구,의료웰니스업,428201,0
202603,북구,쇼핑업,8950000,32898
202603,북구,숙박업,11315,5189
202603,북구,식음료업,727253,0
202603,북구,여가서비스업,36774,10686
202603,북구,여행업,536,0
202603,북구,운송업,640207,0
202603,북구,의료웰니스업,50783,0
202603,사상구,쇼핑업,1130000,5869
202603,사상구,숙박업,26101,4077
202603,사상구,식음료업,1010000,0
202603,사상구,여가서비스업,63586,2939
202603,사상구,여행업,1267,0
202603,사상구,운송업,1620000,428
202603,사상구,의료웰니스업,66173,2099
202603,사하구,쇼핑업,651769,30033
202603,사하구,숙박업,13920,4705
202603,사하구,식음료업,844795,0
202603,사하구,여가서비스업,48382,4946
202603,사하구,여행업,1200,0
202603,사하구,운송업,667954,149
202603,사하구,의료웰니스업,61949,0
202603,서구,쇼핑업,392092,2182
202603,서구,숙박업,69245,3796
202603,서구,식음료업,511064,0
202603,서구,여가서비스업,31578,312
202603,서구,여행업,2910,74
202603,서구,운송업,142473,85
202603,서구,의료웰니스업,33137,0
202603,수영구,쇼핑업,660817,3387
202603,수영구,숙박업,46985,4877
202603,수영구,식음료업,2310000,0
202603,수영구,여가서비스업,123539,1361
202603,수영구,여행업,4688,1930
202603,수영구,운송업,288951,150
202603,수영구,의료웰니스업,116994,112
202603,연제구,쇼핑업,1340000,12303
202603,연제구,숙박업,27556,5710
202603,연제구,식음료업,1280000,0
202603,연제구,여가서비스업,44742,1131
202603,연제구,여행업,4259,0
202603,연제구,운송업,681066,80
202603,연제구,의료웰니스업,111439,0
202603,영도구,쇼핑업,188040,6516
202603,영도구,숙박업,26587,1460
202603,영도구,식음료업,437286,0
202603,영도구,여가서비스업,34507,480
202603,영도구,여행업,34,0
202603,영도구,운송업,87298,0
202603,영도구,의료웰니스업,20737,3303
202603,중구,쇼핑업,1460000,34157
202603,중구,숙박업,71403,2788
202603,중구,식음료업,1690000,0
202603,중구,여가서비스업,45894,1178
202603,중구,여행업,67532,0
202603,중구,운송업,33482,0
202603,중구,의료웰니스업,106173,0
202603,해운대구,쇼핑업,10100000,4040000
202603,해운대구,숙박업,632153,135240
202603,해운대구,식음료업,2790000,0
202603,해운대구,여가서비스업,148979,14680
202603,해운대구,여행업,44726,2026
202603,해운대구,운송업,811673,262
202603,해운대구,의료웰니스업,214028,4229
202604,강서구,쇼핑업,1570000,33678
202604,강서구,숙박업,32337,3041
202604,강서구,식음료업,1230000,0
202604,강서구,여가서비스업,76300,2385
202604,강서구,여행업,4368,802
202604,강서구,운송업,5440000,6263
202604,강서구,의료웰니스업,45336,2936
202604,금정구,쇼핑업,839769,109493
202604,금정구,숙박업,8462,3338
202604,금정구,식음료업,1080000,0
202604,금정구,여가서비스업,159598,16331
202604,금정구,여행업,1701,0
202604,금정구,운송업,359678,453
202604,금정구,의료웰니스업,70582,9146
202604,기장군,쇼핑업,4760000,18948
202604,기장군,숙박업,268961,7301
202604,기장군,식음료업,1770000,0
202604,기장군,여가서비스업,365584,23228
202604,기장군,여행업,1369,1605
202604,기장군,운송업,959024,58
202604,기장군,의료웰니스업,52712,3728
202604,남구,쇼핑업,849255,13611
202604,남구,숙박업,139088,15782
202604,남구,식음료업,1080000,0
202604,남구,여가서비스업,78616,671
202604,남구,여행업,2258,0
202604,남구,운송업,1460000,80
202604,남구,의료웰니스업,77426,4066
202604,동구,쇼핑업,1050000,26632
202604,동구,숙박업,60423,1175
202604,동구,식음료업,1030000,0
202604,동구,여가서비스업,150808,931
202604,동구,여행업,25893,0
202604,동구,운송업,874301,547
202604,동구,의료웰니스업,81729,0
202604,동래구,쇼핑업,1360000,124322
202604,동래구,숙박업,74281,19468
202604,동래구,식음료업,1710000,0
202604,동래구,여가서비스업,79570,4055
202604,동래구,여행업,5014,4012
202604,동래구,운송업,449087,263
202604,동래구,의료웰니스업,153862,4901
202604,부산진구,쇼핑업,3340000,543024
202604,부산진구,숙박업,117819,13423
202604,부산진구,식음료업,3570000,0
202604,부산진구,여가서비스업,179239,4318
202604,부산진구,여행업,37410,8807
202604,부산진구,운송업,458423,964
202604,부산진구,의료웰니스업,380945,0
202604,북구,쇼핑업,8300000,27567
202604,북구,숙박업,16981,4568
202604,북구,식음료업,751757,0
202604,북구,여가서비스업,31356,8630
202604,북구,여행업,1358,0
202604,북구,운송업,641278,308
202604,북구,의료웰니스업,52426,0
202604,사상구,쇼핑업,1060000,6479
202604,사상구,숙박업,27953,4889
202604,사상구,식음료업,984217,0
202604,사상구,여가서비스업,49272,1302
202604,사상구,여행업,1825,0
202604,사상구,운송업,1640000,391
202604,사상구,의료웰니스업,51266,1611
202604,사하구,쇼핑업,626493,25225
202604,사하구,숙박업,18251,4168
202604,사하구,식음료업,796003,0
202604,사하구,여가서비스업,41491,2831
202604,사하구,운송업,810450,518
202604,사하구,의료웰니스업,60943,0
202604,서구,쇼핑업,379815,2406
202604,서구,숙박업,81372,2836
202604,서구,식음료업,529366,0
202604,서구,여가서비스업,61155,622
202604,서구,여행업,3868,36
202604,서구,운송업,160599,0
202604,서구,의료웰니스업,51287,0
202604,수영구,쇼핑업,646381,3683
202604,수영구,숙박업,43047,4579
202604,수영구,식음료업,2270000,0
202604,수영구,여가서비스업,120913,1249
202604,수영구,여행업,4508,0
202604,수영구,운송업,304119,119
202604,수영구,의료웰니스업,107176,116
202604,연제구,쇼핑업,1270000,9650
202604,연제구,숙박업,26780,3631
202604,연제구,식음료업,1300000,0
202604,연제구,여가서비스업,45230,268
202604,연제구,여행업,5906,0
202604,연제구,운송업,661733,178
202604,연제구,의료웰니스업,95583,0
202604,영도구,쇼핑업,159810,2536
202604,영도구,숙박업,19285,1641
202604,영도구,식음료업,433969,0
202604,영도구,여가서비스업,35928,830
202604,영도구,여행업,32,0
202604,영도구,운송업,102862,117
202604,영도구,의료웰니스업,20543,4135
202604,중구,쇼핑업,1350000,42823
202604,중구,숙박업,94621,1540
202604,중구,식음료업,1690000,0
202604,중구,여가서비스업,35243,582
202604,중구,여행업,51274,0
202604,중구,운송업,32160,0
202604,중구,의료웰니스업,91376,0
202604,해운대구,쇼핑업,9520000,4050000
202604,해운대구,숙박업,618123,116604
202604,해운대구,식음료업,2780000,0
202604,해운대구,여가서비스업,148556,12980
202604,해운대구,여행업,9654,3788
202604,해운대구,운송업,822912,214
202604,해운대구,의료웰니스업,197504,3100
202605,강서구,쇼핑업,1610000,38056
202605,강서구,숙박업,35387,5051
202605,강서구,식음료업,1400000,0
202605,강서구,여가서비스업,97005,4654
202605,강서구,여행업,4863,3315
202605,강서구,운송업,5150000,8512
202605,강서구,의료웰니스업,49043,1993
202605,금정구,쇼핑업,925316,116605
202605,금정구,숙박업,14004,3032
202605,금정구,식음료업,1270000,0
202605,금정구,여가서비스업,173042,14081
202605,금정구,여행업,3895,0
202605,금정구,운송업,398889,0
202605,금정구,의료웰니스업,83760,11434
202605,기장군,쇼핑업,5930000,23894
202605,기장군,숙박업,452753,10580
202605,기장군,식음료업,2390000,0
202605,기장군,여가서비스업,423532,19401
202605,기장군,운송업,1090000,53
202605,기장군,의료웰니스업,61517,4888
202605,남구,쇼핑업,842100,14706
202605,남구,숙박업,154380,13747
202605,남구,식음료업,1200000,0
202605,남구,여가서비스업,85252,952
202605,남구,여행업,7819,1336
202605,남구,운송업,1450000,1213
202605,남구,의료웰니스업,108288,20349
202605,동구,쇼핑업,1200000,34989
202605,동구,숙박업,58929,1435
202605,동구,식음료업,1170000,0
202605,동구,여가서비스업,177839,1041
202605,동구,여행업,30365,67
202605,동구,운송업,993531,0
202605,동구,의료웰니스업,95783,0
202605,동래구,쇼핑업,1460000,155800
202605,동래구,숙박업,152500,38987
202605,동래구,식음료업,2010000,0
202605,동래구,여가서비스업,102986,4333
202605,동래구,여행업,6609,5892
202605,동래구,운송업,524828,106
202605,동래구,의료웰니스업,150123,6373
202605,부산진구,쇼핑업,3750000,605638
202605,부산진구,숙박업,167891,13628
202605,부산진구,식음료업,4240000,0
202605,부산진구,여가서비스업,231487,7787
202605,부산진구,여행업,22412,7964
202605,부산진구,운송업,478685,37
202605,부산진구,의료웰니스업,431898,0
202605,북구,쇼핑업,8620000,34884
202605,북구,숙박업,20179,5302
202605,북구,식음료업,909056,0
202605,북구,여가서비스업,46170,6449
202605,북구,여행업,1709,0
202605,북구,운송업,633638,53
202605,북구,의료웰니스업,58691,0
202605,사상구,쇼핑업,1120000,6475
202605,사상구,숙박업,26055,4310
202605,사상구,식음료업,1100000,0
202605,사상구,여가서비스업,66750,2864
202605,사상구,여행업,2187,0
202605,사상구,운송업,1580000,560
202605,사상구,의료웰니스업,56495,1686
202605,사하구,쇼핑업,639558,27586
202605,사하구,숙박업,14577,4371
202605,사하구,식음료업,988196,0
202605,사하구,여가서비스업,45143,3669
202605,사하구,여행업,1068,0
202605,사하구,운송업,1020000,876
202605,사하구,의료웰니스업,61718,0
202605,서구,쇼핑업,413725,2029
202605,서구,숙박업,84439,5773
202605,서구,식음료업,615793,0
202605,서구,여가서비스업,88523,780
202605,서구,여행업,2546,62
202605,서구,운송업,168737,0
202605,서구,의료웰니스업,50304,0
202605,수영구,쇼핑업,767609,4026
202605,수영구,숙박업,55331,8033
202605,수영구,식음료업,2900000,0
202605,수영구,여가서비스업,154732,2036
202605,수영구,여행업,3002,1603
202605,수영구,운송업,339175,160
202605,수영구,의료웰니스업,132600,29
202605,연제구,쇼핑업,1410000,9872
202605,연제구,숙박업,34977,3928
202605,연제구,식음료업,1420000,0
202605,연제구,여가서비스업,49266,121
202605,연제구,여행업,2615,0
202605,연제구,운송업,725921,427
202605,연제구,의료웰니스업,102026,0
202605,영도구,쇼핑업,164893,4826
202605,영도구,숙박업,23204,2042
202605,영도구,식음료업,592264,0
202605,영도구,여가서비스업,54588,915
202605,영도구,여행업,1156,0
202605,영도구,운송업,96010,80
202605,영도구,의료웰니스업,18296,3378
202605,중구,쇼핑업,1630000,40618
202605,중구,숙박업,81140,1404
202605,중구,식음료업,2010000,0
202605,중구,여가서비스업,43272,791
202605,중구,여행업,42806,1496
202605,중구,운송업,42787,0
202605,중구,의료웰니스업,124315,0
202605,해운대구,쇼핑업,12000000,5490000
202605,해운대구,숙박업,826571,124445
202605,해운대구,식음료업,3770000,0
202605,해운대구,여가서비스업,187609,17797
202605,해운대구,여행업,12785,1993
202605,해운대구,운송업,787372,99
202605,해운대구,의료웰니스업,254324,2868
202606,강서구,쇼핑업,1440000,24865
202606,강서구,숙박업,33999,2417
202606,강서구,식음료업,1200000,0
202606,강서구,여가서비스업,81600,3608
202606,강서구,여행업,5886,0
202606,강서구,운송업,5510000,11971
202606,강서구,의료웰니스업,44360,2344
202606,금정구,쇼핑업,786169,94641
202606,금정구,숙박업,7642,3484
202606,금정구,식음료업,1040000,0
202606,금정구,여가서비스업,162604,13493
202606,금정구,여행업,1339,26
202606,금정구,운송업,375507,0
202606,금정구,의료웰니스업,82973,6281
202606,기장군,쇼핑업,4040000,19724
202606,기장군,숙박업,345119,12864
202606,기장군,식음료업,1770000,0
202606,기장군,여가서비스업,369765,22108
202606,기장군,운송업,1060000,357
202606,기장군,의료웰니스업,59178,4013
202606,남구,쇼핑업,765582,10713
202606,남구,숙박업,146896,14190
202606,남구,식음료업,1020000,0
202606,남구,여가서비스업,84488,950
202606,남구,여행업,3364,0
202606,남구,운송업,1480000,0
202606,남구,의료웰니스업,104351,15291
202606,동구,쇼핑업,1040000,32315
202606,동구,숙박업,48660,1900
202606,동구,식음료업,1060000,0
202606,동구,여가서비스업,99846,734
202606,동구,여행업,19462,1649
202606,동구,운송업,995044,753
202606,동구,의료웰니스업,88581,0
202606,동래구,쇼핑업,1410000,142178
202606,동래구,숙박업,88686,25896
202606,동래구,식음료업,1740000,0
202606,동래구,여가서비스업,88774,2967
202606,동래구,여행업,14614,5884
202606,동래구,운송업,548201,85
202606,동래구,의료웰니스업,137953,4653
202606,부산진구,쇼핑업,3250000,511542
202606,부산진구,숙박업,101556,13073
202606,부산진구,식음료업,3640000,0
202606,부산진구,여가서비스업,185827,4593
202606,부산진구,여행업,28705,4852
202606,부산진구,운송업,455674,293
202606,부산진구,의료웰니스업,404609,0
202606,북구,쇼핑업,8370000,23636
202606,북구,숙박업,13523,4274
202606,북구,식음료업,758510,0
202606,북구,여가서비스업,41913,5588
202606,북구,여행업,1047,0
202606,북구,운송업,602508,0
202606,북구,의료웰니스업,53433,0
202606,사상구,쇼핑업,1010000,7818
202606,사상구,숙박업,22413,3575
202606,사상구,식음료업,948328,0
202606,사상구,여가서비스업,55066,1466
202606,사상구,여행업,2318,0
202606,사상구,운송업,1520000,329
202606,사상구,의료웰니스업,54339,1634
202606,사하구,쇼핑업,592151,19067
202606,사하구,숙박업,20534,4601
202606,사하구,식음료업,809676,0
202606,사하구,여가서비스업,41202,2566
202606,사하구,여행업,632,0
202606,사하구,운송업,1010000,340
202606,사하구,의료웰니스업,57734,0
202606,서구,쇼핑업,370068,1441
202606,서구,숙박업,75769,6889
202606,서구,식음료업,536835,0
202606,서구,여가서비스업,61276,1730
202606,서구,여행업,1294,57
202606,서구,운송업,171192,48
202606,서구,의료웰니스업,39663,0
202606,수영구,쇼핑업,706226,2603
202606,수영구,숙박업,38570,13586
202606,수영구,식음료업,2450000,0
202606,수영구,여가서비스업,144822,1031
202606,수영구,여행업,1845,3570
202606,수영구,운송업,320386,314
202606,수영구,의료웰니스업,120277,102
202606,연제구,쇼핑업,1270000,11120
202606,연제구,숙박업,24164,3756
202606,연제구,식음료업,1270000,0
202606,연제구,여가서비스업,50699,1716
202606,연제구,여행업,5433,0
202606,연제구,운송업,678958,310
202606,연제구,의료웰니스업,97410,0
202606,영도구,쇼핑업,138026,3295
202606,영도구,숙박업,18586,1512
202606,영도구,식음료업,461943,0
202606,영도구,여가서비스업,36662,669
202606,영도구,운송업,88177,0
202606,영도구,의료웰니스업,20913,4193
202606,중구,쇼핑업,1340000,35611
202606,중구,숙박업,83359,1991
202606,중구,식음료업,1630000,0
202606,중구,여가서비스업,37630,607
202606,중구,여행업,30273,0
202606,중구,운송업,33596,0
202606,중구,의료웰니스업,103739,0
202606,해운대구,쇼핑업,9550000,4620000
202606,해운대구,숙박업,633778,115609
202606,해운대구,식음료업,3020000,0
202606,해운대구,여가서비스업,147670,11793
202606,해운대구,여행업,9989,0
202606,해운대구,운송업,741686,189
202606,해운대구,의료웰니스업,231147,3329
