행정구명,사업장명,업태구분명,영업상태명,상세영업상태명,인허가일자,폐업일자,도로명주소,지번주소,경도,위도
강서구,2월호텔더스테이 강서본관,일반호텔,영업/정상,영업,200404,,부산광역시 강서구 신호일로217번길 31 (신호동),,128.87888875,35.08660654
강서구,2월호텔더스테이 강서신관,일반호텔,영업/정상,영업,200310,,부산광역시 강서구 신호일로217번길 12 (신호동),,128.88103981,35.0869463
강서구,B&G호텔,관광호텔,영업/정상,영업,202004,,"부산광역시 강서구 명지국제6로1번길 24, 도하마린타워 7, 8, 9층 (명지동)",,128.90011376,35.09391857
강서구,GOOD프라임호텔,숙박업 기타,영업/정상,영업,201805,,"부산광역시 강서구 과학산단2로 12, 7,8층 (지사동)",,128.83098506,35.1498595
강서구,IW모텔,여관업,영업/정상,영업,200310,,부산광역시 강서구 신호일로217번길 19 (신호동),,128.88027495,35.08660774
강서구,S호텔,여관업,영업/정상,영업,200411,,부산광역시 강서구 신호일로217번길 37 (신호동),,128.87837998,35.08660514
강서구,김해공항 브라운도트 명지점,여관업,영업/정상,영업,200102,,부산광역시 강서구 르노삼성대로 576-6 (명지동),,128.92821692,35.09918382
강서구,넘버25호텔,일반호텔,영업/정상,영업,201810,,"부산광역시 강서구 명지국제2로28번길 7, 9층 (명지동)",,128.90816446,35.0940017
강서구,넘버25호텔 명지오션시티점 비즈니스,일반호텔,영업/정상,영업,200301,,부산광역시 강서구 명지오션시티3로 41 (명지동),,128.90299643,35.08049895
강서구,더브레인호텔,관광호텔,영업/정상,영업,201912,,"부산광역시 강서구 신호일로72번길 58, 신호관광호 (신호동)",,128.87219617,35.08178864
강서구,더블유(W)모텔,여관업,영업/정상,영업,200202,,부산광역시 강서구 르노삼성대로 598 (명지동),,128.92876984,35.10074687
강서구,더웨스턴부산,관광호텔,영업/정상,영업,202204,,부산광역시 강서구 화전산단4로25번길 53 (화전동),,128.88249301,35.11163267
강서구,더포인트호텔,일반호텔,영업/정상,영업,201903,,"부산광역시 강서구 명지국제2로28번길 8, 더프라임 10층 (명지동)",,128.90808005,35.09340715
강서구,디자인팝호텔,여관업,영업/정상,영업,200102,,부산광역시 강서구 르노삼성대로 576-4 (명지동),,128.92805263,35.09905514
강서구,레전드호텔,일반호텔,영업/정상,영업,201901,,부산광역시 강서구 미음산단5로 48 (미음동),,128.86394112,35.15965759
강서구,마르,여관업,영업/정상,영업,200110,,"부산광역시 강서구 르노삼성대로 634, B동 (명지동)",,128.92947012,35.10393894
강서구,명지오션시티호텔,여관업,영업/정상,영업,200010,,부산광역시 강서구 명지오션시티3로 37 (명지동),,128.902996,35.08090828
강서구,베스트루이스해밀턴호텔,관광호텔,영업/정상,영업,202012,,"부산광역시 강서구 범방3로29번길 6, 베스트 루이스 해밀턴호텔 범방점 (범방동)",,128.8787883,35.14688112
강서구,베스티호텔,숙박업 기타,영업/정상,영업,201812,,"부산광역시 강서구 미음산단로 17, 베스티호텔1 (구랑동)",,128.85397468,35.12819604
강서구,벨라지오호텔,여관업,영업/정상,영업,200304,,부산광역시 강서구 신호일로217번길 7 (신호동),,128.8811398,35.0866067
강서구,브라운도트 호텔,숙박업 기타,영업/정상,영업,201802,,부산광역시 강서구 신호일로72번길 33 (신호동),,128.87072667,35.08333584
강서구,브이호텔,여관업,영업/정상,영업,200307,,부산광역시 강서구 신호이로27번길 33 (신호동),,128.88081416,35.08637361
강서구,블랑비즈니스호텔,여관업,영업/정상,영업,200405,,부산광역시 강서구 신호일로217번길 10 (신호동),,128.88127019,35.08694649
강서구,비엠호텔,여관업,영업/정상,영업,200305,,부산광역시 강서구 르노삼성대로 576-2 (명지동),,128.92809422,35.09893875
강서구,비즈니스호텔,여관업,영업/정상,영업,200401,,부산광역시 강서구 신호이로27번길 41 (신호동),,128.88114016,35.08637564
강서구,사이버모텔,여관업,영업/정상,영업,200105,,부산광역시 강서구 명지오션시티5로 18 (명지동),,128.90420018,35.082679
강서구,스카이호텔,일반호텔,영업/정상,영업,202210,,부산광역시 강서구 신호일로217번길 15 (신호동),,128.88070601,35.08660813
강서구,신라스테이 서부산,관광호텔,영업/정상,영업,202103,,"부산광역시 강서구 명지국제7로 38, 신라스테이 서부산점 (명지동)",,128.90531243,35.09669194
강서구,씨사이드모텔,여관업,영업/정상,영업,200302,,부산광역시 강서구 르노삼성대로 566 (명지동),,128.9277666,35.09829027
강서구,씨엘오션호텔,관광호텔,영업/정상,영업,202009,,부산광역시 강서구 명지국제6로34번길 22 (명지동),,128.90206781,35.09069954
강서구,에어스카이 관광호텔,관광호텔,영업/정상,영업,202308,,"부산광역시 강서구 유통단지1로57번길 2, 에어스카이 관광호텔 (대저2동)",,128.95426794,35.16675176
강서구,에어포트호텔,숙박업 기타,영업/정상,영업,201409,,부산광역시 강서구 유통단지1로65번길 15 (대저2동),,128.95453712,35.16567141
강서구,오션뷰 제이케이호텔,일반호텔,영업/정상,영업,200308,,부산광역시 강서구 르노삼성대로 590 (명지동),,128.92851401,35.10017876
강서구,이그니스호텔,여관업,영업/정상,영업,200306,,"부산광역시 강서구 신호이로27번길 21, 이그니스호텔 (신호동)",,128.87929407,35.08637248
강서구,펀모텔,여관업,영업/정상,영업,200305,,부산광역시 강서구 신호이로27번길 27 (신호동),,128.880057,35.08637486
강서구,헤르몬 호텔,관광호텔,영업/정상,영업,202401,,"부산광역시 강서구 과학산단2로10번길 23, 헤르몬호텔 지하1~7층 (지사동)",,128.83225636,35.15009748
강서구,헤리티지 디자인 호텔,여관업,영업/정상,영업,200307,,부산광역시 강서구 르노삼성대로 592 (명지동),,128.92859689,35.10034978
강서구,호텔 더 메이,여관업,영업/정상,영업,200306,,부산광역시 강서구 신호일로217번길 27 (신호동),,128.8792938,35.08660688
강서구,호텔 명지,여관업,영업/정상,영업,200102,,"부산광역시 강서구 르노삼성대로 634, A동 (명지동)",,128.92947012,35.10393894
강서구,호텔 제이드,여관업,영업/정상,영업,200102,,부산광역시 강서구 르노삼성대로 600 (명지동),,128.92883657,35.10111951
강서구,호텔더원,여관업,영업/정상,영업,201411,,부산광역시 강서구 신호일로72번길 41 (신호동),,128.87095885,35.08288172
강서구,호텔에그,일반호텔,영업/정상,영업,200311,,부산광역시 강서구 신호일로217번길 31 (신호동),,128.87888875,35.08660654
강서구,호텔오유,숙박업 기타,영업/정상,영업,201910,,"부산광역시 강서구 명지국제6로 21, 도형건설 10층 (명지동)",,128.90174708,35.09220127
강서구,호텔프렌치코드,여관업,영업/정상,영업,200102,,부산광역시 강서구 명지오션시티5로 8 (명지동),,128.9041989,35.08361361
강서구,가덕여인숙,여인숙업,폐업,폐업,200610,200905,,,128.83013493,35.05384019
강서구,낙동여인숙,여인숙업,폐업,폐업,196602,200902,,,128.88862839,35.1255042
강서구,뉴월드모텔,여관업,폐업,폐업,200309,200610,,,128.88070601,35.08660813
강서구,대동여인숙,여인숙업,폐업,폐업,197305,201411,부산광역시 강서구 공항로 1273 (대저1동),,128.98602229,35.21200004
강서구,대성여인숙,여인숙업,폐업,폐업,198103,201406,부산광역시 강서구 가덕해안로1212번길 6 (대항동),,128.82760796,35.01241727
강서구,대흥여관,여관업,폐업,폐업,197010,199908,,,128.93664215,35.21786494
강서구,덕두여인숙,여인숙업,폐업,폐업,196905,200902,,,,
강서구,도래지 황토방 모텔,여관업,폐업,폐업,200005,200707,,,128.92861212,35.10159764
강서구,도래지모텔,여인숙업,폐업,폐업,200005,200701,,,,
강서구,도래지황토방 모텔,여관업,폐업,폐업,200409,200701,,,,
강서구,러브홀릭모텔,여관업,폐업,폐업,200310,200610,,,128.88027495,35.08660774
강서구,모모까르페호텔,여관업,폐업,폐업,200309,202112,부산광역시 강서구 신호산단1로217번길 15 (신호동),,128.88070601,35.08660813
강서구,베네치아모텔,여관업,폐업,폐업,200307,200607,부산광역시 강서구 르노삼성대로 592 (명지동),,128.92859689,35.10034978
강서구,복성여인숙,여인숙업,폐업,폐업,196605,201511,부산광역시 강서구 대저로 295-1 (대저1동),,128.98419616,35.21148632
강서구,부산여인숙,여인숙업,폐업,폐업,197004,201802,부산광역시 강서구 공항로 1257 (대저1동),,128.98497591,35.21100221
강서구,부천여인숙,여인숙업,폐업,폐업,198404,200704,,,128.81543164,35.02577691
강서구,비엔나모텔,여관업,폐업,폐업,200310,200610,,,128.8792938,35.08660688
강서구,삼동여관,여관업,폐업,폐업,196711,201802,부산광역시 강서구 대저로274번길 6-12 (대저1동),,128.98155595,35.21268358
강서구,삼성궁,여관업,폐업,폐업,200311,200610,,,128.87868621,35.08660636
강서구,아우디모텔,여관업,폐업,폐업,200306,200701,,,,
강서구,오션모텔,여관업,폐업,폐업,200201,200907,,,128.92346533,35.09264288
강서구,오션장여관,여관업,폐업,폐업,199809,200610,,,128.92346533,35.09264288
강서구,오팔레스모텔,여관업,폐업,폐업,200310,200610,,,128.88103981,35.0869463
강서구,청학여인숙,여인숙업,폐업,폐업,196905,200706,,,,
강서구,탑여인숙,여인숙업,폐업,폐업,197108,200401,,,128.94921344,35.21519806
강서구,테마모텔,여인숙업,폐업,폐업,200310,200410,,,128.87837998,35.08660514
강서구,테마모텔,여관업,폐업,폐업,200310,200411,,,128.87837998,35.08660514
강서구,파크여인숙,여관업,폐업,폐업,196912,200610,,,128.95448253,35.18042974
강서구,파크여인숙,여인숙업,폐업,폐업,196912,201710,부산광역시 강서구 공항앞길 6 (대저2동),,128.95448253,35.18042974
강서구,프로방스,여인숙업,폐업,폐업,200307,200610,,,128.88081416,35.08637361
강서구,피크닉모텔,여관업,폐업,폐업,200312,200701,,,,
강서구,피크닉모텔,여관업,폐업,폐업,200312,200701,,,,
강서구,피크닉모텔,여관업,폐업,폐업,200312,200701,,,,
금정구,(주)덴바스타호텔 구서점,관광호텔,영업/정상,영업,201408,,부산광역시 금정구 금정로 242 (구서동),,129.09201645,35.24482084
금정구,(주)블랑모텔,여관업,영업/정상,영업,200211,,부산광역시 금정구 서동로 193-15 (서동),,129.10767024,35.21499333
금정구,HOTEL YOUAIN(유아인),여관업,영업/정상,영업,200310,,부산광역시 금정구 온천장로125번길 28-12 (장전동),,129.08437429,35.22319963
금정구,No.25호텔,여관업,영업/정상,영업,200308,,부산광역시 금정구 서동로 193-11 (서동),,129.10757835,35.21481016
금정구,골든장,여관업,영업/정상,영업,199010,,부산광역시 금정구 서동로 187-16 (서동),,129.10718609,35.21483606
금정구,굿타임,숙박업(생활),영업/정상,영업,198906,,부산광역시 금정구 서동로176번길 14-4 (서동),,129.10503921,35.21402993
금정구,늘봄장,여관업,영업/정상,영업,198910,,부산광역시 금정구 서동로186번길 5-1 (서동),,129.10686723,35.21396521
금정구,늘채움,숙박업(생활),영업/정상,영업,198110,,부산광역시 금정구 서동로176번길 14-9 (서동),,129.10461055,35.21390928
금정구,늘푸른,숙박업(생활),영업/정상,영업,199011,,부산광역시 금정구 서동로 187-14 (서동),,129.10733891,35.21479225
금정구,대도 여관,여관업,영업/정상,영업,198912,,부산광역시 금정구 온천장로125번길 28-11 (장전동),,129.08421054,35.2234363
금정구,동진여관,여관업,영업/정상,영업,201311,,"부산광역시 금정구 서동중심로 57, 2,3층 (서동)",,129.10313664,35.21400447
금정구,드림모텔,여관업,영업/정상,영업,198911,,부산광역시 금정구 개좌로 89-7 (금사동),,129.11258435,35.22078266
금정구,디웰 호텔,일반호텔,영업/정상,영업,202207,,"부산광역시 금정구 중앙대로1929번길 8-16, 그랜드모텔 (구서동)",,129.09086913,35.25724794
금정구,라빌라포레호텔(la villa foret),여관업,영업/정상,영업,200212,,부산광역시 금정구 중앙대로 1931 (구서동),,129.09090024,35.25678758
금정구,로망스모텔,여관업,영업/정상,영업,198906,,부산광역시 금정구 식물원로9번길 29 (장전동),,129.08610979,35.22269703
금정구,로얄빌,숙박업(생활),영업/정상,영업,198907,,부산광역시 금정구 서동로175번길 23 (서동),,129.10690063,35.21514607
금정구,로즈베이2 (RoseBay2),여관업,영업/정상,영업,200405,,부산광역시 금정구 금정로237번길 36 (구서동),,129.0916661,35.24798943
금정구,로즈베이호텔,숙박업(생활),영업/정상,영업,200212,,부산광역시 금정구 금정로237번길 36 (구서동),,129.0916661,35.24798943
금정구,로즈빌,숙박업(생활),영업/정상,영업,200110,,부산광역시 금정구 서동로194번길 24 (서동),,129.10667904,35.21339942
금정구,마산여인숙,여인숙업,영업/정상,영업,197302,,부산광역시 금정구 서동로134번길 25-21 (서동),,129.10104088,35.21415215
금정구,마이홈모텔,여관업,영업/정상,영업,198908,,부산광역시 금정구 서동로175번길 19 (서동),,129.10681753,35.21505693
금정구,만리장여관 1986,여관업,영업/정상,영업,198609,,부산광역시 금정구 온천장로125번안길 6 (장전동),,129.08306599,35.22382771
금정구,맥스(MAX) 모텔,여관업,영업/정상,영업,198511,,부산광역시 금정구 온천장로125번길 10 (장전동),,129.08484333,35.22260256
금정구,모텔 델루나,여관업,영업/정상,영업,198006,,부산광역시 금정구 온천장로125번길 74-6 (장전동),,129.08245751,35.22439988
금정구,몽블랑모텔,여관업,영업/정상,영업,198812,,부산광역시 금정구 서동로194번길 3 (서동),,129.10758563,35.21396029
금정구,백수장여관,여관업,영업/정상,영업,198409,,부산광역시 금정구 금강로 402 (구서동),,129.08750729,35.24359931
금정구,버튼호텔 구서역점,여관업,영업/정상,영업,200409,,부산광역시 금정구 금정로237번길 28 (구서동),,129.09169456,35.24742687
금정구,범스테이,여관업,영업/정상,영업,200209,,부산광역시 금정구 팔송로24번길 52 (청룡동),,129.089976,35.27450574
금정구,범어모텔,여관업,영업/정상,영업,199312,,부산광역시 금정구 청룡예전로 5 (청룡동),,129.09175798,35.27390224
금정구,베니스모텔,여관업,영업/정상,영업,200005,,부산광역시 금정구 서동로186번길 18-6 (서동),,129.10598784,35.21388027
금정구,보브호텔(VOV호텔),여관업,영업/정상,영업,200204,,부산광역시 금정구 금정로237번길 30 (구서동),,129.09167758,35.2475967
금정구,부림장,여관업,영업/정상,영업,199712,,부산광역시 금정구 서동로 193-3 (서동),,129.10750798,35.21442921
금정구,브라운도트호텔 구서역점,일반호텔,영업/정상,영업,201802,,부산광역시 금정구 중앙대로 1833 (구서동),,129.09186395,35.24793623
금정구,브이원모텔,여관업,영업/정상,영업,200205,,부산광역시 금정구 공단로 15 (금사동),,129.11068275,35.21635405
금정구,새로움 게스트룸,여관업,영업/정상,영업,198912,,부산광역시 금정구 중앙대로1541번길 25 (장전동),,129.08631799,35.22216899
금정구,새온천모텔,여관업,영업/정상,영업,199004,,부산광역시 금정구 금강로 173-3 (장전동),,129.08151901,35.22407437
금정구,세종장,여관업,영업/정상,영업,198512,,부산광역시 금정구 수림로49번길 3 (장전동),,129.08708619,35.2397669
금정구,송원장여관,여관업,영업/정상,영업,198408,,부산광역시 금정구 금강로 169 (장전동),,129.08146444,35.22375783
금정구,쉐르빌모텔,여관업,영업/정상,영업,198911,,부산광역시 금정구 서동로186번길 16 (서동),,129.10619646,35.21375698
금정구,아라모텔,여관업,영업/정상,영업,200502,,부산광역시 금정구 온천장로125번길 8 (장전동),,129.08482106,35.22246415
금정구,아마존모텔,여관업,영업/정상,영업,198908,,부산광역시 금정구 서동로194번길 21 (서동),,129.10689923,35.21330587
금정구,아젤리아,여관업,영업/정상,영업,198710,,부산광역시 금정구 식물원로29번길 19 (장전동),,129.0844387,35.22373007
금정구,아젤리아,여관업,영업/정상,영업,199901,,부산광역시 금정구 서부로4번길 14 (서동),,129.10551791,35.21515954
금정구,에스모텔,여관업,영업/정상,영업,198111,,부산광역시 금정구 청룡예전로43번길 17 (청룡동),,129.08921518,35.27750697
금정구,올레모텔,여관업,영업/정상,영업,200302,,부산광역시 금정구 식물원로29번길 25 (장전동),,129.08429851,35.22355288
금정구,우천장,여관업,영업/정상,영업,198812,,부산광역시 금정구 서동로 187-12 (서동),,129.1073045,35.21469411
금정구,웁스(oops)모텔,여관업,영업/정상,영업,198907,,부산광역시 금정구 식물원로27번길 6 (장전동),,129.08511738,35.22429049
금정구,유성장모텔,여관업,영업/정상,영업,198106,,부산광역시 금정구 청룡로 32 (청룡동),,129.08910745,35.2757398
금정구,은하모텔,여관업,영업/정상,영업,199308,,부산광역시 금정구 서동중심로 13 (서동),,129.10409553,35.21109037
금정구,이데아호텔,여관업,영업/정상,영업,198603,,부산광역시 금정구 가마실로 21 (부곡동),,129.09143051,35.22499277
금정구,이화모텔,여관업,영업/정상,영업,199409,,부산광역시 금정구 개좌로 15-1 (서동),,129.10875509,35.21544477
금정구,장미스테이,여관업,영업/정상,영업,199412,,부산광역시 금정구 서동로176번길 8 (서동),,129.10527149,35.2141765
금정구,제니스호텔,여관업,영업/정상,영업,200012,,부산광역시 금정구 금정로233번길 9 (구서동),,129.09072397,35.24497899
금정구,제이아트빌,숙박업(생활),영업/정상,영업,199602,,부산광역시 금정구 금사로 16-3 (서동),,129.10575628,35.21521355
금정구,젠모텔,여관업,영업/정상,영업,199808,,부산광역시 금정구 금사로 10-1 (서동),,129.10650392,35.21513092
금정구,조이(JOY),여관업,영업/정상,영업,198411,,부산광역시 금정구 반송로 414 (금사동),,129.1094442,35.2140855
금정구,진영장,여관업,영업/정상,영업,199008,,부산광역시 금정구 서동로186번길 12 (서동),,129.10616226,35.2139503
금정구,천우장,여관업,영업/정상,영업,197610,,부산광역시 금정구 개좌로 71-1 (금사동),,129.1117966,35.21983743
금정구,청룡여관,여관업,영업/정상,영업,198106,,부산광역시 금정구 청룡로 31 (청룡동),,129.08914796,35.27530287
금정구,청림모텔,여관업,영업/정상,영업,201302,,부산광역시 금정구 서동로186번길 7 (서동),,129.10672863,35.21391473
금정구,초원장,여관업,영업/정상,영업,198910,,부산광역시 금정구 서동로 187-10 (서동),,129.10714703,35.21472491
금정구,태양,숙박업(생활),영업/정상,영업,199408,,부산광역시 금정구 식물원로27번길 49 (장전동),,129.08464675,35.22286258
금정구,파래스모텔,여관업,영업/정상,영업,199803,,부산광역시 금정구 금사로 16-4 (서동),,129.10560718,35.21508841
금정구,향림장여관,여관업,영업/정상,영업,198110,,부산광역시 금정구 수림로50번길 93 (구서동),,129.0886121,35.24378455
금정구,헤이브,일반호텔,영업/정상,영업,200301,,부산광역시 금정구 서동로 193-14 (서동),,129.10802941,35.21480971
금정구,호텔 라찌,여관업,영업/정상,영업,199807,,부산광역시 금정구 중앙대로1763번길 36-18 (부곡동),,129.0911702,35.24258511
금정구,호텔 프렌치코드,여관업,영업/정상,영업,200304,,부산광역시 금정구 중앙대로1805번길 16 (구서동),,129.09228038,35.24488568
금정구,호텔빙고,일반호텔,영업/정상,영업,199508,,부산광역시 금정구 서부로4번길 16 (서동),,129.10566847,35.21528531
금정구,호텔캔들,여관업,영업/정상,영업,200006,,부산광역시 금정구 금정로231번길 8 (구서동),,129.09046135,35.24491885
금정구,가이스모텔,여관업,폐업,폐업,199003,201412,부산광역시 금정구 식물원로27번길 9 (장전동),,,
금정구,거성여관,여관업,폐업,폐업,197506,200812,,,129.08606548,35.22368297
금정구,계림여인숙,여인숙업,폐업,폐업,197005,201807,,,,
금정구,구서여관,여관업,폐업,폐업,197712,200511,,,129.09102968,35.2483007
금정구,국일여관,여관업,폐업,폐업,198112,200511,,,129.1021884,35.21398356
금정구,그랜드모텔,여관업,폐업,폐업,199006,202206,부산광역시 금정구 서동로194번길 12 (서동),,129.10704719,35.21380029
금정구,그린비치,여관업,폐업,폐업,199703,200608,,,129.08328432,35.22393056
금정구,글로리,여관업,폐업,폐업,199506,200106,,,129.09090024,35.25678758
금정구,금강장여관,여관업,폐업,폐업,197306,200904,,,129.09141629,35.22388265
금정구,금성여인숙,여인숙업,폐업,폐업,196806,202001,부산광역시 금정구 금강로 185 (장전동),,129.08196351,35.22504292
금정구,금오별장,여관업,폐업,폐업,199503,202301,부산광역시 금정구 서동로194번길 7 (서동),,129.1074347,35.21390659
금정구,기찰탕여관,여관업,폐업,폐업,197307,201811,부산광역시 금정구 무학송로 79 (부곡동),,129.09294701,35.238361
금정구,꿈의궁전,여관업,폐업,폐업,200008,200204,,,129.10689923,35.21330587
금정구,나이스별장,여관업,폐업,폐업,199602,201207,부산광역시 금정구 식물원로 31 (장전동),,129.0848001,35.22451804
금정구,낙원빌,숙박업(생활),폐업,폐업,198606,201707,부산광역시 금정구 중앙대로1929번길 8-3 (구서동),,129.09066272,35.25675474
금정구,남광여인숙,여인숙업,폐업,폐업,197105,201404,부산광역시 금정구 식물원로17번길 20 (장전동),,129.08579703,35.22357369
금정구,녹원장여관,여관업,폐업,폐업,198009,200610,,,129.09168958,35.25763704
금정구,덕산여관,여관업,폐업,폐업,199506,200006,,,129.10667904,35.21339942
금정구,덕성여관,여관업,폐업,폐업,198403,200511,,,129.10198458,35.21693111
금정구,도연장,여관업,폐업,폐업,197912,200511,,,129.10915385,35.21538713
금정구,동남여인숙,여인숙업,폐업,폐업,197306,200511,,,129.08307518,35.22681028
금정구,동림여인숙,여인숙업,폐업,폐업,197105,201712,부산광역시 금정구 부곡로 15-3 (부곡동),,129.08693031,35.21825745
금정구,동산여인숙,여인숙업,폐업,폐업,197006,201612,,,,
금정구,동상장여관,여관업,폐업,폐업,198403,200511,,,129.10367741,35.2149204
금정구,동성여인숙,여인숙업,폐업,폐업,197107,200308,,,129.08576021,35.21844633
금정구,동성여인숙,여인숙업,폐업,폐업,197107,201303,부산광역시 금정구 온천장로 144 (장전동),,129.08562954,35.22333806
금정구,동신여인숙,여인숙업,폐업,폐업,196909,200506,,,,
금정구,동신여인숙,여인숙업,폐업,폐업,197007,200705,,,,
금정구,동아여인숙,여인숙업,폐업,폐업,197106,201605,부산광역시 금정구 부곡로18번안길 43 (부곡동),,129.08883022,35.22014849
금정구,동원여인숙,여인숙업,폐업,폐업,196811,201605,부산광역시 금정구 서동로112번길 8 (서동),,129.09881428,35.21609506
금정구,동진여관,여관업,폐업,폐업,198201,201205,부산광역시 금정구 서동중심로 57 (서동),,129.10313664,35.21400447
금정구,동창여인숙,여인숙업,폐업,폐업,197310,201808,,,,
금정구,동춘장,여관업,폐업,폐업,198109,200312,,,129.10368829,35.21461857
금정구,동평장,여관업,폐업,폐업,198612,201709,부산광역시 금정구 식물원로 63-15 (장전동),,129.08179836,35.22501536
금정구,동화장,여관업,폐업,폐업,199308,200105,,,129.08505759,35.22419847
금정구,로즈모텔,여관업,폐업,폐업,200211,200211,,,,
금정구,로즈빌,숙박업(생활),폐업,폐업,198802,201809,부산광역시 금정구 중앙대로1541번길 8 (장전동),,,
금정구,마모텔,여관업,폐업,폐업,199812,202206,부산광역시 금정구 서동로194번길 8 (서동),,129.10709773,35.21395569
금정구,명성여인숙,여인숙업,폐업,폐업,197005,200511,,,129.08530983,35.22844003
금정구,목란장,여관업,폐업,폐업,198501,202301,부산광역시 금정구 서동로 197-1 (서동),,129.10826043,35.21433186
금정구,목련장,여관업,폐업,폐업,199011,200612,,,129.09049236,35.25662075
금정구,목화장,여관업,폐업,폐업,198708,202212,부산광역시 금정구 중앙대로1945번길 9 (구서동),,129.09063616,35.25774258
금정구,문화여관,여관업,폐업,폐업,198109,200403,,,,
금정구,미성여관,여관업,폐업,폐업,197812,200511,,,129.09201356,35.23842263
금정구,백조장여관,여관업,폐업,폐업,198303,202002,부산광역시 금정구 금강로 759 (청룡동),,129.08863408,35.27522259
금정구,벨리모텔,여관업,폐업,폐업,198309,201502,부산광역시 금정구 식물원로9번길 23 (장전동),,,
금정구,부곡여인숙,여인숙업,폐업,폐업,197011,200607,,,,
금정구,부산여관,여관업,폐업,폐업,198102,200511,,,129.11706095,35.21638291
금정구,부산여인숙,여인숙업,폐업,폐업,197305,201209,부산광역시 금정구 장전로 16-1 (장전동),,129.08697956,35.2280624
금정구,산록장여관,여관업,폐업,폐업,198312,200511,,,129.09097435,35.25984162
금정구,산호여관,여관업,폐업,폐업,198011,200511,,,129.11197969,35.21980084
금정구,삼광여인숙,여인숙업,폐업,폐업,197612,201310,부산광역시 금정구 중앙대로1531번길 22 (장전동),,129.08581945,35.222172
금정구,삼성여인숙,여인숙업,폐업,폐업,197203,202501,부산광역시 금정구 서동로 145-7 (서동),,129.10222531,35.21540074
금정구,삼오여관,여관업,폐업,폐업,197811,200605,,,,
금정구,삼오장여관,여관업,폐업,폐업,198011,201003,,,129.11324416,35.22069111
금정구,삼호여관,여관업,폐업,폐업,198111,201708,부산광역시 금정구 수림로50번길 6 (장전동),,129.08708401,35.24024592
금정구,삼호장,여관업,폐업,폐업,198512,200404,,,129.0832213,35.22373878
금정구,삼화장여관,여관업,폐업,폐업,197712,200511,,,129.10950063,35.21626055
금정구,서동여인숙,여인숙업,폐업,폐업,197111,201411,부산광역시 금정구 서부로 31-2 (서동),,129.10244044,35.21656774
금정구,서동온천,여관업,폐업,폐업,198112,202301,부산광역시 금정구 서동시장뒷길 13,,129.10248029,35.21552446
금정구,서울여인숙,여인숙업,폐업,폐업,197002,200803,,,129.09480692,35.21791359
금정구,쇼모텔,여관업,폐업,폐업,200402,202207,부산광역시 금정구 금정로237번길 14 (구서동),,129.0917139,35.24605546
금정구,수림여관,여관업,폐업,폐업,198301,201404,부산광역시 금정구 금강로468번길 26 (구서동),,129.08933131,35.2484816
금정구,수정모텔,여관업,폐업,폐업,198604,200412,,,129.08482106,35.22246415
금정구,수정여관,여관업,폐업,폐업,197208,200205,,,129.1002322,35.21733009
금정구,쉼터장여관,여관업,폐업,폐업,198508,200112,,,129.09007274,35.22720643
금정구,신진여인숙,여인숙업,폐업,폐업,196805,200912,,,,
금정구,아레스모텔,여관업,폐업,폐업,200310,201808,부산광역시 금정구 온천장로125번길 28-14 (장전동),,129.08448353,35.22334836
금정구,약수여관,여관업,폐업,폐업,197305,200803,,,129.09311553,35.24058004
금정구,에스플러스,여관업,폐업,폐업,198704,201801,부산광역시 금정구 무학송로 125 (부곡동),,129.09359184,35.24232321
금정구,우보,숙박업(생활),폐업,폐업,198505,202511,부산광역시 금정구 금강로 167 (장전동),,129.08139608,35.22360589
금정구,월드빌모텔,여관업,폐업,폐업,200106,201612,부산광역시 금정구 식물원로27번길 8 (장전동),,129.08505759,35.22419847
금정구,이화여인숙,여인숙업,폐업,폐업,196812,201407,부산광역시 금정구 장전로18번길 5 (장전동),,129.08692531,35.22825836
금정구,자연장,여관업,폐업,폐업,200403,200605,,,129.10700807,35.21232654
금정구,자연장,여관업,폐업,폐업,198807,200205,,,129.10700807,35.21232654
금정구,장전여관,여관업,폐업,폐업,198107,201410,부산광역시 금정구 수림로 50 (장전동),,129.08706098,35.24016963
금정구,정화여인숙,여인숙업,폐업,폐업,197202,200812,,,129.08656125,35.23323915
금정구,제일여인숙,여인숙업,폐업,폐업,197304,202301,부산광역시 금정구 서동시장뒷길 43 (서동),,129.10213091,35.2165973
금정구,조이(JOY)케스트하우스,여관업,폐업,폐업,198509,202311,부산광역시 금정구 반송로 414-1 (금사동),,129.10941372,35.21399411
금정구,조일여인숙,여인숙업,폐업,폐업,197301,200312,,,129.09236588,35.27343677
금정구,진주여인숙,여인숙업,폐업,폐업,197002,201803,,,,
금정구,청림여인숙,여인숙업,폐업,폐업,197109,200511,,,129.07436456,35.27989546
금정구,청림장여관,여관업,폐업,폐업,199612,201104,부산광역시 금정구 서동로186번길 7 (서동),,129.10672863,35.21391473
금정구,청와장,여관업,폐업,폐업,200107,200806,,,129.07405424,35.28079503
금정구,청화장,여관업,폐업,폐업,198908,200310,,,129.08437429,35.22319963
금정구,카카오호텔,여관업,폐업,폐업,200303,202205,부산광역시 금정구 금정로 236 (구서동),,129.0914521,35.24438922
금정구,타임모텔,여관업,폐업,폐업,199711,201801,부산광역시 금정구 금정로231번길 2 (구서동),,129.09067768,35.24479142
금정구,태흥여관,여관업,폐업,폐업,198111,200404,,,129.10477281,35.21443383
금정구,토토하우스,여관업,폐업,폐업,198404,201104,,,129.08490097,35.22425913
금정구,파크모텔,숙박업(생활),폐업,폐업,198807,201809,부산광역시 금정구 중앙대로1930번길 9 (구서동),,129.09209007,35.25667928
금정구,팔레스모텔,여관업,폐업,폐업,198111,201612,부산광역시 금정구 남산냇길 121 (청룡동),,129.08865693,35.27711025
금정구,풍년여인숙,여인숙업,폐업,폐업,197108,200511,,,129.08558425,35.22836003
금정구,프린스모텔,여관업,폐업,폐업,198907,201706,부산광역시 금정구 두실로7번길 81 (구서동),,129.09049096,35.25675102
금정구,프린스별장,여관업,폐업,폐업,198110,201008,,,129.08846831,35.2764569
금정구,플러스힐,숙박업(생활),폐업,폐업,199701,201509,부산광역시 금정구 식물원로9번길 17 (장전동),,,
금정구,하트모텔,여관업,폐업,폐업,198111,201105,,,129.08978092,35.27575367
금정구,하트빌,숙박업(생활),폐업,폐업,198908,202410,부산광역시 금정구 온천장로125번길 28-18 (장전동),,129.08447453,35.22353396
금정구,한라장,여관업,폐업,폐업,197711,201112,,,129.11311081,35.2154097
금정구,한림장,여관업,폐업,폐업,198811,201209,,,,
금정구,현대장,여관업,폐업,폐업,199003,201412,부산광역시 금정구 식물원로27번길 7 (장전동),,,
금정구,호텔시카고,여관업,폐업,폐업,198801,202206,부산광역시 금정구 중앙대로1929번길 8-16 (구서동),,129.09086913,35.25724794
금정구,화인하우스,숙박업(생활),폐업,폐업,199511,201607,부산광역시 금정구 중앙대로1805번길 32 (구서동),,129.09171733,35.24432369
금정구,힐튼빌,숙박업(생활),폐업,폐업,199107,201701,부산광역시 금정구 온천장로125번길 28-22 (장전동),,129.08472118,35.22355859
기장군,(주)동부산온천호텔,관광호텔,영업/정상,영업,200708,,부산광역시 기장군 장안읍 장안로 38,,129.25317157,35.34332601
기장군,2PM호텔,여관업,영업/정상,영업,199605,,부산광역시 기장군 기장읍 차성로 371,,129.21371857,35.25073314
기장군,MVG모텔,여관업,영업/정상,영업,199511,,부산광역시 기장군 기장읍 기장해안로 438,,129.22203573,35.2140159
기장군,고움료칸호텔 기장점,일반호텔,영업/정상,영업,201112,,부산광역시 기장군 정관읍 산단1로 98-41,,129.18210695,35.31609648
기장군,골든베이,숙박업(생활),영업/정상,영업,199706,,"부산광역시 기장군 기장읍 기장해안로 536, 1~2층",,129.22703004,35.22123916
기장군,기장 일광 더뮤즈호텔 앤 레지던스,숙박업(생활),영업/정상,영업,202112,,"부산광역시 기장군 일광읍 해송3로 4, 1~11층",,129.2305988,35.26574569
기장군,기장테마모텔,여관업,영업/정상,영업,200510,,부산광역시 기장군 기장읍 차성동로45번길 26,,129.21511278,35.24199752
기장군,기장호텔,여관업,영업/정상,영업,201601,,부산광역시 기장군 기장읍 차성남로 57,,129.21447453,35.24139662
기장군,기장힐,여관업,영업/정상,영업,199412,,부산광역시 기장군 기장읍 차성로404번길 14,,129.2144715,35.2529672
기장군,꿈의궁전,여관업,영업/정상,영업,199703,,부산광역시 기장군 기장읍 기장해안로 546,,129.22705462,35.22212728
기장군,넘버25호텔(No25Hotel),여관업,영업/정상,영업,199410,,부산광역시 기장군 기장읍 차성로 390,,129.21425509,35.25230159
기장군,넘버이십오(기장 연화리점),여관업,영업/정상,영업,199905,,부산광역시 기장군 기장읍 연화길 64,,129.22643557,35.21921849
기장군,뉴시즈 오시리아 레지던스,숙박업(생활),영업/정상,영업,202309,,"부산광역시 기장군 기장읍 동부산관광7로 17, 오시리아 스위첸 마티에 101~104동 86개호",,129.21425754,35.18902891
기장군,늘봄모텔,여관업,영업/정상,영업,198812,,부산광역시 기장군 일광읍 삼성3길 53-3,,129.23401237,35.26585402
기장군,더비치하우스,숙박업 기타,영업/정상,영업,202408,,부산광역시 기장군 장안읍 해맞이로 250-64,,129.26729052,35.32155778
기장군,더원호텔,여관업,영업/정상,영업,201701,,"부산광역시 기장군 정관읍 산단2로 31-4, 1~3층",,129.18432191,35.31643914
기장군,더클럽호텔(기장연화리점),관광호텔,영업/정상,영업,202207,,"부산광역시 기장군 기장읍 연화길 78, 지하1층~지상11층",,129.22706277,35.22055911
기장군,덴 바스타,여관업,영업/정상,영업,201203,,부산광역시 기장군 정관읍 산단2로 31-38,,129.18247315,35.31612236
기장군,드림호텔,숙박업 기타,영업/정상,영업,202603,,부산광역시 기장군 기장읍 차성로 398,,129.21438532,35.25302734
기장군,루이스호텔,여관업,영업/정상,영업,199511,,부산광역시 기장군 기장읍 차성동로45번길 13,,129.21575094,35.24168351
기장군,르컬렉티브 부산기장,숙박업(생활),영업/정상,영업,202205,,"부산광역시 기장군 기장읍 동부산관광7로 17, 오시리아 스위첸 마티에 101~104동 61개호",,129.21425754,35.18902891
기장군,마티에 오시리아,숙박업(생활),영업/정상,영업,202206,,"부산광역시 기장군 기장읍 동부산관광7로 17, 오시리아 스위첸 마티에 105동 1-24층 200호",,129.21425754,35.18902891
기장군,메르벨르A,숙박업(생활),영업/정상,영업,202302,,"부산광역시 기장군 일광읍 장곡길 83-10, B1,1,2,3,4층",,129.2490638,35.30413255
기장군,메르벨르B,숙박업(생활),영업/정상,영업,202302,,"부산광역시 기장군 일광읍 장곡길 83-12, 1,2,3,4층",,129.24889609,35.30400908
기장군,문베이,숙박업(생활),영업/정상,영업,202402,,부산광역시 기장군 일광읍 기장해안로 1322,,129.23341485,35.26173254
기장군,베스트루이스해밀턴호텔 기장점(BEST LOUIS HAMILTON HOTEL),일반호텔,영업/정상,영업,199012,,부산광역시 기장군 기장읍 반송로 1545,,129.20956665,35.24948973
기장군,베스트루이스해밀턴호텔 오션테라스,관광호텔,영업/정상,영업,202203,,부산광역시 기장군 기장읍 연화1길 27,,129.22233758,35.21381767
기장군,뷰모텔,여관업,영업/정상,영업,199201,,부산광역시 기장군 기장읍 연화길 76,,129.22725309,35.22041965
기장군,브라운도트 기장역점,여관업,영업/정상,영업,199703,,부산광역시 기장군 기장읍 반송로 1523,,129.20819364,35.25146897
기장군,브라운도트호텔,관광호텔,영업/정상,영업,201610,,"부산광역시 기장군 정관읍 산단1로 98-31, 1~8층",,129.18170893,35.3160871
기장군,브라운도트호텔 일광해수욕장점,일반호텔,영업/정상,영업,199506,,부산광역시 기장군 일광읍 일역길 95-3,,129.23153871,35.2620219
기장군,브라운도트호텔(기장연화리점),여관업,영업/정상,영업,200808,,부산광역시 기장군 기장읍 연화길 46-5,,129.22575084,35.21788841
기장군,브룩스호텔,일반호텔,영업/정상,영업,200303,,부산광역시 기장군 기장읍 차성로 371,,129.21371857,35.25073314
기장군,비우담,숙박업(생활),영업/정상,영업,202407,,"부산광역시 기장군 장안읍 해맞이로 336, 비우담 전체동",,129.27447629,35.32462297
기장군,빌라드연화,숙박업(생활),영업/정상,영업,202107,,"부산광역시 기장군 기장읍 연화1길 21, 3,4층",,129.22204868,35.21347149
기장군,빌라쥬드 아난티 빌라동,휴양콘도미니엄업,영업/정상,영업,202307,,"부산광역시 기장군 기장읍 기장해안로 267-17, 스프링하우스맨션, 풀하우스맨션, 매너하우스 1-3층",,129.22001265,35.20210076
기장군,빌라쥬드 아난티 클리퍼,휴양콘도미니엄업,영업/정상,영업,202307,,"부산광역시 기장군 기장읍 기장해안로 267-7, A,B,C,D동 지하1-지상12층",,129.22179835,35.19875968
기장군,세븐브릭스호텔,일반호텔,영업/정상,영업,201208,,"부산광역시 기장군 정관읍 구연4로 20 ((3,4,5층))",,129.18033494,35.32183348
기장군,소유 오시리아,숙박업(생활),영업/정상,영업,202506,,"부산광역시 기장군 기장읍 동부산관광7로 17, 오시리아 스위첸 마티에 101~104동 30개호",,129.21425754,35.18902891
기장군,쉼표모텔,여관업,영업/정상,영업,199708,,부산광역시 기장군 일광읍 삼성1길 13,,129.23460494,35.26475236
기장군,스테이화가,숙박업(생활),영업/정상,영업,199508,,부산광역시 기장군 기장읍 연화길 10,,129.22318245,35.21535509
기장군,스테이화양연화,숙박업(생활),영업/정상,영업,202505,,"부산광역시 기장군 기장읍 기장해안로 494-3, 로투스하우스",,129.2246203,35.21830097
기장군,씨앤트리,숙박업(생활),영업/정상,영업,202301,,"부산광역시 기장군 일광읍 일광로 808, 3,4층 201,301,302호",,129.26144541,35.31283966
기장군,아난티 앳 부산 빌라쥬,관광호텔,영업/정상,영업,202307,,"부산광역시 기장군 기장읍 기장해안로 267-17, 아난티 앳 부산 1-12층",,129.22001265,35.20210076
기장군,아난티 앳 부산 코브 호텔,관광호텔,영업/정상,영업,201706,,"부산광역시 기장군 기장읍 기장해안로 268-32, 2층~10층",,129.22836538,35.19785566
기장군,아난티펜트하우스해운대,숙박업(생활),영업/정상,영업,201705,,"부산광역시 기장군 기장읍 기장해안로 268-31, 지하3~지상10층",,129.22865774,35.19958999
기장군,어베인(URBANE pool villa),숙박업(생활),영업/정상,영업,201908,,"부산광역시 기장군 일광읍 일역길 78-1, 3~7층",,129.23297046,35.26125201
기장군,에이치에비뉴 기장일광점,관광호텔,영업/정상,영업,202304,,"부산광역시 기장군 일광읍 해송4로 3, 지하1층~지상15층층",,129.23088533,35.26566735
기장군,에이치에비뉴(H-AVENUE) 정관점,숙박업 기타,영업/정상,영업,201202,,부산광역시 기장군 정관읍 산단2로 31-24,,129.1832115,35.31617539
기장군,엘모멘토 오시리아,숙박업(생활),영업/정상,영업,202205,,"부산광역시 기장군 기장읍 동부산관광7로 17, 오시리아 스위첸 마티에 101~104동 51개호",,129.21425754,35.18902891
기장군,연화리330호텔&풀빌라,숙박업(생활),영업/정상,영업,202006,,"부산광역시 기장군 기장읍 기장해안로 460, 1~7(2층제외)층",,129.22300112,35.21560608
기장군,오데이즈 오시리아 레지던스,숙박업(생활),영업/정상,영업,202404,,"부산광역시 기장군 기장읍 동부산관광7로 17, 오시리아 스위첸 마티에 101~104동 33개호",,129.21425754,35.18902891
기장군,오션스위트,숙박업(생활),영업/정상,영업,202607,,"부산광역시 기장군 일광읍 삼성3길 7, 1-2층",,129.23353393,35.26229214
기장군,오실라,숙박업(생활),영업/정상,영업,202304,,"부산광역시 기장군 기장읍 동부산관광7로 17, 오시리아 스위첸 마티에 101~104동 53개호",,129.21425754,35.18902891
기장군,올리브모텔,여관업,영업/정상,영업,198607,,부산광역시 기장군 기장읍 대변로 20,,129.21854867,35.23415113
기장군,와이컬렉션 by UH FLAT 오시리아,숙박업(생활),영업/정상,영업,202212,,"부산광역시 기장군 기장읍 동부산관광7로 17, 오시리아 스위첸 마티에 101~104동 99개호",,129.21425754,35.18902891
기장군,이데아호텔,여관업,영업/정상,영업,199505,,부산광역시 기장군 기장읍 차성로 403,,129.21431858,35.25365479
기장군,이제 부산,관광호텔,영업/정상,영업,202308,,"부산광역시 기장군 기장읍 연화길 70, 1~8층",,129.22674553,35.21977642
기장군,조인장모텔,여관업,영업/정상,영업,198008,,부산광역시 기장군 기장읍 차성동로 52-14,,129.21735408,35.24223651
기장군,주식회사 케니스테이부산기장,일반호텔,영업/정상,영업,202110,,부산광역시 기장군 기장읍 차성남로51번길 26,,129.21580706,35.24261046
기장군,죽성여인숙,여인숙업,영업/정상,영업,199701,,부산광역시 기장군 기장읍 두호길 31,,129.24712278,35.24070288
기장군,지앤지(G&G)모텔,여관업,영업/정상,영업,199507,,부산광역시 기장군 기장읍 기장해안로 442,,129.22222048,35.21427527
기장군,짱모텔,여관업,영업/정상,영업,199509,,부산광역시 기장군 기장읍 차성로 375,,129.21374192,35.25112442
기장군,초콜릿,여관업,영업/정상,영업,199405,,부산광역시 기장군 기장읍 연화길 32,,129.22513478,35.21653004
기장군,카이브 기장일광점,숙박업(생활),영업/정상,영업,202311,,"부산광역시 기장군 일광읍 삼성3길 7, 3,4층",,129.23353393,35.26229214
기장군,캐슬모텔,여관업,영업/정상,영업,200303,,부산광역시 기장군 일광읍 삼성1길 5-7,,129.23374158,35.26490297
기장군,큐모텔,여관업,영업/정상,영업,199512,,부산광역시 기장군 기장읍 차성로 370,,129.2141596,35.25056955
기장군,큐모텔,여관업,영업/정상,영업,201011,,부산광역시 기장군 일광읍 일광로 88-1,,129.23332646,35.26410484
기장군,타이드어웨이풀빌라,숙박업(생활),영업/정상,영업,202006,,"부산광역시 기장군 기장읍 기장해안로 26, 지하1~지상4층",,129.20849292,35.18218526
기장군,테라시아 펜션(부산펜션),숙박업(생활),영업/정상,영업,202009,,부산광역시 기장군 일광읍 기장해안로 1309-4,,129.23318112,35.26081309
기장군,하루연화,숙박업(생활),영업/정상,영업,202510,,"부산광역시 기장군 기장읍 연화2길 6, 3층",,129.22552555,35.21697531
기장군,하운드 오시리아점,일반호텔,영업/정상,영업,200211,,부산광역시 기장군 기장읍 기장대로413번길 32,,129.21525873,35.23491229
기장군,하운드기장일광,관광호텔,영업/정상,영업,202010,,부산광역시 기장군 일광읍 해송3로 2,,129.23051551,35.2655332
기장군,하운드호텔 정관,일반호텔,영업/정상,영업,202207,,부산광역시 기장군 정관읍 산단1로 98-11,,129.18063395,35.3162276
기장군,하이바이풀빌라,숙박업(생활),영업/정상,영업,202406,,"부산광역시 기장군 장안읍 반룡로 276, 1~7동",,129.27109528,35.33584294
기장군,해변여관,여관업,영업/정상,영업,198906,,부산광역시 기장군 일광읍 삼성3길 27,,129.23448919,35.26403528
기장군,해운대비치골프앤리조트,휴양콘도미니엄업,영업/정상,영업,201910,,"부산광역시 기장군 기장읍 대변로 74, 해운대비치골프앤리조트",,,
기장군,헤이데이호텔,여관업,영업/정상,영업,199607,,부산광역시 기장군 기장읍 반송로 1547,,129.20971931,35.24928854
기장군,헤이든 풀빌라,숙박업(생활),영업/정상,영업,202312,,"부산광역시 기장군 일광읍 문오성길 22, 1,2,3층",,129.25666617,35.28256975
기장군,호시카게료칸호텔,일반호텔,영업/정상,영업,200306,,부산광역시 기장군 기장읍 대변로 133,,129.22705045,35.22719495
기장군,호텔 공감공간 오시리아점,숙박업(생활),영업/정상,영업,202509,,"부산광역시 기장군 기장읍 동부산관광7로 17, 오시리아 스위첸 마티에 101~104동 38개호",,129.21425754,35.18902891
기장군,호텔다온,여관업,영업/정상,영업,201304,,"부산광역시 기장군 정관읍 구연4로 12 (해오름프라자 3,4,5층)",,129.17998934,35.32121599
기장군,호텔라움,여관업,영업/정상,영업,201607,,부산광역시 기장군 정관읍 산단1로 98-17,,129.18097001,35.31609873
기장군,호텔리안,여관업,영업/정상,영업,199408,,부산광역시 기장군 기장읍 차성로 367,,129.21369801,35.25040987
기장군,호텔썸,여관업,영업/정상,영업,201203,,부산광역시 기장군 정관읍 산단1로 98-25,,129.18138404,35.31608684
기장군,호텔여기어때 정관점,여관업,영업/정상,영업,201203,,부산광역시 기장군 정관읍 산단2로 31-32,,129.18287569,35.31615424
기장군,호텔오월로,여관업,영업/정상,영업,199312,,부산광역시 기장군 기장읍 차성로 365,,129.21362248,35.2501253
기장군,호텔오즈,여관업,영업/정상,영업,199402,,부산광역시 기장군 기장읍 기장해안로 530,,129.22716018,35.22080698
기장군,호텔페오,여관업,영업/정상,영업,199605,,부산광역시 기장군 기장읍 차성로 397,,129.21398146,35.25321123
기장군,휴모텔,여관업,영업/정상,영업,200411,,부산광역시 기장군 기장읍 대청로72번길 24-8,,129.21549198,35.23481408
기장군,흘로 부산(Hlow Busan),숙박업(생활),영업/정상,영업,202402,,부산광역시 기장군 기장읍 대변3길 11,,129.23140086,35.22317272
기장군,(주)서영스테이 빕스지점,여관업,폐업,폐업,199412,201912,부산광역시 기장군 기장읍 연화길 78,,129.22706277,35.22055911
기장군,경원장여관,여관업,폐업,폐업,198704,199809,,,,
기장군,길천여인숙,여인숙업,폐업,폐업,197702,201602,부산광역시 기장군 장안읍 길천길 35,,129.28274007,35.32689947
기장군,달음여인숙,여인숙업,폐업,폐업,197405,200412,,,129.24380401,35.31340128
기장군,동래여인숙,여인숙업,폐업,폐업,197403,201212,부산광역시 기장군 장안읍 길천길 47-8,,129.28371699,35.32689719
기장군,드림모텔,여관업,폐업,폐업,199412,202601,부산광역시 기장군 기장읍 차성로 398,,129.21438532,35.25302734
기장군,라보모텔,여관업,폐업,폐업,199505,200908,,,,
기장군,로얄여관,여관업,폐업,폐업,199401,200310,,,,
기장군,머무름N오시리아,숙박업(생활),폐업,폐업,202209,202402,"부산광역시 기장군 기장읍 동부산관광7로 17, 오시리아 스위첸 마티에 1~4동 2~26층 36호",,129.21425754,35.18902891
기장군,명성장여관,여관업,폐업,폐업,198401,202103,부산광역시 기장군 일광읍 삼성3길 55-1,,129.23390059,35.26602723
기장군,몽블랑,여관업,폐업,폐업,199602,202604,부산광역시 기장군 일광읍 삼성1길 6,,129.23363167,35.2644677
기장군,백조장여관,여관업,폐업,폐업,198703,201412,,,,
기장군,보광장,여관업,폐업,폐업,200703,200705,,,129.21879137,35.23505362
기장군,보광장황토여관,여관업,폐업,폐업,199203,200609,,,129.21879137,35.23505362
기장군,복천여관,여관업,폐업,폐업,197312,200910,,,,
기장군,부산여인숙,여인숙업,폐업,폐업,197011,201001,,,129.23416115,35.26360151
기장군,부산여인숙,여인숙업,폐업,폐업,200005,200503,,,129.21434699,35.24367105
기장군,브이아이피여관,여관업,폐업,폐업,199502,201012,,,129.21220003,35.24855992
기장군,비너스,여관업,폐업,폐업,198411,201712,부산광역시 기장군 기장읍 대변로 32,,129.21909191,35.23313747
기장군,비취여관,여관업,폐업,폐업,199510,200611,,,129.22631992,35.21912131
기장군,산장여관,여관업,폐업,폐업,198709,200601,,,,
기장군,서울여인숙,여인숙업,폐업,폐업,197004,200707,,,129.28875738,35.3285448
기장군,송정여인숙,여인숙업,폐업,폐업,197211,201001,,,129.11121906,35.30543923
기장군,수빈모텔,여관업,폐업,폐업,199412,201112,,,129.2151442,35.24979366
기장군,스테이오,숙박업(생활),폐업,폐업,202206,202411,"부산광역시 기장군 기장읍 동부산관광7로 17, 오시리아 스위첸 마티에 1-4동 2-26층 34호",,129.21425754,35.18902891
기장군,신라별장,여관업,폐업,폐업,198611,200605,,,,
기장군,신성여인숙,여인숙업,폐업,폐업,197409,201201,,,,
기장군,신화장여관,여관업,폐업,폐업,199903,200912,,,129.28277455,35.32970744
기장군,신흥여인숙,여인숙업,폐업,폐업,197206,199710,,,,
기장군,아크로오시리아,숙박업(생활),폐업,폐업,202309,202309,"부산광역시 기장군 기장읍 동부산관광7로 17, 오시리아 스위첸 마티에 101~104동 2~26층 30개호",,129.21425754,35.18902891
기장군,에메랄드모텔,여관업,폐업,폐업,199305,201503,부산광역시 기장군 일광읍 이화로 14,,129.23407897,35.2676929
기장군,오시리아 위더스오션,숙박업(생활),폐업,폐업,202205,202310,"부산광역시 기장군 기장읍 동부산관광7로 17, 오시리아 스위첸 마티에 101~104동 3~26층 29개호",,129.21425754,35.18902891
기장군,오타와모텔,여관업,폐업,폐업,199801,201011,,,129.23332646,35.26410484
기장군,온천여관,여관업,폐업,폐업,198209,201108,,,129.21447453,35.24139662
기장군,유미여인숙,여인숙업,폐업,폐업,197712,200605,,,129.27756833,35.32717878
기장군,유토피아여관,여관업,폐업,폐업,199504,200407,,,,
기장군,이화장모텔,여관업,폐업,폐업,198901,202005,부산광역시 기장군 기장읍 기장해안로 560-5,,129.22690661,35.22366173
기장군,일광여관,여관업,폐업,폐업,198409,200410,,,,
기장군,제일여관,여관업,폐업,폐업,197403,200505,,,129.21781565,35.24214556
기장군,좌천여인숙,여인숙업,폐업,폐업,197309,201212,부산광역시 기장군 장안읍 좌천로 40-5,,129.24371261,35.31173975
기장군,카리브,여관업,폐업,폐업,200304,201003,,,129.21915012,35.24135248
기장군,팔레스,여관업,폐업,폐업,198912,202404,부산광역시 기장군 기장읍 대변로 24,,129.21872768,35.23384312
기장군,풍차여인숙,여인숙업,폐업,폐업,197403,200910,,,129.28371699,35.32689719
기장군,프린스모텔,여관업,폐업,폐업,198808,201307,부산광역시 기장군 기장읍 기장대로 472,,129.21901861,35.23721166
기장군,필(feel)모텔,여관업,폐업,폐업,199507,202201,부산광역시 기장군 기장읍 연화길 28,,129.22491879,35.21619559
기장군,필여관,여관업,폐업,폐업,199405,201005,,,129.22194425,35.21377777
기장군,햇님여인숙,여인숙업,폐업,폐업,197211,199704,,,129.28705437,35.33059158
기장군,화성여인숙,여인숙업,폐업,폐업,196704,199903,,,129.28378794,35.32723734
기장군,황금여인숙,여인숙업,폐업,폐업,197206,199807,,,,
남구,UV모텔,숙박업 기타,영업/정상,영업,199612,,부산광역시 남구 유엔평화로4번길 6 (대연동),,129.09147454,35.13464931
남구,가든장,숙박업 기타,영업/정상,영업,198701,,부산광역시 남구 용호로 208-1 (용호동),,129.11078785,35.1136917
남구,그랜드 모텔,숙박업 기타,영업/정상,영업,199712,,부산광역시 남구 수영로13번길 6-11 (문현동),,129.07000334,35.13750131
남구,그랜디스 호텔,숙박업 기타,영업/정상,영업,200203,,부산광역시 남구 남동천로 6 (문현동),,129.06669192,35.13753804
남구,낙원모텔,여관업,영업/정상,영업,199509,,부산광역시 남구 수영로13번길 6-17 (문현동),,129.0702694,35.13757852
남구,남일 여인숙,숙박업 기타,영업/정상,영업,197202,,부산광역시 남구 못골로 92-1 (대연동),,129.09217545,35.13561767
남구,넘버25호텔,숙박업 기타,영업/정상,영업,200405,,부산광역시 남구 용호로 156-1 (용호동),,129.11131208,35.11850362
남구,노블레스,숙박업 기타,영업/정상,영업,200401,,부산광역시 남구 용호로 158-1 (용호동),,129.11115262,35.11827408
남구,대연 비지니스 호텔 더 그랑(DAEYEON BUSINESS HOTEL THE GRANG),일반호텔,영업/정상,영업,199305,,부산광역시 남구 유엔평화로3번길 33 (대연동),,129.0937203,35.13475614
남구,대연그랜디스호텔,일반호텔,영업/정상,영업,200308,,부산광역시 남구 수영로219번길 12-8 (대연동),,129.09088016,35.13549134
남구,대화장 여관,숙박업 기타,영업/정상,영업,198912,,부산광역시 남구 신선로301번길 26 (용당동),,129.09418578,35.11314048
남구,루이모텔,숙박업 기타,영업/정상,영업,197709,,"부산광역시 남구 유엔평화로4번길 74, 모텔루이 (대연동)",,129.08787301,35.1344582
남구,르이데아호텔,일반호텔,영업/정상,영업,201607,,부산광역시 남구 유엔평화로 35 (대연동),,129.09242014,35.13190202
남구,리베모텔,숙박업 기타,영업/정상,영업,199803,,부산광역시 남구 못골로 90 (대연동),,129.09210329,35.13573937
남구,모텔 꿈,숙박업 기타,영업/정상,영업,199407,,부산광역시 남구 유엔평화로3번길 35 (대연동),,129.09389018,35.1347573
남구,문현 모텔,여관업,영업/정상,영업,197506,,부산광역시 남구 지게골로10번길 5 (문현동),,129.06853303,35.13546452
남구,뮤트호텔,숙박업 기타,영업/정상,영업,200110,,부산광역시 남구 수영로220번길 7 (대연동),,129.09076595,35.13462197
남구,버킹엄 모텔,숙박업 기타,영업/정상,영업,200406,,부산광역시 남구 용호로 170 (용호동),,129.11092135,35.11734357
남구,범일 여인숙,숙박업 기타,영업/정상,영업,197106,,부산광역시 남구 남동천로 56-6 (문현동),,129.06497706,35.14175894
남구,보나 쓰리 호텔(BONA THREE HOTEL),숙박업 기타,영업/정상,영업,200402,,부산광역시 남구 용호로 152-1 (용호동),,129.11140149,35.11876053
남구,보스코 호텔,숙박업 기타,영업/정상,영업,200210,,부산광역시 남구 못골로12번길 64 (대연동),,129.08736253,35.1353517
남구,브라운도트 호텔 대연점,일반호텔,영업/정상,영업,200203,,부산광역시 남구 수영로208번길 8 (대연동),,129.08928835,35.13453305
남구,브이모텔,숙박업 기타,영업/정상,영업,200410,,부산광역시 남구 자유평화로60번길 85 (문현동),,129.06712356,35.13772654
남구,블루 여관,숙박업 기타,영업/정상,영업,199807,,부산광역시 남구 수영로13번길 11 (문현동),,129.06952382,35.13771856
남구,산해모텔,숙박업 기타,영업/정상,영업,198509,,부산광역시 남구 수영로13번길 6-5 (문현동),,129.06972685,35.13741449
남구,서울모텔,숙박업 기타,영업/정상,영업,198710,,부산광역시 남구 용호로 129-6 (용호동),,129.11255097,35.12060707
남구,선샤인 하우스,숙박업 기타,영업/정상,영업,196504,,부산광역시 남구 전포대로 106-2 (문현동),,129.06712487,35.14623828
남구,성운장,여관업,영업/정상,영업,198106,,부산광역시 남구 용호로 202 (용호동),,129.11079542,35.11426344
남구,시그니처 덴바스타호텔(문현점),숙박업 기타,영업/정상,영업,200401,,부산광역시 남구 전포대로 5 (문현동),,129.0672017,35.13747381
남구,신라모텔,숙박업 기타,영업/정상,영업,198905,,부산광역시 남구 동명로132번길 15 (용호동),,129.11122458,35.11896754
남구,아데나호텔,숙박업 기타,영업/정상,영업,201212,,부산광역시 남구 동명로132번길 21 (용호동),,129.11108463,35.1187535
남구,아바니 센트럴 부산,관광호텔,영업/정상,영업,201905,,"부산광역시 남구 전포대로 133, 1,3,5,19~35,37층 (문현동)",,129.0654371,35.14827777
남구,아젤리아,숙박업 기타,영업/정상,영업,199911,,부산광역시 남구 유엔평화로4번길 54 (대연동),,129.08887137,35.13451143
남구,에이치에비뉴(H-AVENUE) 문현점,일반호텔,영업/정상,영업,201312,,부산광역시 남구 자유평화로60번길 90 (문현동),,129.0669196,35.13756144
남구,오륙도여관,숙박업 기타,영업/정상,영업,198206,,부산광역시 남구 신선로319번길 5 (용당동),,129.09499321,35.11421357
남구,용궁모텔,숙박업 기타,영업/정상,영업,198608,,부산광역시 남구 유엔로 140 (대연동),,129.09143284,35.12999517
남구,용당장 여관,숙박업 기타,영업/정상,영업,199012,,부산광역시 남구 신선로319번길 37 (용당동),,129.09429705,35.11326234
남구,우성빌,숙박업(생활),영업/정상,영업,198408,,부산광역시 남구 못골로 94-1 (대연동),,129.09257964,35.13562465
남구,원모텔,여관업,영업/정상,영업,198403,,부산광역시 남구 수영로219번길 12-4 (대연동),,129.09072094,35.13552804
남구,웰킨호텔,숙박업 기타,영업/정상,영업,200007,,부산광역시 남구 유엔평화로4번길 30 (대연동),,129.09017508,35.13457533
남구,은하모텔,숙박업 기타,영업/정상,영업,198203,,부산광역시 남구 용호로 98 (용호동),,129.11220336,35.12365375
남구,장미하우스,숙박업(생활),영업/정상,영업,200908,,부산광역시 남구 수영로250번길 11-5 (대연동),,129.0945114,35.13499914
남구,정성호텔,일반호텔,영업/정상,영업,200404,,부산광역시 남구 수영로13번길 9 (문현동),,129.06941129,35.13765934
남구,제트(Z)호텔,숙박업 기타,영업/정상,영업,199712,,부산광역시 남구 유엔평화로4번길 14 (대연동),,129.09099493,35.13461929
남구,케이(K)모텔,숙박업 기타,영업/정상,영업,199705,,부산광역시 남구 유엔평화로4번길 10 (대연동),,129.09132098,35.13464126
남구,코리아 호텔,일반호텔,영업/정상,영업,198909,,부산광역시 남구 유엔평화로 25 (대연동),,129.09234343,35.13271434
남구,클라우드나인(CLOUD9),숙박업 기타,영업/정상,영업,198810,,부산광역시 남구 수영로13번길 18 (문현동),,129.07001708,35.1376778
남구,하운드호텔 대연점,일반호텔,영업/정상,영업,201611,,부산광역시 남구 유엔평화로4번길 34 (대연동),,129.08994451,35.13458593
남구,호텔 온나(ONNA),숙박업 기타,영업/정상,영업,200405,,부산광역시 남구 유엔평화로4번길 5 (대연동),,129.09152044,35.13442981
남구,호텔 위드,숙박업 기타,영업/정상,영업,202303,,부산광역시 남구 유엔평화로4번길 12 (대연동),,129.09115858,35.13464558
남구,호텔덴바스타 대연점,숙박업 기타,영업/정상,영업,200312,,부산광역시 남구 못골로12번길 46 (대연동),,129.08624757,35.13529039
남구,호텔스미스 부산남구청점,숙박업 기타,영업/정상,영업,200104,,부산광역시 남구 못골로12번길 20 (대연동),,129.0849395,35.13521134
남구,황금모텔,숙박업 기타,영업/정상,영업,198712,,부산광역시 남구 수영로220번길 8 (대연동),,129.09039871,35.13459004
남구,12로드 스테이,숙박업 기타,폐업,폐업,199107,202309,부산광역시 남구 못골로12번길 67 (대연동),,129.08750313,35.1355393
남구,W모텔,여관업,폐업,폐업,199008,201510,부산광역시 남구 유엔평화로4번길 34 (대연동),,129.08994451,35.13458593
남구,경동여인숙,숙박업 기타,폐업,폐업,197010,200310,,,129.08637368,35.12295259
남구,경북여관,숙박업 기타,폐업,폐업,197306,201001,,,129.09471955,35.13481443
남구,골든빌,숙박업 기타,폐업,폐업,198607,201610,부산광역시 남구 신선로319번길 15-4 (용당동),,129.09465413,35.1139172
남구,골목 여인숙,숙박업 기타,폐업,폐업,197105,200311,,,,
남구,그린하우스,숙박업(생활),폐업,폐업,198411,201912,부산광역시 남구 수영로250번길 11-14 (대연동),,129.09466361,35.1349051
남구,극동여관,숙박업 기타,폐업,폐업,197304,201404,부산광역시 남구 수영로261번길 5 (대연동),,,
남구,금호여관,숙박업 기타,폐업,폐업,196907,201212,부산광역시 남구 유엔평화로3번길 16 (대연동),,129.09289961,35.13450273
남구,김해 여인숙,숙박업 기타,폐업,폐업,196901,200803,,,,
남구,나드림모텔,여관업,폐업,폐업,198608,201212,부산광역시 남구 유엔평화로4번길 78 (대연동),,129.0876655,35.13444533
남구,다래모텔,숙박업 기타,폐업,폐업,197103,201906,부산광역시 남구 유엔평화로17번길 5 (대연동),,129.09237373,35.13341811
남구,대동 여인숙,숙박업 기타,폐업,폐업,196801,200505,,,129.07107029,35.12793606
남구,대동 여인숙,숙박업 기타,폐업,폐업,197301,200212,,,,
남구,대림 여인숙,숙박업 기타,폐업,폐업,198206,200301,,,,
남구,대호 여관,숙박업 기타,폐업,폐업,197608,200506,,,129.09597721,35.13541417
남구,더원모텔,숙박업 기타,폐업,폐업,198508,201704,부산광역시 남구 수영로176번길 13-1 (대연동),,129.08633764,35.13437211
남구,동일 여인숙,숙박업 기타,폐업,폐업,197304,200310,,,129.06871239,35.12599682
남구,동해장 여관,숙박업 기타,폐업,폐업,198311,201007,,,129.09170751,35.13270054
남구,러브스토리,숙박업 기타,폐업,폐업,198512,200906,,,129.0945114,35.13499914
남구,리오관광호텔,관광호텔,폐업,폐업,198912,201612,"부산광역시 남구 수영로 180 (대연동,1764-7)",,129.08617988,35.13455964
남구,매일여인숙,숙박업 기타,폐업,폐업,197406,199908,,,,
남구,목화 별장,숙박업 기타,폐업,폐업,199308,202210,부산광역시 남구 수영로13번길 6-19 (문현동),,129.07041888,35.13761295
남구,문현장 여관,숙박업 기타,폐업,폐업,198112,201101,,,129.0692859,35.13743067
남구,문화장 여관,숙박업 기타,폐업,폐업,198609,202305,부산광역시 남구 8부두로 7 (감만동),,129.07949513,35.11855206
남구,미미여관,숙박업 기타,폐업,폐업,197103,200207,,,129.06636911,35.14213138
남구,백운 여관,숙박업 기타,폐업,폐업,198102,200008,,,129.11189821,35.10851158
남구,백운여관,숙박업 기타,폐업,폐업,200102,201401,부산광역시 남구 용호로252번길 3-6 (용호동),,129.11131316,35.10952212
남구,범천 여인숙,숙박업 기타,폐업,폐업,197107,200311,,,,
남구,보보스모텔,여관업,폐업,폐업,200309,201106,부산광역시 남구 동명로132번길 21 (용호동),,129.11108463,35.1187535
남구,보성장 여관,숙박업 기타,폐업,폐업,198911,200508,,,129.11119491,35.11907226
남구,복성여관,숙박업 기타,폐업,폐업,197504,200310,,,,
남구,삼광여관,숙박업 기타,폐업,폐업,197404,200310,,,129.09102232,35.13140025
남구,새여관,숙박업 기타,폐업,폐업,197501,202011,부산광역시 남구 우암로79번길 17 (감만동),,129.07983964,35.11787221
남구,서정 여인숙,숙박업 기타,폐업,폐업,197002,200803,,,,
남구,성대장 여관,숙박업 기타,폐업,폐업,196903,200503,,,129.07506714,35.12482315
남구,성동여인숙,숙박업 기타,폐업,폐업,197110,199906,,,129.0698767,35.13590812
남구,성림여관,숙박업 기타,폐업,폐업,197312,200504,,,129.11010592,35.12389408
남구,송림장 여관,숙박업 기타,폐업,폐업,198401,200702,,,129.11143233,35.11992079
남구,송백빌,숙박업(생활),폐업,폐업,198908,201703,부산광역시 남구 유엔평화로3번길 37 (대연동),,129.09405108,35.13476919
남구,송백빌,숙박업(생활),폐업,폐업,201703,201808,부산광역시 남구 유엔평화로3번길 37 (대연동),,129.09405108,35.13476919
남구,송죽여관,숙박업 기타,폐업,폐업,197509,200703,,,129.06535553,35.14255393
남구,수림모텔,숙박업 기타,폐업,폐업,199608,201610,부산광역시 남구 수영로 21-5 (문현동),,129.0705344,35.1374079
남구,수정 여인숙,숙박업 기타,폐업,폐업,197009,200310,,,129.06611593,35.14258297
남구,신라장 여관,숙박업 기타,폐업,폐업,198512,201511,부산광역시 남구 우암로 66-1 (감만동),,129.08140369,35.11644386
남구,신라장 여관,여관업,폐업,폐업,198006,201706,부산광역시 남구 수영로261번길 8 (대연동),,,
남구,신신장 여관,숙박업 기타,폐업,폐업,197505,201012,,,129.09616849,35.13516409
남구,썬,숙박업 기타,폐업,폐업,198011,201406,부산광역시 남구 수영로250번길 11-2 (대연동),,129.09454326,35.13479052
남구,에이스 궁전 여관,숙박업 기타,폐업,폐업,198512,201508,부산광역시 남구 유엔평화로 35 (대연동),,129.09242014,35.13190202
남구,에이스장,숙박업 기타,폐업,폐업,199001,200808,,,,
남구,엠파크(M.PARK)모텔,숙박업 기타,폐업,폐업,197703,202010,부산광역시 남구 수영로 195-7 (대연동),,129.08782029,35.1353746
남구,영남장여관,숙박업 기타,폐업,폐업,198406,202211,부산광역시 남구 8부두로 9 (감만동),,129.07932461,35.11848199
남구,영천모텔,숙박업 기타,폐업,폐업,197103,201101,,,129.06636911,35.14213138
남구,오륙도 여관,숙박업 기타,폐업,폐업,198102,201207,부산광역시 남구 용호로 270 (용호동),,129.11189706,35.10836585
남구,오아시스,여관업,폐업,폐업,200308,200311,,,129.09088016,35.13549134
남구,우암여관,숙박업 기타,폐업,폐업,196301,202303,부산광역시 남구 우암번영로14번길 14 (우암동),,129.07082847,35.12581638
남구,유니콘모텔,숙박업 기타,폐업,폐업,198912,202107,부산광역시 남구 유엔평화로 4 (대연동),,129.09166647,35.13466012
남구,이기대 민박,숙박업 기타,폐업,폐업,200212,200803,,,129.12147759,35.13154182
남구,이화 여관,숙박업 기타,폐업,폐업,198512,200505,,,129.07037016,35.13734993
남구,젠 하우스,숙박업 기타,폐업,폐업,198612,202411,부산광역시 남구 용호로 191-1 (용호동),,129.11130167,35.11514124
남구,진영 여인숙,숙박업 기타,폐업,폐업,197006,200707,,,,
남구,천일 여인숙,숙박업 기타,폐업,폐업,196712,200803,,,129.06766885,35.14388068
남구,청송여관,숙박업 기타,폐업,폐업,196912,200310,,,129.09586422,35.134987
남구,태양여관,숙박업 기타,폐업,폐업,197010,200506,,,,
남구,태영모텔,숙박업 기타,폐업,폐업,199904,201808,부산광역시 남구 유엔평화로3번길 39 (대연동),,129.09405108,35.13476919
남구,태왕 여관,숙박업 기타,폐업,폐업,197312,201004,,,129.06754194,35.13447
남구,태화 여인숙,숙박업 기타,폐업,폐업,197012,200311,,,129.0683147,35.13549306
남구,평화그린빌,숙박업(생활),폐업,폐업,197407,201506,부산광역시 남구 유엔평화로4번길 63 (대연동),,129.08835867,35.13426294
남구,풍조장여관,여관업,폐업,폐업,196711,202502,부산광역시 남구 수영로 159 (대연동),,129.08402848,35.13501345
남구,한스빌 모텔,숙박업 기타,폐업,폐업,200101,202302,부산광역시 남구 유엔평화로4번길 12 (대연동),,129.09115858,35.13464558
남구,해안장여관,숙박업 기타,폐업,폐업,197009,200312,,,129.10470622,35.13734238
남구,허브모텔,숙박업 기타,폐업,폐업,198712,201212,부산광역시 남구 유엔평화로4번길 62 (대연동),,,
남구,현대 여인숙,숙박업 기타,폐업,폐업,197302,200705,,,129.08665322,35.13419644
남구,현진여인숙,숙박업 기타,폐업,폐업,197209,200402,,,129.10235342,35.13796071
남구,호수장여관,여관업,폐업,폐업,198710,201507,부산광역시 남구 동명로131번길 28 (용호동),,129.11154048,35.12109853
남구,홍해장,숙박업 기타,폐업,폐업,197110,200310,,,129.07417012,35.12502146
남구,화성장 여관,숙박업 기타,폐업,폐업,198908,201204,부산광역시 남구 동명로132번길 3 (용호동),,129.11133108,35.11949593
동구,(주)브라운도트호텔범일,일반호텔,영업/정상,영업,201608,,부산광역시 동구 중앙대로 528 (범일동),,129.05695935,35.14026682
동구,(주)서호재,숙박업(생활),영업/정상,영업,202601,,"부산광역시 동구 중앙대로251번길 18, 3층 (초량동)",,129.04094199,35.11976002
동구,3.6.9 모텔,여관업,영업/정상,영업,197012,,부산광역시 동구 중앙대로214번길 3-8 (초량동),,129.04138279,35.11658197
동구,Inn부산,숙박업 기타,영업/정상,영업,196909,,부산광역시 동구 대영로239번길 45 (초량동),,129.03767467,35.1141454
동구,K7 모텔,여관업,영업/정상,영업,197709,,부산광역시 동구 조방로49번길 23-6 (범일동),,129.06054842,35.13855838
동구,O'nette stay,숙박업(생활),영업/정상,영업,202607,,"부산광역시 동구 초량중로 15-2, 3층 (초량동)",,129.03651177,35.11365993
동구,OJ(오제이)모텔,여관업,영업/정상,영업,198609,,부산광역시 동구 중앙대로308번길 7 (초량동),,129.04539188,35.12380257
동구,가람,숙박업(생활),영업/정상,영업,202602,,"부산광역시 동구 초량중로77번길 3, 2,4~9층 일부호 (초량동, 가람 원룸)",,129.03890816,35.11881742
동구,거창,여인숙업,영업/정상,영업,196909,,부산광역시 동구 대영로247번길 13-1 (초량동),,129.03783041,35.11292579
동구,게스트하우스코리아 부산역,여관업,영업/정상,영업,201209,,부산광역시 동구 중앙대로 232 (초량동),,129.04156638,35.11746708
동구,경남여인숙,여인숙업,영업/정상,영업,196704,,부산광역시 동구 수정로 10 (수정동),,129.04577658,35.12751715
동구,골드스톤호텔,관광호텔,영업/정상,영업,202209,,부산광역시 동구 중앙대로179번길 9 (초량동),,129.03801761,35.11352864
동구,광장호텔,관광호텔,영업/정상,영업,198708,,부산광역시 동구 중앙대로214번길 7 (초량동),,129.04133596,35.11616891
동구,구봉장,여인숙업,영업/정상,영업,197104,,,,129.03911266,35.11516838
동구,귀빈모텔,여관업,영업/정상,영업,199205,,부산광역시 동구 초량로13번길 77 (초량동),,129.03876212,35.11569826
동구,그린빌,여관업,영업/정상,영업,197608,,부산광역시 동구 조방로49번길 27-7 (범일동),,129.06061213,35.13840304
동구,까무스모텔,여관업,영업/정상,영업,200905,,부산광역시 동구 중앙대로203번길 9 (초량동),,129.0390738,35.11564234
동구,나포리,여관업,영업/정상,영업,198412,,부산광역시 동구 조방로49번길 27-3 (범일동),,129.06027931,35.13842028
동구,낙원여인숙,여인숙업,영업/정상,영업,196810,,부산광역시 동구 부산진성공원로 1-3 (범일동),,129.05975625,35.13730421
동구,남양장여관,여관업,영업/정상,영업,198903,,부산광역시 동구 대영로243번길 73-3 (초량동),,129.038789,35.11537027
동구,노떼라미아호텔,일반호텔,영업/정상,영업,201901,,"부산광역시 동구 대영로 265, 지하1층,1층일부,3층~15층 (초량동)",,129.03967664,35.11172649
동구,단테하우스,여관업,영업/정상,영업,201910,,부산광역시 동구 초량로13번길 58 (초량동),,129.03897467,35.11663374
동구,대구여관,여관업,영업/정상,영업,201906,,부산광역시 동구 중앙대로221번길 14-5 (초량동),,129.0398247,35.11730887
동구,대성그린빌,여관업,영업/정상,영업,198709,,부산광역시 동구 자성로103번길 18 (범일동),,129.06194874,35.13664138
동구,대원모텔,여관업,영업/정상,영업,198310,,부산광역시 동구 중앙대로195번가길 33 (초량동),,129.03791343,35.11671101
동구,더쉼호텔 부산역점,여관업,영업/정상,영업,198707,,부산광역시 동구 중앙대로196번길 12-11 (초량동),,129.04041728,35.11344864
동구,더월드,여관업,영업/정상,영업,198007,,부산광역시 동구 대영로247번길 7 (초량동),,129.03771253,35.11258282
동구,더웨이호텔,일반호텔,영업/정상,영업,198509,,부산광역시 동구 중앙대로209번길 12 (초량동),,129.03932085,35.11626249
동구,더포레스트 스테이,숙박업(생활),영업/정상,영업,202607,,"부산광역시 동구 대영로243번길 21, 2층 (초량동)",,129.03753446,35.11323128
동구,더하다(THE HADA),숙박업(생활),영업/정상,영업,202604,,"부산광역시 동구 중앙대로214번길 3-6, 2~5층 (초량동)",,129.04134372,35.11650771
동구,덕수스테이,여관업,영업/정상,영업,198806,,부산광역시 동구 범곡로28번길 21 (범일동),,129.05561739,35.14140046
동구,덴바스타 프리미엄호텔,여관업,영업/정상,영업,201209,,부산광역시 동구 중앙대로 530-1 (범일동),,129.05692397,35.1405828
동구,동명여인숙,여인숙업,영업/정상,영업,197303,,부산광역시 동구 중앙대로389번길 8 (수정동),,129.04953174,35.13022263
동구,동원장여관,여관업,영업/정상,영업,199404,,부산광역시 동구 초량상로157번길 39 (수정동),,129.04368207,35.12564356
동구,동일장,여관업,영업/정상,영업,198812,,부산광역시 동구 자성로103번길 21 (범일동),,129.06168293,35.13668927
동구,동해장,여관업,영업/정상,영업,197812,,부산광역시 동구 초량로 15-12 (초량동),,129.0395228,35.11894018
동구,디노호텔,일반호텔,영업/정상,영업,201701,,부산광역시 동구 초량로13번길 73 (초량동),,129.0388241,35.11584144
동구,라마다앙코르부산역호텔,일반호텔,영업/정상,영업,201908,,"부산광역시 동구 중앙대로196번길 10, 부산역라마다앙코르호텔 (초량동)",,129.04033227,35.11425786
동구,라메르관광호텔,관광호텔,영업/정상,영업,198512,,부산광역시 동구 조방로34번길 9 (범일동),,129.06226194,35.14044733
동구,로얄여관,여관업,영업/정상,영업,197012,,부산광역시 동구 초량중로 66-1 (초량동),,129.03880143,35.11765479
동구,루츠하우스,숙박업(생활),영업/정상,영업,202601,,"부산광역시 동구 중앙대로195번가길 21, 3,4층 (초량동, 동우빌딩)",,129.0380025,35.11616913
동구,르이데아호텔,일반호텔,영업/정상,영업,201611,,부산광역시 동구 중앙대로180번길 16-10 (초량동),,129.04010796,35.11212728
동구,르컬렉티브 부산역,숙박업(생활),영업/정상,영업,202106,,"부산광역시 동구 충장대로 160, A,B동 일부호 (초량동)",,129.04362555,35.11423081
동구,리빙텔여관,여관업,영업/정상,영업,199504,,부산광역시 동구 중앙대로236번길 7-8 (초량동),,129.04279381,35.11815666
동구,리젠시빌,숙박업(생활),영업/정상,영업,198007,,부산광역시 동구 조방로49번길 23-11 (범일동),,129.06075942,35.13870723
동구,리치모텔,여관업,영업/정상,영업,198705,,부산광역시 동구 조방로49번길 23-10 (범일동),,129.06078596,35.13854239
동구,링크비호텔(LINK B HOTEL),여관업,영업/정상,영업,198406,,부산광역시 동구 초량로13번길 79 (초량동),,129.0387055,35.11558508
동구,마노아,여관업,영업/정상,영업,197809,,부산광역시 동구 대영로239번길 19 (초량동),,129.03705692,35.11309538
동구,마란트1호텔,숙박업(생활),영업/정상,영업,201904,,"부산광역시 동구 중앙대로180번길 16-8, 7-11층, 지하1층~1층 일부 (초량동)",,129.0402301,35.11239901
동구,마란트2호텔,숙박업(생활),영업/정상,영업,202405,,"부산광역시 동구 중앙대로180번길 16-8, 12~15층, 지하1층~1층 일부 (초량동)",,129.0402301,35.11239901
동구,마란트3호텔,숙박업(생활),영업/정상,영업,202405,,"부산광역시 동구 중앙대로180번길 16-8, 16~20층, 지하1층~1층 일부 (초량동)",,129.0402301,35.11239901
동구,마란트4호텔,숙박업(생활),영업/정상,영업,202405,,"부산광역시 동구 중앙대로180번길 16-8, 2~6층, 지하1층~1층 일부 (초량동)",,129.0402301,35.11239901
동구,마레루나,숙박업(생활),영업/정상,영업,202602,,"부산광역시 동구 중앙대로251번길 18, 2층 (초량동)",,129.04094199,35.11976002
동구,마리나레지던스호텔,숙박업(생활),영업/정상,영업,202103,,"부산광역시 동구 대영로243번길 73-5, 조이팰리스 2~7층 (초량동)",,129.03887336,35.11553286
동구,마티에 부산하버시티,숙박업(생활),영업/정상,영업,202603,,"부산광역시 동구 충장대로 190, 롯데캐슬 드메르 (초량동)",,,
동구,만복여관,여관업,영업/정상,영업,197705,,부산광역시 동구 초량로14번길 14 (초량동),,129.04067917,35.11953955
동구,맥시멈호텔,일반호텔,영업/정상,영업,201901,,"부산광역시 동구 대영로243번길 89, 1층,5~11층 (초량동)",,129.03932159,35.11592988
동구,모나코모텔,여관업,영업/정상,영업,198712,,부산광역시 동구 중앙대로180번길 12-5 (초량동),,129.04006329,35.11259148
동구,목화모텔,여관업,영업/정상,영업,198806,,"부산광역시 동구 중앙대로231번길 27 (초량동,308-1)",,129.03952438,35.1181565
동구,무진장,여관업,영업/정상,영업,198809,,부산광역시 동구 초량로 15-11 (초량동),,129.03961211,35.1188089
동구,무해온수이 부산역,숙박업(생활),영업/정상,영업,202607,,"부산광역시 동구 중앙대로 234, 2층 (초량동)",,129.04144728,35.11761829
동구,미래장,여관업,영업/정상,영업,197201,,부산광역시 동구 중앙대로195번길 6 (초량동),,129.03900177,35.11505469
동구,미진모텔,여관업,영업/정상,영업,197804,,부산광역시 동구 조방로 35 (범일동),,129.06102008,35.13974953
동구,미타스야 료칸 호텔 바이 아늑 부산역,일반호텔,영업/정상,영업,198606,,부산광역시 동구 중앙대로236번길 7-11 (초량동),,129.04260409,35.11855099
동구,미호재 부산역점,숙박업(생활),영업/정상,영업,201601,,"부산광역시 동구 중앙대로214번길 3-4, 삼보빌딩 3층일부 4,5층 (초량동)",,129.04128006,35.11638729
동구,보건여관,여관업,영업/정상,영업,198401,,부산광역시 동구 고관로63번길 22 (수정동),,129.04309326,35.1253814
동구,보라여관,여관업,영업/정상,영업,198807,,부산광역시 동구 중앙대로231번길 7 (초량동),,129.04051461,35.11782516
동구,복성여관,숙박업(생활),영업/정상,영업,197405,,부산광역시 동구 대영로243번길 55 (초량동),,129.03828404,35.11457645
동구,본모텔,여관업,영업/정상,영업,199002,,부산광역시 동구 중앙대로 419-7 (좌천동),,129.05141396,35.13210186
동구,본역여인숙,여인숙업,영업/정상,영업,196801,,부산광역시 동구 대영로243번길 52 (초량동),,129.03847391,35.11433403
동구,부산 에어비앤비 써클스테이 벤티 독채 단체숙소 부산역점,숙박업(생활),영업/정상,영업,202602,,"부산광역시 동구 대영로243번길 40, 4층 (초량동)",,129.03823896,35.11392021
동구,부산뷰호텔,일반호텔,영업/정상,영업,200404,,부산광역시 동구 중앙대로196번길 16-10 (초량동),,129.0405844,35.1133419
동구,부산숙박닷컴 게스트하우스,숙박업 기타,영업/정상,영업,201211,,부산광역시 동구 초량중로 60 (초량동),,129.03852077,35.11713193
동구,부산에어비앤비 써클스테이,숙박업 기타,영업/정상,영업,197601,,부산광역시 동구 초량로13번길 76 (초량동),,129.03856747,35.11581556
동구,부산엔,숙박업 기타,영업/정상,영업,198901,,부산광역시 동구 고관로 126-4 (수정동),,129.0475847,35.12953165
동구,부산역비즈니스호텔,일반호텔,영업/정상,영업,196912,,부산광역시 동구 중앙대로180번길 12-9 (초량동),,129.03997339,35.11239123
동구,부산역센텀호텔,여관업,영업/정상,영업,197508,,부산광역시 동구 중앙대로236번길 7-9 (초량동),,129.04251672,35.11838525
동구,부산역호텔102,일반호텔,영업/정상,영업,200109,,부산광역시 동구 중앙대로179번길 6 (초량동),,129.03842379,35.11365572
동구,부산인모텔,여관업,영업/정상,영업,198502,,부산광역시 동구 중앙대로214번길 7-7 (초량동),,129.04152168,35.11651996
동구,부영장여관,여관업,영업/정상,영업,199709,,부산광역시 동구 중앙대로209번길 10-18 (초량동),,,
동구,부킹더베이,숙박업(생활),영업/정상,영업,202303,,"부산광역시 동구 충장대로 160, 협성마리나G7 A, B동 일부호 (초량동)",,129.04395419,35.11493537
동구,브라운도트호텔(부산역),일반호텔,영업/정상,영업,201709,,"부산광역시 동구 중앙대로209번길 27, 브라운도트호텔 (초량동)",,129.03844538,35.11629696
동구,브라운도트호텔(부산진역점),일반호텔,영업/정상,영업,200307,,부산광역시 동구 진성로 7 (수정동),,129.04838595,35.12945098
동구,브라운스위트부산,숙박업(생활),영업/정상,영업,202305,,"부산광역시 동구 충장대로 160, 협성마리나G7 A,B동 일부호 (초량동)",,129.04395419,35.11493537
동구,산동여관,여관업,영업/정상,영업,197012,,부산광역시 동구 초량중로 58-16 (초량동),,129.03846682,35.11664415
동구,산수장모텔,여관업,영업/정상,영업,198808,,부산광역시 동구 부산진성공원로3번길 11-4 (범일동),,129.0603797,35.13777286
동구,삼성장여관,여관업,영업/정상,영업,197605,,부산광역시 동구 중앙대로 477-3 (범일동),,129.05566626,35.136123
동구,삼일모텔,여관업,영업/정상,영업,200005,,부산광역시 동구 중앙대로221번길 14-3 (초량동),,129.03971657,35.1172576
동구,새여관,여관업,영업/정상,영업,198312,,부산광역시 동구 중앙대로 243-10 (초량동),,129.04145627,35.11917812
동구,샤이어 호텔,일반호텔,영업/정상,영업,200301,,부산광역시 동구 초량로13번길 29-3 (초량동),,129.03991224,35.11762382
동구,샤이어호텔2,일반호텔,영업/정상,영업,199008,,부산광역시 동구 중앙대로229번길 12 (초량동),,129.04013878,35.11768932
동구,서라벌 스테이 676,숙박업(생활),영업/정상,영업,202607,,"부산광역시 동구 중앙대로180번길 16-14, 7층 (초량동)",,129.03995502,35.11178818
동구,서울모텔,여관업,영업/정상,영업,196907,,부산광역시 동구 중앙대로209번길 10-17 (초량동),,129.03987056,35.11677703
동구,세종장여관,여관업,영업/정상,영업,197507,,부산광역시 동구 중앙대로248번길 3-9 (초량동),,129.04263126,35.11948303
동구,센스빌모텔,여관업,영업/정상,영업,198405,,부산광역시 동구 조방로38번길 11 (범일동),,129.0621718,35.14076211
동구,소호스텔,숙박업(생활),영업/정상,영업,201703,,"부산광역시 동구 중앙대로226번길 3-2 (초량동, 4-6층, 7층 일부)",,129.0416497,35.11707354
동구,수정여관,여관업,영업/정상,영업,197906,,부산광역시 동구 고관로 71-1 (수정동),,129.04423372,35.12563761
동구,수정장여관,여관업,영업/정상,영업,197104,,부산광역시 동구 초량상로157번길 34 (수정동),,129.04355535,35.12530427
동구,수채화모텔,여관업,영업/정상,영업,198311,,부산광역시 동구 범일로102번길 20-4 (범일동),,129.06161883,35.13870781
동구,쉬어가 부산,숙박업(생활),영업/정상,영업,202604,,"부산광역시 동구 초량로 17-1, 3,4층 (초량동)",,129.0399088,35.11927907
동구,스마일 모텔,여관업,영업/정상,영업,197311,,부산광역시 동구 초량로13번길 54 (초량동),,129.03902683,35.11672605
동구,스마일하우스,숙박업(생활),영업/정상,영업,202408,,"부산광역시 동구 중앙대로226번길 3-7, 6층 (초량동)",,129.04160655,35.11756017
동구,스테이부산닷컴,여관업,영업/정상,영업,197309,,부산광역시 동구 중동길 55 (초량동),,129.03655984,35.11292149
동구,스테이션17,숙박업(생활),영업/정상,영업,202606,,"부산광역시 동구 대영로247번길 17, 1~2층 (초량동)",,129.03794685,35.11304862
동구,스테이이재,숙박업(생활),영업/정상,영업,202602,,"부산광역시 동구 중앙대로236번길 3-10, 2층 (초량동)",,129.04239302,35.11846947
동구,스테이해리,숙박업(생활),영업/정상,영업,202606,,"부산광역시 동구 대영로243번길 87, 3층 (초량동)",,129.0392823,35.11580672
동구,스토리 하우스,여관업,영업/정상,영업,198610,,부산광역시 동구 조방로49번길 27-5 (범일동),,129.06045843,35.13841213
동구,시티호텔,관광호텔,영업/정상,영업,202203,,"부산광역시 동구 중앙대로 294, 시티호텔 지하1층~지상15층 (초량동)",,129.04419591,35.1227526
동구,신유아트빌모텔,여관업,영업/정상,영업,197405,,부산광역시 동구 범일로 103-5 (범일동),,129.05896213,35.13926499
동구,싱글싱글,숙박업(생활),영업/정상,영업,201706,,"부산광역시 동구 초량중로 18-1, 1-4층 (초량동)",,129.03681131,35.11369871
동구,썬모텔,여관업,영업/정상,영업,199312,,부산광역시 동구 초량로13번길 74-4 (초량동),,129.03844618,35.11594228
동구,아리아모텔,여관업,영업/정상,영업,199507,,부산광역시 동구 중앙대로209번길 22 (초량동),,129.03874642,35.11645817
동구,아몬드호텔,일반호텔,영업/정상,영업,201502,,부산광역시 동구 중앙대로196번길 12-5 (초량동),,129.04065178,35.11376385
동구,아스티호텔,관광호텔,영업/정상,영업,201806,,"부산광역시 동구 중앙대로214번길 7-8, 지하5층~지상24층 (초량동)",,129.04197379,35.1164603
동구,알프스모텔,여관업,영업/정상,영업,198502,,부산광역시 동구 대영로243번길 74 (초량동),,129.03910433,35.11525501
동구,영광숙박,숙박업(생활),영업/정상,영업,200004,,부산광역시 동구 범곡로28번길 9 (범일동),,129.05561017,35.14076481
동구,영모텔,여관업,영업/정상,영업,196905,,부산광역시 동구 중앙대로 477-13 (범일동),,129.05576112,35.13649546
동구,오렌지게스트하우스,숙박업 기타,영업/정상,영업,201210,,부산광역시 동구 중앙대로196번길 12-7 (초량동),,129.04051402,35.11366142
동구,오소소(OSOSO) 부산역,일반호텔,영업/정상,영업,202309,,"부산광역시 동구 부산진성공원로 9-1, 금환타워 6~9층 (범일동)",,129.06065965,35.13748451
동구,온나단 스테이,숙박업(생활),영업/정상,영업,202607,,부산광역시 동구 초량로13번길 27 (초량동),,129.03984093,35.11778275
동구,온정스테이,숙박업 기타,영업/정상,영업,201601,,"부산광역시 동구 중앙대로196번길 16-12, 5층 (초량동)",,129.04052505,35.1131878
동구,워라밸 게스트하우스,숙박업(생활),영업/정상,영업,201807,,"부산광역시 동구 초량중로 11, 2층 (초량동)",,129.03626049,35.11316866
동구,원웨이 게스트하우스,숙박업 기타,영업/정상,영업,201807,,"부산광역시 동구 중앙대로196번길 6-3, 1~5층 (초량동)",,129.04014746,35.11413686
동구,웰컴부산,숙박업 기타,영업/정상,영업,201410,,부산광역시 동구 중앙대로 243-14 (초량동),,129.04148859,35.11933628
동구,유모텔,여관업,영업/정상,영업,199012,,부산광역시 동구 초량중로77번길 7 (초량동),,129.03881489,35.11891303
동구,유호텔,여관업,영업/정상,영업,199907,,부산광역시 동구 부산진성공원로3번길 23-4 (범일동),,129.06106351,35.1376404
동구,이루다호텔 부산역점,여관업,영업/정상,영업,200304,,부산광역시 동구 중앙대로203번길 12 (초량동),,129.03918919,35.11586242
동구,이스튼모텔,여관업,영업/정상,영업,199104,,부산광역시 동구 초량상로 90-2 (초량동),,129.03900076,35.11957251
동구,자성마이홈,여관업,영업/정상,영업,198106,,부산광역시 동구 자성로111번길 15 (범일동),,129.06217976,35.13665165
동구,장안여관,여관업,영업/정상,영업,196902,,부산광역시 동구 중앙대로260번길 3-9 (초량동),,129.04319324,35.12052814
동구,장춘모텔,여관업,영업/정상,영업,199812,,부산광역시 동구 대영로243번길 30 (초량동),,129.03796565,35.11341156
동구,잭팟,여관업,영업/정상,영업,197409,,"부산광역시 동구 자성로111번길 8-3 (범일동,829-45)",,129.06258481,35.13685064
동구,정온재,숙박업(생활),영업/정상,영업,202506,,"부산광역시 동구 중앙대로196번길 16-12, 3층 (초량동)",,129.04052505,35.1131878
동구,정이든 스테이,숙박업(생활),영업/정상,영업,202312,,"부산광역시 동구 범곡로28번길 7, 지하1층 (범일동)",,129.05563361,35.14065284
동구,제이스테이,여관업,영업/정상,영업,197808,,부산광역시 동구 범곡로28번길 7 (범일동),,129.05563361,35.14065284
동구,제이엠씨(JMC)게스트하우스,숙박업(생활),영업/정상,영업,202505,,"부산광역시 동구 대영로239번길 20, 일부호 (초량동, jmc)",,129.03728387,35.11306348
동구,진명스테이,여관업,영업/정상,영업,199310,,부산광역시 동구 초량로13번길 70-1 (초량동),,129.03860732,35.11606244
동구,진주여인숙,여인숙업,영업/정상,영업,196604,,부산광역시 동구 중앙대로229번길 10-2 (초량동),,129.04040246,35.11782697
동구,챌린지 호텔,여관업,영업/정상,영업,198009,,부산광역시 동구 범일로102번길 16-6 (범일동),,129.06099635,35.13870802
동구,청운모텔,여관업,영업/정상,영업,198007,,부산광역시 동구 조방로 39-7 (범일동),,129.06102339,35.13957807
동구,체크인부산,여관업,영업/정상,영업,198008,,부산광역시 동구 고관로7번길 28-1 (초량동),,129.04028537,35.12010944
동구,첵앤아웃게스트하우스,여관업,영업/정상,영업,201112,,부산광역시 동구 중앙대로226번길 3-7 (초량동),,129.04160655,35.11756017
동구,초량 홈즈(Choryang Homes),숙박업(생활),영업/정상,영업,202605,,"부산광역시 동구 중앙대로 243-15, 3층 (초량동)",,129.04122084,35.11936815
동구,초량머뭄,숙박업 기타,영업/정상,영업,197612,,부산광역시 동구 초량로14번길 7 (초량동),,129.04055887,35.11926309
동구,초량솔로몬 리빙텔,여관업,영업/정상,영업,196807,,부산광역시 동구 고관로33번길 9 (수정동),,129.04215766,35.12250237
동구,초량중로 20-1,숙박업(생활),영업/정상,영업,202604,,"부산광역시 동구 초량중로 20-1, 3층 (초량동)",,129.03688883,35.11382451
동구,코리아나,여관업,영업/정상,영업,200403,,부산광역시 동구 중앙대로221번길 12 (초량동),,129.03992221,35.11722917
동구,코리아시티호텔,일반호텔,영업/정상,영업,198809,,부산광역시 동구 조방로 10 (범일동),,129.06355492,35.13801453
동구,코리안모텔,여관업,영업/정상,영업,199812,,부산광역시 동구 중앙대로229번길 16 (초량동),,129.04016107,35.11753192
동구,코베뉴하우스,숙박업(생활),영업/정상,영업,202601,,"부산광역시 동구 중앙대로 247, 2층 (초량동)",,129.04152222,35.11910733
동구,크리스탈게스트하우스,숙박업 기타,영업/정상,영업,201203,,부산광역시 동구 대영로243번길 101 (초량동),,129.03975013,35.11637559
동구,탑모텔 B,여관업,영업/정상,영업,198711,,부산광역시 동구 중앙대로196번길 12-13 (초량동),,129.04037118,35.1133465
동구,탑모텔A,여관업,영업/정상,영업,198411,,부산광역시 동구 중앙대로196번길 12-15 (초량동),,129.04032472,35.11324448
동구,태림하우스,여관업,영업/정상,영업,197712,,부산광역시 동구 초량중로 21 (초량동),,129.03670367,35.11405273
동구,테레목 호스텔(TEREMOK),여관업,영업/정상,영업,198102,,부산광역시 동구 중앙대로195번가길 12 (초량동),,129.03834211,35.11563485
동구,테마모텔,여관업,영업/정상,영업,200305,,부산광역시 동구 중앙대로 243-9 (초량동),,129.04128773,35.11915465
동구,토요코인 부산역Ⅰ,관광호텔,영업/정상,영업,200811,,부산광역시 동구 중앙대로196번길 12 (초량동),,129.04078798,35.11411977
동구,투에이치(2H),일반호텔,영업/정상,영업,200707,,부산광역시 동구 조방로38번길 7-1 (범일동),,129.06178331,35.14062169
동구,틴토호텔,일반호텔,영업/정상,영업,198109,,부산광역시 동구 범일로102번길 16-18 (범일동),,129.06078094,35.13830726
동구,팝콘호텔,일반호텔,영업/정상,영업,201410,,"부산광역시 동구 중앙대로180번길 6-7, 1,3,4,5,6층 (초량동)",,129.03949746,35.11269373
동구,프라임관광호텔,관광호텔,영업/정상,영업,198211,,부산광역시 동구 중앙대로 399 (수정동),,129.05015374,35.13057732
동구,프린스 모텔,여관업,영업/정상,영업,198807,,부산광역시 동구 중앙대로229번길 19 (초량동),,129.04042902,35.11744313
동구,플러스모텔,여관업,영업/정상,영업,200404,,부산광역시 동구 중앙대로241번길 5 (초량동),,129.04096094,35.11871456
동구,필모텔,여관업,영업/정상,영업,197409,,부산광역시 동구 초량중로 68 (초량동),,129.03889368,35.11784265
동구,하운드호텔 부산역점,일반호텔,영업/정상,영업,201002,,부산광역시 동구 중앙대로236번길 9 (초량동),,129.04273751,35.11769489
동구,한길여인숙,여인숙업,영업/정상,영업,196612,,부산광역시 동구 초량중로80번길 3 (초량동),,129.03945632,35.11886281
동구,해동모텔,여관업,영업/정상,영업,199110,,부산광역시 동구 조방로49번길 7 (범일동),,129.06025743,35.14011546
동구,해온스테이,숙박업(생활),영업/정상,영업,202601,,"부산광역시 동구 중앙대로196번길 12-9, 4~5층 (초량동)",,129.0404657,35.11355531
동구,허브모텔,여관업,영업/정상,영업,198812,,부산광역시 동구 범일로89번길 26 (범일동),,129.05889954,35.13877378
동구,호스텔 부산역하우스,숙박업(생활),영업/정상,영업,202405,,"부산광역시 동구 중앙대로179번길 27-6, 1~4층 (초량동, 하나빌리지)",,129.03698874,35.11371393
동구,호텔 코타(HOTEL COTA),여관업,영업/정상,영업,197803,,부산광역시 동구 중앙대로195번길 30 (초량동),,129.03784057,35.11545707
동구,호텔 프린스,일반호텔,영업/정상,영업,200401,,부산광역시 동구 범일로89번길 36 (범일동),,129.0588752,35.13929971
동구,호텔26(HOTEL26),일반호텔,영업/정상,영업,201912,,부산광역시 동구 중앙대로209번길 10-15 (초량동),,129.03976275,35.1166781
동구,호텔그레이,일반호텔,영업/정상,영업,197707,,"부산광역시 동구 중앙대로286번길 3-2 (초량동,1162-10)",,129.04432673,35.12209824
동구,호텔루이스,일반호텔,영업/정상,영업,200302,,부산광역시 동구 조방로38번길 8-1 (범일동),,129.06199734,35.14039568
동구,호텔코코(CoCo),일반호텔,영업/정상,영업,198212,,부산광역시 동구 중앙대로196번길 12-4 (초량동),,129.0403404,35.11398767
동구,호텔포레더스파,관광호텔,영업/정상,영업,200404,,부산광역시 동구 중앙대로296번길 6 (초량동),,129.04460306,35.12254815
동구,홍스테이,숙박업(생활),영업/정상,영업,202603,,"부산광역시 동구 중앙대로196번길 12-9, 3층 (초량동)",,129.0404657,35.11355531
동구,황금여인숙,여인숙업,영업/정상,영업,196909,,부산광역시 동구 초량로13번길 60 (초량동),,129.0388524,35.11658987
동구,황금장 여관,여관업,영업/정상,영업,198111,,부산광역시 동구 대영로247번길 15 (초량동),,129.03785442,35.11299425
동구,힐모텔,여관업,영업/정상,영업,199906,,부산광역시 동구 고관로 102 (수정동),,129.04596992,35.12793222
동구,힐코여관,여관업,영업/정상,영업,197407,,부산광역시 동구 초량로14번길 12 (초량동),,129.04068133,35.11944753
동구,(주)국제관광호텔,일반호텔,폐업,폐업,198111,202110,부산광역시 동구 범일로90번길 17 (범일동),,129.06160189,35.13831994
동구,(주)글로잉스테이,숙박업(생활),폐업,폐업,202602,202606,"부산광역시 동구 충장대로 190, 롯데캐슬 드메르 (초량동)",,,
동구,369모텔,여관업,폐업,폐업,200301,202205,부산광역시 동구 자성로90번길 1 (범일동),,129.06207349,35.13487063
동구,BTLM초량(비티엘엠초량),숙박업(생활),폐업,폐업,201903,201909,"부산광역시 동구 초량중로 13-2, 3~4층 (초량동)",,129.03639329,35.11344448
동구,CC모텔,여관업,폐업,폐업,200604,202309,부산광역시 동구 자성공원로 9-1 (범일동),,129.06065965,35.13748451
동구,W모텔,여관업,폐업,폐업,200309,202203,부산광역시 동구 조방로34번길 3 (범일동),,129.06166926,35.13998984
동구,갑진여인숙,여인숙업,폐업,폐업,197205,201912,부산광역시 동구 초량로 25 (초량동),,129.03941671,35.1198251
동구,게스트하우스큐브,여관업,폐업,폐업,201206,201812,부산광역시 동구 대영로243번길 58 (초량동),,129.03861588,35.11465257
동구,경기여인숙,여인숙업,폐업,폐업,197003,200706,,,129.04836207,35.12965643
동구,경북여인숙,여인숙업,폐업,폐업,198204,201811,부산광역시 동구 중앙대로448번길 13 (좌천동),,129.05461474,35.13396941
동구,곰탱이여인숙,여인숙업,폐업,폐업,196603,200303,,,129.04861855,35.12949857
동구,광명여인숙,여인숙업,폐업,폐업,196808,200606,,,,
동구,그랜드모텔,여관업,폐업,폐업,200004,201606,부산광역시 동구 고관로13번가길 22 (초량동),,,
동구,금성여인숙,여인숙업,폐업,폐업,197107,200303,,,129.05815093,35.14099274
동구,금성장여관,여관업,폐업,폐업,196812,200303,,,,
동구,금옥여인숙,여인숙업,폐업,폐업,197508,201911,부산광역시 동구 범곡로28번길 16 (범일동),,129.0557775,35.14113931
동구,금호모텔,여관업,폐업,폐업,198701,201812,부산광역시 동구 초량상로 86 (초량동),,129.03872561,35.11928979
동구,금호여관,여관업,폐업,폐업,196806,201501,부산광역시 동구 중앙대로349번나길 30 (수정동),,,
동구,금호펠리스,여관업,폐업,폐업,198004,202202,부산광역시 동구 조방로38번길 4 (범일동),,129.06167291,35.14018763
동구,김해여인숙,여인숙업,폐업,폐업,197111,201503,부산광역시 동구 중앙대로349번가길 23 (수정동),,,
동구,낙원여관,여관업,폐업,폐업,196812,200303,,,,
동구,낙원여인숙,여인숙업,폐업,폐업,196710,199907,,,,
동구,남도장여관,여관업,폐업,폐업,199708,200904,,,129.03735193,35.11541965
동구,남도장여관,여관업,폐업,폐업,197007,199706,,,129.03735193,35.11541965
동구,남정장여관,여관업,폐업,폐업,198812,201003,,,129.03829621,35.1140278
동구,남흥여관,여관업,폐업,폐업,197406,200506,,,129.05607336,35.1387118
동구,남흥여인숙,여인숙업,폐업,폐업,197304,201504,부산광역시 동구 중앙대로349번나길 27-2 (수정동),,,
동구,대구여관,여관업,폐업,폐업,197001,201710,부산광역시 동구 중앙대로221번길 14-5 (초량동),,129.0398247,35.11730887
동구,대동여인숙,여인숙업,폐업,폐업,201310,201811,부산광역시 동구 중앙대로 519-17 (범일동),,129.0560924,35.14020916
동구,대동여인숙,여인숙업,폐업,폐업,197201,201212,부산광역시 동구 중앙대로 519-17 (범일동),,129.0560924,35.14020916
동구,대림장여관,여관업,폐업,폐업,200403,202605,부산광역시 동구 대영로243번길 73-9 (초량동),,129.03893558,35.11574225
동구,대성여인숙,여인숙업,폐업,폐업,197210,200907,,,129.04848489,35.12934156
동구,대우여관,여관업,폐업,폐업,196809,200605,,,129.04850654,35.12999926
동구,대원여인숙,여인숙업,폐업,폐업,197003,200910,,,129.03897708,35.11579774
동구,대중여인숙,여인숙업,폐업,폐업,198205,200607,,,,
동구,도원장여관,여관업,폐업,폐업,197207,201509,부산광역시 동구 초량중로77번길 6 (초량동),,129.03903422,35.1189085
동구,동남,여인숙업,폐업,폐업,197111,200311,,,,
동구,동보장,여관업,폐업,폐업,198411,200506,,,129.04011128,35.12115046
동구,동성여인숙,여인숙업,폐업,폐업,197303,201708,부산광역시 동구 중앙대로209번길 10-17 (초량동),,129.03985078,35.11684605
동구,동신여관,여관업,폐업,폐업,197110,200203,,,129.04782548,35.12938996
동구,동운여관,여관업,폐업,폐업,197309,201712,부산광역시 동구 범일로89번길 50 (범일동),,129.0588029,35.13989253
동구,동원여인숙,여인숙업,폐업,폐업,196906,200607,,,129.03792187,35.11576993
동구,동일여인숙,여인숙업,폐업,폐업,197301,200512,,,129.05441036,35.13300894
동구,동천여인숙,여인숙업,폐업,폐업,196807,201501,부산광역시 동구 중앙대로349번가길 1 (수정동),,,
동구,동호여인숙,여인숙업,폐업,폐업,196908,200303,,,129.03796565,35.11341156
동구,동화여관,여관업,폐업,폐업,197804,201104,,,129.04871155,35.12994304
동구,라온,여관업,폐업,폐업,199201,202203,부산광역시 동구 조방로38번길 8 (범일동),,129.06188939,35.14032626
동구,마포여인숙,여인숙업,폐업,폐업,196701,200606,,,,
동구,만수여관,여관업,폐업,폐업,199712,202311,부산광역시 동구 초량로16번길 6 (초량동),,129.04045051,35.11929646
동구,명동여인숙,여인숙업,폐업,폐업,197006,200801,,,,
동구,명성여인숙,여인숙업,폐업,폐업,196810,200503,,,129.04856644,35.1292895
동구,명성장,여관업,폐업,폐업,198811,201107,,,129.06155627,35.13679702
동구,명성황토텔,여관업,폐업,폐업,201112,202407,부산광역시 동구 자성로111번길 21 (범일동),,129.06180867,35.13682282
동구,명은장,여관업,폐업,폐업,197811,201810,부산광역시 동구 초량로13번길 58 (초량동),,129.03897467,35.11663374
동구,명지장,여관업,폐업,폐업,199108,201609,부산광역시 동구 고관로13번나길 15 (초량동),,,
동구,명화여관,여관업,폐업,폐업,198109,200812,,,129.04337547,35.1253436
동구,목화관광호텔,관광호텔,폐업,폐업,198111,200507,,,129.06228947,35.13989783
동구,물레,여인숙업,폐업,폐업,196908,202512,부산광역시 동구 대영로243번길 10 (초량동),,129.03752062,35.11267222
동구,뮤즈,여관업,폐업,폐업,196711,201610,부산광역시 동구 초량중로77번길 5 (초량동),,129.03890816,35.11881742
동구,미선여인숙,여인숙업,폐업,폐업,196705,200606,,,,
동구,미성여인숙,여인숙업,폐업,폐업,197212,200606,,,129.06133289,35.13782217
동구,미진여관,여관업,폐업,폐업,196712,201504,부산광역시 동구 중앙대로 477-5 (범일동),,129.0556167,35.13622889
동구,민트 파라다이스,숙박업(생활),폐업,폐업,201510,202306,부산광역시 동구 대영로239번길 20 (초량동),,129.03728387,35.11306348
동구,반도장,여인숙업,폐업,폐업,197007,201712,부산광역시 동구 중앙대로203번길 14 (초량동),,129.03910498,35.11602445
동구,발렌타인,여관업,폐업,폐업,200301,201206,부산광역시 동구 중앙대로180번길 6-7 (초량동),,129.03949746,35.11269373
동구,백화여관,여관업,폐업,폐업,198709,201507,부산광역시 동구 자성로111번길 17 (범일동),,129.06205076,35.13672142
동구,베스트인시티호텔,관광호텔,폐업,폐업,201510,202212,부산광역시 동구 고관로 7 (초량동),,129.04146582,35.12033238
동구,보경여인숙,여인숙업,폐업,폐업,196705,201706,부산광역시 동구 초량로14번길 4 (초량동),,129.04051563,35.11906275
동구,보광여인숙,여인숙업,폐업,폐업,196708,201001,,,129.04769759,35.12959578
동구,보성여관,여관업,폐업,폐업,197206,201608,부산광역시 동구 고관로29번길 17-4 (초량동),,,
동구,보성장,여관업,폐업,폐업,198911,200511,,,129.04793382,35.12905647
동구,보영여관,여관업,폐업,폐업,196907,202007,부산광역시 동구 수정로 5 (수정동),,129.04597109,35.12716544
동구,보원장여관,여관업,폐업,폐업,197606,201503,부산광역시 동구 초량중로 11 (초량동),,129.03626049,35.11316866
동구,봉황여관,여관업,폐업,폐업,198709,201612,"부산광역시 동구 중앙대로209번길 10-11 (초량동,475,476-3)",,129.03976275,35.1166781
동구,부산아리랑관광호텔,관광호텔,폐업,폐업,197704,201701,부산광역시 동구 중앙대로196번길 8 (초량동),,129.04033227,35.11425786
동구,부산여인숙,여인숙업,폐업,폐업,196805,199901,,,129.04977991,35.13063161
동구,부산장여관,여관업,폐업,폐업,198012,200001,,,129.03828248,35.11662203
동구,부일여인숙,여인숙업,폐업,폐업,197009,200606,,,129.04044419,35.11863774
동구,부일장여관,여관업,폐업,폐업,198806,200606,,,129.04806566,35.12932848
동구,부호장여관,여관업,폐업,폐업,198301,199708,,,129.05190676,35.1325333
동구,삼부장여관,여관업,폐업,폐업,198008,200707,,,129.04821976,35.12948805
동구,삼성여관,여관업,폐업,폐업,197506,200607,,,129.05849502,35.13677032
동구,삼양관광(주)프라자호텔,일반호텔,폐업,폐업,197205,201702,부산광역시 동구 중앙대로180번길 12-15 (초량동),,129.03973756,35.11186285
동구,삼오여관,여관업,폐업,폐업,196812,202512,부산광역시 동구 범일일길 13-1 (범일동),,129.05797866,35.13842806
동구,삼정여관,여관업,폐업,폐업,197512,200610,,,129.05606651,35.14101619
동구,삼정장모텔,여관업,폐업,폐업,200802,201409,부산광역시 동구 중앙대로533번길 6 (범일동),,129.05606651,35.14101619
동구,삼호여인숙,여인숙업,폐업,폐업,196603,200701,,,,
동구,서울여인숙,여인숙업,폐업,폐업,197201,201504,부산광역시 동구 범일이길20번길 73 (범일동),,129.05783994,35.1419344
동구,선화여인숙,여인숙업,폐업,폐업,197305,200902,,,129.03910948,35.11683858
동구,성도여관,여관업,폐업,폐업,196909,201110,,,129.0478193,35.12961615
동구,세호장여관,여관업,폐업,폐업,198111,201609,부산광역시 동구 고관로7번길 11 (초량동),,129.04086054,35.12031361
동구,송림장여관,여관업,폐업,폐업,198612,202310,부산광역시 동구 범일로102번길 16-16 (범일동),,129.06077891,35.1384194
동구,송죽여관,여관업,폐업,폐업,197801,200705,,,129.03969326,35.12240452
동구,송학여인숙,여인숙업,폐업,폐업,197111,200303,,,129.05811028,35.13992863
동구,수옥여인숙,여인숙업,폐업,폐업,197111,201512,부산광역시 동구 중앙대로349번가길 11 (수정동),,,
동구,수호여인숙,여인숙업,폐업,폐업,196512,200303,,,,
동구,스카이모텔,여관업,폐업,폐업,197201,201605,부산광역시 동구 대영로243번길 103 (초량동),,129.03980846,35.11644002
동구,스카이모텔,여관업,폐업,폐업,200403,200707,,,129.06178331,35.14062169
동구,스카이모텔,여관업,폐업,폐업,197003,201206,부산광역시 동구 진성로 10 (수정동),,129.04852889,35.12986224
동구,스테이G7,숙박업(생활),폐업,폐업,202212,202506,"부산광역시 동구 충장대로 160, 협성마리나G7 A,B동 일부호 (초량동)",,129.04395419,35.11493537
동구,신동여관,여관업,폐업,폐업,197609,201701,부산광역시 동구 고관로13번길 14 (초량동),,,
동구,신라모텔,여인숙업,폐업,폐업,197111,201608,부산광역시 동구 범곡북로 7 (범일동),,129.05491012,35.14159102
동구,신부여인숙,여인숙업,폐업,폐업,196512,201105,,,,
동구,신성여인숙,여인숙업,폐업,폐업,196907,201004,,,129.03711121,35.11486892
동구,신신장,여관업,폐업,폐업,197809,201403,부산광역시 동구 초량중로 87 (초량동),,129.03944867,35.11949014
동구,신진여인숙,여인숙업,폐업,폐업,197107,200903,,,129.05821132,35.13834151
동구,신흥여관,여관업,폐업,폐업,198011,200607,,,,
동구,아리랑장여관,여관업,폐업,폐업,198006,199708,,,129.03814852,35.11544084
동구,아이엠 게스트하우스,여관업,폐업,폐업,201304,201907,부산광역시 동구 중앙대로226번길 7-5 (초량동),,129.04186239,35.11725936
동구,에이스장,여관업,폐업,폐업,197611,201606,부산광역시 동구 고관로13번가길 4 (초량동),,,
동구,엘레펀트하우스(Elephant House),숙박업(생활),폐업,폐업,201703,201808,"부산광역시 동구 초량중로 13-2 (초량동, 3층,4층)",,129.03639329,35.11344448
동구,영남여인숙,여인숙업,폐업,폐업,196706,199708,,,129.04045051,35.11929646
동구,영빈관,여관업,폐업,폐업,199505,202410,"부산광역시 동구 진성로9번길 10 (수정동,,213-3)",,129.0479378,35.12949678
동구,영선,여관업,폐업,폐업,197009,201703,부산광역시 동구 초량중로93번길 11 (초량동),,129.03952795,35.12047083
동구,영성여인숙,여인숙업,폐업,폐업,197108,200912,,,129.05348368,35.14159719
동구,영신여인숙,여인숙업,폐업,폐업,197112,200612,,,,
동구,영파크모텔,여관업,폐업,폐업,197210,202102,부산광역시 동구 망양로 958 (범일동),,129.0538704,35.14193147
동구,오영여인숙,여인숙업,폐업,폐업,196812,201503,부산광역시 동구 중앙대로349번가길 21 (수정동),,,
동구,온팍스 레지던스,숙박업(생활),폐업,폐업,201709,202408,"부산광역시 동구 중앙대로196번길 16-12, 3층 (초량동)",,129.04052505,35.1131878
동구,용궁여인숙,여인숙업,폐업,폐업,196808,201512,부산광역시 동구 자성공원로 1-4 (범일동),,129.05990085,35.1373154
동구,용문여관,여관업,폐업,폐업,199105,200504,,,129.03869312,35.11918302
동구,월성여인숙,여인숙업,폐업,폐업,196709,201808,부산광역시 동구 중앙대로 393-5 (수정동),,129.0496338,35.1303252
동구,유림여관,여관업,폐업,폐업,200006,200411,,,129.0476579,35.12934526
동구,유창여관,여관업,폐업,폐업,197903,201510,부산광역시 동구 범일로89번길 31 (범일동),,129.05865072,35.13895052
동구,유풍여관,여관업,폐업,폐업,197407,200412,,,,
동구,은하모텔,여관업,폐업,폐업,198401,202209,부산광역시 동구 중앙대로221번길 14-7 (초량동),,129.03986678,35.11739289
동구,은하여인숙,여인숙업,폐업,폐업,196907,200303,,,129.03986678,35.11739289
동구,은하장,여관업,폐업,폐업,197412,201806,부산광역시 동구 범곡로28번길 14 (범일동),,129.05578888,35.14102832
동구,자성대여인숙,여인숙업,폐업,폐업,196701,201706,부산광역시 동구 자성공원로 1-10 (범일동),,129.06000509,35.13752883
동구,정원장,여관업,폐업,폐업,198911,202506,부산광역시 동구 범일일길 12-2 (범일동),,129.05861449,35.13813863
동구,정원장여관,여관업,폐업,폐업,198211,200606,,,129.03925787,35.11517194
동구,제일여관,여관업,폐업,폐업,196908,200303,,,129.03810299,35.11562456
동구,제일여관,여관업,폐업,폐업,196307,200303,,,,
동구,조광여관,여관업,폐업,폐업,197606,199803,,,129.05973282,35.13878439
동구,좌천여인숙,여인숙업,폐업,폐업,196609,200910,,,129.05297884,35.1318476
동구,중앙여인숙,여인숙업,폐업,폐업,197006,200606,,,129.04350543,35.12418788
동구,중앙장여관,여관업,폐업,폐업,197711,201603,부산광역시 동구 중앙대로209번길 25 (초량동),,,
동구,지앤지모텔,여관업,폐업,폐업,201008,202206,부산광역시 동구 조방로16번길 9 (범일동),,129.06329012,35.13930698
동구,진주여인숙,여인숙업,폐업,폐업,197306,200812,,,129.04079869,35.11896
동구,천일장,여관업,폐업,폐업,199804,201305,부산광역시 동구 초량로13번길 78 (초량동),,129.03847026,35.11569992
동구,천일장여관,여관업,폐업,폐업,199010,202506,부산광역시 동구 범일일길 12-1 (범일동),,129.05852591,35.13807409
동구,천지장여관,여관업,폐업,폐업,198507,202508,부산광역시 동구 범일일길25번길 4 (범일동),,129.05832409,35.13947723
동구,청명여인숙,여인숙업,폐업,폐업,197612,202306,부산광역시 동구 진성로9번길 6 (수정동),,129.04801449,35.1296173
동구,청수장여관,여관업,폐업,폐업,198510,200705,,,129.04078351,35.11942052
동구,청용장여관,여관업,폐업,폐업,197008,200809,,,129.04976107,35.13044707
동구,청우여인숙,여인숙업,폐업,폐업,197303,202412,부산광역시 동구 중앙대로209번길 10-5 (초량동),,129.03945151,35.11636337
동구,초원빌여관,여관업,폐업,폐업,198909,201305,부산광역시 동구 초량로25번길 6 (초량동),,129.03926085,35.1198093
동구,초원장,여관업,폐업,폐업,197010,200303,,,,
동구,칠성여관,여관업,폐업,폐업,197812,200706,,,129.04895989,35.13038272
동구,칠성여인숙,여인숙업,폐업,폐업,196603,201712,부산광역시 동구 중앙대로349번가길 15 (수정동),,,
동구,케이게스트하우스부산역(K-GuestHouse Busan Station),숙박업(생활),폐업,폐업,201611,202101,"부산광역시 동구 중앙대로236번길 7-5, 2,3층 (초량동)",,129.04234633,35.11806316
동구,크라운호텔,관광호텔,폐업,폐업,198712,200805,,,129.06409508,35.13828728
동구,크리스탈,여관업,폐업,폐업,198307,200607,,,129.06030975,35.1385469
동구,클라우디아,여관업,폐업,폐업,197412,202301,부산광역시 동구 범일일길 22-1 (범일동),,129.05851547,35.13908914
동구,킹크라운모텔,여관업,폐업,폐업,200407,200712,,,129.06195055,35.14016967
동구,태광여인숙,여인숙업,폐업,폐업,196708,201503,부산광역시 동구 중앙대로349번나길 38 (수정동),,,
동구,파라다이스,여관업,폐업,폐업,197612,201402,부산광역시 동구 중앙대로179번길 23 (초량동),,129.03722744,35.11357046
동구,파밀리에 게스트하우스,숙박업(생활),폐업,폐업,201510,201511,"부산광역시 동구 중앙대로214번길 3-4, 4,5층 (초량동)",,129.04128006,35.11638729
동구,파크장,여인숙업,폐업,폐업,196912,201412,부산광역시 동구 중앙대로533번길 13 (범일동),,129.05562286,35.14086745
동구,팝게스트하우스,여관업,폐업,폐업,197210,201912,부산광역시 동구 중앙대로 243-15 (초량동),,129.04122084,35.11936815
동구,평화여인숙,여인숙업,폐업,폐업,196705,200701,,,,
동구,풍국여인숙,여인숙업,폐업,폐업,197106,200303,,,,
동구,하얏트모텔,여관업,폐업,폐업,200312,202109,부산광역시 동구 중앙대로399번길 15 (수정동),,129.04958472,35.13051835
동구,하운드호텔 범일,여관업,폐업,폐업,200909,202202,부산광역시 동구 조방로34번길 5 (범일동),,129.06195055,35.14016967
동구,하원여인숙,여인숙업,폐업,폐업,196605,200607,,,129.04821976,35.12948805
동구,한림장여관,여관업,폐업,폐업,197309,202002,부산광역시 동구 초량로14번길 6-1 (초량동),,129.04067948,35.11914293
동구,한일여인숙,여인숙업,폐업,폐업,197002,200606,,,,
동구,항구여인숙,여인숙업,폐업,폐업,197210,200303,,,129.04028537,35.12010944
동구,항도장,여관업,폐업,폐업,197507,201312,부산광역시 동구 중앙대로320번길 3-10 (초량동),,129.04601918,35.12530158
동구,해림장여관,여관업,폐업,폐업,198007,200601,,,129.06162091,35.13856772
동구,현대,여관업,폐업,폐업,197705,202505,부산광역시 동구 범일일길 26 (범일동),,129.05851393,35.13928748
동구,현대여관,여관업,폐업,폐업,197212,200601,,,129.06240429,35.13604516
동구,현대여인숙,여인숙업,폐업,폐업,196807,200605,,,129.04040941,35.11867788
동구,호수장여관,여관업,폐업,폐업,197612,200601,,,129.04197458,35.11735911
동구,호텔 야자,일반호텔,폐업,폐업,201405,201410,부산광역시 동구 중앙대로180번길 6-7 (초량동),,129.03949746,35.11269373
동구,화신,여관업,폐업,폐업,199711,201905,부산광역시 동구 자성로103번길 16 (범일동),,129.06202333,35.13652615
동구,환영여인숙,여인숙업,폐업,폐업,197111,201808,부산광역시 동구 중앙대로 359 (수정동),,,
동구,황금여관,여관업,폐업,폐업,197505,201304,"부산광역시 동구 범일로89번길 27 (범일동,936-2)",,129.05865219,35.13887262
동래구,3.6.9.모텔,여관업,영업/정상,영업,200201,,부산광역시 동래구 온천장로107번길 38-13 (온천동),,129.08213555,35.22120394
동래구,6번가호텔,여관업,영업/정상,영업,202504,,"부산광역시 동래구 금강로 174, 성산빌딩 6,7,8층 (온천동)",,129.08201701,35.22395115
동래구,COCO모텔,여관업,영업/정상,영업,200311,,부산광역시 동래구 명륜로112번가길 6 (명륜동),,129.08366487,35.20394839
동래구,JS hotel,여관업,영업/정상,영업,200304,,부산광역시 동래구 중앙대로1473번길 14-7 (온천동),,129.08290054,35.21788209
동래구,MVG호텔,여관업,영업/정상,영업,199611,,부산광역시 동래구 금강로62번길 38-4 (온천동),,129.07878756,35.21397708
동래구,M모텔(엠),여관업,영업/정상,영업,198106,,부산광역시 동래구 명륜로 124 (명륜동),,129.08265718,35.20495806
동래구,SAINT9(세인트나인),여관업,영업/정상,영업,198607,,부산광역시 동래구 안연로 105 (안락동),,129.09769702,35.19658756
동래구,S모텔,여관업,영업/정상,영업,199403,,부산광역시 동래구 온천장로107번길 38-19 (온천동),,129.08233322,35.22143455
동래구,THE STONE BRIDGE HOTEL(더스톤브릿지호텔),여관업,영업/정상,영업,199101,,부산광역시 동래구 미남로 96 (온천동),,129.06977159,35.20255282
동래구,VOS모텔,여관업,영업/정상,영업,201201,,부산광역시 동래구 금강공원로 34 (온천동),,129.08071419,35.21912984
동래구,가자,여관업,영업/정상,영업,199001,,부산광역시 동래구 명륜로112번가길 31 (명륜동),,129.08272537,35.20485952
동래구,가자2,여관업,영업/정상,영업,198910,,부산광역시 동래구 명륜로112번가길 29 (명륜동),,129.08280539,35.20473772
동래구,갤럭시모텔,여관업,영업/정상,영업,200211,,부산광역시 동래구 금강로124번길 11 (온천동),,129.08065368,35.21972953
동래구,"거북모텔(아시아드, 사직미남점)",여관업,영업/정상,영업,198402,,부산광역시 동래구 아시아드대로 213-1 (온천동),,129.06608397,35.20314457
동래구,귀빈장,여관업,영업/정상,영업,198701,,부산광역시 동래구 명륜로92번길 20-6 (수안동),,129.0844517,35.20272823
동래구,그린별장,여관업,영업/정상,영업,199509,,부산광역시 동래구 차밭골로24번길 14 (온천동),,129.07931529,35.21697568
동래구,금강국민호텔,여관업,영업/정상,영업,198511,,부산광역시 동래구 금샘로7번길 43 (온천동),,129.07307927,35.22451165
동래구,금천파크온천,여관업,영업/정상,영업,200410,,"부산광역시 동래구 금강로 140-1 (온천동,외4필지)",,129.08086069,35.22110515
동래구,나이스,여관업,영업/정상,영업,199608,,부산광역시 동래구 아시아드대로 256-10 (온천동),,129.06926989,35.20606594
동래구,남도여인숙,여인숙업,영업/정상,영업,197207,,부산광역시 동래구 명륜로112번가길 8 (명륜동),,129.08351809,35.20405067
동래구,노블레스,숙박업(생활),영업/정상,영업,198002,,부산광역시 동래구 금강공원로 41-2 (온천동),,129.07991154,35.21848364
동래구,녹천호텔,일반호텔,영업/정상,영업,199002,,부산광역시 동래구 금강공원로26번길 31 (온천동),,129.08096434,35.22045941
동래구,누리마을,숙박업(생활),영업/정상,영업,201206,,부산광역시 동래구 아시아드대로208번가길 17 (온천동),,129.06701973,35.20319234
동래구,달스테이,여관업,영업/정상,영업,199705,,부산광역시 동래구 온천장로125번길 9-8 (온천동),,129.08428669,35.2219428
동래구,대림장,여관업,영업/정상,영업,201906,,"부산광역시 동래구 차밭골로22번길 8, 1~4층 (온천동)",,129.07940457,35.21671937
동래구,대성관온천호텔,여관업,영업/정상,영업,201702,,"부산광역시 동래구 금강로124번길 19, 4~7층 (온천동)",,129.08113062,35.21958644
동래구,대성장여관,여관업,영업/정상,영업,199806,,부산광역시 동래구 온천장로125번길 59-7 (온천동),,129.08257193,35.22346897
동래구,대양오션,숙박업(생활),영업/정상,영업,198805,,부산광역시 동래구 금강로 162 (온천동),,129.0815362,35.22294328
동래구,더고침펠리스,숙박업(생활),영업/정상,영업,199502,,부산광역시 동래구 금강로62번길 15-18 (온천동),,129.07804538,35.21535344
동래구,더라이프,숙박업(생활),영업/정상,영업,201204,,부산광역시 동래구 충렬대로 246-8 (수안동),,129.08584805,35.2009905
동래구,더빌,숙박업(생활),영업/정상,영업,198312,,부산광역시 동래구 명륜로92번길 18 (수안동),,129.08430883,35.2027672
동래구,더엠호텔,여관업,영업/정상,영업,200107,,부산광역시 동래구 금정마을로 29 (온천동),,129.05988106,35.21242736
동래구,도브,여관업,영업/정상,영업,197607,,부산광역시 동래구 금강로 115 (온천동),,129.07965328,35.21915527
동래구,동남장,여관업,영업/정상,영업,198508,,부산광역시 동래구 금강로 161-3 (온천동),,129.08100835,35.22295128
동래구,동래덴바스타,숙박업(생활),영업/정상,영업,200110,,부산광역시 동래구 명륜로112번가길 28 (명륜동),,129.083017,35.20486564
동래구,동래온천호텔,여관업,영업/정상,영업,199406,,부산광역시 동래구 동래로19번길 11 (온천동),,129.07808471,35.21335386
동래구,동래하운드호텔 사직미남역점,일반호텔,영업/정상,영업,199712,,부산광역시 동래구 충렬대로86번길 25 (온천동),,129.07037341,35.20573009
동래구,동성,숙박업(생활),영업/정상,영업,198610,,부산광역시 동래구 충렬대로237번길 108-8 (명륜동),,129.08374071,35.20606839
동래구,동성숙박,여관업,영업/정상,영업,196408,,부산광역시 동래구 충렬대로237번가길 15 (수안동),,129.08622174,35.20243284
동래구,드림모텔,여관업,영업/정상,영업,198507,,부산광역시 동래구 온천장로107번길 46 (온천동),,129.08180166,35.22084693
동래구,라찌모텔,여관업,영업/정상,영업,198512,,부산광역시 동래구 안연로 107 (안락동),,129.09763336,35.19683312
동래구,락모텔,여관업,영업/정상,영업,198704,,부산광역시 동래구 명륜로 125 (명륜동),,129.08221521,35.20481893
동래구,롯데장,여관업,영업/정상,영업,198512,,부산광역시 동래구 반송로 348 (명장동),,129.10467892,35.20991438
동래구,리베모텔,여관업,영업/정상,영업,199806,,부산광역시 동래구 충렬대로258번길 10 (낙민동),,129.08745854,35.20052403
동래구,리셰(RICHE),여관업,영업/정상,영업,198611,,부산광역시 동래구 안연로 105-5 (안락동),,129.09753746,35.19658738
동래구,리엔,숙박업(생활),영업/정상,영업,200208,,부산광역시 동래구 차밭골로21번길 42-1 (온천동),,129.07811037,35.21479077
동래구,만수여관,여관업,영업/정상,영업,198112,,부산광역시 동래구 온천장로119번가길 27-5 (온천동),,129.08162069,35.22097178
동래구,메가호텔 부산동래구청점,일반호텔,영업/정상,영업,200012,,부산광역시 동래구 명륜로112번가길 37 (명륜동),,129.08268425,35.20515497
동래구,모심,숙박업(생활),영업/정상,영업,199411,,부산광역시 동래구 차밭골로22번길 28 (온천동),,129.08000789,35.21730198
동래구,무아모텔,숙박업(생활),영업/정상,영업,200305,,부산광역시 동래구 금강로123번길 8 (온천동),,129.0799238,35.22004513
동래구,문화장여관,여관업,영업/정상,영업,199911,,부산광역시 동래구 금강로 168-3 (온천동),,129.08181668,35.22353521
동래구,미투나 모텔,여관업,영업/정상,영업,200301,,부산광역시 동래구 차밭골로 28 (온천동),,129.07881032,35.21684379
동래구,민정,숙박업(생활),영업/정상,영업,201206,,부산광역시 동래구 아시아드대로 252-3 (온천동),,129.06886739,35.2060466
동래구,백송모텔,여관업,영업/정상,영업,200012,,부산광역시 동래구 아시아드대로 253-5 (온천동),,129.06806327,35.20635286
동래구,보림장,여관업,영업/정상,영업,198505,,부산광역시 동래구 명장로20번길 48 (명장동),,129.10144454,35.20390528
동래구,부산스테이,숙박업(생활),영업/정상,영업,202406,,"부산광역시 동래구 명륜로 120-3, 2,3층 (명륜동)",,129.08276001,35.20464105
동래구,브라운도트 사직야구장점,관광호텔,영업/정상,영업,202007,,부산광역시 동래구 사직북로13번길 11 (사직동),,129.06023335,35.196681
동래구,브라운도트호텔미남점,일반호텔,영업/정상,영업,200201,,부산광역시 동래구 미남로 100 (온천동),,129.06977428,35.20275051
동래구,브이모텔,여관업,영업/정상,영업,200910,,부산광역시 동래구 명륜로112번가길 36 (명륜동),,129.08294724,35.20508351
동래구,블루힐모텔,여관업,영업/정상,영업,200404,,부산광역시 동래구 충렬대로238번가길 6 (수안동),,129.0852384,35.2003398
동래구,비바체,숙박업(생활),영업/정상,영업,198807,,부산광역시 동래구 금강로106번길 8-9 (온천동),,129.07978102,35.21799704
동래구,빅토리아 모텔,여관업,영업/정상,영업,200311,,부산광역시 동래구 차밭골로24번길 20 (온천동),,129.07950482,35.21718316
동래구,사직덴바스타 시그니처호텔,일반호텔,영업/정상,영업,200302,,부산광역시 동래구 여고북로23번길 55 (온천동),,129.06800645,35.20342733
동래구,삼육구 모텔,여관업,영업/정상,영업,200405,,부산광역시 동래구 명륜로94번길 43-17 (명륜동),,129.08350701,35.20446135
동래구,샤인모텔,여관업,영업/정상,영업,200201,,부산광역시 동래구 차밭골로20번길 58 (온천동),,129.08155889,35.21809061
동래구,서호모텔,여관업,영업/정상,영업,198505,,부산광역시 동래구 반송로 249 (명장동),,129.09941444,35.20289214
동래구,선우장,여관업,영업/정상,영업,198609,,부산광역시 동래구 미남로146번길 16 (온천동),,129.07126037,35.20643908
동래구,세금장,여관업,영업/정상,영업,197101,,부산광역시 동래구 금강로 125 (온천동),,129.08004563,35.21994309
동래구,세븐브릿지호텔,여관업,영업/정상,영업,199901,,부산광역시 동래구 충렬대로 245-6 (수안동),,129.08611958,35.20163712
동래구,송원장여관,여관업,영업/정상,영업,198811,,부산광역시 동래구 온천장로 104-6 (온천동),,129.08412638,35.21976312
동래구,수림모텔,여관업,영업/정상,영업,198608,,부산광역시 동래구 충렬대로261번길 3 (낙민동),,129.08810329,35.20122219
동래구,수안장,여관업,영업/정상,영업,198712,,부산광역시 동래구 충렬대로237번가길 8 (수안동),,129.08577074,35.20242367
동래구,수원장여관,여관업,영업/정상,영업,198006,,부산광역시 동래구 금강로 163-4 (온천동),,129.08122706,35.22332731
동래구,스위트모텔,여관업,영업/정상,영업,198410,,부산광역시 동래구 충렬대로255번길 18 (낙민동),,129.08817642,35.20141849
동래구,스카이,숙박업(생활),영업/정상,영업,198909,,부산광역시 동래구 동래로 21-8 (온천동),,129.07836523,35.21280813
동래구,스카이,숙박업(생활),영업/정상,영업,200206,,부산광역시 동래구 금강공원로 41-1 (온천동),,129.08006162,35.21850284
동래구,썬(Sun)모텔,여관업,영업/정상,영업,200009,,부산광역시 동래구 온천장로 108-7 (온천동),,129.08490781,35.22022682
동래구,아담,숙박업(생활),영업/정상,영업,201904,,부산광역시 동래구 차밭골로20번길 62 (온천동),,129.08171205,35.21835782
동래구,아모르빌,숙박업(생활),영업/정상,영업,198907,,부산광역시 동래구 미남로 142 (온천동),,129.06981931,35.20655102
동래구,에덴모텔,여관업,영업/정상,영업,199508,,부산광역시 동래구 명륜로112번가길 10 (명륜동),,129.08362949,35.20412878
동래구,에스에스모텔,여관업,영업/정상,영업,199708,,부산광역시 동래구 여고북로73번길 54 (온천동),,129.06903892,35.20291296
동래구,에이치에비뉴 사직.미남점,여관업,영업/정상,영업,200306,,부산광역시 동래구 충렬대로92번길 21 (온천동),,129.07007168,35.20663101
동래구,영진여인숙,여인숙업,영업/정상,영업,197306,,부산광역시 동래구 금강로 84 (온천동),,129.07836344,35.21638339
동래구,예천장여관,여관업,영업/정상,영업,199212,,부산광역시 동래구 동래로19번길 21-6 (온천동),,129.07818656,35.21390486
동래구,오렌지별장,여관업,영업/정상,영업,198308,,부산광역시 동래구 아시아드대로220번길 15 (온천동),,129.06768565,35.203367
동래구,올레지던스모텔,숙박업(생활),영업/정상,영업,200306,,부산광역시 동래구 차밭골로22번길 12 (온천동),,129.07948771,35.21685121
동래구,올리브호텔,여관업,영업/정상,영업,200312,,부산광역시 동래구 여고북로73번길 62 (온천동),,129.06898154,35.20332692
동래구,유림,숙박업(생활),영업/정상,영업,198411,,부산광역시 동래구 충렬대로350번길 17 (안락동),,129.09737068,35.19698369
동래구,유토피아,여관업,영업/정상,영업,199408,,부산광역시 동래구 충렬대로86번길 16 (온천동),,129.07009517,35.2060906
동래구,은성장,여관업,영업/정상,영업,198905,,부산광역시 동래구 금강로131번길 8 (온천동),,129.08019567,35.22081131
동래구,이그니스 호텔 부산종합경기장점,일반호텔,영업/정상,영업,200304,,부산광역시 동래구 중앙대로1473번길 14-13 (온천동),,129.08304009,35.21813991
동래구,이브,숙박업(생활),영업/정상,영업,201904,,부산광역시 동래구 차밭골로20번길 60 (온천동),,129.08173871,35.2182785
동래구,이브모텔,여관업,영업/정상,영업,198504,,부산광역시 동래구 충렬대로359번길 31 (안락동),,129.09854095,35.19933263
동래구,이호그린,숙박업(생활),영업/정상,영업,199511,,부산광역시 동래구 차밭골로21번길 18 (온천동),,129.07872537,35.21568061
동래구,이화장여관,여관업,영업/정상,영업,198403,,부산광역시 동래구 석사북로 103 (온천동),,129.06717319,35.20600468
동래구,인터파크모텔,여관업,영업/정상,영업,200312,,부산광역시 동래구 동래로 21-11 (온천동),,129.07832555,35.21307992
동래구,지엔지모텔,여관업,영업/정상,영업,201201,,부산광역시 동래구 명륜로112번가길 16 (명륜동),,129.08344686,35.20429492
동래구,청록장,여관업,영업/정상,영업,198509,,부산광역시 동래구 반송로 270-2 (명장동),,129.10118118,35.20383703
동래구,청송장여관,여관업,영업/정상,영업,198810,,부산광역시 동래구 금강로 168-14 (온천동),,129.08215917,35.22319717
동래구,청우드림,여관업,영업/정상,영업,199302,,부산광역시 동래구 동래로19번길 21-5 (온천동),,129.07815003,35.21376551
동래구,청원장,여관업,영업/정상,영업,198312,,부산광역시 동래구 중앙대로1333번길 84 (온천동),,129.07316182,35.20737834
동래구,카리노호텔,여관업,영업/정상,영업,198905,,부산광역시 동래구 금강로124번길 25 (온천동),,129.08150221,35.21953852
동래구,큐브모텔,여관업,영업/정상,영업,201406,,부산광역시 동래구 차밭골로20번길 55 (온천동),,129.08135581,35.21825711
동래구,크리스탈모텔,여관업,영업/정상,영업,200107,,부산광역시 동래구 명륜로 80-7 (수안동),,129.08473806,35.20123958
동래구,킹,여관업,영업/정상,영업,200310,,부산광역시 동래구 금강로124번길 23-13 (온천동),,129.08115423,35.21996979
동래구,타히티모텔,여관업,영업/정상,영업,200312,,부산광역시 동래구 차밭골로20번길 45 (온천동),,129.0809075,35.21789213
동래구,토토모텔,여관업,영업/정상,영업,198009,,부산광역시 동래구 명륜로94번길 43-3 (명륜동),,129.08380126,35.20426879
동래구,투유(2YOU),여관업,영업/정상,영업,200302,,부산광역시 동래구 충렬대로86번길 8 (온천동),,129.07008476,35.20647941
동래구,평강여관,여관업,영업/정상,영업,197606,,부산광역시 동래구 금강로8번길 109 (온천동),,129.07106858,35.20817718
동래구,평화빌,숙박업(생활),영업/정상,영업,198511,,"부산광역시 동래구 동래로116번길 36 (복천동, 3층)",,129.08436575,35.20535583
동래구,풀하우스,숙박업(생활),영업/정상,영업,198501,,부산광역시 동래구 반송로 177 (낙민동),,129.09517028,35.19738933
동래구,프라임,숙박업(생활),영업/정상,영업,198612,,부산광역시 동래구 명륜로92번길 25 (수안동),,129.08412487,35.20316239
동래구,프랑스호텔,여관업,영업/정상,영업,199612,,부산광역시 동래구 금강로 155 (온천동),,129.08102895,35.22253979
동래구,프린스모텔,여관업,영업/정상,영업,198707,,부산광역시 동래구 충렬대로255번길 16 (낙민동),,129.088047,35.20137604
동래구,하나,숙박업(생활),영업/정상,영업,201212,,부산광역시 동래구 아시아드대로 252-5 (온천동),,129.06899296,35.20593733
동래구,하루호텔,여관업,영업/정상,영업,199607,,부산광역시 동래구 충렬대로86번길 9 (온천동),,129.07042377,35.2063592
동래구,하이원,숙박업(생활),영업/정상,영업,202510,,"부산광역시 동래구 동래로 27-19, 1,2,3,4층 (온천동)",,129.07859202,35.21332474
동래구,한빛장,여관업,영업/정상,영업,199401,,부산광역시 동래구 금강로131번길 5 (온천동),,129.08019493,35.22057401
동래구,한솔장모텔,여관업,영업/정상,영업,200702,,부산광역시 동래구 금강로 168-9 (온천동),,129.08208387,35.22336157
동래구,한송,숙박업(생활),영업/정상,영업,198512,,부산광역시 동래구 금강로 168-10 (온천동),,129.08199621,35.22324296
동래구,해다움,숙박업(생활),영업/정상,영업,198811,,부산광역시 동래구 동래로19번길 21 (온천동),,129.07827743,35.21372265
동래구,해미,숙박업(생활),영업/정상,영업,199007,,부산광역시 동래구 동래로 7-6 (온천동),,129.07750376,35.21383648
동래구,현대온천레지던스,숙박업(생활),영업/정상,영업,198910,,부산광역시 동래구 온천장로119번가길 16 (온천동),,129.08165784,35.22157337
동래구,형제그린,숙박업(생활),영업/정상,영업,198912,,부산광역시 동래구 금강로 80-4 (온천동),,129.07832475,35.21601247
동래구,호텔 동래,여관업,영업/정상,영업,198706,,부산광역시 동래구 명륜로117번길 10-9 (명륜동),,129.08227142,35.20452954
동래구,호텔 오즈,여관업,영업/정상,영업,200304,,부산광역시 동래구 중앙대로1473번길 14-9 (온천동),,129.08296344,35.21801148
동래구,호텔농심,관광호텔,영업/정상,영업,196207,,부산광역시 동래구 금강공원로20번길 23 (온천동),,129.08214283,35.21993003
동래구,호텔아마레동래점,일반호텔,영업/정상,영업,200306,,부산광역시 동래구 명륜로112번가길 24 (명륜동),,129.08310317,35.20472611
동래구,호텔이목,일반호텔,영업/정상,영업,201209,,부산광역시 동래구 명륜로112번가길 22 (명륜동),,129.08328288,35.20458272
동래구,화목,여관업,영업/정상,영업,198405,,부산광역시 동래구 충렬대로359번길 24 (안락동),,129.09867296,35.19891157
동래구,화성,숙박업(생활),영업/정상,영업,198507,,부산광역시 동래구 충렬대로237번가길 11 (수안동),,129.08595764,35.20251932
동래구,희망타운빌,숙박업(생활),영업/정상,영업,198408,,부산광역시 동래구 충렬대로261번길 13 (낙민동),,129.08854621,35.20140638
동래구,(주)온천월드호텔,관광호텔,폐업,폐업,198111,201403,부산광역시 동래구 온천장로 71 (온천동),,129.08172323,35.21779175
동래구,6번가모텔,여관업,폐업,폐업,199909,202504,부산광역시 동래구 금강로 174 (온천동),,129.08201701,35.22395115
동래구,9월모텔,여관업,폐업,폐업,199007,202111,부산광역시 동래구 차밭골로21번길 17 (온천동),,129.07901535,35.21559773
동래구,CG모텔,여관업,폐업,폐업,199403,202207,부산광역시 동래구 차밭골로21번길 5 (온천동),,129.07920962,35.21612945
동래구,W 모텔,여관업,폐업,폐업,198611,201512,부산광역시 동래구 금강로106번길 39 (온천동),,129.08143655,35.21853946
동래구,wow모텔,여관업,폐업,폐업,200106,201804,부산광역시 동래구 차밭골로 5 (온천동),,129.08049086,35.21551721
동래구,가든모텔,여관업,폐업,폐업,198912,201711,부산광역시 동래구 아시아드대로208번가길 19 (온천동),,129.06713803,35.20328483
동래구,갑을관여인숙,여인숙업,폐업,폐업,198805,200301,,,129.0799238,35.22004513
동래구,강남여인숙,여인숙업,폐업,폐업,197007,200510,,,129.08462422,35.22110099
동래구,거송장여관,여관업,폐업,폐업,198812,200803,,,,
동래구,경도장,여관업,폐업,폐업,197811,200311,부산광역시 동래구 명륜로129번길 3 (명륜동),,129.08197981,35.20523461
동래구,경동여관,여관업,폐업,폐업,198012,200410,,,129.08087584,35.22076601
동래구,경북여관,여관업,폐업,폐업,198304,200112,,,129.07017419,35.20038546
동래구,경산여인숙,여인숙업,폐업,폐업,197106,200508,,,129.07293973,35.2117368
동래구,고궁장,여관업,폐업,폐업,198411,202109,부산광역시 동래구 충렬대로92번길 10 (온천동),,129.07054864,35.2070312
동래구,고려여관,여관업,폐업,폐업,198708,199908,,,129.08115077,35.22196469
동래구,골드웰,여관업,폐업,폐업,198801,201306,부산광역시 동래구 여고북로23번길 45 (온천동),,129.06785374,35.20306816
동래구,광혜여관,여관업,폐업,폐업,199812,200301,,,129.0823068,35.21905987
동래구,광혜장여관,여관업,폐업,폐업,198001,200410,,,,
동래구,국제장,여관업,폐업,폐업,198902,201608,부산광역시 동래구 여고북로23번길 37 (온천동),,129.06757639,35.20267724
동래구,궁전장여관,여관업,폐업,폐업,198907,201811,부산광역시 동래구 온천장로 114-6 (온천동),,129.08483836,35.22059244
동래구,그랜즈여관,여관업,폐업,폐업,198307,200312,,,129.07023587,35.20697417
동래구,그린,숙박업(생활),폐업,폐업,199803,201611,부산광역시 동래구 온천장로 36 (온천동),,129.07972571,35.21545276
동래구,그린장,여관업,폐업,폐업,198812,201306,,,129.07081189,35.20705002
동래구,금강골드모텔,여관업,폐업,폐업,198706,202407,부산광역시 동래구 금강로 95 (온천동),,129.07864604,35.21756949
동래구,금강장여관,여관업,폐업,폐업,198408,200801,,,129.08584805,35.2009905
동래구,금강파레스,여관업,폐업,폐업,199503,200610,,,129.07868595,35.21461419
동래구,금성별장,여관업,폐업,폐업,198509,201705,부산광역시 동래구 아시아드대로208번가길 25 (온천동),,129.06730259,35.20352897
동래구,금성여관,여관업,폐업,폐업,197512,199912,,,129.08450926,35.20375393
동래구,금성여인숙,여인숙업,폐업,폐업,197004,201403,부산광역시 동래구 충렬대로 245-8 (수안동),,129.08608629,35.20174406
동래구,금정산장여인숙,여인숙업,폐업,폐업,198411,200301,,,129.07824525,35.21876797
동래구,금정여인숙,여인숙업,폐업,폐업,197607,200301,,,,
동래구,금정온천,여관업,폐업,폐업,198012,200612,,,129.08114785,35.21854923
동래구,금천,여관업,폐업,폐업,198612,200308,,,129.08086069,35.22110515
동래구,금호장,여관업,폐업,폐업,198512,201208,부산광역시 동래구 아시아드대로247번길 9 (온천동),,129.06776764,35.20604203
동래구,금화장여인숙,여인숙업,폐업,폐업,198509,200301,,,,
동래구,기림장모텔,여관업,폐업,폐업,198507,201110,,,,
동래구,꿈 모텔,여관업,폐업,폐업,199712,201808,부산광역시 동래구 온천장로30번길 5-1 (온천동),,129.07966276,35.21494999
동래구,꿈의궁전,여관업,폐업,폐업,200003,202002,부산광역시 동래구 사직북로28번길 202 (온천동),,129.06711283,35.20525369
동래구,남경장,여관업,폐업,폐업,200210,,,,,
동래구,남도여인숙,여인숙업,폐업,폐업,197203,201206,부산광역시 동래구 동래로152번가길 19 (칠산동),,129.08774915,35.20288366
동래구,남성장,여관업,폐업,폐업,200210,,,,129.07877149,35.21308825
동래구,남일장여관,여관업,폐업,폐업,199901,200106,,,129.06018181,35.1989802
동래구,남해여인숙,여인숙업,폐업,폐업,199007,200207,부산광역시 동래구 명륜로112번가길 24 (명륜동),,129.08311293,35.20463165
동래구,뉴부산장,여관업,폐업,폐업,198903,202206,부산광역시 동래구 동래로19번길 20 (온천동),,129.07843013,35.21359464
동래구,늘봄관광호텔,관광호텔,폐업,폐업,199001,200309,,,129.08254432,35.21713346
동래구,니스장,여관업,폐업,폐업,198909,200903,,,129.08135581,35.21825711
동래구,다이얀,여관업,폐업,폐업,198510,201511,부산광역시 동래구 충렬대로86번길 10 (온천동),,129.07008046,35.2063504
동래구,대동여관,여관업,폐업,폐업,197704,200301,,,129.07183313,35.20733873
동래구,대림여관,여관업,폐업,폐업,197309,200301,,,129.07034617,35.19559837
동래구,대림장여관,여관업,폐업,폐업,198909,201811,부산광역시 동래구 차밭골로22번길 8 (온천동),,129.07940457,35.21671937
동래구,대림장여관,여관업,폐업,폐업,198102,201306,부산광역시 동래구 금강공원로20번길 24 (온천동),,129.08307778,35.21981403
동래구,대명여인숙,여인숙업,폐업,폐업,197106,200301,,,129.08432428,35.20358684
동래구,대성관호텔,여관업,폐업,폐업,201702,201702,"부산광역시 동래구 금강로124번길 19, 4~7층 (온천동)",,129.08113062,35.21958644
동래구,대성모텔,여관업,폐업,폐업,200412,201010,,,129.08113062,35.21958644
동래구,대성모텔,여관업,폐업,폐업,201103,201502,부산광역시 동래구 금강로124번길 19 (온천동),,129.08113062,35.21958644
동래구,대성장여관,여관업,폐업,폐업,198312,201603,부산광역시 동래구 금강로8번길 90 (온천동),,129.07024671,35.20878725
동래구,대영장여관,여관업,폐업,폐업,197802,201110,,,129.08026298,35.21961223
동래구,대우빈,숙박업(생활),폐업,폐업,198904,201706,부산광역시 동래구 동래로19번길 34 (온천동),,129.07871283,35.21416632
동래구,대우장여관,여관업,폐업,폐업,198309,202303,부산광역시 동래구 온천장로 114-13 (온천동),,129.08529984,35.22045067
동래구,대원여관,여관업,폐업,폐업,197803,200404,,,129.08210289,35.22098975
동래구,대원여인숙,여인숙업,폐업,폐업,199004,200301,,,129.07860964,35.22264489
동래구,대일장,여관업,폐업,폐업,197612,201403,부산광역시 동래구 금강로131번길 1 (온천동),,129.08032842,35.22042485
동래구,대화장,여관업,폐업,폐업,198506,200301,,,129.0706904,35.20684826
동래구,덕성여관,여관업,폐업,폐업,198301,200601,,,129.06744634,35.20683499
동래구,도남여관,여관업,폐업,폐업,198008,201303,부산광역시 동래구 명륜로 120-3 (명륜동),,129.08276001,35.20464105
동래구,도림장,여관업,폐업,폐업,198705,201510,부산광역시 동래구 충렬대로359번길 11 (안락동),,129.09803231,35.19858684
동래구,도윤,숙박업(생활),폐업,폐업,198607,202002,부산광역시 동래구 온천장로125번길 13-3 (온천동),,129.08440115,35.22225402
동래구,도화장,여관업,폐업,폐업,200106,200211,,,129.06268742,35.19908637
동래구,동경여인숙,여인숙업,폐업,폐업,197512,199701,,,129.07924297,35.21629693
동래구,동궁장여관,여관업,폐업,폐업,198505,202510,부산광역시 동래구 금강로 170-7 (온천동),,129.08200166,35.22374382
동래구,동남,숙박업(생활),폐업,폐업,198501,201709,부산광역시 동래구 충렬대로258번길 13 (낙민동),,129.08765545,35.20053845
동래구,동남장,여관업,폐업,폐업,197707,200707,부산광역시 동래구 명륜로 137-3 (명륜동),,129.08165476,35.20595274
동래구,동래빌,숙박업(생활),폐업,폐업,199812,202002,부산광역시 동래구 온천장로 108-6 (온천동),,129.08468698,35.22014221
동래구,동래여관,여관업,폐업,폐업,197110,200301,,,,
동래구,동래파크여관,여관업,폐업,폐업,199911,200705,,,129.08674545,35.20170352
동래구,동림장,여관업,폐업,폐업,199109,200301,,,129.06906121,35.20607111
동래구,동명여인숙,여인숙업,폐업,폐업,198806,200301,,,,
동래구,동방온천관광호텔,관광호텔,폐업,폐업,198311,202302,부산광역시 동래구 금강로 110 (온천동),,129.0797441,35.21839067
동래구,동백장,여관업,폐업,폐업,198502,199905,,,129.06973051,35.20518886
동래구,동백장여관,여관업,폐업,폐업,198309,200808,,,129.08468791,35.20233452
동래구,동산여인숙,여인숙업,폐업,폐업,199811,199911,,,129.08181668,35.22353521
동래구,동산장,여관업,폐업,폐업,198509,202110,부산광역시 동래구 충렬대로 90 (온천동),,129.07053365,35.2072623
동래구,동선여인숙,여인숙업,폐업,폐업,197212,200902,,,129.06643199,35.20112522
동래구,동성,여관업,폐업,폐업,198412,202504,부산광역시 동래구 금강로8번길 101 (온천동),,129.07070634,35.20832059
동래구,동성여인숙,여인숙업,폐업,폐업,199305,200301,,,129.08389583,35.20579537
동래구,동양장여관,일반호텔,폐업,폐업,197712,199705,,,,
동래구,동연장여관,여관업,폐업,폐업,199009,201302,부산광역시 동래구 온천장로125번길 9-13 (온천동),,129.08460221,35.22180339
동래구,동원장,여관업,폐업,폐업,198307,200602,,,129.07075002,35.20695052
동래구,동일여인숙,여인숙업,폐업,폐업,199703,200301,,,,
동래구,동일장여인숙,여인숙업,폐업,폐업,198906,200301,,,129.07854421,35.21892503
동래구,동진장,여관업,폐업,폐업,198312,200711,,,129.08196727,35.22079962
동래구,라세느모텔,여관업,폐업,폐업,200404,201605,부산광역시 동래구 차밭골로20번길 48 (온천동),,129.08135334,35.21780246
동래구,라세느모텔,여관업,폐업,폐업,201607,202012,부산광역시 동래구 차밭골로20번길 48 (온천동),,129.08135334,35.21780246
동래구,라찌모텔,여관업,폐업,폐업,199712,201806,부산광역시 동래구 온천장로30번길 15 (온천동),,129.08003371,35.21479166
동래구,럭키장여관,여관업,폐업,폐업,197006,200410,,,129.07749624,35.2147495
동래구,레인보우,숙박업(생활),폐업,폐업,198410,202212,부산광역시 동래구 충렬대로261번길 14-3 (낙민동),,129.08864708,35.201231
동래구,로렉스모텔,여관업,폐업,폐업,200305,201703,부산광역시 동래구 금강로 164 (온천동),,129.08160376,35.22307157
동래구,로망스모텔,여관업,폐업,폐업,198403,202110,부산광역시 동래구 충렬대로 245-13 (수안동),,129.08585885,35.20195571
동래구,로얄,숙박업(생활),폐업,폐업,201205,201510,부산광역시 동래구 온천장로 63-1 (온천동),,,
동래구,로얄장,여관업,폐업,폐업,198411,202512,부산광역시 동래구 미남로 146 (온천동),,129.06982406,35.20695917
동래구,로얄장,여관업,폐업,폐업,200104,200301,,,129.08201575,35.22404264
동래구,로얄플러스,여관업,폐업,폐업,199805,202206,부산광역시 동래구 충렬대로86번길 28 (온천동),,129.07007772,35.20554162
동래구,로제별장여관,여관업,폐업,폐업,200107,200301,,,129.06659777,35.20448561
동래구,로제장여관,여관업,폐업,폐업,199912,200404,,,,
동래구,로즈별장,여관업,폐업,폐업,198912,200310,,,129.08178619,35.22105255
동래구,로코코,여관업,폐업,폐업,199311,201411,부산광역시 동래구 동래로15번길 7 (온천동),,129.07784751,35.21353553
동래구,롯데장,여관업,폐업,폐업,198511,200912,,,129.08862885,35.20198018
동래구,롯태별장,여관업,폐업,폐업,198603,201101,,,129.0804988,35.22120268
동래구,리치텔,숙박업(생활),폐업,폐업,201206,201805,부산광역시 동래구 온천장로30번길 27 (온천동),,129.08043248,35.21523689
동래구,리치텔,여관업,폐업,폐업,199901,201206,부산광역시 동래구 온천장로30번길 27 (온천동),,129.08043248,35.21523689
동래구,마모텔,여관업,폐업,폐업,199511,202202,부산광역시 동래구 충렬대로245번길 30 (수안동),,,
동래구,만수모텔,여관업,폐업,폐업,199503,201401,부산광역시 동래구 온천장로 41 (온천동),,129.0795934,35.21592718
동래구,만우장,여관업,폐업,폐업,198507,200712,,,129.08176773,35.22298682
동래구,명륜여인숙,여인숙업,폐업,폐업,197109,200301,부산광역시 동래구 명륜로252번길 22 (명륜동),,129.08543319,35.2159122
동래구,명륜장여관,여관업,폐업,폐업,199509,200608,부산광역시 동래구 명륜로117번길 10-5 (명륜동),,129.08217712,35.20439149
동래구,명신여관,여관업,폐업,폐업,197610,202606,부산광역시 동래구 충렬대로249번길 27 (수안동),,129.08646574,35.2025521
동래구,명신여인숙,여인숙업,폐업,폐업,197811,200211,,,,
동래구,명조여관,여관업,폐업,폐업,196905,202207,부산광역시 동래구 충렬대로237번길 131 (명륜동),,129.08259359,35.20677479
동래구,모텔 휴,여관업,폐업,폐업,200203,201507,부산광역시 동래구 온천장로 65 (온천동),,,
동래구,모텔서초,여관업,폐업,폐업,196806,200612,,,129.08276885,35.21962579
동래구,목원,숙박업(생활),폐업,폐업,201007,201702,부산광역시 동래구 금강로 128-6 (온천동),,129.08057848,35.21986908
동래구,목원장,여관업,폐업,폐업,196907,200510,,,129.08057848,35.21986908
동래구,몽블랑모텔,여관업,폐업,폐업,200203,201804,부산광역시 동래구 온천장로 32-1 (온천동),,129.07954698,35.2151634
동래구,문화모텔,여관업,폐업,폐업,198203,201907,부산광역시 동래구 금강로 129 (온천동),,,
동래구,문화여관,여관업,폐업,폐업,200012,200301,부산광역시 동래구 명륜로112번가길 6 (명륜동),,129.08366487,35.20394839
동래구,미남레지던시,여관업,폐업,폐업,199001,201505,부산광역시 동래구 사직북로28번길 188 (온천동),,129.06672914,35.20476602
동래구,미남별장여관,여관업,폐업,폐업,199408,199904,,,129.06806327,35.20635286
동래구,미니호텔,여관업,폐업,폐업,199601,201603,부산광역시 동래구 동래로19번길 17 (온천동),,129.07821708,35.21360869
동래구,미림모텔,여관업,폐업,폐업,200005,200903,,,129.07972117,35.21565311
동래구,미성모텔,여관업,폐업,폐업,198610,200604,,,129.06429432,35.19611326
동래구,미스터브릭,여관업,폐업,폐업,200405,202211,부산광역시 동래구 충렬대로92번길 24 (온천동),,129.06989677,35.20686601
동래구,민정텔,여관업,폐업,폐업,198601,201206,부산광역시 동래구 아시아드대로 252-3 (온천동),,129.06886739,35.2060466
동래구,밀라노빌,숙박업(생활),폐업,폐업,199004,201601,부산광역시 동래구 동래로15번길 14 (온천동),,129.07809155,35.21365169
동래구,발렌타인,여관업,폐업,폐업,200008,200907,,,129.06701973,35.20319234
동래구,발리모텔,여관업,폐업,폐업,200310,201111,부산광역시 동래구 명륜로112번가길 22 (명륜동),,129.08328288,35.20458272
동래구,버킹검모텔,여관업,폐업,폐업,198506,201406,부산광역시 동래구 여고북로23번길 56 (온천동),,129.0682492,35.20319038
동래구,버튼호텔(BUTTON),여관업,폐업,폐업,200403,202205,부산광역시 동래구 충렬대로86번길 24 (온천동),,129.07009003,35.20568154
동래구,베스트모텔,여관업,폐업,폐업,200306,201111,,,129.08025331,35.21524778
동래구,벨라지오,여관업,폐업,폐업,200304,200712,,,129.08729108,35.20065905
동래구,보광장,여관업,폐업,폐업,198807,201105,,,129.08329041,35.21758299
동래구,보노호텔,여관업,폐업,폐업,200210,202108,부산광역시 동래구 온천장로 35-1 (온천동),,129.07923645,35.21558475
동래구,보물섬별장,여관업,폐업,폐업,198810,201601,부산광역시 동래구 온천장로 114-23 (온천동),,129.08520851,35.21996177
동래구,복성장여관,여관업,폐업,폐업,198002,199906,,,129.06686272,35.2043631
동래구,복천장,여관업,폐업,폐업,198407,200804,,,,
동래구,볼리아(Voglia),여관업,폐업,폐업,198805,202204,부산광역시 동래구 충렬대로86번길 42,,129.07004283,35.20499453
동래구,부산그랜드호텔,관광호텔,폐업,폐업,199012,200503,,,129.06777472,35.20362147
동래구,부산여관,여관업,폐업,폐업,198301,200612,,,129.08525366,35.22011789
동래구,부영장여관,여관업,폐업,폐업,199604,200710,,,129.08689222,35.20177882
동래구,부일장,여관업,폐업,폐업,197509,200709,,,129.08508873,35.20415652
동래구,부일장,여관업,폐업,폐업,198908,201503,부산광역시 동래구 온천장로 114-18 (온천동),,129.08509856,35.22027977
동래구,부흥장여관,여관업,폐업,폐업,198205,201005,,,129.06499997,35.19830703
동래구,불로여관,여관업,폐업,폐업,199005,200301,,,129.08146482,35.22062086
동래구,브이모텔,여관업,폐업,폐업,200305,201807,부산광역시 동래구 온천장로30번길 5-10 (온천동),,129.08014684,35.21504445
동래구,블루장여관,여관업,폐업,폐업,199709,200512,,,129.07812286,35.21492924
동래구,비너스모텔,여관업,폐업,폐업,200206,201505,부산광역시 동래구 온천장로 51 (온천동),,129.08064236,35.21629489
동래구,산성장여관,여관업,폐업,폐업,197709,200704,,,129.07065469,35.20622689
동래구,산수장여관,여관업,폐업,폐업,199601,201506,부산광역시 동래구 온천장로65번길 9 (온천동),,129.08062948,35.21685802
동래구,산장여관,여관업,폐업,폐업,196712,201612,부산광역시 동래구 금강로123번길 13 (온천동),,129.07948729,35.21994496
동래구,산호장여관,여관업,폐업,폐업,198110,200306,,,129.06035058,35.19590542
동래구,삼우장여관,여관업,폐업,폐업,198210,200602,,,129.06729117,35.20500561
동래구,새동산여관,일반호텔,폐업,폐업,197511,199809,,,,
동래구,서라벌여관,여관업,폐업,폐업,198801,200709,,,129.08060104,35.22003773
동래구,서울장,여관업,폐업,폐업,198501,201306,부산광역시 동래구 반송로175번길 4 (낙민동),,129.09510333,35.19729889
동래구,서원여관,여관업,폐업,폐업,198404,201505,부산광역시 동래구 안락로 20-1 (안락동),,129.09925458,35.20056044
동래구,선모텔,여관업,폐업,폐업,198512,201403,부산광역시 동래구 사직로 60 (사직동),,129.05925347,35.19562531
동래구,선인장여관,여관업,폐업,폐업,198002,201202,,,,
동래구,선호장,여관업,폐업,폐업,199512,200603,,,,
동래구,성림장여관,여관업,폐업,폐업,198806,200301,,,129.08359333,35.21781979
동래구,성미모텔,여관업,폐업,폐업,198503,200410,,,129.06679296,35.2042781
동래구,세명장,여관업,폐업,폐업,198512,202108,부산광역시 동래구 명안로71번길 54 (명장동),,129.10134355,35.20363662
동래구,세화장여관,일반호텔,폐업,폐업,198311,199806,,,129.07007381,35.20542917
동래구,수민여관,여관업,폐업,폐업,197409,200603,,,129.08920672,35.20034971
동래구,수안장여관,여관업,폐업,폐업,199511,200509,부산광역시 동래구 명륜로117번길 10-3 (명륜동),,129.08207031,35.20432048
동래구,스위스모텔,여관업,폐업,폐업,200404,201503,부산광역시 동래구 온천장로 53-4 (온천동),,,
동래구,스위스모텔,여관업,폐업,폐업,199804,201705,부산광역시 동래구 차밭골로24번길 17 (온천동),,129.07926596,35.2172406
동래구,스위트모텔,여관업,폐업,폐업,198512,201312,부산광역시 동래구 금강로 137-1 (온천동),,129.08049055,35.22109227
동래구,스파장여관,여관업,폐업,폐업,198910,200601,,,,
동래구,시드니모텔,여관업,폐업,폐업,200308,201205,부산광역시 동래구 온천장로 63-1 (온천동),,,
동래구,식물장,여관업,폐업,폐업,198412,201808,부산광역시 동래구 금강로 163-5 (온천동),,129.08114113,35.22319775
동래구,신귀로여관,여관업,폐업,폐업,198508,200001,,,,
동래구,신대원장,여관업,폐업,폐업,197010,200407,,,129.07876466,35.21809524
동래구,신도여관,여관업,폐업,폐업,197011,199912,,,129.07972375,35.21811571
동래구,신라원텔,숙박업(생활),폐업,폐업,201507,201806,부산광역시 동래구 금강로106번길 30 (온천동),,129.0808958,35.21817641
동래구,신라장여관,여관업,폐업,폐업,198405,201405,부산광역시 동래구 금강로106번길 30 (온천동),,129.0808958,35.21817641
동래구,신성장여관,여관업,폐업,폐업,198108,200301,,,129.06279573,35.19965122
동래구,신아대모텔,여관업,폐업,폐업,199709,201103,,,129.08053309,35.22130631
동래구,신아장,여관업,폐업,폐업,198608,202011,부산광역시 동래구 석사북로 101 (온천동),,129.06702198,35.20595461
동래구,신안여관,여관업,폐업,폐업,197504,200301,,,,
동래구,신월여관,여관업,폐업,폐업,198602,200301,,,,
동래구,신진여인숙,여인숙업,폐업,폐업,199008,200301,,,,
동래구,신흥여관,여관업,폐업,폐업,197510,201409,부산광역시 동래구 사직북로28번길 200 (온천동),,129.06704282,35.20515256
동래구,썬원여관,여관업,폐업,폐업,199712,201510,부산광역시 동래구 온천장로65번길 13 (온천동),,,
동래구,아남장,여관업,폐업,폐업,198206,201712,부산광역시 동래구 금강로 135-1 (온천동),,129.08035751,35.22082361
동래구,아로나모텔,여관업,폐업,폐업,198511,201402,부산광역시 동래구 아시아드대로 252-12 (온천동),,,
동래구,아름장,여관업,폐업,폐업,198903,201802,부산광역시 동래구 동래로19번길 4 (온천동),,129.07817638,35.2130227
동래구,아비송,여관업,폐업,폐업,198501,201008,,,129.06743501,35.20572094
동래구,아트,숙박업(생활),폐업,폐업,198410,201809,부산광역시 동래구 금강로 119-5 (온천동),,129.0795974,35.21950697
동래구,안락여관,관광호텔,폐업,폐업,200210,,,,129.1016682,35.19735466
동래구,안락장여관,여관업,폐업,폐업,198208,201205,부산광역시 동래구 안연로 109 (안락동),,129.09759615,35.19698494
동래구,안성여관,여관업,폐업,폐업,198008,201306,부산광역시 동래구 금강공원로26번길 41 (온천동),,129.08109567,35.22087005
동래구,알프스,여관업,폐업,폐업,200003,200905,부산광역시 동래구 명륜로 106 (명륜동),,129.08335566,35.20344761
동래구,앙상블모텔,여관업,폐업,폐업,199703,201709,부산광역시 동래구 온천장로107번길 38-7 (온천동),,129.08210289,35.22098975
동래구,약수장여관,여관업,폐업,폐업,197208,200612,,,129.07949507,35.21893091
동래구,양지,여인숙업,폐업,폐업,196810,199710,,,129.08333382,35.22294232
동래구,양지장,여관업,폐업,폐업,198212,201601,부산광역시 동래구 충렬대로258번길 7 (낙민동),,129.08749464,35.20068755
동래구,에이스,숙박업(생활),폐업,폐업,199412,202206,부산광역시 동래구 미남로 128 (온천동),,129.06980246,35.20530471
동래구,엔젤모텔,여관업,폐업,폐업,198509,201401,부산광역시 동래구 아시아드대로220번길 19 (온천동),,129.06794442,35.20324791
동래구,엘리제모텔,여관업,폐업,폐업,198512,200711,,,129.06872466,35.20576705
동래구,엘호텔,여관업,폐업,폐업,199010,202110,부산광역시 동래구 온천장로52번길 6-5 (온천동),,129.08130644,35.21621425
동래구,연화정,여관업,폐업,폐업,196004,200301,,,129.07650247,35.22522758
동래구,열림장여관,여관업,폐업,폐업,199712,202312,부산광역시 동래구 금강로123번길 5 (온천동),,129.07984311,35.21977865
동래구,영빈장,여관업,폐업,폐업,198812,200704,,,129.06984524,35.20294085
동래구,영신여관,여관업,폐업,폐업,196704,201401,부산광역시 동래구 충렬대로 245-14 (수안동),,129.08606118,35.20193999
동래구,예당하우스,숙박업(생활),폐업,폐업,199309,201812,부산광역시 동래구 동래로 27-17 (온천동),,129.07856091,35.21322163
동래구,오가모텔,여관업,폐업,폐업,198810,202007,부산광역시 동래구 차밭골로24번길 10 (온천동),,129.0792436,35.21687228
동래구,오호텔,일반호텔,폐업,폐업,200201,202206,부산광역시 동래구 온천장로 35-9 (온천동),,129.07936508,35.2159953
동래구,옥산장,여관업,폐업,폐업,197407,201803,부산광역시 동래구 금강로 119-3 (온천동),,,
동래구,옥수,숙박업(생활),폐업,폐업,201006,201511,부산광역시 동래구 중앙대로1493번길 14-12 (온천동),,,
동래구,옥수여관,여관업,폐업,폐업,198409,200810,,,,
동래구,온천여관,여관업,폐업,폐업,197809,200201,,,129.08162827,35.22082466
동래구,온천여관,여관업,폐업,폐업,199706,200606,,,129.07853026,35.21290484
동래구,온천여인숙,여인숙업,폐업,폐업,196803,200605,부산광역시 동래구 명륜로 266-1 (명륜동),,129.08563139,35.21674053
동래구,온천테마모텔,여관업,폐업,폐업,200410,202009,부산광역시 동래구 온천장로119번가길 19 (온천동),,129.08178619,35.22105255
동래구,외인촌,여관업,폐업,폐업,199109,201412,부산광역시 동래구 충렬대로86번길 90 (온천동),,129.07001925,35.2027907
동래구,용궁여관,여관업,폐업,폐업,198107,200801,,,,
동래구,우림여관,여관업,폐업,폐업,197606,202509,부산광역시 동래구 중앙대로1333번길 108-1 (온천동),,129.07182919,35.20763119
동래구,우정여관,여관업,폐업,폐업,197703,200301,,,129.07940766,35.21943385
동래구,우화장,여관업,폐업,폐업,198505,201601,부산광역시 동래구 충렬대로86번길 15 (온천동),,129.07038375,35.20614591
동래구,월계장,여관업,폐업,폐업,198905,200502,,,129.07884689,35.2170689
동래구,윈모텔,여관업,폐업,폐업,200306,201908,부산광역시 동래구 온천장로 34 (온천동),,129.07958614,35.21533156
동래구,유래여관,여관업,폐업,폐업,197604,199911,,,129.08596942,35.20237668
동래구,유선여관,여관업,폐업,폐업,197211,201301,부산광역시 동래구 충렬대로237번가길 20 (수안동),,129.08636126,35.20222416
동래구,유정장,여관업,폐업,폐업,198410,200606,,,129.11258812,35.19924083
동래구,은성여관,여관업,폐업,폐업,196907,201802,부산광역시 동래구 명륜로112번길 90 (수안동),,129.0877349,35.20260448
동래구,은하장,여관업,폐업,폐업,197508,201412,부산광역시 동래구 명륜로129번길 12-8 (명륜동),,129.08155213,35.20565642
동래구,이화별장,여관업,폐업,폐업,198812,200305,,,129.08096066,35.22117128
동래구,이화여관,여관업,폐업,폐업,197201,200301,,,,
동래구,일선여관,여관업,폐업,폐업,196812,200301,,,129.08440829,35.20210892
동래구,일성여인숙,여인숙업,폐업,폐업,197201,200607,,,129.07816214,35.21566725
동래구,일성장,여관업,폐업,폐업,198512,201210,부산광역시 동래구 온천장로 114-8 (온천동),,129.08497892,35.22053554
동래구,장원,여인숙업,폐업,폐업,200210,,부산광역시 동래구 명륜로 130-3 (명륜동),,129.0825808,35.20544055
동래구,정원장,여관업,폐업,폐업,198501,199903,,,129.0675591,35.20342841
동래구,제일여관,여관업,폐업,폐업,196502,201205,부산광역시 동래구 충렬대로270번길 12 (낙민동),,,
동래구,제일여관,여관업,폐업,폐업,197611,200409,,,129.08117529,35.2197798
동래구,제일여인숙,여인숙업,폐업,폐업,197005,202012,"부산광역시 동래구 중앙대로 1280 (사직동,외 1필지)",,129.07813597,35.2006862
동래구,제일장,여관업,폐업,폐업,198510,200203,,,129.09699904,35.19699744
동래구,제일장,여관업,폐업,폐업,200210,201207,부산광역시 동래구 충렬대로350번길 16 (안락동),,129.09699904,35.19699744
동래구,제일장,여관업,폐업,폐업,198505,201012,,,129.06864305,35.20313989
동래구,제일장여관,여관업,폐업,폐업,200210,,,,129.05948178,35.1972561
동래구,젬모텔,여관업,폐업,폐업,199704,202310,부산광역시 동래구 동래로19번길 12 (온천동),,129.07825212,35.21327979
동래구,중앙온천,여관업,폐업,폐업,196507,201907,부산광역시 동래구 금강공원로26번길 37 (온천동),,129.08107662,35.22071239
동래구,지앤지모텔,여관업,폐업,폐업,201211,202205,부산광역시 동래구 온천장로 35-7 (온천동),,129.07925457,35.21586129
동래구,창성여관,여관업,폐업,폐업,199712,200301,,,,
동래구,천연장여관,여관업,폐업,폐업,197811,201801,부산광역시 동래구 금강로 160 (온천동),,129.08142971,35.22267896
동래구,천우그린,숙박업(생활),폐업,폐업,198408,202002,부산광역시 동래구 온천장로125번길 13-11 (온천동),,129.08416689,35.22201192
동래구,천우장여관,여관업,폐업,폐업,198202,201306,부산광역시 동래구 금강로 168-6 (온천동),,129.08180019,35.22334572
동래구,천일온천호텔,일반호텔,폐업,폐업,199208,202108,부산광역시 동래구 금강공원로26번길 42 (온천동),,129.08136992,35.22133128
동래구,천지장,여관업,폐업,폐업,199905,200108,,,129.08060958,35.22050632
동래구,청사초롱,여관업,폐업,폐업,198408,201010,부산광역시 동래구 명륜로112번가길 45 (명륜동),,129.0828223,35.20551972
동래구,청우하우스,숙박업(생활),폐업,폐업,199607,201710,부산광역시 동래구 차밭골로16번길 11 (온천동),,,
동래구,청호장여관,여관업,폐업,폐업,198406,200703,부산광역시 동래구 삼성대길 34-21 (명륜동),,129.08184818,35.20511176
동래구,청화여관,여관업,폐업,폐업,200210,,,,,
동래구,초원장,여관업,폐업,폐업,198405,200511,,,129.06973192,35.20336858
동래구,초원장,여관업,폐업,폐업,198903,200811,부산광역시 동래구 동래로19번길 15 (온천동),,129.07814906,35.21347585
동래구,춘혜여인숙,여인숙업,폐업,폐업,198411,200301,,,,
동래구,충열장여관,여관업,폐업,폐업,198309,200605,,,129.09771121,35.2009259
동래구,캐슬모텔,여관업,폐업,폐업,200503,202112,부산광역시 동래구 충렬대로237번길 6 (수안동),,129.08556298,35.20185347
동래구,코리아,여관업,폐업,폐업,198803,200310,,,129.08115423,35.21996979
동래구,코리아나모텔,여관업,폐업,폐업,200110,201709,부산광역시 동래구 온천장로 108-8 (온천동),,129.08488026,35.22008492
동래구,크리스탈모텔,여관업,폐업,폐업,200012,201308,부산광역시 동래구 온천장로 64 (온천동),,129.08176003,35.21697343
동래구,태백장여관,여관업,폐업,폐업,198405,202403,부산광역시 동래구 충렬대로86번길 3 (온천동),,129.07046884,35.2067086
동래구,투헤븐호텔,일반호텔,폐업,폐업,200403,202205,부산광역시 동래구 충렬대로86번길 38 (온천동),,129.07006565,35.2051943
동래구,파라다이스모텔,여관업,폐업,폐업,199607,200410,,,129.07858728,35.21612419
동래구,파라죠,여관업,폐업,폐업,200012,202110,부산광역시 동래구 충렬대로92번길 16 (온천동),,129.07034538,35.20689419
동래구,파란하늘,여관업,폐업,폐업,198710,201912,부산광역시 동래구 금강로124번길 23-12 (온천동),,129.08147919,35.21986592
동래구,평화장,여관업,폐업,폐업,198407,201306,부산광역시 동래구 아시아드대로208번가길 29 (온천동),,129.06738171,35.20364009
동래구,푸른장여관,여관업,폐업,폐업,199010,202003,부산광역시 동래구 온천장로125번길 21-16 (온천동),,129.08374708,35.22233639
동래구,풍국산업(주)해동호텔,일반호텔,폐업,폐업,199807,200211,,,129.08065368,35.21972953
동래구,풍승장,여관업,폐업,폐업,197712,201503,부산광역시 동래구 온천장로125번길 13-8 (온천동),,129.08411967,35.22225924
동래구,프라다모텔,여관업,폐업,폐업,200302,201505,부산광역시 동래구 차밭골로 14 (온천동),,,
동래구,프로포즈,여관업,폐업,폐업,196711,201706,부산광역시 동래구 금강로131번길 9 (온천동),,129.08003462,35.2205604
동래구,프린스여관,여관업,폐업,폐업,198810,200503,,,129.06982204,35.20560632
동래구,피닉스모텔,여관업,폐업,폐업,198409,201805,부산광역시 동래구 충렬대로350번길 23 (안락동),,129.09742468,35.19680238
동래구,하나장여관,여관업,폐업,폐업,199708,199907,,,129.08068484,35.22068903
동래구,하이모텔,여관업,폐업,폐업,198707,201504,부산광역시 동래구 반송로 292-1 (명장동),,129.10239916,35.20579923
동래구,하이원,여관업,폐업,폐업,199001,201202,,,129.07859202,35.21332474
동래구,하이원레지던스,숙박업(생활),폐업,폐업,199607,202603,부산광역시 동래구 온천장로 39 (온천동),,129.07947136,35.21583687
동래구,한림,숙박업(생활),폐업,폐업,199004,201906,부산광역시 동래구 금강로106번길 8-11 (온천동),,129.07990845,35.2179585
동래구,한솔모텔,여관업,폐업,폐업,199807,201205,부산광역시 동래구 차밭골로21번길 13 (온천동),,129.07902719,35.21580726
동래구,한솔모텔,여관업,폐업,폐업,199512,200701,,,129.08208387,35.22336157
동래구,한일장여관,여관업,폐업,폐업,197010,200404,,,129.08151803,35.21880777
동래구,행운,여관업,폐업,폐업,200004,201312,부산광역시 동래구 금강로117번길 8 (온천동),,129.07955448,35.21941337
동래구,향록장여관,여관업,폐업,폐업,198002,199901,,,129.08006162,35.21850284
동래구,향림장,여관업,폐업,폐업,198010,200902,부산광역시 동래구 삼성대길 34-20 (명륜동),,129.08203534,35.20510692
동래구,향림장,여관업,폐업,폐업,198712,201506,부산광역시 동래구 차밭골로16번길 17 (온천동),,,
동래구,향촌여인숙,여인숙업,폐업,폐업,198305,200205,,,129.08291796,35.22336487
동래구,향촌장,여관업,폐업,폐업,199504,202010,부산광역시 동래구 명륜로 104 (명륜동),,129.08340995,35.20316361
동래구,허심별장,여관업,폐업,폐업,198101,200902,,,129.08202027,35.22139808
동래구,현대여관,여관업,폐업,폐업,197712,200606,,,129.08383928,35.21812181
동래구,현대여인숙,여인숙업,폐업,폐업,197309,202307,부산광역시 동래구 충렬대로237번길 72-16 (복천동),,129.08531123,35.20431606
동래구,호림장,여관업,폐업,폐업,198612,200404,,,129.06744927,35.20523574
동래구,호산별관,여관업,폐업,폐업,199506,200810,,,129.06899296,35.20593733
동래구,호산장,여관업,폐업,폐업,198412,201203,부산광역시 동래구 온천장로 112-7 (온천동),,129.08494222,35.2203821
동래구,호수장,여관업,폐업,폐업,198505,200511,,,129.08117355,35.22285829
동래구,호텔 하늘아래,여관업,폐업,폐업,200406,201808,부산광역시 동래구 차밭골로 7 (온천동),,,
동래구,호텔쉼,일반호텔,폐업,폐업,200211,201805,부산광역시 동래구 온천장로30번길 7 (온천동),,129.07993255,35.21488978
동래구,호텔야자,일반호텔,폐업,폐업,200303,202103,부산광역시 동래구 중앙대로1473번길 14-3 (온천동),,129.08284451,35.21774278
동래구,호텔야자,숙박업(생활),폐업,폐업,201203,201804,부산광역시 동래구 온천장로30번길 5-12 (온천동),,129.08025331,35.21524778
동래구,호텔투헤븐,여관업,폐업,폐업,199003,201502,부산광역시 동래구 온천장로 60 (온천동),,129.08148161,35.21670602
동래구,호텔페이지,여관업,폐업,폐업,198601,202207,부산광역시 동래구 여고북로73번길 59 (온천동),,129.06865643,35.20325026
동래구,호호빌,숙박업(생활),폐업,폐업,198711,202303,부산광역시 동래구 동래로 21-9 (온천동),,,
동래구,황실별장,여관업,폐업,폐업,197912,200410,,,129.06754472,35.20599443
동래구,황토방모텔,여관업,폐업,폐업,199611,202007,부산광역시 동래구 온천장로125번길 13-6 (온천동),,129.08423246,35.22234651
부산진구,(주)부산롯데호텔,관광호텔,영업/정상,영업,199701,,부산광역시 부산진구 가야대로 772 (부전동),,129.05600228,35.15664239
부산진구,(주)빌드원호스텔,숙박업(생활),영업/정상,영업,202410,,"부산광역시 부산진구 범일로142번길 53-10, 1층,11~14층 (범천동)",,129.06233132,35.14325729
부산진구,(주)웰리빙 아카이브 범천,숙박업(생활),영업/정상,영업,202306,,"부산광역시 부산진구 자유평화로 15, 4~20층 일부호 (범천동)",,129.06152641,35.14160104
부산진구,1박2일 모텔,여관업,영업/정상,영업,198809,,부산광역시 부산진구 신천대로162번길 107 (부전동),,129.05470629,35.15336717
부산진구,207stay korea,숙박업(생활),영업/정상,영업,202501,,"부산광역시 부산진구 서전로58번길 100, 3,4층 (전포동)",,129.0659996,35.15334173
부산진구,24게스트하우스(서면점),숙박업 기타,영업/정상,영업,202607,,"부산광역시 부산진구 신천대로62번길 46, 3층,4층 (부전동)",,129.05857944,35.15281769
부산진구,369호텔,일반호텔,영업/정상,영업,200507,,부산광역시 부산진구 양지로8번길 20 (양정동),,129.06893032,35.16911678
부산진구,ACCOMMA STAY SEOMYEON,숙박업(생활),영업/정상,영업,202603,,"부산광역시 부산진구 중앙대로680번가길 74, 우목빌딩Ⅱ 4층 (부전동)",,129.06109615,35.15667942
부산진구,G7모텔,여관업,영업/정상,영업,201408,,"부산광역시 부산진구 황령대로17번길 21 (범천동, 1~8층)",,129.06089138,35.14901899
부산진구,JH BLOSSOM CAPSULE&CABIN HOTEL SEOMYEON,숙박업(생활),영업/정상,영업,202607,,부산광역시 부산진구 서면로 37 (주)진흥빌딩 5층 (부전동),,129.05753432,35.15400528
부산진구,JH BLOSSOM STAY JEONPO,숙박업(생활),영업/정상,영업,202603,,"부산광역시 부산진구 전포대로190번길 3, 2층 (전포동)",,129.06584341,35.15360497
부산진구,K7모텔,여관업,영업/정상,영업,198604,,부산광역시 부산진구 서면로 33-9 (부전동),,129.05733995,35.15367104
부산진구,KT&G상상마당부산스테이,숙박업 기타,영업/정상,영업,202007,,"부산광역시 부산진구 서면로 39, KT&G 상상마당부산 7층 (부전동)",,129.05729934,35.15426096
부산진구,K모텔,여관업,영업/정상,영업,200401,,부산광역시 부산진구 자유평화로3번길 52 (범천동),,129.06259568,35.1424443
부산진구,Maron Stay,숙박업(생활),영업/정상,영업,202606,,"부산광역시 부산진구 서면문화로5번길 33, 2층 (부전동)",,129.05575808,35.15819982
부산진구,MomManStay,숙박업(생활),영업/정상,영업,202501,,"부산광역시 부산진구 서전로58번길 23, 3~5층 (전포동)",,129.06621815,35.15674205
부산진구,No25호텔(No25 HOTEL),일반호텔,영업/정상,영업,200306,,부산광역시 부산진구 성지로150번길 5 (초읍동),,129.0482654,35.18196865
부산진구,R 모텔,여관업,영업/정상,영업,198711,,부산광역시 부산진구 중앙대로702번길 46-7 (부전동),,129.06192227,35.15507704
부산진구,STAY ROW (스테이 로우),숙박업(생활),영업/정상,영업,202605,,"부산광역시 부산진구 중앙대로691번가길 13, 4층 (부전동)",,129.05560066,35.15492795
부산진구,STAY 고우담,숙박업 기타,영업/정상,영업,202212,,"부산광역시 부산진구 전포대로223번길 10, 3~5층 (전포동)",,129.06461074,35.15659779
부산진구,Stay 051,숙박업(생활),영업/정상,영업,202601,,"부산광역시 부산진구 서전로9번길 6, 5층 (부전동)",,129.06077658,35.15801373
부산진구,THE SUITE STAY JEONPO,숙박업(생활),영업/정상,영업,202603,,"부산광역시 부산진구 전포대로190번길 3, 3층 (전포동)",,129.06584341,35.15360497
부산진구,V(브이)모텔,여관업,영업/정상,영업,200108,,부산광역시 부산진구 서면문화로 30-8 (부전동),,129.05648339,35.1598009
부산진구,V.V모텔,여관업,영업/정상,영업,198810,,부산광역시 부산진구 부전로20번길 40-8 (부전동),,129.05704382,35.15366845
부산진구,W(더블유)호텔,여관업,영업/정상,영업,198706,,부산광역시 부산진구 부전로20번길 19 (부전동),,129.05668932,35.1527469
부산진구,거북장여관,여관업,영업/정상,영업,200112,,"부산광역시 부산진구 범전로19번길 11-12, 부전동 (부전동)",,129.06119567,35.16427878
부산진구,경성여관호텔(HOTEL),여관업,영업/정상,영업,200305,,부산광역시 부산진구 서면문화로 26 (부전동),,129.05632889,35.15970602
부산진구,경일장여관,여관업,영업/정상,영업,198805,,부산광역시 부산진구 신천대로 200 (부암동),,129.05057567,35.15962353
부산진구,고궁모텔,여관업,영업/정상,영업,198504,,부산광역시 부산진구 가야대로703번가길 6 (당감동),,129.04877278,35.1574272
부산진구,고상 서면점,숙박업(생활),영업/정상,영업,202605,,"부산광역시 부산진구 새싹로 26-1, 3층 (부전동)",,129.05740743,35.16016395
부산진구,국제장여관,숙박업(생활),영업/정상,영업,202410,,"부산광역시 부산진구 부전로140번길 15, 1~3층 (부전동)",,129.05729544,35.16117979
부산진구,굿데이큐브 서면 캡슐호텔,숙박업 기타,영업/정상,영업,202604,,"부산광역시 부산진구 서면로 47, 빅보이타워 4층 (부전동)",,129.05754044,35.1549379
부산진구,그랑호텔,여관업,영업/정상,영업,198511,,부산광역시 부산진구 중앙대로680번가길 12-5 (부전동),,129.06110894,35.15411123
부산진구,그린비 호텔,여관업,영업/정상,영업,200308,,부산광역시 부산진구 부전로20번길 35 (부전동),,129.05654636,35.15355933
부산진구,기역기역스테이,숙박업(생활),영업/정상,영업,202507,,"부산광역시 부산진구 전포대로224번길 5, 3층 (전포동)",,129.06582036,35.1566064
부산진구,김치 게스트하우스,여관업,영업/정상,영업,200404,,부산광역시 부산진구 황령대로7번길 20-8 (범천동),,129.06031665,35.14833901
부산진구,나무늘보 호텔 서면점,일반호텔,영업/정상,영업,200306,,부산광역시 부산진구 신천대로62번길 10 (부전동),,129.05861001,35.15113268
부산진구,낙원장,여관업,영업/정상,영업,198811,,부산광역시 부산진구 동평로406번길 59 (양정동),,129.06900475,35.17121354
부산진구,넘버25호텔 서면1번가점,여관업,영업/정상,영업,200906,,부산광역시 부산진구 부전로20번길 14 (부전동),,129.05717253,35.15262033
부산진구,넘버25호텔 서면역점,일반호텔,영업/정상,영업,200407,,부산광역시 부산진구 새싹로8번길 20 (부전동),,129.0594867,35.15914449
부산진구,네스트리 호텔,일반호텔,영업/정상,영업,197712,,부산광역시 부산진구 중앙대로691번가길 14-3 (부전동),,129.05595569,35.15512841
부산진구,네스트리 호텔,숙박업(생활),영업/정상,영업,202605,,"부산광역시 부산진구 중앙대로691번가길 18, 지하1층~지상3층 (부전동)",,129.05579733,35.15513003
부산진구,놈모텔,여관업,영업/정상,영업,200209,,부산광역시 부산진구 새싹로29번길 33 (부전동),,129.05523383,35.15994619
부산진구,뉴부산장여관,여관업,영업/정상,영업,197312,,부산광역시 부산진구 부전로96번길 34-8 (부전동),,129.05642101,35.15842613
부산진구,다뉴브호텔,여관업,영업/정상,영업,201810,,부산광역시 부산진구 동천로85번길 13-5 (부전동),,129.06158959,35.15607342
부산진구,다솜,숙박업(생활),영업/정상,영업,202411,,부산광역시 부산진구 중앙대로769번길 6-3 (부전동),,129.06135401,35.16120945
부산진구,대호모텔,여관업,영업/정상,영업,198908,,부산광역시 부산진구 자유평화로37번길 15-12 (범천동),,129.0630109,35.14224066
부산진구,더 로프트 6,여관업,영업/정상,영업,197712,,부산광역시 부산진구 서면로68번길 48-1 (부전동),,129.05819711,35.15479901
부산진구,더 스테이 챕터,숙박업(생활),영업/정상,영업,202504,,"부산광역시 부산진구 서전로58번길 16, 3층 (전포동)",,129.06597129,35.15708301
부산진구,더 엘레펀트,여관업,영업/정상,영업,198006,,부산광역시 부산진구 중앙대로691번가길 24-12 (부전동),,129.05605392,35.15531851
부산진구,더블린 호텔,여관업,영업/정상,영업,201604,,부산광역시 부산진구 가야대로784번길 56-12 (부전동),,129.05660506,35.15508315
부산진구,더블유 모텔,여관업,영업/정상,영업,199912,,부산광역시 부산진구 가야대로454번길 20 (개금동),,129.021632,35.1521705
부산진구,더클럽호텔,일반호텔,영업/정상,영업,201503,,부산광역시 부산진구 중앙대로691번길 46 (부전동),,129.0564328,35.15484126
부산진구,더홈레이디,숙박업(생활),영업/정상,영업,197009,,부산광역시 부산진구 동천로 119 (부전동),,129.06210435,35.15945009
부산진구,덴 바스타,여관업,영업/정상,영업,200310,,부산광역시 부산진구 자유평화로37번길 41 (범천동),,129.0627438,35.14313449
부산진구,덴바스타(초읍점),여관업,영업/정상,영업,200101,,부산광역시 부산진구 성지로153번길 6 (초읍동),,129.04764768,35.18158568
부산진구,도안풀빌라앤키즈호텔,여관업,영업/정상,영업,199902,,부산광역시 부산진구 월드컵대로474번길 27 (초읍동),,129.04768179,35.18224822
부산진구,도원장,여관업,영업/정상,영업,197407,,부산광역시 부산진구 부전로 169-24 (부전동),,129.0597583,35.16347513
부산진구,돈소빌,여관업,영업/정상,영업,198207,,부산광역시 부산진구 부전로 47 (부전동),,129.055159,35.15441599
부산진구,동경장,여관업,영업/정상,영업,197504,,부산광역시 부산진구 동천로107번길 15 (부전동),,129.06137113,35.15813546
부산진구,동진하이츠,여관업,영업/정상,영업,198703,,부산광역시 부산진구 새싹로28번길 35 (부전동),,129.05902669,35.1607482
부산진구,라라비안코호텔 비즈니스,여관업,영업/정상,영업,198808,,부산광역시 부산진구 부전로96번길 23 (부전동),,129.05595394,35.15879767
부산진구,라라호텔,여관업,영업/정상,영업,200308,,부산광역시 부산진구 월드컵대로474번길 23 (초읍동),,129.04789686,35.18221483
부산진구,라온 전포지점,숙박업(생활),영업/정상,영업,202510,,"부산광역시 부산진구 서전로58번길 12, 2~8층 (전포동, 부금주택)",,129.06598519,35.15728703
부산진구,라온 호텔(LAON HOTEL),여관업,영업/정상,영업,199401,,부산광역시 부산진구 새싹로278번길 15 (초읍동),,129.04811157,35.18102598
부산진구,라온스테이,숙박업(생활),영업/정상,영업,202504,,"부산광역시 부산진구 서전로58번길 46, 5층 (전포동)",,,
부산진구,라온호텔,여관업,영업/정상,영업,201410,,"부산광역시 부산진구 서면로 25, 10층 1002호 (부전동, 서면삼한골들뷰)",,129.05728225,35.15294902
부산진구,라이온 호텔,관광호텔,영업/정상,영업,200111,,부산광역시 부산진구 중앙대로691번가길 14-7 (부전동),,129.05615037,35.15514289
부산진구,라임,여관업,영업/정상,영업,198001,,부산광역시 부산진구 중앙대로691번가길 24-6 (부전동),,129.05589292,35.15531947
부산진구,레니스 호텔 서면(LENITH HOTEL Seo-myeon),일반호텔,영업/정상,영업,200312,,부산광역시 부산진구 중앙대로691번가길 24-9 (부전동),,129.05606915,35.15552949
부산진구,레이나 호텔,여관업,영업/정상,영업,199803,,부산광역시 부산진구 성지로153번길 16 (초읍동),,129.04777215,35.1811272
부산진구,레인보우호텔,여관업,영업/정상,영업,200407,,부산광역시 부산진구 가야대로468번길 16 (개금동),,129.0230758,35.15231444
부산진구,레지던스 머뭄,일반호텔,영업/정상,영업,201302,,"부산광역시 부산진구 동천로107번길 12-16 (부전동, (3층-10층))",,129.06181527,35.15882238
부산진구,려안 서면점,숙박업(생활),영업/정상,영업,202601,,"부산광역시 부산진구 가야대로784번길 15-1, 4층 (부전동)",,129.05742039,35.15672216
부산진구,로망스여관,여관업,영업/정상,영업,198109,,부산광역시 부산진구 부전로158번길 28-10 (부전동),,129.05848607,35.16115841
부산진구,로컬페이지 부산서면점,여관업,영업/정상,영업,199411,,부산광역시 부산진구 가야대로703번가길 5 (당감동),,129.04866786,35.15764626
부산진구,록해스테이,숙박업 기타,영업/정상,영업,202502,,"부산광역시 부산진구 가야대로755번길 29-10, 2층 (부전동)",,129.05384956,35.15929936
부산진구,롯데빌,여관업,영업/정상,영업,196812,,부산광역시 부산진구 서전로 15-1 (부전동),,129.06130384,35.15794675
부산진구,루나스카이돔,숙박업(생활),영업/정상,영업,202012,,"부산광역시 부산진구 새싹로 22-1, 라이프빌리지 11층12층 (부전동)",,129.05769211,35.15986754
부산진구,루모텔,여관업,영업/정상,영업,198905,,부산광역시 부산진구 성지로153번길 9 (초읍동),,129.04804637,35.1814574
부산진구,리베라,여관업,영업/정상,영업,197408,,부산광역시 부산진구 새싹로278번길 21 (초읍동),,129.04845134,35.18111418
부산진구,리베라여관,여관업,영업/정상,영업,198109,,부산광역시 부산진구 성지로143번길 4 (초읍동),,129.04866342,35.18136876
부산진구,리베라여관,여관업,영업/정상,영업,197407,,부산광역시 부산진구 성지로 147 (초읍동),,129.04846627,35.18135226
부산진구,리순덕 호텔,여관업,영업/정상,영업,201106,,부산광역시 부산진구 황령대로7번길 26 (범천동),,129.06034638,35.14870628
부산진구,리조트인더시티,숙박업 기타,영업/정상,영업,202405,,"부산광역시 부산진구 중앙대로680번길 23, 4층 (부전동)",,129.06056321,35.15360174
부산진구,메종더 덴바스타호텔,여관업,영업/정상,영업,199012,,부산광역시 부산진구 중앙대로680번가길 12-10 (부전동),,129.06133347,35.15385632
부산진구,명신,여인숙업,영업/정상,영업,197307,,부산광역시 부산진구 중앙대로743번길 8-5 (부전동),,129.05982954,35.15944267
부산진구,모과호텔,숙박업(생활),영업/정상,영업,202002,,"부산광역시 부산진구 부전로 99-1, 1-4층 (부전동)",,129.05449615,35.15903609
부산진구,모텔QT,여관업,영업/정상,영업,197212,,부산광역시 부산진구 서전로10번길 45-12 (부전동),,129.06036347,35.15582105
부산진구,모텔오투,여관업,영업/정상,영업,200307,,부산광역시 부산진구 부전로20번길 32-8 (부전동),,129.05714714,35.15331687
부산진구,목원장 여관,여관업,영업/정상,영업,199105,,부산광역시 부산진구 신천대로220번길 87-4 (부암동),,129.05434937,35.16207974
부산진구,목화장여관,여관업,영업/정상,영업,200205,,부산광역시 부산진구 신천대로65번길 68 (범천동),,129.0579222,35.14709552
부산진구,몰디브,여관업,영업/정상,영업,198412,,부산광역시 부산진구 서면로 33-11 (부전동),,129.05719174,35.15366974
부산진구,무해료칸풀빌라 부산서면1호점,숙박업(생활),영업/정상,영업,202509,,"부산광역시 부산진구 서전로9번길 36, 4층 (부전동)",,129.06131801,35.15921454
부산진구,무해료칸풀빌라 부산서면본점,숙박업(생활),영업/정상,영업,202509,,"부산광역시 부산진구 서전로9번길 36, 5층 (부전동)",,129.06131801,35.15921454
부산진구,미광장여관,여관업,영업/정상,영업,200107,,"부산광역시 부산진구 새싹로 142-10, 연지동 15호 (연지동)",,129.05083162,35.16912534
부산진구,미드포인트,여관업,영업/정상,영업,200105,,부산광역시 부산진구 중앙대로680번가길 6-12 (부전동),,129.06149003,35.15372044
부산진구,미호재 서면점,숙박업(생활),영업/정상,영업,201711,,부산광역시 부산진구 서전로10번길 22-7 (부전동),,129.05986269,35.15696047
부산진구,반도,여관업,영업/정상,영업,197602,,부산광역시 부산진구 동평로420번길 25 (양정동),,129.06983889,35.17209091
부산진구,버킹검모텔,여관업,영업/정상,영업,200305,,부산광역시 부산진구 가야대로468번길 12 (개금동),,129.0230715,35.15248581
부산진구,벨도르(BELDOR) 스카이 호텔 부산,숙박업(생활),영업/정상,영업,202605,,부산광역시 부산진구 자유평화로 15 (범천동),,129.06152641,35.14160104
부산진구,봉선모텔,여관업,영업/정상,영업,198804,,부산광역시 부산진구 동평로 101 (당감동),,129.04061132,35.16591208
부산진구,부사노바,숙박업(생활),영업/정상,영업,202504,,"부산광역시 부산진구 동천로107번길 12-5, 3층 (부전동)",,129.06156674,35.1584481
부산진구,부산,여인숙업,영업/정상,영업,197001,,부산광역시 부산진구 중앙번영로 4-1 (범천동),,129.05972897,35.14462207
부산진구,부산게스트하우스 노마드인부산 서면점,숙박업(생활),영업/정상,영업,202510,,"부산광역시 부산진구 중앙대로691번길 48, 5층 (부전동)",,129.05639148,35.15462825
부산진구,부산게스트하우스 세리인,숙박업(생활),영업/정상,영업,198612,,"부산광역시 부산진구 서면문화로 25-1, 3,4층 (부전동)",,129.05590926,35.15932363
부산진구,부산서면브라운도트호텔(Busan Seomyeon Brown-dot Hotel),일반호텔,영업/정상,영업,201803,,부산광역시 부산진구 황령대로7번길 20-11 (범천동),,129.0605939,35.14847654
부산진구,부산장,여관업,영업/정상,영업,197912,,부산광역시 부산진구 부전로152번길 49 (부전동),,129.05845776,35.16010725
부산진구,부산장,여관업,영업/정상,영업,198702,,부산광역시 부산진구 범일로139번길 49 (범천동),,129.05826319,35.1434931
부산진구,부산파크 호텔,일반호텔,영업/정상,영업,201307,,부산광역시 부산진구 부전로20번길 40-7 (부전동),,129.05711282,35.15386381
부산진구,부이(BUOY)656,여관업,영업/정상,영업,198211,,부산광역시 부산진구 서면로 65-6 (부전동),,129.05748064,35.15650934
부산진구,부일장,여관업,영업/정상,영업,198812,,"부산광역시 부산진구 신천대로 195, 3.4.5층 (당감동)",,129.04995747,35.15925207
부산진구,부호장,여관업,영업/정상,영업,198911,,부산광역시 부산진구 부전로152번길 23 (부전동),,129.05824303,35.16116423
부산진구,브라운도트 서면1호점,여관업,영업/정상,영업,200506,,부산광역시 부산진구 서전로9번길 30 (부전동),,129.06117315,35.15895865
부산진구,브라운도트 양정점,여관업,영업/정상,영업,200110,,부산광역시 부산진구 동평로406번길 55 (양정동),,129.06913262,35.17135982
부산진구,브라운도트호텔 초읍점,일반호텔,영업/정상,영업,200202,,부산광역시 부산진구 새싹로278번길 11 (초읍동),,129.04786521,35.18098578
부산진구,브라운도트호텔(서면역점),일반호텔,영업/정상,영업,201811,,부산광역시 부산진구 가야대로756번길 16 (부전동),,129.05401918,35.15660547
부산진구,브로아호텔,일반호텔,영업/정상,영업,200802,,부산광역시 부산진구 중앙대로691번가길 9 (부전동),,129.05574124,35.15474354
부산진구,브이원 모텔,여관업,영업/정상,영업,199912,,부산광역시 부산진구 중앙대로 919-1 (양정동),,129.07036999,35.17254102
부산진구,블루밍,일반호텔,영업/정상,영업,200305,,"부산광역시 부산진구 서면로 16, 6-10층 (부전동)",,129.05818451,35.15201697
부산진구,블루백팩커스호스텔,여관업,영업/정상,영업,199506,,부산광역시 부산진구 신천대로102번길 8-8 (부전동),,129.05527618,35.15245694
부산진구,비전빌,여관업,영업/정상,영업,198511,,부산광역시 부산진구 연수로 32 (양정동),,129.07465451,35.17403952
부산진구,비타민호텔,여관업,영업/정상,영업,199807,,부산광역시 부산진구 성지로153번길 5 (초읍동),,129.04802036,35.18155069
부산진구,사우스반데코 호텔,관광호텔,영업/정상,영업,201805,,부산광역시 부산진구 서면로 6 (부전동),,129.05820121,35.15103844
부산진구,삼화,여관업,영업/정상,영업,198709,,부산광역시 부산진구 새싹로8번길 52 (부전동),,129.06045618,35.16039716
부산진구,삼화장,여관업,영업/정상,영업,198905,,부산광역시 부산진구 부전로170번길 8 (부전동),,129.05958761,35.16271489
부산진구,상큼모텔,여관업,영업/정상,영업,198912,,부산광역시 부산진구 부전로140번길 16 (부전동),,129.05712412,35.16103198
부산진구,샤이어호텔(SHIRE HOTEL),관광호텔,영업/정상,영업,199802,,부산광역시 부산진구 부전로 18-5 (부전동),,129.05709733,35.15223322
부산진구,서림,여관업,영업/정상,영업,198207,,부산광역시 부산진구 당감로50번길 9 (당감동),,129.03944233,35.16621192
부산진구,서면 덴바스타 센트럴 호텔,여관업,영업/정상,영업,201210,,부산광역시 부산진구 중앙대로691번길 53 (부전동),,129.05619631,35.1543039
부산진구,서면 휴안,숙박업(생활),영업/정상,영업,202204,,"부산광역시 부산진구 서면문화로 23, MJ빌딩 13층 (부전동)",,129.05612587,35.15927689
부산진구,서면스테이(Seomyeon Stay),여관업,영업/정상,영업,198407,,부산광역시 부산진구 부전로20번길 30 (부전동),,129.05694196,35.15331538
부산진구,선셋스테이,숙박업(생활),영업/정상,영업,202212,,부산광역시 부산진구 부전로95번길 42 (부전동),,129.05283519,35.15895443
부산진구,선셋스테이 2호점,숙박업(생활),영업/정상,영업,202409,,"부산광역시 부산진구 부전로95번길 40, 10층 1001,1002호 (부전동)",,129.05286961,35.15881326
부산진구,센트럴 세븐호텔 바이권 부산서면,관광호텔,영업/정상,영업,201109,,"부산광역시 부산진구 중앙대로 777, 8~15층 (부전동)",,129.06188815,35.16183511
부산진구,센트모텔,여관업,영업/정상,영업,199008,,부산광역시 부산진구 가야대로703번가길 3 (당감동),,129.04856433,35.1575848
부산진구,소요스테이,숙박업(생활),영업/정상,영업,202602,,"부산광역시 부산진구 동천로95번길 21, 3층 (부전동)",,129.06103036,35.15714708
부산진구,소울호스텔,숙박업(생활),영업/정상,영업,202510,,"부산광역시 부산진구 동성로96번길 6, 4층 (전포동)",,129.06825673,35.15918147
부산진구,소울호스텔2,숙박업(생활),영업/정상,영업,202512,,"부산광역시 부산진구 동성로96번길 6, 3층 (전포동)",,129.06825673,35.15918147
부산진구,소호호텔,여관업,영업/정상,영업,200404,,부산광역시 부산진구 동천로107번길 12-8 (부전동),,129.06181326,35.15860161
부산진구,솔라리아 니시테츠 호텔 부산,일반호텔,영업/정상,영업,201410,,부산광역시 부산진구 서면로 20 (부전동),,129.05817696,35.15232245
부산진구,수빈장여관,여관업,영업/정상,영업,197407,,부산광역시 부산진구 새싹로 21-14 (부전동),,129.05682344,35.15972498
부산진구,수연장여관,여관업,영업/정상,영업,200005,,부산광역시 부산진구 가야대로755번길 6 (부전동),,129.05427899,35.15797996
부산진구,순우정모텔,여관업,영업/정상,영업,198804,,부산광역시 부산진구 거제대로 16-3 (양정동),,129.0677165,35.17019097
부산진구,숨모텔,여관업,영업/정상,영업,201401,,부산광역시 부산진구 서면문화로 29-8 (부전동),,129.05558178,35.1597976
부산진구,쉼 모텔,여관업,영업/정상,영업,198806,,부산광역시 부산진구 중앙대로691번가길 23 (부전동),,129.05541984,35.15528803
부산진구,스카이모텔,여관업,영업/정상,영업,200409,,부산광역시 부산진구 중앙대로691번가길 24-13 (부전동),,129.05622646,35.15552764
부산진구,스타빌,여관업,영업/정상,영업,198607,,부산광역시 부산진구 연수로 18 (양정동),,129.07333121,35.17349495
부산진구,스타원,여관업,영업/정상,영업,200301,,부산광역시 부산진구 자유평화로37번길 15-18 (범천동),,129.06262122,35.14223732
부산진구,스테이 꼬꼬마리,숙박업(생활),영업/정상,영업,202512,,"부산광역시 부산진구 서전로58번길 46, 3층 (전포동)",,129.06602266,35.15570061
부산진구,스테이 도도,여관업,영업/정상,영업,198112,,부산광역시 부산진구 중앙대로680번가길 33-3 (부전동),,129.0605194,35.15485768
부산진구,스테이 부산길,여관업,영업/정상,영업,199609,,부산광역시 부산진구 서면문화로53번길 7-3 (부전동),,129.05480638,35.16135854
부산진구,스테이 어반에그,숙박업(생활),영업/정상,영업,202507,,"부산광역시 부산진구 서전로47번길 16, 4,5층 (전포동)",,129.06490811,35.15852523
부산진구,스테이 에비뉴 호텔,여관업,영업/정상,영업,201110,,부산광역시 부산진구 동평로406번길 57 (양정동),,129.06915935,35.17121351
부산진구,스테이 집,여관업,영업/정상,영업,198112,,부산광역시 부산진구 부전로 17-2 (부전동),,129.0566807,35.15192702
부산진구,스테이바누,여관업,영업/정상,영업,198601,,부산광역시 부산진구 동천로 67-3 (부전동),,129.06204533,35.15474458
부산진구,스테이오유,숙박업(생활),영업/정상,영업,202509,,"부산광역시 부산진구 서전로9번길 36, 3층 (부전동)",,129.06131801,35.15921454
부산진구,스테이피치스 서면점,여관업,영업/정상,영업,198110,,부산광역시 부산진구 중앙대로 722-7 (부전동),,129.06020823,35.15712498
부산진구,스테이한담,여관업,영업/정상,영업,199902,,부산광역시 부산진구 중앙대로691번가길 13-1 (부전동),,129.05553926,35.1548344
부산진구,스페이스연,숙박업(생활),영업/정상,영업,202504,,"부산광역시 부산진구 성지로8번길 10, 1~7층 (연지동, 연지아담재)",,129.05655939,35.17151821
부산진구,시재료칸 부산서면점,숙박업(생활),영업/정상,영업,202602,,"부산광역시 부산진구 부전로 89, 3층 (부전동)",,129.05456423,35.15814915
부산진구,시카고호텔 2호점,여관업,영업/정상,영업,200204,,부산광역시 부산진구 신천대로102번길 33-1 (부전동),,129.05554892,35.15366212
부산진구,시티호텔 지앤지,일반호텔,영업/정상,영업,201804,,부산광역시 부산진구 부전로20번길 36 (부전동),,129.05687619,35.15366641
부산진구,신라,여관업,영업/정상,영업,197508,,부산광역시 부산진구 서전로37번길 53 (전포동),,129.06373488,35.16026385
부산진구,신용빌딩,숙박업(생활),영업/정상,영업,202509,,"부산광역시 부산진구 가야대로482번길 10, 신용빌딩 3,4,5층 (개금동)",,129.02466503,35.15257748
부산진구,쌍마모텔,여관업,영업/정상,영업,198009,,부산광역시 부산진구 서면문화로5번길 30 (부전동),,129.0559901,35.15838717
부산진구,써니빌,숙박업(생활),영업/정상,영업,198107,,부산광역시 부산진구 중앙대로 975-7 (양정동),,129.07371371,35.17664331
부산진구,쏘타스위트 부산서면,숙박업(생활),영업/정상,영업,202503,,부산광역시 부산진구 중앙대로 654 (부전동),,129.05962237,35.1510346
부산진구,쏠(SOL)모텔,여관업,영업/정상,영업,199001,,부산광역시 부산진구 새싹로278번길 19 (초읍동),,129.04824735,35.18104452
부산진구,아르반호텔,숙박업 기타,영업/정상,영업,202006,,"부산광역시 부산진구 중앙대로691번길 32, 씨엔티빌딩 3층,6~13층 (부전동)",,129.05724278,35.15468905
부산진구,아리바바2,여관업,영업/정상,영업,199704,,"부산광역시 부산진구 초읍천로 110, A동 (초읍동)",,129.04666766,35.18173888
부산진구,아리바바여관,여관업,영업/정상,영업,200010,,"부산광역시 부산진구 초읍천로 110, B동 (초읍동)",,129.04666766,35.18173888
부산진구,아리아호텔,일반호텔,영업/정상,영업,201502,,부산광역시 부산진구 중앙대로680번가길 56-8 (부전동),,129.06122268,35.15602057
부산진구,아이리스 모텔,여관업,영업/정상,영업,199809,,부산광역시 부산진구 성지로153번길 13 (초읍동),,129.04818104,35.18128166
부산진구,아이비(IB)호텔,일반호텔,영업/정상,영업,201308,,부산광역시 부산진구 서면로 15-14 (부전동),,129.05727258,35.15223641
부산진구,아주여관,여관업,영업/정상,영업,198612,,부산광역시 부산진구 범전로19번길 28 (부전동),,129.06112281,35.16416377
부산진구,아지트,숙박업(생활),영업/정상,영업,202607,,"부산광역시 부산진구 중앙대로 630-1, 3층 (범천동)",,129.05955802,35.14894284
부산진구,아침햇살,여관업,영업/정상,영업,199003,,부산광역시 부산진구 동천로107번길 12-9 (부전동),,129.06134024,35.1585046
부산진구,아트 워크,여관업,영업/정상,영업,198008,,부산광역시 부산진구 가야대로784번길 56-7 (부전동),,129.05681964,35.15476358
부산진구,어반그루브 호텔(서면점),여관업,영업/정상,영업,201407,,"부산광역시 부산진구 황령대로17번길 18 (범천동, 오즈모텔)",,129.06140069,35.14883865
부산진구,어반스테이 서면,숙박업(생활),영업/정상,영업,202010,,"부산광역시 부산진구 중앙대로 752, 서면역 트루엘 센트럴 (부전동)",,129.06090973,35.15931608
부산진구,에바다,여관업,영업/정상,영업,198403,,부산광역시 부산진구 부전로20번길 9 (부전동),,129.05680644,35.15242148
부산진구,에이치애비뉴 호텔 서면역점(H-AVENUE HOTEL SEOMYEON STATION),일반호텔,영업/정상,영업,200403,,부산광역시 부산진구 부전로 28 (부전동),,129.05649872,35.15298095
부산진구,엑스모텔,일반호텔,영업/정상,영업,201907,,"부산광역시 부산진구 신천대로50번길 34, 6층~9층 (부전동)",,129.06007232,35.15231926
부산진구,엔젤,일반호텔,영업/정상,영업,198112,,부산광역시 부산진구 중앙대로692번길 46-7 (부전동),,129.06187234,35.15401434
부산진구,엘라,숙박업(생활),영업/정상,영업,201707,,"부산광역시 부산진구 전포대로223번길 10-1, 2층 (전포동)",,129.06460964,35.15671847
부산진구,여온 스테이,숙박업(생활),영업/정상,영업,202512,,"부산광역시 부산진구 중앙대로680번가길 74, 우목빌딩Ⅱ 6층 (부전동)",,129.06109615,35.15667942
부산진구,영진,여관업,영업/정상,영업,198808,,부산광역시 부산진구 동성로118번길 8 (전포동),,129.06617955,35.16049023
부산진구,"오늘하루, 스테이",숙박업(생활),영업/정상,영업,202512,,"부산광역시 부산진구 새싹로8번길 35-6, 4~5층 (부전동)",,129.05961167,35.15996805
부산진구,오케이,여관업,영업/정상,영업,197512,,부산광역시 부산진구 새싹로8번길 35-10 (부전동),,129.05968048,35.16005046
부산진구,온기브릿지,숙박업(생활),영업/정상,영업,202605,,"부산광역시 부산진구 중앙대로680번가길 80-5, 3층 (부전동)",,129.06133097,35.15694384
부산진구,온정,여관업,영업/정상,영업,197205,,부산광역시 부산진구 양지로5번길 30 (양정동),,129.07054554,35.17071151
부산진구,올리브모텔,여관업,영업/정상,영업,198311,,부산광역시 부산진구 서면문화로5번길 44 (부전동),,129.05537947,35.15834108
부산진구,올인모텔,여관업,영업/정상,영업,198910,,부산광역시 부산진구 가야대로765번길 23 (부전동),,129.05510501,35.15885591
부산진구,원진,여인숙업,영업/정상,영업,196508,,부산광역시 부산진구 부전로 169-6 (부전동),,129.05951332,35.16321835
부산진구,월렉스모텔,여관업,영업/정상,영업,199010,,부산광역시 부산진구 서면문화로53번길 7-10 (부전동),,129.05461013,35.16123127
부산진구,윙크모텔 양정시청점,여관업,영업/정상,영업,196811,,부산광역시 부산진구 중앙대로970번길 10 (양정동),,129.07396682,35.1755227
부산진구,유나리아하우스2,숙박업(생활),영업/정상,영업,202501,,"부산광역시 부산진구 서전로38번길 9-7, 5층 (전포동)",,129.06421041,35.15732686
부산진구,유나비지니스,일반호텔,영업/정상,영업,201910,,부산광역시 부산진구 서면로 15-9 (부전동),,129.05731031,35.15199915
부산진구,유나호텔,여관업,영업/정상,영업,200112,,부산광역시 부산진구 성지로150번길 7 (초읍동),,129.04825454,35.18213955
부산진구,유니크스테이(Uniqstay),여관업,영업/정상,영업,200311,,부산광역시 부산진구 부전로 59 (부전동),,129.05474365,35.15533428
부산진구,유림장여관,여관업,영업/정상,영업,202305,,"부산광역시 부산진구 서면문화로 49-3, 1-3층 (부전동)",,129.05505683,35.16126089
부산진구,은하장,여관업,영업/정상,영업,200909,,"부산광역시 부산진구 가야대로 709-1, 당감동 (당감동)",,129.04914932,35.15761564
부산진구,이음재 서면역,숙박업(생활),영업/정상,영업,202512,,"부산광역시 부산진구 가야대로784번길 46-14, 11층 (부전동)",,129.05644263,35.15553184
부산진구,이화장,여관업,영업/정상,영업,197401,,부산광역시 부산진구 성지로143번길 8 (초읍동),,129.04866319,35.1811347
부산진구,이화장,여관업,영업/정상,영업,197712,,부산광역시 부산진구 새싹로29번길 10-7 (부전동),,129.05633225,35.16048825
부산진구,읽다부산,숙박업(생활),영업/정상,영업,202504,,"부산광역시 부산진구 전포대로209번길 43, 5층 (전포동)",,129.06288914,35.15527437
부산진구,잇:데이,숙박업(생활),영업/정상,영업,202510,,"부산광역시 부산진구 서전로58번길 32, 3층 (전포동)",,129.06601818,35.15639919
부산진구,전포207stay,숙박업(생활),영업/정상,영업,202406,,"부산광역시 부산진구 서전로58번길 8, 4층 (전포동)",,129.06600571,35.15743046
부산진구,제이(J)모텔,여관업,영업/정상,영업,198904,,부산광역시 부산진구 새싹로14번길 23-1 (부전동),,129.05863278,35.16008333
부산진구,젬스테이,숙박업(생활),영업/정상,영업,202309,,"부산광역시 부산진구 중앙대로 752, 서면역 트루엘 센트럴 2~20층 일부호 (부전동)",,129.06090973,35.15931608
부산진구,조아장,여관업,영업/정상,영업,198012,,부산광역시 부산진구 새싹로8번길 37 (부전동),,129.05978726,35.15992322
부산진구,주식회사 부산비즈니스호텔,관광호텔,영업/정상,영업,201505,,부산광역시 부산진구 부전로 67 (부전동),,129.05452833,35.15611224
부산진구,"주식회사 엠지스테이(MZ Stay Co., Ltd.)",숙박업(생활),영업/정상,영업,202502,,"부산광역시 부산진구 중앙대로 752, 서면역 트루엘 센트럴 (부전동)",,129.06090973,35.15931608
부산진구,주안,숙박업(생활),영업/정상,영업,201607,,"부산광역시 부산진구 범일로131번길 61, 2~4층 (범천동)",,129.05854789,35.14399576
부산진구,짱9모텔,여관업,영업/정상,영업,198112,,부산광역시 부산진구 새싹로278번길 24 (초읍동),,129.04854491,35.18088051
부산진구,창명 하우스,여관업,영업/정상,영업,201901,,"부산광역시 부산진구 동천로107번길 17, 3층~5층 (부전동)",,129.06123242,35.15813666
부산진구,천애,여인숙업,영업/정상,영업,197112,,부산광역시 부산진구 범일로142번길 47-5 (범천동),,129.06189091,35.14291876
부산진구,초원장,여관업,영업/정상,영업,199308,,부산광역시 부산진구 새싹로52번길 12-3 (부전동),,129.05649524,35.16216751
부산진구,초읍171,여관업,영업/정상,영업,198811,,부산광역시 부산진구 월드컵대로474번길 31 (초읍동),,129.04754036,35.18234441
부산진구,카라트호텔,관광호텔,영업/정상,영업,202304,,"부산광역시 부산진구 성지로153번길 8, 지하1~8층 (초읍동)",,129.04768921,35.18143254
부산진구,캘리호스텔,여관업,영업/정상,영업,197704,,부산광역시 부산진구 새싹로14번길 30 (부전동),,129.0592055,35.16026615
부산진구,케이 서면점,숙박업 기타,영업/정상,영업,201704,,"부산광역시 부산진구 신천대로62번길 44, 4층~5층 (부전동)",,129.0585784,35.15269917
부산진구,케이나인모텔(K9),여관업,영업/정상,영업,199106,,부산광역시 부산진구 가야대로784번길 46-7 (부전동),,129.05677364,35.15532437
부산진구,코본스테이,숙박업(생활),영업/정상,영업,202604,,"부산광역시 부산진구 서면문화로 49-6, 1~3층 (부전동)",,129.05490575,35.16131346
부산진구,코지스테이(cozy stay),여관업,영업/정상,영업,198109,,부산광역시 부산진구 부전로20번길 26 (부전동),,129.05695919,35.15313839
부산진구,코지트리 호텔(서면점),일반호텔,영업/정상,영업,201107,,부산광역시 부산진구 황령대로 19 (범천동),,129.06164081,35.14835057
부산진구,퀸스호텔,일반호텔,영업/정상,영업,200310,,부산광역시 부산진구 부전로 56 (부전동),,129.0552892,35.1550214
부산진구,큐브호텔,여관업,영업/정상,영업,200311,,부산광역시 부산진구 양지로5번길 81 (양정동),,129.07214069,35.17272514
부산진구,크로바 황토방 여관,여관업,영업/정상,영업,199710,,부산광역시 부산진구 부전로 121-8 (부전동),,129.05496942,35.16111681
부산진구,태화장,여관업,영업/정상,영업,199512,,부산광역시 부산진구 중앙대로769번길 55 (부전동),,129.05920096,35.16253173
부산진구,탭아파트먼트,숙박업 기타,영업/정상,영업,202206,,"부산광역시 부산진구 새싹로14번길 5-9, 1~3층 (부전동)",,129.0579491,35.15965719
부산진구,테마모텔,여관업,영업/정상,영업,200406,,부산광역시 부산진구 가야대로755번길 13 (부전동),,129.05398853,35.1584147
부산진구,토요코인 부산서면,관광호텔,영업/정상,영업,201003,,부산광역시 부산진구 서전로 39 (전포동),,129.06405296,35.15796792
부산진구,투헤븐호텔,일반호텔,영업/정상,영업,200305,,부산광역시 부산진구 황령대로7번길 8 (범천동),,129.06043262,35.14808378
부산진구,트래블라이트,숙박업(생활),영업/정상,영업,202405,,"부산광역시 부산진구 서면로68번길 52, 7층 (부전동)",,129.05823657,35.15469401
부산진구,티알티호텔(TRT HOTEL),관광호텔,영업/정상,영업,201511,,"부산광역시 부산진구 부전로 33-1, 3~7층 (부전동)",,129.05581702,35.15322838
부산진구,티티호텔,관광호텔,영업/정상,영업,201808,,부산광역시 부산진구 새싹로 35 (부전동),,129.05647598,35.1606445
부산진구,파레스빌,숙박업(생활),영업/정상,영업,197308,,부산광역시 부산진구 중앙대로691번길 45-7 (부전동),,129.05638621,35.15409941
부산진구,파인온스테이 전포(FINE ON STAY),숙박업(생활),영업/정상,영업,202605,,"부산광역시 부산진구 전포대로224번길 5, 5층 (전포동)",,129.06582036,35.1566064
부산진구,팝스테이,숙박업(생활),영업/정상,영업,202412,,"부산광역시 부산진구 전포대로 226-6, 1,2층 (전포동)",,129.0659059,35.15681872
부산진구,편한스테이,여관업,영업/정상,영업,198011,,부산광역시 부산진구 황령대로8번길 60 (범천동),,129.05986827,35.14510392
부산진구,포르투나 더 원,숙박업(생활),영업/정상,영업,202108,,부산광역시 부산진구 복지로13번길 10 (개금동),,129.02088839,35.15185477
부산진구,포포스테이,숙박업(생활),영업/정상,영업,202601,,"부산광역시 부산진구 동성로 113, 4층 (전포동)",,129.06650417,35.15984385
부산진구,프렌치코드호텔,여관업,영업/정상,영업,201007,,부산광역시 부산진구 황령대로8번길 8 (범천동),,129.0602884,35.14726051
부산진구,프로포즈모텔,여관업,영업/정상,영업,198212,,부산광역시 부산진구 가야대로784번길 46-5 (부전동),,129.05690323,35.15526607
부산진구,플레이리움,숙박업 기타,영업/정상,영업,202403,,"부산광역시 부산진구 서전로10번길 33, 4층 (부전동)",,129.05996656,35.15639435
부산진구,피노키오,숙박업(생활),영업/정상,영업,201212,,부산광역시 부산진구 가야대로703번가길 11 (당감동),,129.04899296,35.15776562
부산진구,핑크장,여관업,영업/정상,영업,197305,,부산광역시 부산진구 서면문화로5번길 38 (부전동),,129.05554172,35.15834171
부산진구,하루모텔,여관업,영업/정상,영업,198810,,부산광역시 부산진구 전포대로306번길 46 (전포동),,129.06695679,35.16631611
부산진구,하루호텔,일반호텔,영업/정상,영업,200401,,부산광역시 부산진구 황령대로7번길 20-7 (범천동),,129.06040095,35.14855353
부산진구,하루호텔,일반호텔,영업/정상,영업,201407,,"부산광역시 부산진구 동천로85번길 17, 1~10층 (부전동)",,129.06122661,35.15619235
부산진구,하림장,여관업,영업/정상,영업,198007,,부산광역시 부산진구 부전로95번길 17 (부전동),,129.05373121,35.15856324
부산진구,하운드호텔,일반호텔,영업/정상,영업,200305,,부산광역시 부산진구 황령대로7번길 10 (범천동),,129.06041339,35.14820258
부산진구,하운드호텔 서면,일반호텔,영업/정상,영업,198509,,부산광역시 부산진구 중앙대로691번가길 10 (부전동),,129.05603144,35.15484152
부산진구,하이모텔,여관업,영업/정상,영업,197809,,"부산광역시 부산진구 서면문화로5번길 31, 1층~4층, 옥탑1층 (부전동)",,129.05589641,35.15816067
부산진구,해솔스위트,숙박업(생활),영업/정상,영업,202512,,"부산광역시 부산진구 서전로46번길 26, 3층 (전포동)",,129.06472324,35.15660204
부산진구,해월가,숙박업(생활),영업/정상,영업,202602,,"부산광역시 부산진구 새싹로 26-1, 2층 (부전동)",,129.05740743,35.16016395
부산진구,허브모텔,여관업,영업/정상,영업,198105,,부산광역시 부산진구 복지로 51 (개금동),,129.02088149,35.14853814
부산진구,호림장여관,여관업,영업/정상,영업,198801,,부산광역시 부산진구 연수로8번길 7 (양정동),,129.07264473,35.17300202
부산진구,호텔 25시,일반호텔,영업/정상,영업,200307,,부산광역시 부산진구 중앙대로691번가길 14-10 (부전동),,129.05625333,35.15483642
부산진구,호텔 미니,여관업,영업/정상,영업,198903,,부산광역시 부산진구 신천대로162번길 115 (부전동),,129.05481564,35.15297403
부산진구,호텔 밴드(HOTEL BAND),여관업,영업/정상,영업,200106,,부산광역시 부산진구 새싹로29번길 14-9 (부전동),,129.05607114,35.16064524
부산진구,호텔 벨루스(HOTEL BELLUS),일반호텔,영업/정상,영업,200306,,부산광역시 부산진구 중앙대로691번가길 14-9 (부전동),,129.05623523,35.15505569
부산진구,호텔 와이티티,일반호텔,영업/정상,영업,200505,,부산광역시 부산진구 중앙대로691번가길 27 (부전동),,129.05540128,35.15555872
부산진구,호텔 제이세븐(HOTEL J7),일반호텔,영업/정상,영업,198502,,부산광역시 부산진구 부전로20번길 10 (부전동),,129.05704162,35.1523921
부산진구,호텔 제이세븐원(HOTEL J7.1),여관업,영업/정상,영업,198607,,부산광역시 부산진구 부전로20번길 12 (부전동),,129.05703442,35.15249234
부산진구,호텔 초원,일반호텔,영업/정상,영업,200810,,부산광역시 부산진구 부전로 51 (부전동),,129.05485343,35.15486625
부산진구,호텔 치즈,일반호텔,영업/정상,영업,201106,,부산광역시 부산진구 부전로20번길 33 (부전동),,129.05656257,35.15344651
부산진구,호텔 큐파이브(HOTEL Q5),일반호텔,영업/정상,영업,200310,,부산광역시 부산진구 자유평화로3번길 56 (범천동),,129.0628291,35.14244671
부산진구,호텔 하이든(HOTEL HAYDN),일반호텔,영업/정상,영업,202203,,"부산광역시 부산진구 서면문화로 23, MJ빌딩 7~12층 (부전동)",,129.05612587,35.15927689
부산진구,호텔25시,여관업,영업/정상,영업,200305,,부산광역시 부산진구 황령대로7번길 6 (범천동),,129.06050247,35.14799559
부산진구,호텔e패션,일반호텔,영업/정상,영업,200307,,부산광역시 부산진구 가야대로468번길 15 (개금동),,129.02348806,35.15233369
부산진구,호텔시카고,여관업,영업/정상,영업,199604,,부산광역시 부산진구 부전로 39 (부전동),,129.05568036,35.15370274
부산진구,홈호텔,일반호텔,영업/정상,영업,201409,,부산광역시 부산진구 동천로85번길 10 (부전동),,129.06171303,35.15646017
부산진구,화동,여관업,영업/정상,영업,198702,,부산광역시 부산진구 신암로5번길 8-7 (범천동),,129.05547355,35.14294619
부산진구,희재스테이,숙박업(생활),영업/정상,영업,202605,,"부산광역시 부산진구 서면로68번길 41, 4층 (부전동)",,129.05854911,35.15511999
부산진구,24게스트하우스 서면점,여관업,폐업,폐업,201610,202605,"부산광역시 부산진구 신천대로62번길 46, 3~4층 (부전동)",,129.05857944,35.15281769
부산진구,9번가 트래블텔,여관업,폐업,폐업,200506,202303,부산광역시 부산진구 범일로131번길 58 (범천동),,129.05877566,35.14389633
부산진구,INN(인)모텔,여관업,폐업,폐업,198107,201508,부산광역시 부산진구 가야대로521번길 5 (가야동),,129.02887666,35.15383355
부산진구,SS모텔,여관업,폐업,폐업,201106,202604,부산광역시 부산진구 황령대로7번길 28 (범천동),,129.06035478,35.14886556
부산진구,ZAVA모텔,여관업,폐업,폐업,200407,202110,부산광역시 부산진구 서면문화로 23 (부전동),,129.05612587,35.15927689
부산진구,x - 호텔,여관업,폐업,폐업,201208,201907,부산광역시 부산진구 신천대로50번길 34 (부전동),,129.06007232,35.15231926
부산진구,가일,여관업,폐업,폐업,198804,200408,,,129.03654692,35.15425452
부산진구,강남,여인숙업,폐업,폐업,196706,200210,,,,
부산진구,강호장,여관업,폐업,폐업,198503,201501,부산광역시 부산진구 신천대로197번길 17-10 (당감동),,,
부산진구,강회,여인숙업,폐업,폐업,196701,200210,,,129.05691555,35.15876964
부산진구,개금장,여관업,폐업,폐업,200008,200701,,,129.026373,35.15253366
부산진구,거창,여인숙업,폐업,폐업,196911,201204,부산광역시 부산진구 범전로10번길 18-1 (범전동),,,
부산진구,경,여인숙업,폐업,폐업,196503,200806,,,129.05784337,35.16518416
부산진구,경남,여인숙업,폐업,폐업,196506,200301,,,,
부산진구,경남장,여관업,폐업,폐업,198212,200210,,,129.0644727,35.15718847
부산진구,경도장,여관업,폐업,폐업,198009,201401,부산광역시 부산진구 가야대로755번길 64-3 (부전동),,129.05414401,35.16074322
부산진구,경북,여관업,폐업,폐업,197408,200505,,,,
부산진구,경성,여인숙업,폐업,폐업,197112,200706,,,129.0582783,35.160772
부산진구,경주,여인숙업,폐업,폐업,197108,201112,부산광역시 부산진구 동평로100번길 48 (당감동),,129.04179954,35.16450777
부산진구,경화장여관,여관업,폐업,폐업,200007,200008,,,129.05395851,35.15611276
부산진구,경화장여관,여관업,폐업,폐업,200104,201303,부산광역시 부산진구 가야대로750번길 31 (부전동),,129.05395851,35.15611276
부산진구,계림여관,여관업,폐업,폐업,199608,202012,부산광역시 부산진구 동천로 97-4 (부전동),,129.06201669,35.15746423
부산진구,고궁장,여관업,폐업,폐업,198504,198905,,,129.04877278,35.1574272
부산진구,고성,여관업,폐업,폐업,197408,201212,부산광역시 부산진구 범일로142번길 53-7 (범천동),,129.06225515,35.1430599
부산진구,골드모텔,여관업,폐업,폐업,198702,202408,부산광역시 부산진구 동성로 113 (전포동),,129.06650417,35.15984385
부산진구,골든타임모텔,여관업,폐업,폐업,198712,201708,부산광역시 부산진구 가야대로747번길 10-5 (부전동),,129.05358505,35.15843464
부산진구,국제,여인숙업,폐업,폐업,197302,200210,,,,
부산진구,국제여관,여관업,폐업,폐업,197405,202310,부산광역시 부산진구 부전로140번길 15 (부전동),,129.05729544,35.16117979
부산진구,귀빈장,여관업,폐업,폐업,198407,201003,,,129.0554654,35.1535331
부산진구,귀빈장,여관업,폐업,폐업,197207,200510,,,129.05513267,35.15876262
부산진구,귀빈장모텔,여관업,폐업,폐업,198908,201001,,,129.06909939,35.17296885
부산진구,귀빈장여관,여관업,폐업,폐업,199912,200612,,,129.02275714,35.15297345
부산진구,그랜드,여관업,폐업,폐업,198711,202201,부산광역시 부산진구 범일로153번길 13 (범천동),,129.0584818,35.14360746
부산진구,그린장,여관업,폐업,폐업,197312,201706,부산광역시 부산진구 서전로10번길 31-5 (부전동),,129.06019185,35.15634852
부산진구,극동장,여관업,폐업,폐업,197710,201207,부산광역시 부산진구 자유평화로 21-11 (범천동),,129.06200505,35.14188423
부산진구,금곡,여관업,폐업,폐업,198710,200711,,,129.06177275,35.15842616
부산진구,금성여관,여관업,폐업,폐업,197404,200412,,,129.0577475,35.1719781
부산진구,금성여관,여관업,폐업,폐업,197404,200412,,,129.0577475,35.1719781
부산진구,금성여관,여관업,폐업,폐업,197404,201703,부산광역시 부산진구 성지로8번길 33 (연지동),,129.0577475,35.1719781
부산진구,금하장,여관업,폐업,폐업,198707,202210,부산광역시 부산진구 서전로9번길 36 (부전동),,129.06131801,35.15921454
부산진구,금호,여관업,폐업,폐업,198401,201109,,,,
부산진구,금호,여인숙업,폐업,폐업,197110,199903,,,129.06517821,35.16625025
부산진구,김해,여인숙업,폐업,폐업,197204,201612,"부산광역시 부산진구 범일로142번길 46-1, 840동 11호 (범천동)",,129.0618817,35.14260999
부산진구,꿈의궁전,여관업,폐업,폐업,197810,201007,,,129.05515854,35.15824142
부산진구,남도,여관업,폐업,폐업,197103,201207,,,129.05775492,35.14824781
부산진구,남도여관,여관업,폐업,폐업,197311,200610,,,129.05204343,35.16692377
부산진구,남일,여인숙업,폐업,폐업,198711,201704,부산광역시 부산진구 범일로139번길 18 (범천동),,129.05828352,35.14282037
부산진구,네오모텔,여관업,폐업,폐업,201312,201704,"부산광역시 부산진구 동평로223번길 17-7, 1~6층 (연지동)",,129.05079737,35.16965642
부산진구,네오여관,여관업,폐업,폐업,199711,201312,부산광역시 부산진구 동평로223번길 17-7 (연지동),,129.05079737,35.16965642
부산진구,뉴 별장 여관,여관업,폐업,폐업,197308,199904,,,129.06123242,35.15813666
부산진구,뉴별장,여관업,폐업,폐업,197308,201705,부산광역시 부산진구 동천로107번길 17 (부전동),,129.06123242,35.15813666
부산진구,달나라,여인숙업,폐업,폐업,196910,200010,,,129.02904427,35.15403031
부산진구,달나라,여관업,폐업,폐업,200010,201704,부산광역시 부산진구 가야대로521번길 10 (가야동),,129.02904427,35.15403031
부산진구,대덕여인숙,여인숙업,폐업,폐업,197104,200611,,,,
부산진구,대동장,여관업,폐업,폐업,198012,200210,,,129.05662398,35.15947912
부산진구,대림,여관업,폐업,폐업,197701,201202,부산광역시 부산진구 가야대로756번길 31 (부전동),,129.05427528,35.15602282
부산진구,대림장,여관업,폐업,폐업,198212,200607,,,,
부산진구,대성,여관업,폐업,폐업,199907,201207,부산광역시 부산진구 동평로405번길 5 (양정동),,129.06944505,35.17420738
부산진구,대성,여관업,폐업,폐업,200012,201006,,,129.06948346,35.17425594
부산진구,대성여인숙,여인숙업,폐업,폐업,199307,201910,부산광역시 부산진구 중앙대로621번길 13-6 (범천동),,129.05831722,35.14795169
부산진구,대왕,여인숙업,폐업,폐업,196509,200309,,,,
부산진구,대운장,여관업,폐업,폐업,198603,201511,부산광역시 부산진구 동평로406번길 53 (양정동),,129.06901728,35.17148521
부산진구,대원,여관업,폐업,폐업,197301,200210,,,129.05464803,35.155644
부산진구,대원장,여관업,폐업,폐업,197902,200511,,,129.05860428,35.15195566
부산진구,대지,여인숙업,폐업,폐업,196804,201704,부산광역시 부산진구 진남로 536 (전포동),,129.07323114,35.17114724
부산진구,대진장,여관업,폐업,폐업,197712,201112,부산광역시 부산진구 동천로85번길 22 (부전동),,129.06103655,35.15639336
부산진구,대한,여관업,폐업,폐업,197801,201207,,,129.05027509,35.16972865
부산진구,대호,여관업,폐업,폐업,197505,201408,부산광역시 부산진구 황령대로18번길 22 (범천동),,129.0611493,35.14717875
부산진구,대흥,여관업,폐업,폐업,197102,201308,부산광역시 부산진구 범전로10번길 54-8 (범전동),,129.06498169,35.16604002
부산진구,대흥,여인숙업,폐업,폐업,196308,200301,,,,
부산진구,대흥,여인숙업,폐업,폐업,196512,200403,,,,
부산진구,더블유(W)모텔 부산 서면점,여관업,폐업,폐업,201106,202206,부산광역시 부산진구 새싹로 25 (부전동),,129.05697375,35.15990958
부산진구,더호텔 7th,일반호텔,폐업,폐업,201108,202209,부산광역시 부산진구 중앙대로621번길 9 (범천동),,129.0585595,35.14798197
부산진구,덕수장,여관업,폐업,폐업,198009,200902,,,129.05685861,35.15862404
부산진구,돈스Ⅱ빌,숙박업(생활),폐업,폐업,199709,201308,부산광역시 부산진구 동평로265번길 9 (연지동),,129.05597889,35.17136319
부산진구,동광,여인숙업,폐업,폐업,197012,202304,부산광역시 부산진구 새싹로52번길 32 (부전동),,129.05745005,35.1623065
부산진구,동남장,여관업,폐업,폐업,198204,201304,부산광역시 부산진구 서면문화로 29-6 (부전동),,129.05558178,35.1597976
부산진구,동림장,여관업,폐업,폐업,199010,200612,,,129.0561843,35.16211263
부산진구,동명,여관업,폐업,폐업,198212,201801,부산광역시 부산진구 중앙대로702번길 27-5 (부전동),,129.0605531,35.15559511
부산진구,동명,여인숙업,폐업,폐업,197007,201409,부산광역시 부산진구 대학로36번길 6 (가야동),,129.0356493,35.15257344
부산진구,동백,여관업,폐업,폐업,196506,201612,부산광역시 부산진구 서전로9번길 22-1 (부전동),,,
부산진구,동백,여관업,폐업,폐업,198112,200210,,,129.04825454,35.18213955
부산진구,동백장,여관업,폐업,폐업,198802,201409,부산광역시 부산진구 가야대로703번길 22-1 (당감동),,,
부산진구,동성,여인숙업,폐업,폐업,197106,201006,,,129.04872112,35.1788525
부산진구,동성,여인숙업,폐업,폐업,196709,200605,,,,
부산진구,동성장,여관업,폐업,폐업,198808,200607,,,,
부산진구,동신,여관업,폐업,폐업,198112,200410,,,129.06050613,35.15550968
부산진구,동아,여관업,폐업,폐업,197606,200408,,,129.06711512,35.16628893
부산진구,동아,여관업,폐업,폐업,197705,200408,,,129.06131946,35.14820276
부산진구,동아,여인숙업,폐업,폐업,197103,201712,부산광역시 부산진구 가야공원로11번길 19 (가야동),,129.03056442,35.15302079
부산진구,동원장,여관업,폐업,폐업,198409,201605,부산광역시 부산진구 동평로 184 (부암동),,129.04902562,35.16684109
부산진구,동일,여인숙업,폐업,폐업,196711,200604,,,129.06963275,35.17322824
부산진구,동진장,여관업,폐업,폐업,197901,200412,,,129.06392089,35.15911809
부산진구,동호장,여관업,폐업,폐업,198603,201507,부산광역시 부산진구 서면문화로 30-7 (부전동),,,
부산진구,동화,여관업,폐업,폐업,197006,200306,,,,
부산진구,로망스여관,여관업,폐업,폐업,198602,201709,부산광역시 부산진구 동성로71번길 35 (전포동),,129.06632721,35.15680933
부산진구,로얄모텔,여관업,폐업,폐업,200101,202607,부산광역시 부산진구 새싹로 130-8 (부암동),,129.05130073,35.16800478
부산진구,로얄별장,여관업,폐업,폐업,198811,199807,,,129.04754036,35.18234441
부산진구,로즈 파크장 여관,여관업,폐업,폐업,199801,201206,부산광역시 부산진구 부전로66번길 32 (부전동),,129.05639922,35.15567699
부산진구,롯데장,여관업,폐업,폐업,197905,201207,부산광역시 부산진구 중앙대로743번길 18 (부전동),,129.05930677,35.1596254
부산진구,리베모텔,여관업,폐업,폐업,200012,200806,,,129.05697375,35.15990958
부산진구,만인장,여관업,폐업,폐업,197502,200503,,,129.06577963,35.15253473
부산진구,명동,여인숙업,폐업,폐업,197005,201102,,,129.03346271,35.15334125
부산진구,명신,여인숙업,폐업,폐업,196912,201803,부산광역시 부산진구 중앙대로702번길 27-3 (부전동),,129.06061252,35.15550314
부산진구,명춘,여인숙업,폐업,폐업,196710,201207,부산광역시 부산진구 부전로 169-6 (부전동),,129.05951332,35.16321835
부산진구,모아큐장,여관업,폐업,폐업,199001,199906,,,129.04824735,35.18104452
부산진구,모아호텔,일반호텔,폐업,폐업,198412,201102,,,129.06007232,35.15231926
부산진구,모텔 You아인,여관업,폐업,폐업,198403,202009,부산광역시 부산진구 동천로107번길 13 (부전동),,129.06154338,35.15814261
부산진구,모텔 렛츠고,여관업,폐업,폐업,198512,202207,부산광역시 부산진구 중앙대로691번가길 21 (부전동),,129.05549873,35.15520979
부산진구,목화별장,여관업,폐업,폐업,198705,201704,부산광역시 부산진구 성지곡로 10 (초읍동),,129.04760426,35.18326292
부산진구,무진장,여관업,폐업,폐업,198009,201512,부산광역시 부산진구 부전로96번길 28 (부전동),,129.0562259,35.15858417
부산진구,문명여인숙,여인숙업,폐업,폐업,196706,200410,,,,
부산진구,문화,일반호텔,폐업,폐업,197506,200611,,,,
부산진구,문화,여인숙업,폐업,폐업,196712,200210,,,129.06139898,35.16395968
부산진구,미도,여관업,폐업,폐업,197410,200012,,,129.06862419,35.16884312
부산진구,미림장,여관업,폐업,폐업,197501,200210,,,,
부산진구,밀라노모텔,여관업,폐업,폐업,197707,202006,부산광역시 부산진구 부전로96번길 3 (부전동),,129.05493057,35.15875973
부산진구,밀양,여인숙업,폐업,폐업,196806,201908,부산광역시 부산진구 백양대로60번길 7-1 (당감동),,129.04268395,35.16271434
부산진구,백광장,여관업,폐업,폐업,199804,200903,,,,
부산진구,백천,여관업,폐업,폐업,197201,200607,,,129.04747616,35.18278045
부산진구,버킹검모텔,여관업,폐업,폐업,198007,201103,,,129.05622784,35.15531536
부산진구,범천,여관업,폐업,폐업,197704,200210,,,129.05223386,35.14924212
부산진구,보강여인숙,여인숙업,폐업,폐업,197308,202307,부산광역시 부산진구 범일로125번길 38-1 (범천동),,129.05798095,35.14248611
부산진구,보림,여관업,폐업,폐업,197404,201706,부산광역시 부산진구 범전로19번길 27 (부전동),,129.06121895,35.16402231
부산진구,보명여관,여관업,폐업,폐업,199712,201710,부산광역시 부산진구 부전로96번길 16 (부전동),,129.05546757,35.15857289
부산진구,복성장,여관업,폐업,폐업,197112,201205,부산광역시 부산진구 동성로 67-3 (전포동),,129.06805412,35.15652456
부산진구,부림,여관업,폐업,폐업,197804,201006,,,129.05818089,35.14766098
부산진구,부산,여인숙업,폐업,폐업,196608,200210,,,,
부산진구,부산 트레블 타이,숙박업(생활),폐업,폐업,201611,202306,부산광역시 부산진구 서면로68번길 52 (부전동),,129.05823657,35.15469401
부산진구,부산별관,여관업,폐업,폐업,198107,199812,,,,
부산진구,부산여인숙,여인숙업,폐업,폐업,197310,201412,부산광역시 부산진구 새싹로 21-16 (부전동),,129.05688772,35.15967701
부산진구,부산장,여관업,폐업,폐업,199609,200803,,,129.0563062,35.1541959
부산진구,부성장,여관업,폐업,폐업,198912,201105,,,129.05382959,35.15667897
부산진구,부영별장,여관업,폐업,폐업,198812,202009,부산광역시 부산진구 서면로 33-10 (부전동),,129.05733587,35.15386545
부산진구,부전,여관업,폐업,폐업,196301,200210,,,,
부산진구,비즈호텔,여관업,폐업,폐업,198811,201810,부산광역시 부산진구 중앙대로691번가길 24-15 (부전동),,129.05644263,35.15553184
부산진구,산들 수피아,숙박업(생활),폐업,폐업,198603,202212,부산광역시 부산진구 범일로131번길 41-5 (범천동),,129.05812572,35.14317082
부산진구,산성,여인숙업,폐업,폐업,197308,200301,,,,
부산진구,산장여관,여관업,폐업,폐업,200008,201207,부산광역시 부산진구 자유평화로 21-4 (범천동),,129.06240222,35.14165055
부산진구,삼락장,여관업,폐업,폐업,197902,200210,,,129.05759196,35.15248548
부산진구,삼성,여관업,폐업,폐업,199004,201207,부산광역시 부산진구 신천대로78번길 62-5 (부전동),,129.05575226,35.15333304
부산진구,삼영,여인숙업,폐업,폐업,196607,200403,,,,
부산진구,삼오,여인숙업,폐업,폐업,197002,201110,,,,
부산진구,삼진,여관업,폐업,폐업,197211,201703,부산광역시 부산진구 중앙대로702번길 27-7 (부전동),,129.06050061,35.15567802
부산진구,삼호장,여관업,폐업,폐업,198612,200210,,,129.05601566,35.17105147
부산진구,삼호장,여관업,폐업,폐업,198903,200807,,,129.05854789,35.14399576
부산진구,삼화장,여관업,폐업,폐업,197612,200612,,,129.05552276,35.14451669
부산진구,상록,여인숙업,폐업,폐업,197305,201802,부산광역시 부산진구 범일로142번길 44 (범천동),,129.06173146,35.14259662
부산진구,새 서면장,여관업,폐업,폐업,198303,201205,부산광역시 부산진구 부전로 38 (부전동),,129.05603573,35.15376544
부산진구,새가야,여인숙업,폐업,폐업,198205,201806,부산광역시 부산진구 대학로 40 (가야동),,129.035543,35.15215252
부산진구,서광,여인숙업,폐업,폐업,197209,200012,,,129.05316968,35.15917831
부산진구,서광여관,여관업,폐업,폐업,197209,201108,,,129.05316968,35.15917831
부산진구,서광여관,여관업,폐업,폐업,197209,200201,,,129.05316968,35.15917831
부산진구,서면역센트럴호텔,숙박업(생활),폐업,폐업,202301,202408,"부산광역시 부산진구 중앙대로 752, 서면역 트루엘 센트럴 6-20층 일부호 (부전동)",,129.06090973,35.15931608
부산진구,서울,여인숙업,폐업,폐업,197411,200912,,,129.06182249,35.14260808
부산진구,서울장,여관업,폐업,폐업,197509,200301,,,129.05562531,35.15875346
부산진구,선화,여인숙업,폐업,폐업,197205,201705,부산광역시 부산진구 전포대로 245 (전포동),,129.06525105,35.15864933
부산진구,설탕,여관업,폐업,폐업,199003,202210,부산광역시 부산진구 성지로 147-1 (초읍동),,129.04825756,35.18150048
부산진구,섬호장여관,여관업,폐업,폐업,198111,200501,,,129.06952451,35.17145393
부산진구,성공,여인숙업,폐업,폐업,196805,199901,,,129.05885122,35.14177827
부산진구,성도,여관업,폐업,폐업,198302,201403,부산광역시 부산진구 백양대로48번길 5 (당감동),,129.04421412,35.16294441
부산진구,성림,여관업,폐업,폐업,197403,201207,,,,
부산진구,성림,여관업,폐업,폐업,197312,200301,,,129.06431703,35.15529611
부산진구,성림여관,여관업,폐업,폐업,197512,199906,,,129.05547453,35.17119022
부산진구,성문장,여관업,폐업,폐업,198512,200903,,,129.05731702,35.15503148
부산진구,성심,여인숙업,폐업,폐업,197209,200210,,,129.06205763,35.15732744
부산진구,성용,여관업,폐업,폐업,197610,200502,,,129.05987701,35.14444269
부산진구,성지,여관업,폐업,폐업,196808,199909,,,129.04689987,35.18091848
부산진구,세운장,여관업,폐업,폐업,197701,200507,,,129.05634208,35.15877479
부산진구,세종장,여관업,폐업,폐업,197409,200609,,,129.05619551,35.15838688
부산진구,세화장,여관업,폐업,폐업,197805,201011,,,129.05878245,35.15931147
부산진구,송림,여관업,폐업,폐업,197011,200907,,,129.06610064,35.17508779
부산진구,송림,여관업,폐업,폐업,198008,200805,,,129.06289333,35.14293954
부산진구,송림여인숙,여인숙업,폐업,폐업,199910,201207,부산광역시 부산진구 중앙대로928번길 12 (양정동),,129.07165972,35.17225942
부산진구,송림장,여관업,폐업,폐업,198304,200903,,,129.05609907,35.1605048
부산진구,송림장,여관업,폐업,폐업,198004,201604,부산광역시 부산진구 서전로58번길 69 (전포동),,129.06625267,35.15464746
부산진구,송백,여인숙업,폐업,폐업,197012,201305,부산광역시 부산진구 가야대로747번길 38-3 (부전동),,129.05315456,35.15958213
부산진구,수록장,여관업,폐업,폐업,198004,200211,,,129.05743108,35.15815355
부산진구,수복,여인숙업,폐업,폐업,197309,201207,,,,
부산진구,수복장,여관업,폐업,폐업,197709,199804,,,129.06147263,35.15388251
부산진구,수성장,여관업,폐업,폐업,197812,201207,,,,
부산진구,수정,여인숙업,폐업,폐업,197006,200012,,,,
부산진구,수정장,여관업,폐업,폐업,198309,201207,,,,
부산진구,쉬리여관,여관업,폐업,폐업,200004,202505,부산광역시 부산진구 새싹로8번길 35-6 (부전동),,129.05961167,35.15996805
부산진구,스테이인바이 아르반호텔,숙박업 기타,폐업,폐업,202006,202309,"부산광역시 부산진구 중앙대로691번길 32, 3층4층 (부전동)",,129.05724278,35.15468905
부산진구,시크릿,여관업,폐업,폐업,201702,201707,부산광역시 부산진구 서면로 16 (부전동),,129.05818451,35.15201697
부산진구,신대림,여관업,폐업,폐업,197707,201206,부산광역시 부산진구 서면문화로5번길 15 (부전동),,129.05679518,35.15816873
부산진구,신라장,여관업,폐업,폐업,199707,201801,부산광역시 부산진구 부전로96번길 30 (부전동),,129.05632509,35.15857762
부산진구,신선,여인숙업,폐업,폐업,197006,199908,,,129.05526488,35.17171428
부산진구,신신호텔,관광호텔,폐업,폐업,197912,202301,부산광역시 부산진구 중앙대로743번길 24 (부전동),,129.05906012,35.15983727
부산진구,신아장,여관업,폐업,폐업,198811,200801,,,129.05406,35.15629673
부산진구,신정장,여관업,폐업,폐업,200005,200301,,,129.06022519,35.15482151
부산진구,신진,여관업,폐업,폐업,197512,201011,,,129.05229477,35.15032761
부산진구,신진,여관업,폐업,폐업,197008,200512,,,129.05903718,35.15921313
부산진구,신화,여인숙업,폐업,폐업,196801,200210,,,,
부산진구,신화,여관업,폐업,폐업,196510,200405,,,,
부산진구,신흥,여관업,폐업,폐업,197006,200706,,,129.05489847,35.15895378
부산진구,아르반호텔,일반호텔,폐업,폐업,201512,202006,"부산광역시 부산진구 중앙대로691번길 32, 씨엔티빌딩 3층,8~13층 층 301,801,901,1001,1101,1201,130호 (부전동)",,129.05724278,35.15468905
부산진구,아르반호텔,일반호텔,폐업,폐업,201612,202009,"부산광역시 부산진구 중앙대로691번길 32, 4층 (부전동)",,129.05724278,35.15468905
부산진구,아세아,여관업,폐업,폐업,196804,200301,,,129.06293317,35.16381335
부산진구,애플하우스,여관업,폐업,폐업,198909,201108,,,129.05362051,35.15859577
부산진구,야정,여관업,폐업,폐업,197403,201310,부산광역시 부산진구 가야대로521번길 6 (가야동),,129.02907591,35.15392201
부산진구,약수,여관업,폐업,폐업,198111,201207,부산광역시 부산진구 가야대로 566 (가야동),,129.03391976,35.15396811
부산진구,양산,여인숙업,폐업,폐업,197202,201207,부산광역시 부산진구 범전로10번길 18-5 (범전동),,,
부산진구,양산,여인숙업,폐업,폐업,196907,200012,,,129.03966454,35.16611138
부산진구,양정,여관업,폐업,폐업,197608,201312,부산광역시 부산진구 연수로8번길 11 (양정동),,129.07274643,35.17291717
부산진구,양지,여인숙업,폐업,폐업,197005,200303,,,129.04006785,35.16253605
부산진구,엠 모텔,여관업,폐업,폐업,200101,200702,,,129.02352114,35.15251956
부산진구,연지,여인숙업,폐업,폐업,197011,200012,,,129.0495663,35.1700549
부산진구,연호장여관,여인숙업,폐업,폐업,199905,201107,,,129.05231328,35.1701747
부산진구,영빈장여관,여관업,폐업,폐업,199107,201210,부산광역시 부산진구 중앙대로 888-7 (양정동),,129.06918251,35.16982333
부산진구,영흥,여인숙업,폐업,폐업,197004,201712,부산광역시 부산진구 성지로153번길 69 (초읍동),,129.04874907,35.17875849
부산진구,오아시스,여관업,폐업,폐업,198805,201201,부산광역시 부산진구 가야대로755번길 65 (부전동),,129.05384183,35.16050714
부산진구,오아시스모텔,여관업,폐업,폐업,200308,201106,,,129.05656257,35.15344651
부산진구,오아시스모텔,여관업,폐업,폐업,198310,201310,부산광역시 부산진구 전포대로190번길 4 (전포동),,129.06581535,35.15337201
부산진구,옥성장여관,여관업,폐업,폐업,200107,201112,부산광역시 부산진구 새싹로 95 (부암동),,129.05275623,35.16519166
부산진구,온천,여인숙업,폐업,폐업,197111,200012,,,129.03414969,35.15390131
부산진구,온천장여관,여관업,폐업,폐업,199910,201903,부산광역시 부산진구 가야대로568번길 7 (가야동),,129.03414969,35.15390131
부산진구,우리,여관업,폐업,폐업,197403,201207,부산광역시 부산진구 성지곡로 8 (초읍동),,129.04752143,35.18303678
부산진구,우정,여인숙업,폐업,폐업,196506,199811,,,129.06129325,35.16112773
부산진구,우정,여인숙업,폐업,폐업,198206,201808,부산광역시 부산진구 전포대로300번길 62 (전포동),,129.06742552,35.16619838
부산진구,우정,여인숙업,폐업,폐업,200106,200505,,,129.06013739,35.16199795
부산진구,월성모텔,여관업,폐업,폐업,198410,202108,부산광역시 부산진구 시민공원로19번길 53-5 (부암동),,129.05099685,35.16536577
부산진구,유림,여관업,폐업,폐업,197310,201207,부산광역시 부산진구 서면문화로5번길 9 (부전동),,129.05709984,35.15820887
부산진구,유림장,여관업,폐업,폐업,197312,202209,부산광역시 부산진구 서면문화로 49-3 (부전동),,129.05505683,35.16126089
부산진구,유림장여관,여관업,폐업,폐업,199104,202602,부산광역시 부산진구 새싹로124번길 10 (부암동),,129.0517461,35.16735127
부산진구,유림장여관,여관업,폐업,폐업,199604,201909,부산광역시 부산진구 전포대로190번길 6 (전포동),,129.06594566,35.15341678
부산진구,유빈장,여관업,폐업,폐업,198103,200508,,,129.0600638,35.15554724
부산진구,유성장,여관업,폐업,폐업,196711,200804,,,129.07725836,35.17464811
부산진구,유성장,여관업,폐업,폐업,198312,200607,,,129.05589048,35.15838599
부산진구,유진,여인숙업,폐업,폐업,197008,199307,,,,
부산진구,은빈장,여관업,폐업,폐업,199001,202206,부산광역시 부산진구 월드컵대로474번길 25 (초읍동),,129.04780358,35.18227754
부산진구,은정여관,여관업,폐업,폐업,198508,201207,부산광역시 부산진구 범전로10번길 18 (범전동),,,
부산진구,은하,여인숙업,폐업,폐업,197307,201310,부산광역시 부산진구 서전로 60-5 (전포동),,129.06632552,35.1575015
부산진구,은하장,여관업,폐업,폐업,198011,200803,,,129.04914932,35.15761564
부산진구,일신,여인숙업,폐업,폐업,197308,,부산광역시 부산진구 새싹로8번길 67 (부전동),,129.06072517,35.16102057
부산진구,일신,여관업,폐업,폐업,197210,201712,부산광역시 부산진구 중앙대로 611-1 (범천동),,129.05824607,35.14714653
부산진구,일신모텔,여관업,폐업,폐업,197401,201602,부산광역시 부산진구 가야대로747번길 11 (부전동),,129.05313123,35.15828787
부산진구,일심,여인숙업,폐업,폐업,196805,200210,,,,
부산진구,잉카모텔,여관업,폐업,폐업,200304,202106,부산광역시 부산진구 새싹로 134 (부암동),,129.05115886,35.16831707
부산진구,자운장,여관업,폐업,폐업,198510,200806,,,,
부산진구,장춘,여인숙업,폐업,폐업,197012,199908,,,,
부산진구,장춘장,여관업,폐업,폐업,197712,201704,부산광역시 부산진구 거제대로22번길 2 (양정동),,129.06774032,35.17034851
부산진구,전포,여관업,폐업,폐업,197507,200506,,,,
부산진구,제이모텔,여관업,폐업,폐업,196910,201612,부산광역시 부산진구 가야대로784번길 56-12 (부전동),,129.05660506,35.15508315
부산진구,제일,여인숙업,폐업,폐업,196706,201711,부산광역시 부산진구 신천대로204번나길 6 (부암동),,129.0514864,35.16002903
부산진구,제일,여관업,폐업,폐업,196911,201207,,,,
부산진구,제일,여인숙업,폐업,폐업,197101,200505,,,129.06206941,35.14282871
부산진구,제일,여인숙업,폐업,폐업,196504,200904,,,,
부산진구,조이빌,숙박업(생활),폐업,폐업,198606,201407,부산광역시 부산진구 전포대로306번길 37 (전포동),,129.06655948,35.16614043
부산진구,진양,여인숙업,폐업,폐업,197111,200306,,,,
부산진구,진주,여관업,폐업,폐업,197508,200210,,,,
부산진구,진주,여인숙업,폐업,폐업,196809,200402,,,,
부산진구,진주여관,여관업,폐업,폐업,197508,200611,,,,
부산진구,천수,여관업,폐업,폐업,197107,201805,부산광역시 부산진구 골드테마길 57 (범천동),,,
부산진구,천우장,여관업,폐업,폐업,198109,202304,부산광역시 부산진구 새싹로52번길 32 (부전동),,129.05745005,35.1623065
부산진구,천일,여관업,폐업,폐업,196812,200210,,,129.04794753,35.1582553
부산진구,천일,여인숙업,폐업,폐업,196608,201207,,,,
부산진구,청운장,여관업,폐업,폐업,198410,202105,부산광역시 부산진구 서전로47번길 55 (전포동),,129.06465434,35.16040613
부산진구,청호장,여관업,폐업,폐업,198109,200706,,,129.06168145,35.16006662
부산진구,청호장,여관업,폐업,폐업,198312,201704,부산광역시 부산진구 서전로10번길 31-7 (부전동),,129.06023881,35.15629406
부산진구,청호장모텔,여관업,폐업,폐업,200708,201609,부산광역시 부산진구 서전로9번길 55 (부전동),,129.06168145,35.16006662
부산진구,춘원,여관업,폐업,폐업,197405,201207,,,,
부산진구,춘화,여인숙업,폐업,폐업,196611,200605,,,129.05534987,35.16001596
부산진구,크리스탈모텔,여관업,폐업,폐업,198612,201706,부산광역시 부산진구 신암로15번길 5 (범천동),,129.0553451,35.14317617
부산진구,클릭21모텔,여관업,폐업,폐업,200208,202101,부산광역시 부산진구 가야대로755번길 16 (부전동),,129.0542802,35.15848189
부산진구,타샤모텔,여관업,폐업,폐업,200202,201806,부산광역시 부산진구 새싹로126번길 9 (부암동),,129.05161173,35.16786825
부산진구,태안장,여관업,폐업,폐업,197706,201207,,,,
부산진구,태양장,여관업,폐업,폐업,198912,201708,부산광역시 부산진구 가야대로755번길 64-9 (부전동),,129.05428141,35.16079437
부산진구,태영장,여관업,폐업,폐업,197712,200301,,,,
부산진구,태평,여인숙업,폐업,폐업,196512,200301,,,,
부산진구,태화,여관업,폐업,폐업,197604,202211,부산광역시 부산진구 가야대로673번길 67 (가야동),,129.04291413,35.1562678
부산진구,토란,여관업,폐업,폐업,198502,201310,부산광역시 부산진구 부전로 130-11 (부전동),,129.05619966,35.16081404
부산진구,파레스,여관업,폐업,폐업,198609,200802,,,129.05747927,35.17129023
부산진구,팔팔모텔,여관업,폐업,폐업,198601,200709,,,129.06637813,35.15987413
부산진구,평해,여인숙업,폐업,폐업,196609,201310,부산광역시 부산진구 백양대로48번길 3 (당감동),,129.04426539,35.16281021
부산진구,포르테여관,여관업,폐업,폐업,198602,200604,,,129.05718956,35.15248233
부산진구,풍년,여인숙업,폐업,폐업,197307,199908,,,129.06066609,35.16095928
부산진구,프라임모텔,여관업,폐업,폐업,197709,201111,,,129.06147263,35.15388251
부산진구,프라자모텔,여관업,폐업,폐업,200611,201207,부산광역시 부산진구 서면로 24 (부전동),,129.05809823,35.15291784
부산진구,프롬에이치 레포잉호텔 부산서면,숙박업(생활),폐업,폐업,202311,202411,"부산광역시 부산진구 중앙대로 752, 서면역 트루엘 센트럴 3~20층 (부전동)",,129.06090973,35.15931608
부산진구,프린스여관,여관업,폐업,폐업,198904,200504,,,129.05612232,35.15879925
부산진구,프린스장,여관업,폐업,폐업,198407,202004,"부산광역시 부산진구 새싹로 130-10, 부암동 (부암동)",,129.05145376,35.16804786
부산진구,필여관,여관업,폐업,폐업,198607,202007,부산광역시 부산진구 양지로5번길 85 (양정동),,129.07230682,35.1728224
부산진구,학성,여인숙업,폐업,폐업,197504,201206,부산광역시 부산진구 거제대로 56 (양정동),,129.06777494,35.17350202
부산진구,한미장여관,여관업,폐업,폐업,200005,200805,,,129.05851737,35.14871261
부산진구,한성,여인숙업,폐업,폐업,197112,201103,,,129.06827351,35.17591018
부산진구,한일,여관업,폐업,폐업,197401,201308,부산광역시 부산진구 새싹로278번길 14 (초읍동),,129.04792968,35.18078254
부산진구,한진,여인숙업,폐업,폐업,197012,200812,,,129.06627839,35.16144327
부산진구,함안,여인숙업,폐업,폐업,197109,200012,,,129.03894909,35.16723291
부산진구,해원장,여관업,폐업,폐업,198112,201512,부산광역시 부산진구 가야대로703번길 5 (당감동),,129.04838511,35.15734208
부산진구,행운장,여관업,폐업,폐업,198012,201207,부산광역시 부산진구 전포대로300번길 57 (전포동),,129.06718187,35.16616561
부산진구,현대,여인숙업,폐업,폐업,197211,201309,부산광역시 부산진구 신천대로183번길 54 (당감동),,129.04779376,35.15731827
부산진구,현대장,여관업,폐업,폐업,198004,202008,부산광역시 부산진구 서면로 15-8 (부전동),,129.05743549,35.15229403
부산진구,현대장,여관업,폐업,폐업,199101,200501,,,129.05584426,35.15912157
부산진구,호반장여관,여관업,폐업,폐업,198502,199906,,,129.05704162,35.1523921
부산진구,호수장,여관업,폐업,폐업,198612,200901,,,129.05595888,35.15905662
부산진구,호텔 꿀비,여관업,폐업,폐업,198107,202307,부산광역시 부산진구 가야대로587번길 8 (가야동),,129.03624302,35.15517569
부산진구,호텔 브라운 도트,여관업,폐업,폐업,201211,201801,부산광역시 부산진구 서면로 10 (부전동),,129.05819087,35.15141902
부산진구,호텔 콤마,일반호텔,폐업,폐업,200401,202604,부산광역시 부산진구 황령대로7번길 20-3 (범천동),,129.06014085,35.14855394
부산진구,호텔9월,일반호텔,폐업,폐업,198801,202101,부산광역시 부산진구 성지로153번길 8 (초읍동),,129.04768921,35.18143254
부산진구,호텔e패션,일반호텔,폐업,폐업,200307,200310,,,129.02348806,35.15233369
부산진구,호호황토방,여관업,폐업,폐업,199012,200308,,,129.04789686,35.18221483
부산진구,홀인원,숙박업 기타,폐업,폐업,200311,202012,부산광역시 부산진구 서면문화로5번길 36 (부전동),,129.05570299,35.15840929
부산진구,화성,여관업,폐업,폐업,197308,201505,부산광역시 부산진구 중앙대로702번길 27-8 (부전동),,129.06066401,35.15564884
부산진구,화성,여인숙업,폐업,폐업,197107,201704,부산광역시 부산진구 범전로10번길 26 (범전동),,,
부산진구,화성장,여관업,폐업,폐업,198809,201102,,,,
부산진구,화성장여관,여관업,폐업,폐업,200103,201409,부산광역시 부산진구 범전로10번길 26 (범전동),,,
부산진구,화신,여인숙업,폐업,폐업,197102,200602,,,129.06160479,35.14258191
부산진구,화신,여인숙업,폐업,폐업,197011,200901,,,,
부산진구,황금장,여관업,폐업,폐업,198404,201207,부산광역시 부산진구 가야대로 589 (가야동),,129.03620154,35.15500758
부산진구,황금장,여관업,폐업,폐업,197901,200606,,,,
부산진구,황록,여인숙업,폐업,폐업,197010,201310,부산광역시 부산진구 개금온정로 9-4 (개금동),,129.02489738,35.15431782
부산진구,황실,여관업,폐업,폐업,198811,201207,부산광역시 부산진구 부전로 125 (부전동),,129.05525709,35.16112519
부산진구,황실장,여관업,폐업,폐업,198911,201001,,,129.05071489,35.16921547
부산진구,황전모텔,여관업,폐업,폐업,199804,201405,부산광역시 부산진구 범전로10번길 14 (범전동),,,
부산진구,황해,여인숙업,폐업,폐업,197110,201704,부산광역시 부산진구 골드테마길 56-8 (범천동),,129.06038549,35.14419908
부산진구,회운장,여관업,폐업,폐업,198004,200606,,,,
부산진구,회창,여관업,폐업,폐업,197807,201309,"부산광역시 부산진구 가야대로 484-1, 개금동 12호 (개금동)",,129.02500624,35.15285596
부산진구,힐코모텔,여관업,폐업,폐업,197801,201011,,,129.06578989,35.15731278
북구,1박2일,여관업,영업/정상,영업,198501,,부산광역시 북구 금곡대로7번길 19 (덕천동),,129.00401319,35.21035368
북구,A(에이)모텔,여관업,영업/정상,영업,200910,,부산광역시 북구 낙동대로 1664 (구포동),,128.99466157,35.20370522
북구,경남장여관,여관업,영업/정상,영업,200405,,부산광역시 북구 가람로 50 (구포동),,128.99898183,35.20610144
북구,구포모텔캣츠,여관업,영업/정상,영업,199810,,부산광역시 북구 낙동대로1694번나길 21 (구포동),,128.99761385,35.20678239
북구,국보장,여관업,영업/정상,영업,198204,,부산광역시 북구 낙동대로 1780 (구포동),,129.0040928,35.20956129
북구,굿포스테이,숙박업 기타,영업/정상,영업,202506,,부산광역시 북구 구포만세길 121 (구포동),,128.99850013,35.20697932
북구,그랜디스호텔 (화명점),일반호텔,영업/정상,영업,201205,,부산광역시 북구 금곡대로303번길 81 (화명동),,129.00903124,35.23578791
북구,그레이,여관업,영업/정상,영업,200307,,부산광역시 북구 금곡대로285번길 88 (화명동),,129.00881761,35.23461052
북구,그린모텔,여관업,영업/정상,영업,200207,,부산광역시 북구 낙동대로1762번길 13 (구포동),,129.00183911,35.20872875
북구,그림모텔,여관업,영업/정상,영업,200603,,부산광역시 북구 금곡대로8번길 19 (덕천동),,129.00614209,35.21112194
북구,나인투나인모텔,여관업,영업/정상,영업,199711,,부산광역시 북구 만덕고개길 86 (만덕동),,129.0486809,35.21185741
북구,노블레스,여관업,영업/정상,영업,198606,,부산광역시 북구 가람로 4 (구포동),,128.99555131,35.20320836
북구,녹천장,여관업,영업/정상,영업,198704,,부산광역시 북구 가람로52번길 4 (구포동),,128.99925101,35.20611251
북구,뉴몽블랑,여관업,영업/정상,영업,199812,,부산광역시 북구 가람로 40 (구포동),,128.9982719,35.20552867
북구,대림장,숙박업(생활),영업/정상,영업,198907,,부산광역시 북구 덕천로304번길 13 (만덕동),,129.03710622,35.20887996
북구,대업장,여관업,영업/정상,영업,198812,,부산광역시 북구 낙동대로1694번나길 33 (구포동),,128.99818134,35.20718169
북구,더 젠틀 호텔,여관업,영업/정상,영업,200102,,부산광역시 북구 만덕고개길 72 (만덕동),,129.04690387,35.21136706
북구,덕천에스(S)모텔,여관업,영업/정상,영업,198912,,부산광역시 북구 덕천1길 81 (덕천동),,129.00985704,35.21069499
북구,덴바스타 료칸 만덕점,일반호텔,영업/정상,영업,200202,,"부산광역시 북구 만덕고개길 72-1, 1-6층 (만덕동)",,129.04692619,35.21109498
북구,덴바스타 키즈호텔,여관업,영업/정상,영업,201207,,부산광역시 북구 낙동대로1739번길 10 (구포동),,129.000703,35.20979389
북구,덴바스타호텔,여관업,영업/정상,영업,200205,,부산광역시 북구 금곡대로303번길 91 (화명동),,129.00866652,35.23583022
북구,동원,여관업,영업/정상,영업,197608,,부산광역시 북구 낙동대로1694번나길 38 (구포동),,128.99844204,35.20705705
북구,듀스테이,여관업,영업/정상,영업,199210,,부산광역시 북구 금곡대로8번길 80 (덕천동),,129.0093404,35.21168809
북구,로얄,여관업,영업/정상,영업,199001,,"부산광역시 북구 약초골목길 14 (구포동,1141-28)",,129.00304507,35.20889738
북구,리베라모텔,여관업,영업/정상,영업,198903,,부산광역시 북구 금곡대로7번길 28 (덕천동),,129.00355887,35.21043342
북구,리베스테이,여관업,영업/정상,영업,198401,,부산광역시 북구 낙동대로1780번길 14 (구포동),,129.00459111,35.20927761
북구,매직모텔,여관업,영업/정상,영업,200412,,부산광역시 북구 금곡대로8번길 5 (덕천동),,129.00540251,35.2109392
북구,명성장,여관업,영업/정상,영업,197804,,부산광역시 북구 구포만세길 33 (구포동),,128.99513572,35.20406142
북구,모란장,여관업,영업/정상,영업,199005,,부산광역시 북구 낙동대로1722번길 15 (구포동),,128.99889433,35.2073978
북구,모텔엠브이지,여관업,영업/정상,영업,200412,,부산광역시 북구 만덕고개길 72-2 (만덕동),,129.04698177,35.21079717
북구,모텔힐링,여관업,영업/정상,영업,198807,,부산광역시 북구 금곡대로8번길 15 (덕천동),,129.00594852,35.21107463
북구,민들레모텔,여관업,영업/정상,영업,199604,,부산광역시 북구 금곡대로8번길 38 (덕천동),,129.00720877,35.21113984
북구,밀양,여인숙업,영업/정상,영업,197307,,부산광역시 북구 낙동대로1694번가길 6-1 (구포동),,128.99638897,35.20574767
북구,백양장,여관업,영업/정상,영업,198910,,부산광역시 북구 덕천로312번길 10 (만덕동),,129.03781767,35.20887402
북구,백한여인숙,여인숙업,영업/정상,영업,200411,,부산광역시 북구 낙동대로 1708 (구포동),,128.9974146,35.20679531
북구,보라장,여관업,영업/정상,영업,198902,,부산광역시 북구 구포만세길 68 (구포동),,128.99663266,35.20508876
북구,보림,여인숙업,영업/정상,영업,197011,,부산광역시 북구 구포만세길 6 (구포동),,128.99429212,35.202968
북구,본호텔,일반호텔,영업/정상,영업,202009,,"부산광역시 북구 낙동대로 1746-8, 바르도호텔 (구포동)",,129.00004433,35.20897997
북구,부산여인숙,여인숙업,영업/정상,영업,200411,,부산광역시 북구 낙동대로1694번가길 5 (구포동),,128.9966116,35.20552616
북구,브라운도트호텔,여관업,영업/정상,영업,200412,,부산광역시 북구 낙동대로1762번길 27 (구포동),,129.00123361,35.20830446
북구,브라운도트호텔 덕천점,관광호텔,영업/정상,영업,201907,,부산광역시 북구 금곡대로8번길 20 (덕천동),,129.0062896,35.21086371
북구,브라운도트호텔 만덕점,관광호텔,영업/정상,영업,200402,,"부산광역시 북구 만덕고개길 70, 브라운도트호텔 (만덕동)",,129.0468467,35.21171648
북구,브라운도트호텔(화명점),여관업,영업/정상,영업,200205,,부산광역시 북구 금곡대로303번길 89 (화명동),,129.00866652,35.23583022
북구,브리즈호텔,여관업,영업/정상,영업,200207,,부산광역시 북구 금곡대로285번길 84 (화명동),,129.00881761,35.23461052
북구,브이모텔,여관업,영업/정상,영업,200710,,부산광역시 북구 낙동대로1762번길 21 (구포동),,129.0014656,35.20848712
북구,브이세븐(V7),여관업,영업/정상,영업,198108,,부산광역시 북구 낙동대로 1666 (구포동),,128.99477011,35.20376429
북구,비앤비(B&B)호텔,여관업,영업/정상,영업,200210,,부산광역시 북구 금곡대로285번길 78 (화명동),,129.00918239,35.23456777
북구,산해,여인숙업,영업/정상,영업,197211,,부산광역시 북구 구포만세길 36-19 (구포동),,128.99565591,35.204342
북구,삼오,여관업,영업/정상,영업,198212,,부산광역시 북구 낙동대로 1746-10 (구포동),,129.00020144,35.20884484
북구,상록장,여관업,영업/정상,영업,198807,,부산광역시 북구 시장갓길 46 (구포동),,129.00279875,35.20723433
북구,샤롯데모텔,여관업,영업/정상,영업,198611,,부산광역시 북구 가람로8번길 8 (구포동),,128.99580924,35.20328132
북구,서울,여관업,영업/정상,영업,198112,,부산광역시 북구 낙동대로 1660-1 (구포동),,128.99445335,35.20335908
북구,서전별장,여관업,영업/정상,영업,200205,,부산광역시 북구 낙동대로1694번나길 44 (구포동),,128.99865032,35.20720443
북구,세븐모텔,여관업,영업/정상,영업,199305,,부산광역시 북구 낙동대로 1749 (구포동),,129.0005086,35.20964016
북구,송림장여관,여관업,영업/정상,영업,199212,,부산광역시 북구 금곡대로7번길 11 (덕천동),,129.00445,35.21040501
북구,쇼(SHOW)호텔,여관업,영업/정상,영업,200208,,부산광역시 북구 낙동대로1762번길 17 (구포동),,129.00157314,35.20862211
북구,스카이모텔,여관업,영업/정상,영업,200310,,부산광역시 북구 금곡대로7번길 17 (덕천동),,129.00418246,35.21033761
북구,스카이모텔,일반호텔,영업/정상,영업,200312,,부산광역시 북구 금곡대로285번길 62 (화명동),,129.01007442,35.23445875
북구,스테이썸 덕천점,여관업,영업/정상,영업,199310,,부산광역시 북구 덕천1길 35 (덕천동),,129.00748075,35.21014215
북구,아림장,여관업,영업/정상,영업,198606,,부산광역시 북구 약초골목길 23 (구포동),,129.00302549,35.20831136
북구,아몬드호텔,일반호텔,영업/정상,영업,200410,,부산광역시 북구 구포만세길 53 (구포동),,128.99579134,35.20477936
북구,아바호텔,여관업,영업/정상,영업,201404,,부산광역시 북구 화명대로 6 (화명동),,129.00886474,35.23486488
북구,에이유(AU)호텔,일반호텔,영업/정상,영업,199509,,부산광역시 북구 금곡대로7번길 38 (덕천동),,129.00310261,35.21039729
북구,에이치에비뉴호텔 화명점,일반호텔,영업/정상,영업,200410,,부산광역시 북구 금곡대로285번길 68 (화명동),,129.00971846,35.23450418
북구,엘리스모텔,여관업,영업/정상,영업,200306,,부산광역시 북구 낙동대로 1666-1 (구포동),,128.99484597,35.2038383
북구,엠모텔,여관업,영업/정상,영업,199005,,부산광역시 북구 낙동대로1722번길 17 (구포동),,128.99898192,35.20729236
북구,엠유(MU),여관업,영업/정상,영업,200206,,부산광역시 북구 가람로 54 (구포동),,128.99935231,35.2063929
북구,역전,여인숙업,영업/정상,영업,196509,,부산광역시 북구 낙동대로1704번길 10 (구포동),,128.99747503,35.20634183
북구,영빈장,여관업,영업/정상,영업,200110,,부산광역시 북구 낙동북로 650 (구포동),,128.99594292,35.20231175
북구,와우(WOW),여관업,영업/정상,영업,200610,,부산광역시 북구 낙동대로1739번길 12 (구포동),,129.00074492,35.20989818
북구,울산장,여관업,영업/정상,영업,199007,,부산광역시 북구 구포만세길 36-23 (구포동),,128.99570458,35.20438218
북구,유선게스트하우스,여관업,영업/정상,영업,197808,,부산광역시 북구 낙동대로1582번길 5 (구포동),,128.98950544,35.1977962
북구,유진모텔,여관업,영업/정상,영업,200602,,부산광역시 북구 만덕고개길 67 (만덕동),,129.04770148,35.21172899
북구,은성장,여관업,영업/정상,영업,199111,,"부산광역시 북구 낙동북로 651-5, 1층 (구포동)",,128.99643332,35.20269789
북구,이데아,여관업,영업/정상,영업,200106,,부산광역시 북구 구포만세길 143 (구포동),,128.9994298,35.20749313
북구,제이아이모텔,숙박업(생활),영업/정상,영업,198612,,부산광역시 북구 낙동대로1570번가길 11 (구포동),,128.98950297,35.19732835
북구,주식회사 덴바스타포레스트호텔,여관업,영업/정상,영업,200503,,부산광역시 북구 만덕고개길 72-3 (만덕동),,129.0475016,35.2106918
북구,주식회사 덴바스타호텔덕천점,일반호텔,영업/정상,영업,200302,,부산광역시 북구 만덕대로66번길 4 (덕천동),,129.0120074,35.21140903
북구,지모텔,여관업,영업/정상,영업,201012,,부산광역시 북구 낙동대로1762번길 11 (구포동),,129.00192967,35.20888277
북구,창성장,여관업,영업/정상,영업,198909,,부산광역시 북구 낙동대로1694번가길 3 (구포동),,128.99662153,35.20563164
북구,청포별장,여관업,영업/정상,영업,197507,,부산광역시 북구 가람로 6-1 (구포동),,128.99565908,35.20335168
북구,초록장,여관업,영업/정상,영업,199109,,부산광역시 북구 낙동대로1694번나길 41 (구포동),,128.99846681,35.20727359
북구,코코모텔,여관업,영업/정상,영업,200205,,부산광역시 북구 금곡대로8번길 83 (덕천동),,129.00954881,35.21196925
북구,태흥장,여관업,영업/정상,영업,198506,,부산광역시 북구 낙동북로647번길 10 (구포동),,128.99639554,35.2028965
북구,테크노,일반호텔,영업/정상,영업,198811,,부산광역시 북구 가람로 56 (구포동),,128.99948871,35.20657178
북구,투헤븐,일반호텔,영업/정상,영업,199807,,"부산광역시 북구 만덕고개길 74 (만덕동,외1)",,129.04741593,35.2110189
북구,투헤븐호텔,일반호텔,영업/정상,영업,200409,,부산광역시 북구 낙동대로 1779-8 (덕천동),,129.00364146,35.21010516
북구,티티호텔 구포,관광호텔,영업/정상,영업,202209,,부산광역시 북구 낙동대로 1684 (구포동),,128.99583981,35.20499413
북구,티파니,여관업,영업/정상,영업,200404,,부산광역시 북구 낙동대로1781번길 9 (덕천동),,129.00374581,35.21028098
북구,프린스모텔,여관업,영업/정상,영업,199712,,부산광역시 북구 낙동대로1722번길 9 (구포동),,128.99876264,35.20757832
북구,피코 키즈풀빌라 부산,여관업,영업/정상,영업,200106,,부산광역시 북구 구만덕로80번길 4 (만덕동),,129.04521903,35.2142259
북구,한일,여관업,영업/정상,영업,198009,,부산광역시 북구 구포시장길 20 (구포동),,129.00315559,35.20849809
북구,향원장,여관업,영업/정상,영업,198802,,부산광역시 북구 구포만세길 91 (구포동),,128.99719725,35.20605695
북구,호림장,여관업,영업/정상,영업,198107,,부산광역시 북구 만덕대로 46-2 (덕천동),,129.01013164,35.2109822
북구,호텔 메르시,여관업,영업/정상,영업,200410,,부산광역시 북구 금곡대로285번길 72 (화명동),,129.00971846,35.23450418
북구,호텔 틈,일반호텔,영업/정상,영업,200209,,부산광역시 북구 금곡대로303번길 85 (화명동),,129.00903124,35.23578791
북구,화목장여관,여관업,영업/정상,영업,198905,,부산광역시 북구 낙동대로 1768-16 (구포동),,129.00299399,35.20902512
북구,힐스테이호텔,여관업,영업/정상,영업,200207,,부산광역시 북구 만덕고개길 83 (만덕동),,129.04818738,35.2115962
북구,강변장,여관업,폐업,폐업,198507,200608,,,128.98857214,35.19706455
북구,강변장,여관업,폐업,폐업,198808,199809,,,129.00120549,35.20984374
북구,경남장,여관업,폐업,폐업,198901,200410,,,128.99898183,35.20610144
북구,경신장,여관업,폐업,폐업,198512,201004,,,129.00402617,35.21284218
북구,계림,여인숙업,폐업,폐업,196904,200410,,,,
북구,계림,여인숙업,폐업,폐업,196904,201101,,,,
북구,고려,여관업,폐업,폐업,198001,200410,,,128.99799731,35.20519074
북구,고려여관,여관업,폐업,폐업,198001,201105,,,128.99799731,35.20519074
북구,광명,여관업,폐업,폐업,197312,200308,,,128.99365591,35.20259158
북구,구일,여인숙업,폐업,폐업,197212,199409,,,,
북구,구포,여인숙업,폐업,폐업,197011,199312,,,,
북구,구포장,여관업,폐업,폐업,198111,199503,,,,
북구,그림모텔,여관업,폐업,폐업,200107,200603,,,129.00614209,35.21112194
북구,근호,여관업,폐업,폐업,197312,199602,,,128.99562461,35.20246789
북구,글로리점,여관업,폐업,폐업,200306,202411,부산광역시 북구 낙동대로 1746 (구포동),,129.00038341,35.20915568
북구,금강산,여관업,폐업,폐업,200307,200410,,,128.99466157,35.20370522
북구,금강산여관,여관업,폐업,폐업,200307,200909,,,128.99466157,35.20370522
북구,금광,여관업,폐업,폐업,198107,199301,,,,
북구,금탑장,여관업,폐업,폐업,198305,199812,,,129.00375643,35.21142293
북구,꿈의궁전,여관업,폐업,폐업,199812,200504,,,,
북구,나이아스모텔,여관업,폐업,폐업,200312,202208,부산광역시 북구 낙동대로1694번나길 17 (구포동),,128.99745459,35.20663333
북구,니꼬모텔,관광호텔,폐업,폐업,200311,200610,,,129.00074492,35.20989818
북구,다인모텔,여관업,폐업,폐업,198904,200701,,,129.00645164,35.21090306
북구,달오장,여관업,폐업,폐업,198903,200410,,,129.00355887,35.21043342
북구,대동,여관업,폐업,폐업,197511,200307,,,128.99477973,35.20360548
북구,대호,여관업,폐업,폐업,198107,200912,,,129.03639292,35.21368046
북구,덕천여인숙,여인숙업,폐업,폐업,199907,201804,부산광역시 북구 낙동대로1781번길 8 (덕천동),,129.00405295,35.21024357
북구,덕천여인숙,여인숙업,폐업,폐업,197707,200410,,,129.00405295,35.21024357
북구,동남,여관업,폐업,폐업,197509,201105,,,129.00086248,35.20981585
북구,동남장,여관업,폐업,폐업,198203,201609,부산광역시 북구 산성로 27-10 (화명동),,129.01620297,35.24007304
북구,동명,여인숙업,폐업,폐업,197209,199312,,,,
북구,동명장,여관업,폐업,폐업,199106,200410,,,128.99910447,35.20610187
북구,동성,여관업,폐업,폐업,197507,200410,,,128.99505724,35.20421222
북구,동성,여관업,폐업,폐업,197507,200608,,,128.99505724,35.20421222
북구,동영,여인숙업,폐업,폐업,196803,200410,,,,
북구,동원,여관업,폐업,폐업,198006,199608,,,128.99505724,35.20421222
북구,동원장,여관업,폐업,폐업,198603,202009,부산광역시 북구 금곡대로8번길 10 (덕천동),,129.00576028,35.21075056
북구,동원장,여관업,폐업,폐업,198603,200410,,,129.00576028,35.21075056
북구,동진,여관업,폐업,폐업,197505,201701,부산광역시 북구 가람로36번길 12-22 (구포동),,,
북구,동진,여관업,폐업,폐업,197505,200410,,,,
북구,동진,여관업,폐업,폐업,197505,200410,,,,
북구,동희장여관,여관업,폐업,폐업,197808,200011,,,,
북구,로망스,여관업,폐업,폐업,199711,200410,,,129.0486809,35.21185741
북구,로망스,여관업,폐업,폐업,199711,200410,,,129.0486809,35.21185741
북구,로얄,여관업,폐업,폐업,199001,200410,,,129.00304507,35.20889738
북구,록수장,여관업,폐업,폐업,198009,200306,,,129.00374581,35.21028098
북구,록수장,여관업,폐업,폐업,198009,200410,,,129.00374581,35.21028098
북구,롯데,여관업,폐업,폐업,198705,200603,,,,
북구,롯테,여관업,폐업,폐업,198705,199311,,,,
북구,만덕,여관업,폐업,폐업,198106,199510,,,,
북구,만수장모텔,여관업,폐업,폐업,199604,200410,,,,
북구,만우장,여관업,폐업,폐업,198408,200410,,,129.00086308,35.20782526
북구,만우장,여관업,폐업,폐업,198408,200412,,,129.00086308,35.20782526
북구,명보장,여관업,폐업,폐업,198511,200410,,,,
북구,모란장,여관업,폐업,폐업,199005,200410,,,128.99889433,35.2073978
북구,모텔힐,여관업,폐업,폐업,200102,200509,,,,
북구,목화장,여관업,폐업,폐업,198412,200410,,,129.00086248,35.20981585
북구,목화장,여관업,폐업,폐업,198609,200601,,,128.9963412,35.20537966
북구,목화장여관,여관업,폐업,폐업,198609,200410,,,128.9963412,35.20537966
북구,몽블랑여관,여관업,폐업,폐업,199610,200410,,,129.00101291,35.20883679
북구,무진장,여관업,폐업,폐업,198712,201402,부산광역시 북구 낙동대로1766번길 5 (구포동),,,
북구,무진장,여관업,폐업,폐업,198712,200410,,,,
북구,문화,여인숙업,폐업,폐업,197211,200410,,,128.99673693,35.2055484
북구,밀양,여인숙업,폐업,폐업,197307,200410,,,128.99638897,35.20574767
북구,바르도호텔,여관업,폐업,폐업,199909,202009,부산광역시 북구 낙동대로 1746-8 (구포동),,129.00004433,35.20897997
북구,발렌타인모텔,여관업,폐업,폐업,200103,200410,,,128.99570458,35.20438218
북구,백야장,여관업,폐업,폐업,198811,201404,부산광역시 북구 낙동대로1750번길 8 (구포동),,129.00069164,35.20904046
북구,백야장,여관업,폐업,폐업,198811,199712,,,129.00069164,35.20904046
북구,백양장,여관업,폐업,폐업,198910,200410,,,129.03781767,35.20887402
북구,백한,여인숙업,폐업,폐업,197009,200410,,,128.9974146,35.20679531
북구,백한여인숙,관광호텔,폐업,폐업,200311,200410,,,128.9974146,35.20679531
북구,베니스여관,여관업,폐업,폐업,200111,202111,부산광역시 북구 낙동대로 1746-7 (구포동),,129.00038538,35.20899636
북구,베니스여관,여관업,폐업,폐업,200107,200410,,,129.00038538,35.20899636
북구,벤츠모텔,여관업,폐업,폐업,200302,200501,,,129.04770148,35.21172899
북구,별궁장,여관업,폐업,폐업,199404,200410,,,128.99956432,35.20684478
북구,별궁장,여관업,폐업,폐업,199404,201602,부산광역시 북구 가람로58번길 3 (구포동),,128.99956432,35.20684478
북구,보라장,여관업,폐업,폐업,198902,200410,,,128.99663266,35.20508876
북구,보림,여인숙업,폐업,폐업,197011,200410,,,128.99429212,35.202968
북구,보명별장,여관업,폐업,폐업,199509,200410,,,129.00310261,35.21039729
북구,복성장,여관업,폐업,폐업,198811,199701,,,129.00387287,35.21085014
북구,복성장 여관,여관업,폐업,폐업,199702,199704,,,129.00387287,35.21085014
북구,복성장 여관,여관업,폐업,폐업,199712,199801,,,129.00387287,35.21085014
북구,부띠끄호텔,여관업,폐업,폐업,201305,202208,부산광역시 북구 낙동대로1750번길 5 (구포동),,129.00086844,35.2091588
북구,부림장,여관업,폐업,폐업,198610,199809,,,,
북구,부산,여인숙업,폐업,폐업,196709,200410,,,,
북구,부산여관,여관업,폐업,폐업,197601,201702,부산광역시 북구 가람로 30-2 (구포동),,,
북구,부산장,여관업,폐업,폐업,198707,200410,,,,
북구,부원장,여관업,폐업,폐업,199301,201207,,,129.00043728,35.20954279
북구,부전,여관업,폐업,폐업,198401,199807,,,,
북구,산해,여인숙업,폐업,폐업,197211,200410,,,128.99565591,35.204342
북구,삼성,여관업,폐업,폐업,197605,200410,,,128.99574791,35.20340399
북구,석수,여관업,폐업,폐업,198803,200608,,,128.98897776,35.19709084
북구,선화,여관업,폐업,폐업,197301,200410,,,,
북구,성광,여인숙업,폐업,폐업,197211,200410,,,129.0019607,35.20905406
북구,성광여인숙,여인숙업,폐업,폐업,198806,202001,부산광역시 북구 낙동대로1762번길 7 (구포동),,129.0019607,35.20905406
북구,성남,여인숙업,폐업,폐업,197205,199501,,,,
북구,성남장,여관업,폐업,폐업,198009,200501,,,,
북구,세화,여관업,폐업,폐업,198112,201508,부산광역시 북구 만덕1로 17 (만덕동),,129.03558934,35.21401285
북구,송원장,여관업,폐업,폐업,198801,200410,,,128.99728092,35.20613758
북구,스미스호텔,여관업,폐업,폐업,200305,202111,부산광역시 북구 구포만세길 191 (구포동),,129.00106564,35.20899412
북구,시민,여인숙업,폐업,폐업,196912,200505,,,128.9964697,35.204947
북구,시민,여인숙업,폐업,폐업,196912,200410,,,128.9964697,35.204947
북구,시민여인숙,여인숙업,폐업,폐업,200505,201709,부산광역시 북구 구포만세길 66 (구포동),,128.9964697,35.204947
북구,신라장,여관업,폐업,폐업,197502,200804,,,128.99560799,35.20327259
북구,신세계,여관업,폐업,폐업,198206,199712,,,,
북구,신세계,여관업,폐업,폐업,199307,200306,,,128.99484597,35.2038383
북구,신세계,여관업,폐업,폐업,198009,200306,,,128.99484597,35.2038383
북구,신신,여관업,폐업,폐업,197407,200410,,,128.99400947,35.20280528
북구,신신,여관업,폐업,폐업,199707,200410,,,128.99400947,35.20280528
북구,신신,여관업,폐업,폐업,200509,200608,,,128.99400947,35.20280528
북구,신창,여인숙업,폐업,폐업,196912,199007,,,,
북구,썸모텔,여관업,폐업,폐업,200203,202111,부산광역시 북구 구포만세길 177 (구포동),,129.00072798,35.20855986
북구,아림장,여관업,폐업,폐업,198606,200410,,,129.00302549,35.20831136
북구,아미가장여관,여관업,폐업,폐업,199810,200410,,,128.99761385,35.20678239
북구,아비숑모텔,여관업,폐업,폐업,200102,200410,,,129.00954881,35.21196925
북구,아이모텔,여관업,폐업,폐업,201302,202111,부산광역시 북구 낙동대로1750번길 16 (구포동),,129.00076485,35.20872357
북구,애플모텔,여관업,폐업,폐업,199610,202111,부산광역시 북구 구포만세길 185 (구포동),,129.00101291,35.20883679
북구,에크스장여관,여관업,폐업,폐업,200205,200410,,,129.04521903,35.2142259
북구,엔젤장,여관업,폐업,폐업,199411,200410,,,,
북구,엔젤장,여관업,폐업,폐업,198606,200410,,,,
북구,엠(M)모텔,여관업,폐업,폐업,198704,201805,부산광역시 북구 산성로20번길 2 (화명동),,,
북구,엠파이어,일반호텔,폐업,폐업,199103,200410,,,129.00774023,35.21097961
북구,엠파이어,관광호텔,폐업,폐업,199103,200507,,,129.00774023,35.21097961
북구,엠파이어관광호텔,관광호텔,폐업,폐업,199103,200507,,,129.01723414,35.21274781
북구,역전,여인숙업,폐업,폐업,196509,200410,,,128.99747503,35.20634183
북구,영빈장,여관업,폐업,폐업,196704,200410,,,,
북구,영빈장,여관업,폐업,폐업,199108,200410,,,129.0014656,35.20848712
북구,영빈장,여관업,폐업,폐업,199108,200612,,,129.0014656,35.20848712
북구,오페라,여관업,폐업,폐업,198009,201309,부산광역시 북구 낙동대로1694번나길 26 (구포동),,128.99796899,35.20676513
북구,오페라모텔,여관업,폐업,폐업,200212,200505,,,129.00425608,35.210112
북구,옥류장,여관업,폐업,폐업,199410,200410,,,,
북구,옥류장,여관업,폐업,폐업,199410,200501,,,,
북구,옥류장,여관업,폐업,폐업,199410,200410,,,,
북구,왕궁황토모텔,여관업,폐업,폐업,200111,200603,,,129.0014656,35.20848712
북구,용궁장,여관업,폐업,폐업,201303,202606,부산광역시 북구 낙동대로1694번나길 35 (구포동),,128.99829762,35.20726644
북구,용궁장,여관업,폐업,폐업,198910,200410,,,128.99829762,35.20726644
북구,용궁장,여관업,폐업,폐업,198910,200608,,,,
북구,용궁장,여관업,폐업,폐업,199005,200308,,,129.01155946,35.21214438
북구,울산장,여관업,폐업,폐업,199007,200410,,,128.99570458,35.20438218
북구,유림장,여관업,폐업,폐업,198501,200410,,,129.00401319,35.21035368
북구,유정장,여관업,폐업,폐업,198511,200603,,,,
북구,은하장,여관업,폐업,폐업,198206,200601,,,129.01823414,35.21287186
북구,은하장,여관업,폐업,폐업,198111,201308,부산광역시 북구 낙동대로 1660 (구포동),,128.99438252,35.20329958
북구,은하장,여관업,폐업,폐업,198111,200410,,,128.99438252,35.20329958
북구,이편한원룸텔,여관업,폐업,폐업,198802,201204,,,129.00014895,35.20906787
북구,이화장,여관업,폐업,폐업,198605,200605,,,128.99477011,35.20376429
북구,이화장,여관업,폐업,폐업,198605,200410,,,128.99477011,35.20376429
북구,일번가모텔,여관업,폐업,폐업,199406,201910,부산광역시 북구 금곡대로8번길 36 (덕천동),,129.00701136,35.21108514
북구,일성,여관업,폐업,폐업,197608,200410,,,128.99844204,35.20705705
북구,일월장,여관업,폐업,폐업,198311,200410,,,128.99045136,35.19630101
북구,잠자리모텔,여관업,폐업,폐업,200212,200911,,,129.00387287,35.21085014
북구,제일,여인숙업,폐업,폐업,196601,199806,,,,
북구,중앙,여인숙업,폐업,폐업,197301,200410,,,128.99416819,35.20314117
북구,중앙,여인숙업,폐업,폐업,198711,202109,부산광역시 북구 구포만세길 5 (구포동),,128.99416819,35.20314117
북구,창성장,여관업,폐업,폐업,198909,200410,,,128.99662153,35.20563164
북구,청림장,여관업,폐업,폐업,199807,200410,,,129.04741593,35.2110189
북구,청백장,여관업,폐업,폐업,198406,201008,,,128.98941316,35.19785913
북구,청보장,여관업,폐업,폐업,199905,200007,,,,
북구,청우별장,여관업,폐업,폐업,199001,200410,,,129.00073718,35.20889461
북구,청우별장,여관업,폐업,폐업,199001,202111,부산광역시 북구 낙동대로1750번길 10 (구포동),,129.00073718,35.20889461
북구,청운장,여관업,폐업,폐업,199310,200410,,,129.00748075,35.21014215
북구,청포별장,여관업,폐업,폐업,197507,200410,,,128.99565908,35.20335168
북구,초록장,여관업,폐업,폐업,199109,200410,,,128.99846681,35.20727359
북구,축복,여관업,폐업,폐업,197712,200410,,,128.99856754,35.20720659
북구,칠칠장,여관업,폐업,폐업,198907,200410,,,,
북구,칠칠장,여관업,폐업,폐업,198907,200603,,,,
북구,코리아,여관업,폐업,폐업,198808,199712,,,,
북구,태양,여인숙업,폐업,폐업,198807,201501,부산광역시 북구 가람로 66 (구포동),,,
북구,태양,여인숙업,폐업,폐업,197001,200410,,,,
북구,태화장,여관업,폐업,폐업,198909,199601,,,,
북구,태흥장,여관업,폐업,폐업,198506,200410,,,128.99639554,35.2028965
북구,테마모텔,관광호텔,폐업,폐업,200309,200410,,,128.99579134,35.20477936
북구,티파니모텔,일반호텔,폐업,폐업,200308,200410,,,129.00374581,35.21028098
북구,파레스,여관업,폐업,폐업,198703,200410,,,,
북구,파레스장여관,여관업,폐업,폐업,198703,201201,,,,
북구,편한게스트하우스,숙박업 기타,폐업,폐업,201702,201811,"부산광역시 북구 만덕대로 84 (덕천동, 4층 일부)",,129.01408078,35.21204917
북구,풀하우스,여관업,폐업,폐업,200205,200410,,,,
북구,프로포즈모텔,여관업,폐업,폐업,200305,201205,,,129.00903124,35.23578791
북구,프린스여관,여관업,폐업,폐업,199712,200410,,,128.99876264,35.20757832
북구,하나장,여관업,폐업,폐업,198610,201410,부산광역시 북구 낙동대로1694번나길 30 (구포동),,128.99807955,35.20685848
북구,하림장,여관업,폐업,폐업,198706,199807,,,129.00143909,35.20981641
북구,하와이여관,여관업,폐업,폐업,199611,200410,,,129.04770148,35.21172899
북구,하와이여관,여관업,폐업,폐업,199611,200410,,,129.04770148,35.21172899
북구,해송모텔,여관업,폐업,폐업,198311,201909,부산광역시 북구 사상로583번길 2 (구포동),,128.99045136,35.19630101
북구,해원장여관,여관업,폐업,폐업,198108,200410,,,128.99477011,35.20376429
북구,행운장,여관업,폐업,폐업,199008,200608,,,129.00386295,35.21071941
북구,호림장,여관업,폐업,폐업,198107,200410,,,129.01013164,35.2109822
북구,호수장여관,여관업,폐업,폐업,198009,200410,,,128.99796899,35.20676513
북구,화목모텔,여관업,폐업,폐업,200205,200410,,,128.99580924,35.20328132
북구,화목모텔,여관업,폐업,폐업,198611,200410,,,,
북구,화목장,여관업,폐업,폐업,198611,200410,,,128.99580924,35.20328132
북구,화목장,여관업,폐업,폐업,198905,200410,,,129.00299399,35.20902512
사상구,(주)한도호텔파라곤,관광호텔,영업/정상,영업,199307,,부산광역시 사상구 광장로 46 (괘법동),,128.98139413,35.16193083
사상구,1954호텔,숙박업 기타,영업/정상,영업,200210,,부산광역시 사상구 낙동대로1048번길 38 (감전동),,128.97533016,35.15295823
사상구,1RUA(일루아),여관업,영업/정상,영업,198812,,부산광역시 사상구 사상로 232-6 (괘법동),,128.98339329,35.16564853
사상구,3.6.9 모텔,여관업,영업/정상,영업,198711,,부산광역시 사상구 학감대로134번길 6 (학장동),,128.98843595,35.14294114
사상구,542 스테이,여관업,영업/정상,영업,199307,,부산광역시 사상구 광장로93번길 16 (괘법동),,128.98654067,35.16345358
사상구,J(제이) 모텔,숙박업 기타,영업/정상,영업,200405,,부산광역시 사상구 대동로 297 (감전동),,128.98630529,35.15385158
사상구,MU(엠유)호텔,숙박업 기타,영업/정상,영업,200501,,부산광역시 사상구 새벽로 144 (감전동),,128.98307177,35.15382895
사상구,M타이모텔,여관업,영업/정상,영업,201708,,"부산광역시 사상구 광장로81번길 51, 2~4층 (괘법동)",,128.98416356,35.16464945
사상구,ND.1226 Hotel,숙박업(생활),영업/정상,영업,199503,,부산광역시 사상구 낙동대로 1226 (괘법동),,128.97716021,35.16941436
사상구,W모텔,숙박업 기타,영업/정상,영업,200201,,부산광역시 사상구 광장로93번길 6 (괘법동),,128.98678007,35.16300448
사상구,강남여인숙,여인숙업,영업/정상,영업,200312,,부산광역시 사상구 광장로81번길 76 (괘법동),,128.98386102,35.16575966
사상구,경남장,여관업,영업/정상,영업,198412,,부산광역시 사상구 새벽시장로64번길 4 (감전동),,128.98059034,35.15481769
사상구,고요한호텔,숙박업 기타,영업/정상,영업,200307,,부산광역시 사상구 낙동대로 1454 (삼락동),,128.98003134,35.1893432
사상구,그린장,여관업,영업/정상,영업,198602,,부산광역시 사상구 사상로212번길 22 (괘법동),,128.98499715,35.1642377
사상구,그린텔,여관업,영업/정상,영업,198907,,부산광역시 사상구 광장로86번길 6-7 (괘법동),,128.98591054,35.16132376
사상구,그린하우스,여관업,영업/정상,영업,199305,,부산광역시 사상구 사상로233번길 7 (괘법동),,128.98256829,35.16458067
사상구,극동장여관,여관업,영업/정상,영업,198910,,부산광역시 사상구 새벽시장로45번길 11 (감전동),,128.97871202,35.15608246
사상구,금강,숙박업 기타,영업/정상,영업,198508,,부산광역시 사상구 새벽로202번길 22 (괘법동),,128.98516227,35.15876465
사상구,금하모텔,여관업,영업/정상,영업,199011,,부산광역시 사상구 광장로93번길 9 (괘법동),,128.98642524,35.1630261
사상구,금호빌장,여관업,영업/정상,영업,199006,,부산광역시 사상구 새벽로194번길 53-11 (감전동),,128.98666283,35.158369
사상구,금호여관,여관업,영업/정상,영업,198112,,부산광역시 사상구 사상로293번길 3 (덕포동),,128.98251444,35.17088363
사상구,김해빌,여관업,영업/정상,영업,198902,,부산광역시 사상구 사상로161번길 55-9 (감전동),,128.98643092,35.15754788
사상구,나무늘보 호텔,숙박업 기타,영업/정상,영업,200306,,부산광역시 사상구 사상로211번길 28 (괘법동),,128.98227017,35.16401401
사상구,나이스빌,여관업,영업/정상,영업,198507,,부산광역시 사상구 사상로161번길 40 (괘법동),,128.98592773,35.15829339
사상구,내츄럴,숙박업(생활),영업/정상,영업,199511,,부산광역시 사상구 사상로233번길 10-7 (괘법동),,128.98218857,35.16624085
사상구,넘버25호텔(No.25 HOTEL),숙박업 기타,영업/정상,영업,200212,,부산광역시 사상구 사상로211번길 56 (괘법동),,128.98071623,35.16422265
사상구,대구여관,여관업,영업/정상,영업,198002,,부산광역시 사상구 대동로8번길 20 (엄궁동),,128.97370219,35.13146852
사상구,대림,여관업,영업/정상,영업,198407,,부산광역시 사상구 사상로 154 (괘법동),,128.98737123,35.15966548
사상구,대성여인숙,여인숙업,영업/정상,영업,197305,,"부산광역시 사상구 사상로 127-5, 1층 (감전동)",,128.98870323,35.15755243
사상구,더스톤브릿지 호텔(THE STONE BRIDGE HOTEL),숙박업 기타,영업/정상,영업,200405,,부산광역시 사상구 대동로 295 (감전동),,128.98626804,35.15370469
사상구,덕포 스테이,여인숙업,영업/정상,영업,197701,,"부산광역시 사상구 사상로285번길 28, 2층 (덕포동)",,128.9813138,35.17092554
사상구,덴바스타호텔(감전점),숙박업 기타,영업/정상,영업,200406,,부산광역시 사상구 대동로 278 (감전동),,128.98666092,35.15205255
사상구,동경장,여관업,영업/정상,영업,198812,,"부산광역시 사상구 사상로147번길 16, 동경장여관 (감전동)",,128.98709068,35.15847491
사상구,동남장,여관업,영업/정상,영업,200305,,부산광역시 사상구 광장로37번길 50 (괘법동),,128.9812256,35.16514003
사상구,동산여인숙,여인숙업,영업/정상,영업,198011,,부산광역시 사상구 광장로87번길 13 (괘법동),,128.98559207,35.1630603
사상구,동양여관,여관업,영업/정상,영업,197912,,부산광역시 사상구 새벽로167번길 5-4 (감전동),,128.98277639,35.15594991
사상구,동원장여관,여관업,영업/정상,영업,197611,,부산광역시 사상구 사상로 153-8 (괘법동),,128.98683988,35.15936129
사상구,록수여관,여관업,영업/정상,영업,198004,,부산광역시 사상구 사상로 338 (덕포동),,128.98445103,35.17468723
사상구,루이스호텔,일반호텔,영업/정상,영업,201605,,부산광역시 사상구 사상로211번길 14-8 (괘법동),,128.98288998,35.16417548
사상구,루이스호텔,일반호텔,영업/정상,영업,201605,,부산광역시 사상구 사상로211번길 14-6 (괘법동),,128.98298047,35.16406125
사상구,르네상스호텔,관광호텔,영업/정상,영업,200404,,부산광역시 사상구 광장로 60 (괘법동),,128.9830048,35.16176774
사상구,르이데아호텔,숙박업 기타,영업/정상,영업,200201,,부산광역시 사상구 새벽로223번길 40 (괘법동),,128.98207818,35.16156168
사상구,리베장,여관업,영업/정상,영업,198807,,부산광역시 사상구 광장로81번길 96-7 (괘법동),,128.98397974,35.16674905
사상구,만복여관,여관업,영업/정상,영업,199307,,"부산광역시 사상구 사상로319번길 33, 2,3층 (덕포동)",,128.98183039,35.17313127
사상구,맥스호텔,숙박업 기타,영업/정상,영업,200208,,부산광역시 사상구 사상로211번길 62 (괘법동),,128.98021751,35.1643238
사상구,명천비지네스텔여관,여관업,영업/정상,영업,198605,,"부산광역시 사상구 새벽로137번길 40, 4층 (감전동)",,128.98023197,35.15394882
사상구,모라스테이,숙박업 기타,영업/정상,영업,200306,,부산광역시 사상구 사상로426번길 10 (모라동),,128.9866853,35.18227633
사상구,미니호텔,여관업,영업/정상,영업,198107,,부산광역시 사상구 냉정로 116 (주례동),,129.01259538,35.14931639
사상구,미림장,여관업,영업/정상,영업,198004,,부산광역시 사상구 사상로 153 (괘법동),,128.98707678,35.15939666
사상구,미성장,여관업,영업/정상,영업,200001,,부산광역시 사상구 사상로161번길 45 (감전동),,128.9861921,35.15803325
사상구,미스터브릭,숙박업 기타,영업/정상,영업,200505,,부산광역시 사상구 낙동대로 1336 (삼락동),,128.97639712,35.17937173
사상구,발렌타인모텔,숙박업 기타,영업/정상,영업,198705,,부산광역시 사상구 사상로161번길 34 (괘법동),,128.98598513,35.15853366
사상구,발리장여관,여관업,영업/정상,영업,198404,,부산광역시 사상구 낙동대로 1234 (삼락동),,128.97819249,35.17050356
사상구,배수장,여관업,영업/정상,영업,199004,,부산광역시 사상구 사상로250번길 1 (괘법동),,128.98247564,35.16720161
사상구,버튼호텔 사상점,일반호텔,영업/정상,영업,201703,,부산광역시 사상구 사상로211번길 22-4 (괘법동),,128.98266566,35.16407972
사상구,별장여관,여관업,영업/정상,영업,198202,,부산광역시 사상구 사상로161번길 55-1 (감전동),,128.986012,35.15757148
사상구,복천여관,여관업,영업/정상,영업,198606,,부산광역시 사상구 삼덕로46번길 117 (덕포동),,128.98068261,35.16888086
사상구,부광,여관업,영업/정상,영업,198010,,부산광역시 사상구 대동로 115 (학장동),,128.97996814,35.13944419
사상구,부민,여관업,영업/정상,영업,198206,,부산광역시 사상구 사상로181번길 68 (괘법동),,128.98502696,35.15836362
사상구,브라운도트(사상낙동대로점),숙박업 기타,영업/정상,영업,200306,,부산광역시 사상구 낙동대로1048번길 12 (감전동),,128.97399876,35.15328359
사상구,브라운도트사상르네시떼점,숙박업 기타,영업/정상,영업,200402,,부산광역시 사상구 새벽로223번길 83 (괘법동),,128.97958514,35.16151447
사상구,브라운도트호텔 엄궁점,숙박업 기타,영업/정상,영업,200204,,부산광역시 사상구 낙동대로 753-17 (엄궁동),,128.96881954,35.12861091
사상구,블랙모텔,숙박업 기타,영업/정상,영업,198809,,부산광역시 사상구 사상로212번길 21 (괘법동),,128.984934,35.16455731
사상구,블루장,여관업,영업/정상,영업,202509,,"부산광역시 사상구 광장로93번길 11, 2,3,4층 (괘법동)",,128.98633152,35.16309722
사상구,비너스모텔,숙박업 기타,영업/정상,영업,198611,,부산광역시 사상구 사상로161번길 38 (괘법동),,128.98596018,35.15843043
사상구,비치모텔,숙박업 기타,영업/정상,영업,200508,,부산광역시 사상구 사상로 224 (괘법동),,128.98353997,35.16495329
사상구,빅토리아모텔,숙박업 기타,영업/정상,영업,198511,,부산광역시 사상구 낙동대로 734 (엄궁동),,128.96905626,35.1266436
사상구,사상모텔이레,숙박업 기타,영업/정상,영업,200309,,부산광역시 사상구 사상로417번길 32 (모라동),,128.98414808,35.18241741
사상구,산유장,여관업,영업/정상,영업,198803,,부산광역시 사상구 새벽로202번길 16 (괘법동),,128.98490698,35.15880129
사상구,삼성장,여관업,영업/정상,영업,198507,,부산광역시 사상구 사상로170번길 16 (괘법동),,128.986975,35.1610988
사상구,삼신장,여관업,영업/정상,영업,199908,,부산광역시 사상구 사상로212번길 24 (괘법동),,128.9851123,35.16427652
사상구,삼호여인숙,여인숙업,영업/정상,영업,197601,,부산광역시 사상구 사상로137번길 11 (감전동),,128.98829199,35.15789623
사상구,석정,숙박업(생활),영업/정상,영업,202510,,"부산광역시 사상구 광장로103번길 15-7, 1~5층 (괘법동)",,128.98717861,35.1633384
사상구,성림장,여관업,영업/정상,영업,198009,,부산광역시 사상구 사상로309번길 7 (덕포동),,128.98284614,35.17224405
사상구,성일장,여관업,영업/정상,영업,198805,,부산광역시 사상구 낙동대로1210번길 81-8 (괘법동),,128.98139359,35.16746093
사상구,세느,숙박업 기타,영업/정상,영업,200208,,부산광역시 사상구 사상로211번길 60 (괘법동),,128.98040577,35.16426244
사상구,세일장,여관업,영업/정상,영업,198909,,부산광역시 사상구 광장로37번길 17 (괘법동),,128.98083795,35.16372248
사상구,센스모텔,숙박업 기타,영업/정상,영업,200408,,부산광역시 사상구 광장로86번길 9 (괘법동),,128.98655676,35.16149111
사상구,소르젠떼비지니스호텔,관광호텔,영업/정상,영업,201607,,"부산광역시 사상구 광장로81번길 55, 1~8층 (괘법동)",,128.98398818,35.16487193
사상구,송림장여관,여관업,영업/정상,영업,200311,,부산광역시 사상구 광장로37번길 46 (괘법동),,128.98123818,35.16502895
사상구,송민장,여관업,영업/정상,영업,197807,,부산광역시 사상구 가야대로 229-13 (주례동),,128.99756031,35.15097187
사상구,수명장여관,여관업,영업/정상,영업,198706,,부산광역시 사상구 광장로81번길 48 (괘법동),,128.9844453,35.16456929
사상구,스위트빌,여관업,영업/정상,영업,198512,,부산광역시 사상구 사상로137번길 22 (감전동),,128.98784602,35.15741532
사상구,스타빌,여관업,영업/정상,영업,197901,,부산광역시 사상구 광장로86번길 6-5 (괘법동),,128.98605146,35.1613384
사상구,스토리아지트,여인숙업,영업/정상,영업,197407,,부산광역시 사상구 사상로223번길 34 (괘법동),,128.98125104,35.16492294
사상구,신신장,여관업,영업/정상,영업,198803,,부산광역시 사상구 학감대로 125 (학장동),,128.98794117,35.14213221
사상구,썬드림,숙박업 기타,영업/정상,영업,198407,,부산광역시 사상구 삼락천로 42 (삼락동),,128.97921852,35.17126251
사상구,썸호텔,숙박업 기타,영업/정상,영업,200302,,부산광역시 사상구 낙동대로 759-12 (엄궁동),,128.96945581,35.12906559
사상구,아라 하우스,여관업,영업/정상,영업,198312,,"부산광역시 사상구 새벽로194번길 33, 수복장여관 (괘법동)",,128.98565883,35.15810789
사상구,아리스여관,여관업,영업/정상,영업,197712,,부산광역시 사상구 사상로 153-12 (괘법동),,128.98677018,35.1590904
사상구,아리엘 호텔,일반호텔,영업/정상,영업,200308,,부산광역시 사상구 낙동대로 1406 (삼락동),,128.97743782,35.18557608
사상구,아비숑,숙박업 기타,영업/정상,영업,200008,,부산광역시 사상구 광장로93번길 24 (괘법동),,128.98640786,35.16378167
사상구,아이모텔,숙박업 기타,영업/정상,영업,200107,,부산광역시 사상구 광장로93번길 13 (괘법동),,128.98627324,35.16320778
사상구,압구정,여관업,영업/정상,영업,198703,,부산광역시 사상구 광장로93번길 14 (괘법동),,128.986615,35.16330726
사상구,에메랄드,숙박업 기타,영업/정상,영업,198005,,부산광역시 사상구 새벽로202번길 6 (괘법동),,128.98434055,35.15889206
사상구,에스(S)모텔,숙박업 기타,영업/정상,영업,200304,,부산광역시 사상구 광장로87번길 16 (괘법동),,128.98591066,35.16330419
사상구,에어텔,숙박업 기타,영업/정상,영업,200302,,부산광역시 사상구 낙동대로1048번길 36 (감전동),,128.97511707,35.15290153
사상구,에이든(aiden)호텔,숙박업 기타,영업/정상,영업,200209,,부산광역시 사상구 사상로211번길 46 (괘법동),,128.98119392,35.16411633
사상구,에이든(aiden)호텔 B관,숙박업 기타,영업/정상,영업,200204,,부산광역시 사상구 사상로211번길 30 (괘법동),,128.98204991,35.16398262
사상구,에이치에비뉴 사상역점 레지던스호텔,숙박업(생활),영업/정상,영업,202410,,"부산광역시 사상구 새벽로223번길 20, 더스테이이안 3~25층 303호 등 135객실 (괘법동)",,128.9830433,35.16144425
사상구,엔젤모텔,숙박업 기타,영업/정상,영업,200204,,"부산광역시 사상구 학감대로39번길 55, 엔젤모텔 (학장동)",,128.99608775,35.13486513
사상구,엔젤장,여관업,영업/정상,영업,199003,,부산광역시 사상구 사상로 244-15 (괘법동),,128.98335885,35.16674467
사상구,엘모멘토 사상,숙박업(생활),영업/정상,영업,202410,,"부산광역시 사상구 새벽로223번길 20, 더스테이이안 3~25층, 302호 등 89객실 (괘법동)",,128.9830433,35.16144425
사상구,엘씨,숙박업 기타,영업/정상,영업,198511,,부산광역시 사상구 새벽로167번길 28 (감전동),,128.98185026,35.15643862
사상구,연암장,여관업,영업/정상,영업,198411,,부산광역시 사상구 광장로87번길 9-1 (괘법동),,128.98563165,35.16292473
사상구,연화장,여관업,영업/정상,영업,202304,,"부산광역시 사상구 사상로224번길 1-6, 1,2,3층 (괘법동)",,128.9835578,35.16536029
사상구,영남여인숙,여인숙업,영업/정상,영업,200405,,부산광역시 사상구 광장로37번길 77 (괘법동),,128.98074737,35.16639854
사상구,영남장,여관업,영업/정상,영업,198602,,부산광역시 사상구 사상로212번길 22 (괘법동),,128.98499715,35.1642377
사상구,오아시스장,여관업,영업/정상,영업,198603,,부산광역시 사상구 사상로224번길 23 (괘법동),,128.984465,35.16552068
사상구,옥돌별장,여관업,영업/정상,영업,198904,,부산광역시 사상구 낙동대로1210번길 81-6 (괘법동),,128.9813048,35.16730967
사상구,옥림장,여관업,영업/정상,영업,199712,,"부산광역시 사상구 낙동대로1548번길 13, 옥림모텔 (삼락동)",,128.98710692,35.19519966
사상구,옥림장,여관업,영업/정상,영업,198502,,"부산광역시 사상구 괘감로 96-1 (감전동,,14)",,128.98492931,35.15720666
사상구,옥샘장,여관업,영업/정상,영업,197706,,부산광역시 사상구 사상로456번길 24 (모라동),,128.98806027,35.18490091
사상구,온정장,여관업,영업/정상,영업,198911,,부산광역시 사상구 사상로212번길 5-8 (괘법동),,128.98403377,35.16451551
사상구,월드컵,여관업,영업/정상,영업,198709,,부산광역시 사상구 사상로137번길 14 (감전동),,128.98800676,35.15781291
사상구,유림장,여관업,영업/정상,영업,199002,,부산광역시 사상구 삼락천로 331-1 (삼락동),,128.98771568,35.19578281
사상구,유정마이홈,여관업,영업/정상,영업,198103,,부산광역시 사상구 사상로319번길 31 (덕포동),,128.98183039,35.17313127
사상구,은성,일반호텔,영업/정상,영업,202302,,"부산광역시 사상구 사상로 17, 1~3층 (주례동)",,128.99807514,35.15099812
사상구,은화여인숙,여인숙업,영업/정상,영업,197105,,부산광역시 사상구 낙동대로1210번길 82 (괘법동),,128.98111937,35.16697091
사상구,의성장,여관업,영업/정상,영업,197903,,"부산광역시 사상구 모라로51번길 27, 행복빌 (모라동)",,128.98792088,35.19073872
사상구,일호여인숙,여인숙업,영업/정상,영업,197305,,부산광역시 사상구 낙동대로1002번길 8 (감전동),,128.97233117,35.14933531
사상구,잠101호텔,일반호텔,영업/정상,영업,201910,,"부산광역시 사상구 새벽로223번길 42, 1~10층 (괘법동)",,128.98185402,35.16152367
사상구,제일여인숙,여인숙업,영업/정상,영업,197506,,"부산광역시 사상구 사상로293번길 5 (덕포동, 천냥프라자)",,128.98254766,35.17101612
사상구,제일여인숙,여인숙업,영업/정상,영업,197108,,부산광역시 사상구 광장로81번길 96 (괘법동),,128.98390422,35.1664105
사상구,제일장,여관업,영업/정상,영업,198003,,"부산광역시 사상구 새벽로 206, 제일장여관 (괘법동)",,128.98435666,35.15936018
사상구,제일장,여관업,영업/정상,영업,198909,,부산광역시 사상구 사상로211번길 28-3 (괘법동),,128.98207968,35.16415515
사상구,젬모텔,숙박업 기타,영업/정상,영업,200211,,부산광역시 사상구 삼덕로45번길 161 (덕포동),,128.98330849,35.18133056
사상구,창신,여관업,영업/정상,영업,197804,,부산광역시 사상구 사상로456번길 8 (모라동),,128.98728289,35.18508618
사상구,천우장,여관업,영업/정상,영업,198501,,부산광역시 사상구 광장로87번길 7 (괘법동),,128.98567573,35.16285138
사상구,천일장,여관업,영업/정상,영업,198708,,부산광역시 사상구 사상로224번길 6 (괘법동),,128.98369584,35.16500639
사상구,청수장,여관업,영업/정상,영업,198410,,부산광역시 사상구 학감대로 266-1 (감전동),,128.99111955,35.15455061
사상구,청수장,여관업,영업/정상,영업,198003,,부산광역시 사상구 사상로238번길 10 (괘법동),,128.98336384,35.16595101
사상구,초원장,여관업,영업/정상,영업,198007,,부산광역시 사상구 사상로 39-1 (주례동),,128.99561162,35.15223095
사상구,캄레스트호텔 사상,일반호텔,영업/정상,영업,200309,,부산광역시 사상구 학감대로237번길 12 (감전동),,128.98945277,35.15245161
사상구,코코모텔,숙박업 기타,영업/정상,영업,200201,,부산광역시 사상구 학감대로39번길 49 (학장동),,128.99608775,35.13486513
사상구,크라운별장,숙박업 기타,영업/정상,영업,201510,,"부산광역시 사상구 사상로243번길 9, 2~3층 (괘법동)",,,
사상구,투헤븐,숙박업 기타,영업/정상,영업,200206,,부산광역시 사상구 사상로211번길 52 (괘법동),,128.98089786,35.16420049
사상구,파크장,여관업,영업/정상,영업,198804,,부산광역시 사상구 사상로147번길 29 (감전동),,128.98731158,35.15798853
사상구,평화장여관,여관업,영업/정상,영업,197801,,부산광역시 사상구 사상로163번길 33 (괘법동),,128.98452601,35.16018705
사상구,프리미엄아바호텔,여관업,영업/정상,영업,201609,,"부산광역시 사상구 새벽로223번길 26, 1~9층 (괘법동)",,128.98282587,35.16147302
사상구,플라워모텔,숙박업 기타,영업/정상,영업,200310,,부산광역시 사상구 가야대로 262-9 (주례동),,129.00156392,35.14992664
사상구,하나모텔,여관업,영업/정상,영업,198409,,부산광역시 사상구 사상로211번길 22-14 (괘법동),,128.98229982,35.16425783
사상구,하운드 호텔(사상점),숙박업 기타,영업/정상,영업,200211,,부산광역시 사상구 새벽로223번길 117 (괘법동),,128.97767259,35.16178017
사상구,하이호텔,숙박업 기타,영업/정상,영업,200108,,부산광역시 사상구 새벽로223번길 10 (괘법동),,128.98366698,35.16135937
사상구,하트장,여관업,영업/정상,영업,199308,,부산광역시 사상구 광장로87번길 35 (괘법동),,128.98519903,35.16405256
사상구,한성장,여관업,영업/정상,영업,199003,,부산광역시 사상구 사상로223번길 7 (괘법동),,128.98256829,35.16458067
사상구,해운장,여관업,영업/정상,영업,198612,,부산광역시 사상구 낙동대로1548번길 27 (삼락동),,128.98757904,35.19497482
사상구,허니문,여관업,영업/정상,영업,198012,,부산광역시 사상구 사상로181번길 82 (괘법동),,128.98472919,35.15787863
사상구,헤라,숙박업 기타,영업/정상,영업,200206,,부산광역시 사상구 새벽로223번길 91 (괘법동),,128.97916148,35.16157059
사상구,호림장,여관업,영업/정상,영업,197602,,부산광역시 사상구 낙동대로 1216 (괘법동),,128.97705869,35.16850896
사상구,호수장,여관업,영업/정상,영업,198810,,부산광역시 사상구 광장로87번길 9 (괘법동),,128.98574859,35.1629877
사상구,호텔 더 메이(HOTEL THE MAY),숙박업 기타,영업/정상,영업,198812,,부산광역시 사상구 낙동대로 1542 (삼락동),,128.98612419,35.19521136
사상구,호텔 더반,숙박업 기타,영업/정상,영업,200309,,부산광역시 사상구 사상로224번길 10 (괘법동),,128.98389331,35.16505572
사상구,호텔 앤레스트,숙박업 기타,영업/정상,영업,200205,,부산광역시 사상구 광장로86번길 2 (괘법동),,128.98597985,35.1615024
사상구,호텔 온유,숙박업 기타,영업/정상,영업,200304,,부산광역시 사상구 사상로211번길 22 (괘법동),,128.98243313,35.16399417
사상구,호텔 프랜치코드,숙박업 기타,영업/정상,영업,200204,,부산광역시 사상구 낙동대로 753-19 (엄궁동),,128.96863078,35.12865452
사상구,호텔979,숙박업 기타,영업/정상,영업,198902,,부산광역시 사상구 모라로 69 (모라동),,128.98864506,35.18828655
사상구,호텔로다,관광호텔,영업/정상,영업,200207,,부산광역시 사상구 낙동대로 717 (엄궁동),,128.96771817,35.12601458
사상구,호텔야자 사상터미널점,숙박업 기타,영업/정상,영업,200308,,부산광역시 사상구 광장로81번길 72 (괘법동),,128.98412828,35.16559538
사상구,호텔콤마,숙박업 기타,영업/정상,영업,200212,,부산광역시 사상구 사상로211번길 58 (괘법동),,128.980561,35.16424254
사상구,호텔프리마,숙박업 기타,영업/정상,영업,200308,,부산광역시 사상구 대동로 276 (감전동),,128.98661434,35.15189955
사상구,호호하우스 사상점,여관업,영업/정상,영업,198603,,부산광역시 사상구 사상로277번길 18 (덕포동),,128.98161089,35.16987432
사상구,화성장,여관업,영업/정상,영업,198410,,부산광역시 사상구 광장로81번길 75 (괘법동),,128.98366551,35.16564568
사상구,황금장,여관업,영업/정상,영업,198710,,부산광역시 사상구 광장로86번길 6 (괘법동),,128.98621418,35.16144698
사상구,회동여인숙,여인숙업,영업/정상,영업,197610,,부산광역시 사상구 삼덕로46번길 45-6 (덕포동),,128.9815979,35.17187328
사상구,휴,숙박업(생활),영업/정상,영업,198507,,부산광역시 사상구 광장로87번길 20 (괘법동),,128.98574213,35.16342741
사상구,힐링모텔,여관업,영업/정상,영업,198907,,부산광역시 사상구 사상로202번길 24 (괘법동),,128.98552718,35.16351303
사상구,힐하우스,숙박업(생활),영업/정상,영업,198802,,부산광역시 사상구 사상로202번길 26 (괘법동),,128.98568728,35.16359864
사상구,(주)서부산관광호텔,관광호텔,폐업,폐업,199009,202101,부산광역시 사상구 광장로81번길 30 (괘법동),,128.9849544,35.1639397
사상구,9월호텔,숙박업 기타,폐업,폐업,198807,201605,부산광역시 사상구 사상로211번길 14-7 (괘법동),,128.98288998,35.16417548
사상구,K모텔,숙박업 기타,폐업,폐업,200208,202011,부산광역시 사상구 광장로 100 (괘법동),,128.98768944,35.16177672
사상구,가빈장여관,여관업,폐업,폐업,200312,201610,부산광역시 사상구 낙동대로 1524 (삼락동),,128.9846116,35.19398121
사상구,강남여인숙,여인숙업,폐업,폐업,198005,200308,,,128.98386102,35.16575966
사상구,거북장여관,관광호텔,폐업,폐업,198412,199907,,,128.98460626,35.16373463
사상구,고려,여관업,폐업,폐업,197909,199811,,,128.98656246,35.15900986
사상구,골든장,여관업,폐업,폐업,198007,201704,부산광역시 사상구 사상로223번길 7 (괘법동),,128.98256829,35.16458067
사상구,광명,여관업,폐업,폐업,197309,199901,,,128.98445363,35.16413166
사상구,광진장,여관업,폐업,폐업,198509,200803,,,128.98466331,35.16319416
사상구,귀빈장,여관업,폐업,폐업,199804,201002,,,128.9872738,35.1608967
사상구,그랜드장,여관업,폐업,폐업,198807,200710,,,128.98650554,35.16287437
사상구,그린빌,여관업,폐업,폐업,200404,201603,부산광역시 사상구 사상로238번길 17 (괘법동),,128.98379345,35.16615272
사상구,금강숲,여관업,폐업,폐업,198709,201108,,,128.98723012,35.16160882
사상구,금강여관,여관업,폐업,폐업,197803,200412,,,128.98512167,35.1733886
사상구,금성여관,여관업,폐업,폐업,197706,201405,부산광역시 사상구 낙동대로 1230 (삼락동),,128.97711435,35.16988656
사상구,금수장,여관업,폐업,폐업,198208,201609,부산광역시 사상구 낙동대로1518번길 13 (삼락동),,128.98494719,35.1936657
사상구,금일장,여관업,폐업,폐업,198901,202010,부산광역시 사상구 삼락천로 5 (괘법동),,128.97750144,35.1684598
사상구,금호장,여관업,폐업,폐업,198412,201412,부산광역시 사상구 광장로87번길 15 (괘법동),,,
사상구,기린장,여관업,폐업,폐업,198811,202207,부산광역시 사상구 광장로87번길 10 (괘법동),,128.98595875,35.16307548
사상구,꿈의궁전,숙박업 기타,폐업,폐업,199107,201608,부산광역시 사상구 사상로211번길 20 (괘법동),,128.98263295,35.16390882
사상구,나루터여관,여관업,폐업,폐업,197702,200309,,,128.98549404,35.16090946
사상구,나이스모텔,숙박업 기타,폐업,폐업,198812,201608,부산광역시 사상구 광장로81번길 51 (괘법동),,128.98416356,35.16464945
사상구,남성,여관업,폐업,폐업,197806,199711,,,128.98668487,35.15875809
사상구,대동,여관업,폐업,폐업,198010,199510,,,128.98469055,35.1635898
사상구,대림,여인숙업,폐업,폐업,197611,202403,부산광역시 사상구 사상로223번길 43 (괘법동),,128.98086666,35.16477195
사상구,대영,여인숙업,폐업,폐업,197305,200511,,,128.99073258,35.19553852
사상구,대원장,여관업,폐업,폐업,197801,202001,부산광역시 사상구 낙동대로 1564 (삼락동),,128.98785082,35.19659187
사상구,대흥장,여관업,폐업,폐업,197711,201112,,,128.98397494,35.1415846
사상구,덕포,여관업,폐업,폐업,197706,200806,,,128.98450101,35.17488157
사상구,도화장,여관업,폐업,폐업,198510,201306,부산광역시 사상구 광장로 96-10 (괘법동),,128.98692981,35.16153762
사상구,동궁장,여관업,폐업,폐업,199712,200309,,,128.98543076,35.1601726
사상구,동명여인숙,여인숙업,폐업,폐업,197805,201912,부산광역시 사상구 사상로319번길 17 (덕포동),,128.98247602,35.1730769
사상구,동성여인숙,여인숙업,폐업,폐업,197306,202007,부산광역시 사상구 사상로 244-9 (괘법동),,128.98304414,35.16672365
사상구,동양여인숙,여인숙업,폐업,폐업,197704,200802,,,128.98758676,35.16147131
사상구,동양장,여관업,폐업,폐업,199506,201405,부산광역시 사상구 광장로37번길 54 (괘법동),,128.98130821,35.16558206
사상구,동원장,여관업,폐업,폐업,198405,202205,부산광역시 사상구 광장로81번길 9 (괘법동),,128.98491973,35.16290568
사상구,동하장,여관업,폐업,폐업,198712,201705,부산광역시 사상구 사상로243번길 13 (괘법동),,128.9816795,35.16638253
사상구,라찌모텔,숙박업 기타,폐업,폐업,200202,202007,부산광역시 사상구 새벽로223번길 8 (괘법동),,128.98379772,35.16134165
사상구,러브장,여관업,폐업,폐업,198811,201902,부산광역시 사상구 사상로243번길 14-2 (괘법동),,128.98164471,35.16684247
사상구,럭셔리모텔,숙박업 기타,폐업,폐업,200405,202103,부산광역시 사상구 새벽로223번길 22 (괘법동),,128.9830433,35.16144425
사상구,로얄여관,여관업,폐업,폐업,199101,200411,,,128.9846455,35.15723069
사상구,루이스제이,숙박업 기타,폐업,폐업,200310,202211,부산광역시 사상구 낙동대로 1050 (감전동),,128.97349942,35.15393581
사상구,마이홈 텔,여관업,폐업,폐업,198101,201908,부산광역시 사상구 사상로233번길 26 (괘법동),,128.98138408,35.16587042
사상구,만리여관,여관업,폐업,폐업,198512,199801,,,128.98756632,35.16293414
사상구,모아장,여관업,폐업,폐업,198609,201003,,,128.97862289,35.15703979
사상구,목화빌장,여관업,폐업,폐업,200212,201912,부산광역시 사상구 사상로224번길 19 (괘법동),,128.98434066,35.16547671
사상구,문화,여관업,폐업,폐업,198108,199902,,,128.97702358,35.1686395
사상구,문화장,여관업,폐업,폐업,198410,201807,부산광역시 사상구 사상로224번길 1-12 (괘법동),,128.98362522,35.16550987
사상구,미도여관,여관업,폐업,폐업,198010,201812,부산광역시 사상구 사상로469번다길 22 (모라동),,128.98491861,35.18632549
사상구,미림장,여관업,폐업,폐업,198105,201808,부산광역시 사상구 낙동대로 1232 (삼락동),,128.97724763,35.169997
사상구,미승,여관업,폐업,폐업,198101,199602,,,128.97826449,35.15487491
사상구,미진,여관업,폐업,폐업,197806,199507,,,128.98302407,35.16655364
사상구,밀라노모텔,여관업,폐업,폐업,200309,201003,,,128.97781409,35.15758799
사상구,밀양,여관업,폐업,폐업,198006,199803,,,128.9890259,35.19106786
사상구,백운장여관,여관업,폐업,폐업,199401,200309,,,128.98419486,35.16545816
사상구,복성장,여관업,폐업,폐업,198412,201207,,,128.9841953,35.1645453
사상구,본동여인숙,여인숙업,폐업,폐업,197701,200511,,,128.98028329,35.15360691
사상구,부산여관,여관업,폐업,폐업,197601,200801,,,128.99791572,35.15091492
사상구,부산여인숙,여인숙업,폐업,폐업,197307,199907,,,,
사상구,부산여인숙,여인숙업,폐업,폐업,196806,202304,부산광역시 사상구 삼덕로46번길 21-3 (덕포동),,128.98183039,35.17313127
사상구,부응여관,여관업,폐업,폐업,197509,201803,부산광역시 사상구 사상로470번길 12 (모라동),,128.98741169,35.18614873
사상구,산수여관,여관업,폐업,폐업,198005,200707,,,128.98516326,35.18701313
사상구,산장,여관업,폐업,폐업,198609,200401,,,128.98727579,35.16145709
사상구,산장여관,여관업,폐업,폐업,198602,202108,부산광역시 사상구 주례로 265 (학장동),,128.98882954,35.14218343
사상구,산호장,여관업,폐업,폐업,199306,201705,부산광역시 사상구 사상로147번길 32 (감전동),,128.98685077,35.15769152
사상구,산호장,여관업,폐업,폐업,197510,201609,부산광역시 사상구 사상로243번길 23 (괘법동),,128.98109675,35.16639804
사상구,삼익장,여관업,폐업,폐업,198709,200702,,,128.98735113,35.16307923
사상구,삼호장,여관업,폐업,폐업,198712,201407,부산광역시 사상구 광장로87번길 11 (괘법동),,128.98573942,35.16308877
사상구,삼화여관,여관업,폐업,폐업,197711,200309,,,128.98387143,35.15706092
사상구,샵모텔,여관업,폐업,폐업,198912,202111,부산광역시 사상구 사상로202번길 22 (괘법동),,128.98538864,35.16346734
사상구,서울별장,여관업,폐업,폐업,198910,201708,부산광역시 사상구 광장로87번길 19 (괘법동),,,
사상구,서울여관,여관업,폐업,폐업,198007,201604,부산광역시 사상구 사상로 244-10 (괘법동),,128.98302407,35.16655364
사상구,서울여관,여관업,폐업,폐업,197612,200608,,,128.99725392,35.15057163
사상구,서하장여관,여관업,폐업,폐업,199803,201905,부산광역시 사상구 사상로 244-16 (괘법동),,128.98339587,35.16659019
사상구,성림장,여관업,폐업,폐업,198711,199809,,,128.98731158,35.15798853
사상구,성일여관,여관업,폐업,폐업,197812,200501,,,128.977706,35.1543936
사상구,성주,여관업,폐업,폐업,197806,202411,부산광역시 사상구 사상로309번길 38 (삼락동),,128.98129768,35.17263252
사상구,세광여관,여관업,폐업,폐업,198302,200507,,,128.98310617,35.15646695
사상구,세림장,여관업,폐업,폐업,198411,199707,,,128.97714441,35.17155756
사상구,세화여관,여관업,폐업,폐업,197606,200910,,,128.99073258,35.19553852
사상구,송림장,여관업,폐업,폐업,198701,201810,부산광역시 사상구 학감대로 106 (학장동),,128.98951532,35.14086442
사상구,송림장,여관업,폐업,폐업,198903,200206,,,128.9812256,35.16514003
사상구,송원장,여관업,폐업,폐업,198809,201507,부산광역시 사상구 광장로81번길 10-5 (괘법동),,,
사상구,송월,여관업,폐업,폐업,197511,201407,부산광역시 사상구 삼덕로46번길 54 (삼락동),,128.98079488,35.17126395
사상구,송정장,여관업,폐업,폐업,197810,202102,부산광역시 사상구 사상로 244-7 (괘법동),,128.98288564,35.16674145
사상구,송학여관,여관업,폐업,폐업,198004,202210,부산광역시 사상구 운산로 11 (삼락동),,128.97822327,35.16965329
사상구,송화장,여관업,폐업,폐업,200407,200704,,,128.98130821,35.16558206
사상구,쇼,여관업,폐업,폐업,199705,202304,부산광역시 사상구 광장로93번길 17 (괘법동),,128.98615223,35.16343622
사상구,수목모텔,숙박업 기타,폐업,폐업,198809,201903,부산광역시 사상구 사상로238번길 5 (괘법동),,128.98315672,35.16620424
사상구,수은여관,여관업,폐업,폐업,198208,201605,부산광역시 사상구 낙동대로 784-8 (엄궁동),,128.97225804,35.13040831
사상구,수정장,여관업,폐업,폐업,198608,201309,,,128.9815979,35.17187328
사상구,신라장,여관업,폐업,폐업,198409,201907,부산광역시 사상구 사상로224번길 20 (괘법동),,128.98442536,35.16526555
사상구,신정여인숙,여인숙업,폐업,폐업,197307,201712,부산광역시 사상구 사상로223번길 7 (괘법동),,128.98256829,35.16458067
사상구,신흥여관,여관업,폐업,폐업,197805,201907,부산광역시 사상구 괘감로 105 (감전동),,128.9861783,35.15709599
사상구,애플,숙박업 기타,폐업,폐업,200203,202103,부산광역시 사상구 새벽로223번길 14 (괘법동),,128.98341277,35.16139377
사상구,엄궁장,여관업,폐업,폐업,198512,200507,,,128.97020023,35.12829975
사상구,에덴장,여관업,폐업,폐업,198910,201601,부산광역시 사상구 사상로202번길 24 (괘법동),,128.98552718,35.16351303
사상구,에덴장여관,여관업,폐업,폐업,198002,200309,,,128.97732316,35.16977386
사상구,연풍장,여관업,폐업,폐업,198812,202201,부산광역시 사상구 사상로211번길 16 (괘법동),,128.98279966,35.16394221
사상구,연화장,여관업,폐업,폐업,198402,202202,부산광역시 사상구 사상로224번길 1-6 (괘법동),,128.9835578,35.16536029
사상구,영남여인숙,여인숙업,폐업,폐업,197610,200703,,,128.98160731,35.1727334
사상구,오성,여관업,폐업,폐업,198003,199601,,,,
사상구,옥류모텔,숙박업 기타,폐업,폐업,198612,201201,,,128.98436712,35.16007578
사상구,옥림장,여관업,폐업,폐업,198012,199711,,,128.98724753,35.19532173
사상구,올레모텔,숙박업 기타,폐업,폐업,200008,202206,부산광역시 사상구 광장로93번길 22 (괘법동),,128.98646306,35.16367768
사상구,운수장,여관업,폐업,폐업,197710,201904,부산광역시 사상구 사상로456번길 7 (모라동),,128.98721759,35.18532919
사상구,월성여관,여관업,폐업,폐업,197410,200501,,,128.98168293,35.16699416
사상구,유성여관,여관업,폐업,폐업,197402,200406,,,,
사상구,유진힐,숙박업(생활),폐업,폐업,198107,202406,부산광역시 사상구 대동로 26 (엄궁동),,128.97404364,35.13339779
사상구,유토피아,여관업,폐업,폐업,198612,201807,부산광역시 사상구 새벽로194번길 46 (감전동),,128.98629982,35.15782261
사상구,유화장,여관업,폐업,폐업,200008,201010,,,128.98393574,35.16620573
사상구,은성,여관업,폐업,폐업,197909,201811,부산광역시 사상구 사상로 17 (주례동),,128.99807514,35.15099812
사상구,은수장,여관업,폐업,폐업,198412,201511,부산광역시 사상구 낙동대로 734-1 (엄궁동),,128.9691312,35.12676209
사상구,은하,여관업,폐업,폐업,197603,199808,,,128.99437461,35.14569517
사상구,은하여인숙,여관업,폐업,폐업,197603,201312,부산광역시 사상구 광장로81번길 8 (괘법동),,128.98539113,35.16290896
사상구,이화장,여관업,폐업,폐업,198410,200507,,,,
사상구,이화장,여관업,폐업,폐업,198308,201503,부산광역시 사상구 사상로147번길 39 (감전동),,128.98714081,35.15737681
사상구,일광여인숙,여인숙업,폐업,폐업,197307,201810,부산광역시 사상구 괘감로 96-1 (감전동),,128.98492931,35.15720666
사상구,정화여인숙,여인숙업,폐업,폐업,197310,200805,,,128.98829199,35.15789623
사상구,제일,여관업,폐업,폐업,197606,199608,,,128.9848115,35.15806839
사상구,제일여관,여관업,폐업,폐업,198008,200704,,,128.98408782,35.17240947
사상구,제일여인숙,여인숙업,폐업,폐업,197306,202504,부산광역시 사상구 가야대로213번길 12-30 (주례동),,128.99725392,35.15057163
사상구,제일여인숙,여인숙업,폐업,폐업,197704,200911,,,128.97727452,35.16814583
사상구,제일장,여관업,폐업,폐업,198006,200308,,,128.98748847,35.15838353
사상구,제일장,여관업,폐업,폐업,198507,202012,부산광역시 사상구 사상로509번길 15 (모라동),,128.98769656,35.18998691
사상구,제일장,여관업,폐업,폐업,198408,200506,,,128.98160994,35.16541382
사상구,제주장,여관업,폐업,폐업,199008,202004,부산광역시 사상구 광장로81번길 74 (괘법동),,128.9839533,35.1656697
사상구,조아장,여관업,폐업,폐업,198611,201810,부산광역시 사상구 새벽로167번길 85 (감전동),,128.978827,35.1570442
사상구,주례,여관업,폐업,폐업,198108,200409,,,129.00650786,35.15126654
사상구,주례여인숙,여인숙업,폐업,폐업,197101,201801,부산광역시 사상구 사상로24번길 15-6 (주례동),,128.99753777,35.15228427
사상구,중앙여인숙,여인숙업,폐업,폐업,197712,200706,,,128.97716694,35.16927952
사상구,지정,여인숙업,폐업,폐업,197308,200609,,,128.98619649,35.17102096
사상구,천애,여인숙업,폐업,폐업,197703,200604,,,128.97752367,35.16974015
사상구,천일장,여관업,폐업,폐업,198312,199803,,,128.98455847,35.15839136
사상구,청빈장,여관업,폐업,폐업,197809,201709,부산광역시 사상구 사상로 243-1 (괘법동),,128.98214638,35.16651271
사상구,청송장,여관업,폐업,폐업,198412,201312,부산광역시 사상구 광장로87번길 13 (괘법동),,128.98559207,35.1630603
사상구,초원장,여관업,폐업,폐업,198412,200802,,,128.98567547,35.16082542
사상구,춘일여관,여관업,폐업,폐업,197606,200307,,,128.98532637,35.15629686
사상구,칠성장,여관업,폐업,폐업,197601,201108,,,128.98132683,35.16665386
사상구,코오롱,여관업,폐업,폐업,198804,200502,,,128.98677557,35.15755103
사상구,크라운장,여관업,폐업,폐업,197804,201504,부산광역시 사상구 사상로243번길 9 (괘법동),,,
사상구,크로바 ,여관업,폐업,폐업,198903,199808,,,128.98476136,35.16407412
사상구,태라여인숙,여인숙업,폐업,폐업,197703,201404,"부산광역시 사상구 사상로277번길 15, 2층 (덕포동)",,128.9814444,35.16951311
사상구,태양장,여관업,폐업,폐업,198601,201808,부산광역시 사상구 낙동대로 1554-16 (삼락동),,128.98760841,35.19539831
사상구,태화장,여관업,폐업,폐업,198612,202005,부산광역시 사상구 광장로81번길 77 (괘법동),,128.98354112,35.16573098
사상구,태화장,여관업,폐업,폐업,198601,202201,부산광역시 사상구 삼락천로 327 (삼락동),,128.98763297,35.19526477
사상구,토마토 모텔,여관업,폐업,폐업,197802,202311,부산광역시 사상구 새벽로167번길 11-4 (감전동),,128.98254283,35.15594937
사상구,파라다이스모텔,숙박업 기타,폐업,폐업,198604,201206,,,128.98727579,35.16145709
사상구,파크장,여관업,폐업,폐업,199802,200601,,,128.97714441,35.17155756
사상구,파크장,여관업,폐업,폐업,198908,200610,,,128.98454573,35.16343069
사상구,파트너장,여관업,폐업,폐업,198812,202206,부산광역시 사상구 광장로93번길 7 (괘법동),,128.98647401,35.16293297
사상구,평화파크,여관업,폐업,폐업,198005,200809,,,128.98798781,35.15835546
사상구,평화황토,여관업,폐업,폐업,198210,202601,부산광역시 사상구 대동로 10 (엄궁동),,128.97308026,35.13196373
사상구,풍문장,여관업,폐업,폐업,198507,200703,,,128.9827864,35.17185864
사상구,풍유장,여관업,폐업,폐업,198509,202012,"부산광역시 사상구 새벽로 206-3, 풍유장여관 (괘법동)",,128.98435666,35.15936018
사상구,프라자,여관업,폐업,폐업,198810,200402,,,128.98516459,35.16260188
사상구,필,여관업,폐업,폐업,198611,201203,부산광역시 사상구 삼락천로 323 (삼락동),,128.98760383,35.19509789
사상구,핑크장,여관업,폐업,폐업,198708,202310,부산광역시 사상구 광장로93번길 11 (괘법동),,128.98633152,35.16309722
사상구,하나장여관,여관업,폐업,폐업,198808,201607,부산광역시 사상구 새벽로202번길 56 (감전동),,128.98695106,35.15850061
사상구,학장여관,여관업,폐업,폐업,197712,200910,,,128.98339768,35.14138684
사상구,한성여인숙,여인숙업,폐업,폐업,197808,201610,부산광역시 사상구 새벽로177번길 20 (감전동),,128.98247397,35.15677184
사상구,한양여인숙,여인숙업,폐업,폐업,197505,200807,,,128.98216475,35.1663941
사상구,한일여관,숙박업(생활),폐업,폐업,198008,201403,부산광역시 사상구 사상로162번길 19 (괘법동),,128.98745553,35.16084606
사상구,한일여관,여관업,폐업,폐업,198506,200806,,,128.98423841,35.16445637
사상구,한일여관,여관업,폐업,폐업,197810,200412,,,128.98512167,35.1733886
사상구,한일여인숙,여인숙업,폐업,폐업,197204,200703,,,128.98185549,35.1694367
사상구,함양여인숙,여인숙업,폐업,폐업,197603,200907,,,128.98691864,35.15838453
사상구,현대별장,여관업,폐업,폐업,198909,202010,부산광역시 사상구 사상로 244-11 (괘법동),,128.98315013,35.16667376
사상구,현대여인숙,여인숙업,폐업,폐업,197305,201805,부산광역시 사상구 새벽로201번길 7-9 (괘법동),,128.98435666,35.15936018
사상구,현대장,여관업,폐업,폐업,198508,201205,,,128.98138919,35.16507827
사상구,호성장,여관업,폐업,폐업,198412,200410,,,128.98497757,35.16356399
사상구,호텔 자(HOTEL ZA),숙박업 기타,폐업,폐업,200309,202211,부산광역시 사상구 학감대로222번길 22 (감전동),,128.99110679,35.15075838
사상구,호텔 플라밍고,관광호텔,폐업,폐업,199012,201912,부산광역시 사상구 낙동대로 713 (엄궁동),,128.96688077,35.12553963
사상구,화신장,여관업,폐업,폐업,197912,200907,,,128.98620982,35.15815181
사상구,확명여인숙,여인숙업,폐업,폐업,196812,201110,,,128.98183039,35.17313127
사하구,6월 모텔,여관업,영업/정상,영업,199607,,부산광역시 사하구 다대로 567-3 (다대동),,128.97086674,35.05565702
사하구,E 팰리스 호텔(E PALACE HOTEL),여관업,영업/정상,영업,200109,,부산광역시 사하구 낙동남로1423번길 55 (하단동),,128.96569799,35.1087806
사하구,JWJ모텔,여관업,영업/정상,영업,197811,,부산광역시 사하구 원양로 384-2 (감천동),,129.0062592,35.08494611
사하구,K 모텔,여관업,영업/정상,영업,201403,,부산광역시 사하구 낙동남로1405번길 27 (하단동),,128.96501352,35.10761146
사하구,MAX 모텔,여관업,영업/정상,영업,199702,,부산광역시 사하구 낙동대로450번길 5 (당리동),,128.96960459,35.10564024
사하구,WOW,숙박업(생활),영업/정상,영업,202111,,"부산광역시 사하구 하신번영로300번길 100, 6층 (하단동)",,128.964467,35.10778278
사하구,WOW,여관업,영업/정상,영업,199704,,부산광역시 사하구 하신번영로300번길 100 (하단동),,128.964467,35.10778278
사하구,美 모텔,여관업,영업/정상,영업,198511,,부산광역시 사하구 낙동대로 206-1 (괴정동),,128.99414141,35.10081458
사하구,경동장여관,여관업,영업/정상,영업,198205,,부산광역시 사하구 옥천로 22 (감천동),,129.00570624,35.08938433
사하구,경희장,여관업,영업/정상,영업,199510,,부산광역시 사하구 낙동남로1405번길 21 (하단동),,128.96525676,35.1075478
사하구,괴정스테이,여관업,영업/정상,영업,199005,,부산광역시 사하구 낙동대로200번길 7 (괴정동),,128.9945893,35.10107821
사하구,굿타임,여관업,영업/정상,영업,199704,,부산광역시 사하구 하신번영로300번길 100-4 (하단동),,128.96439513,35.10752135
사하구,굿타임별관,여관업,영업/정상,영업,199704,,"부산광역시 사하구 하신번영로300번길 100-6, B동 (하단동)",,128.96439513,35.10752135
사하구,귀빈여관,여관업,영업/정상,영업,197012,,부산광역시 사하구 원양로 407-5 (감천동),,129.00474903,35.08670455
사하구,그리스,여관업,영업/정상,영업,198408,,부산광역시 사하구 다대동로 59-2 (다대동),,128.97435377,35.05780853
사하구,그린힐호텔,여관업,영업/정상,영업,199810,,부산광역시 사하구 낙동대로485번길 4 (하단동),,128.96680901,35.10773665
사하구,넘버25 호텔 하단점,여관업,영업/정상,영업,200006,,부산광역시 사하구 하신번영로300번길 113 (하단동),,128.96513456,35.10821928
사하구,늘봄모텔,여관업,영업/정상,영업,199312,,부산광역시 사하구 낙동대로224번길 7 (괴정동),,128.99216456,35.1003813
사하구,더원호텔,일반호텔,영업/정상,영업,200312,,부산광역시 사하구 다대로 649 (다대동),,128.97000797,35.04851898
사하구,돔보,여관업,영업/정상,영업,199605,,부산광역시 사하구 낙동대로474번길 2 (하단동),,128.96852813,35.10704631
사하구,동진여관,여관업,영업/정상,영업,197808,,부산광역시 사하구 장림번영로37번길 15 (장림동),,128.96924106,35.08143377
사하구,라라모텔,여관업,영업/정상,영업,200112,,부산광역시 사하구 사하로197번길 28 (괴정동),,128.99188038,35.09892805
사하구,레이어스호텔,관광호텔,영업/정상,영업,202009,,"부산광역시 사하구 낙동남로 1395, 레이어스호텔 (하단동)",,128.9643568,35.10671319
사하구,로망스,여관업,영업/정상,영업,200006,,부산광역시 사하구 다대동로29번길 7 (다대동),,128.97150606,35.05677262
사하구,로망스장 여관,여관업,영업/정상,영업,199712,,부산광역시 사하구 사하로 201-5 (괴정동),,128.99247626,35.09935036
사하구,로쏘호텔,여관업,영업/정상,영업,201205,,부산광역시 사하구 낙동대로216번길 2 (괴정동),,128.99333431,35.10057971
사하구,머물다호텔(HOTEL MOMULDA),여관업,영업/정상,영업,199706,,부산광역시 사하구 하신번영로300번길 122 (하단동),,128.96556612,35.10820836
사하구,모텔 9월,여관업,영업/정상,영업,198910,,부산광역시 사하구 낙동대로200번길 3 (괴정동),,128.99463466,35.10095461
사하구,모텔츄츄,여관업,영업/정상,영업,199709,,부산광역시 사하구 낙동남로1423번길 33 (하단동),,128.96633418,35.10785191
사하구,문화여관,여관업,영업/정상,영업,197708,,부산광역시 사하구 다대로130번길 118 (신평동),,128.97564998,35.09297189
사하구,발리모텔,여관업,영업/정상,영업,199811,,부산광역시 사하구 낙동남로1423번길 32 (하단동),,128.96659817,35.10796587
사하구,브라보,여관업,영업/정상,영업,198309,,부산광역시 사하구 원양로 407-7 (감천동),,129.00465514,35.08672001
사하구,브라운도트 호텔 다대포해수욕장점,일반호텔,영업/정상,영업,200403,,부산광역시 사하구 다대동로 45 (다대동),,128.97272635,35.05739958
사하구,브라운도트호텔(하단점),관광호텔,영업/정상,영업,201812,,"부산광역시 사하구 낙동남로1423번길 47, 브라운도트관광호텔 (하단동)",,128.96583225,35.10833387
사하구,블루문,여관업,영업/정상,영업,199012,,부산광역시 사하구 다대로 323 (장림동),,128.97681425,35.07314084
사하구,비엘모텔,여관업,영업/정상,영업,198112,,부산광역시 사하구 낙동대로 337 (괴정동),,128.98031914,35.10015606
사하구,비치모텔,여관업,영업/정상,영업,198907,,부산광역시 사하구 다대동로29번길 11 (다대동),,128.97156552,35.05704414
사하구,삼오모텔,여관업,영업/정상,영업,197912,,부산광역시 사하구 사하로 201-2 (괴정동),,128.99289637,35.09966723
사하구,삼풍,여인숙업,영업/정상,영업,197212,,부산광역시 사하구 원양로 390-3 (감천동),,129.0060152,35.08535674
사하구,서울모텔,여관업,영업/정상,영업,199511,,부산광역시 사하구 다대로 559-1 (다대동),,128.97090399,35.05634702
사하구,성풍여관,여관업,영업/정상,영업,198011,,부산광역시 사하구 다대로271번길 2 (장림동),,128.97772323,35.07812629
사하구,세방장여관,여관업,영업/정상,영업,198911,,부산광역시 사하구 낙동대로451번안길 2 (하단동),,128.96902596,35.10484182
사하구,쇼모텔,여관업,영업/정상,영업,201001,,부산광역시 사하구 낙동남로 1421 (하단동),,128.96703884,35.10657855
사하구,수도여관,여관업,영업/정상,영업,197705,,부산광역시 사하구 장림번영로 46-2 (장림동),,128.9702489,35.08014945
사하구,에덴장 여관,여관업,영업/정상,영업,198605,,부산광역시 사하구 낙동대로194번길 1 (괴정동),,128.99510791,35.10112147
사하구,에이치모먼트호텔 하단점,일반호텔,영업/정상,영업,200007,,부산광역시 사하구 낙동남로1423번길 50 (하단동),,128.96617775,35.10871622
사하구,에이치모먼트호텔 하단점,숙박업(생활),영업/정상,영업,202004,,"부산광역시 사하구 낙동남로1423번길 50, 8층 (하단동)",,128.96617775,35.10871622
사하구,여명모텔,여관업,영업/정상,영업,199104,,부산광역시 사하구 다대로 255-1 (장림동),,128.97772957,35.07951297
사하구,연희장여관,여관업,영업/정상,영업,197801,,부산광역시 사하구 감천로 138 (감천동),,129.00601952,35.08646086
사하구,오렌지모텔,여관업,영업/정상,영업,198407,,부산광역시 사하구 낙동대로 210-3 (괴정동),,128.99361739,35.10072999
사하구,오투여관,여관업,영업/정상,영업,198112,,부산광역시 사하구 낙동대로 391 (당리동),,128.97508661,35.10271629
사하구,위브모텔,여관업,영업/정상,영업,200308,,부산광역시 사하구 낙동대로233번길 6 (괴정동),,128.99136609,35.09903022
사하구,유진여인숙,여인숙업,영업/정상,영업,196507,,부산광역시 사하구 낙동대로 210-1 (괴정동),,128.99348399,35.10078514
사하구,은하모텔,여관업,영업/정상,영업,197103,,부산광역시 사하구 낙동대로 210-5 (괴정동),,128.9937498,35.10069587
사하구,이지모텔,여관업,영업/정상,영업,198806,,부산광역시 사하구 낙동대로323번길 7 (괴정동),,128.98166342,35.09953447
사하구,지티(G.T)모텔,여관업,영업/정상,영업,199807,,부산광역시 사하구 사하로197번길 50 (괴정동),,128.99074675,35.09862231
사하구,청운,여관업,영업/정상,영업,198209,,부산광역시 사하구 괴정로 214 (괴정동),,128.98472578,35.09725171
사하구,코자837모텔,여관업,영업/정상,영업,199806,,부산광역시 사하구 다대로 567-5 (다대동),,128.97110272,35.05573788
사하구,크로바,여관업,영업/정상,영업,198711,,부산광역시 사하구 사하로 166 (괴정동),,128.99398721,35.096372
사하구,투하트호텔,여관업,영업/정상,영업,198912,,부산광역시 사하구 다대로257번길 3 (장림동),,128.97784595,35.07957935
사하구,파라다이스,여관업,영업/정상,영업,199712,,부산광역시 사하구 낙동남로1423번길 40 (하단동),,128.96646467,35.10816937
사하구,파라다이스모텔,여관업,영업/정상,영업,198212,,부산광역시 사하구 원양로 395 (감천동),,129.00534843,35.08585891
사하구,파크장,여관업,영업/정상,영업,200007,,부산광역시 사하구 장림번영로 29 (장림동),,128.96848718,35.08087161
사하구,퍼블릭,여관업,영업/정상,영업,200009,,부산광역시 사하구 하신번영로300번길 100-5 (하단동),,128.96476632,35.10760598
사하구,프로포즈모텔,여관업,영업/정상,영업,198112,,부산광역시 사하구 낙동남로1373번길 43 (하단동),,128.96179365,35.10846701
사하구,프린스여관,여관업,영업/정상,영업,198908,,부산광역시 사하구 낙동대로233번길 12 (괴정동),,128.99151446,35.09878104
사하구,하단덴바스타호텔,일반호텔,영업/정상,영업,200009,,부산광역시 사하구 하신번영로300번길 100-9 (하단동),,128.96477419,35.10725581
사하구,하단덴바스타호텔 별관,일반호텔,영업/정상,영업,201307,,부산광역시 사하구 하신번영로300번길 100-9 (하단동),,128.96477419,35.10725581
사하구,하림,여인숙업,영업/정상,영업,197112,,부산광역시 사하구 낙동대로327번길 2-3 (괴정동),,128.98069384,35.09988808
사하구,하운드호텔(하단),일반호텔,영업/정상,영업,202111,,"부산광역시 사하구 낙동남로1405번길 17-1, 하운드호텔 (하단동)",,128.96507516,35.10725526
사하구,한미장여관,여관업,영업/정상,영업,198611,,부산광역시 사하구 다대동로 27-1 (다대동),,128.97100216,35.05625946
사하구,해수모텔,여관업,영업/정상,영업,199508,,부산광역시 사하구 원양로 384 (감천동),,129.00609871,35.08478955
사하구,해원장여관,여관업,영업/정상,영업,199908,,부산광역시 사하구 낙동남로1389번길 10-5 (하단동),,128.96433298,35.1070569
사하구,호텔 야오,여관업,영업/정상,영업,200007,,부산광역시 사하구 낙동남로1389번길 18 (하단동),,128.96381798,35.10746826
사하구,휴 모텔,여관업,영업/정상,영업,201507,,부산광역시 사하구 낙동대로224번길 1-2 (괴정동),,128.9920171,35.10031562
사하구,휴앤호텔,여관업,영업/정상,영업,200208,,부산광역시 사하구 하신번영로300번길 100-12 (하단동),,128.96442084,35.10717327
사하구,휴앤호텔,숙박업(생활),영업/정상,영업,202111,,"부산광역시 사하구 하신번영로300번길 100-12, 6층 (하단동)",,128.96442084,35.10717327
사하구,희여관,여관업,영업/정상,영업,198108,,부산광역시 사하구 감천항로 190-1 (구평동),,128.99019617,35.0759296
사하구,힐 모텔,여관업,영업/정상,영업,199403,,부산광역시 사하구 다대로577번길 13 (다대동),,128.97104362,35.05517074
사하구,J(제이)  모텔,여관업,폐업,폐업,201606,202011,부산광역시 사하구 사하로 201-3 (괴정동),,128.99274579,35.09948574
사하구,U 모텔,여관업,폐업,폐업,198210,201608,부산광역시 사하구 낙동남로1347번길 17 (하단동),,128.95907132,35.10725308
사하구,감천,여인숙업,폐업,폐업,196909,200302,,,,
사하구,경도,여관업,폐업,폐업,198208,201205,,,128.97113797,35.05598636
사하구,경동장여관,여관업,폐업,폐업,200007,200007,,,129.00570624,35.08938433
사하구,경일여관,여관업,폐업,폐업,198107,200609,,,128.96014731,35.10849801
사하구,경희장,여관업,폐업,폐업,200006,200006,,,128.96525676,35.1075478
사하구,공원,여인숙업,폐업,폐업,197211,200507,,,128.96620415,35.11005916
사하구,공원장 여관,여관업,폐업,폐업,198412,201706,부산광역시 사하구 낙동대로 510-2 (하단동),,128.96632082,35.10993509
사하구,괴정여인숙,여인숙업,폐업,폐업,197502,200709,,,128.99369809,35.09549605
사하구,귀빈 모텔,여관업,폐업,폐업,199004,202306,부산광역시 사하구 낙동대로450번길 3 (당리동),,128.96970976,35.10556662
사하구,그랜드장 여관,관광호텔,폐업,폐업,199802,200206,,,128.97150606,35.05677262
사하구,금탑여관,여관업,폐업,폐업,198205,200601,,,128.95949266,35.10833392
사하구,낙동,여관업,폐업,폐업,198110,201101,,,128.95932032,35.10659975
사하구,낙동,여관업,폐업,폐업,197509,201104,,,128.96778905,35.08048884
사하구,남미여관,여관업,폐업,폐업,198105,201804,부산광역시 사하구 하신번영로300번길 46 (하단동),,128.96151559,35.10750588
사하구,남성여관,여관업,폐업,폐업,197804,200302,,,129.00593315,35.08541308
사하구,다뉴브 빌,여관업,폐업,폐업,199409,201006,,,128.9699946,35.10591278
사하구,다대베스트관광호텔,관광호텔,폐업,폐업,200004,200701,,,128.9708485,35.05591865
사하구,다이애나여관,여관업,폐업,폐업,200007,200007,,,128.96646467,35.10816937
사하구,대구,여인숙업,폐업,폐업,197306,200302,,,,
사하구,대림장 여관,여관업,폐업,폐업,197812,200302,,,,
사하구,대성 호텔,일반호텔,폐업,폐업,199201,200902,,,128.99333431,35.10057971
사하구,대창,여관업,폐업,폐업,197412,202312,부산광역시 사하구 원양로398번길 11 (감천동),,129.006421,35.08546084
사하구,대하장,여관업,폐업,폐업,198610,201507,부산광역시 사하구 사리로27번길 77 (괴정동),,128.99550447,35.10045399
사하구,대하장,여관업,폐업,폐업,199608,202206,부산광역시 사하구 낙동대로457번길 32 (하단동),,128.96698053,35.10496672
사하구,동광여관,여관업,폐업,폐업,197606,200912,,,128.99636031,35.10099382
사하구,동궁,여인숙업,폐업,폐업,197011,201403,부산광역시 사하구 감천로 135-2 (감천동),,129.00638789,35.08695083
사하구,동림장모텔,여관업,폐업,폐업,198412,200603,,,128.96789753,35.08125769
사하구,동림장모텔,일반호텔,폐업,폐업,200007,200007,,,128.96789753,35.08125769
사하구,동성모텔,여관업,폐업,폐업,198105,200703,,,128.95885601,35.10473724
사하구,동양탕,여관업,폐업,폐업,198410,200909,,,128.9867519,35.09804509
사하구,동진여관,여관업,폐업,폐업,198108,201412,부산광역시 사하구 낙동남로1347번길 31 (하단동),,128.95919005,35.10798976
사하구,라스베가스관광호텔,관광호텔,폐업,폐업,200111,202206,부산광역시 사하구 낙동남로1405번길 14 (하단동),,128.96566177,35.10723507
사하구,락 모텔,여관업,폐업,폐업,199007,202303,부산광역시 사하구 사하로198번길 2 (괴정동),,128.99402789,35.09934216
사하구,로얄모텔,여관업,폐업,폐업,198201,202212,부산광역시 사하구 동매로 17 (하단동),,128.96037541,35.10378669
사하구,로즈여관,여관업,폐업,폐업,200007,200302,,,128.99463466,35.10095461
사하구,리츠모텔,여관업,폐업,폐업,199804,200709,,,128.96629981,35.10759892
사하구,명보빌,여관업,폐업,폐업,198610,201405,부산광역시 사하구 낙동대로 182-4 (괴정동),,,
사하구,명성,여관업,폐업,폐업,198208,200604,,,128.98674839,35.08544822
사하구,명성장,여관업,폐업,폐업,199512,200512,,,128.97106703,35.05643457
사하구,무릉장,여관업,폐업,폐업,198109,200302,,,128.96824705,35.10751464
사하구,무림여관,여관업,폐업,폐업,200206,200206,,,128.96211958,35.10826077
사하구,무진장여관,여관업,폐업,폐업,198911,201602,부산광역시 사하구 하신중앙로 339 (하단동),,128.96707152,35.1057206
사하구,문화여관,여관업,폐업,폐업,200007,200007,,,,
사하구,미성장여관,여관업,폐업,폐업,199907,201206,,,128.99442582,35.10102915
사하구,발렌타인호텔,숙박업(생활),폐업,폐업,202001,202002,"부산광역시 사하구 낙동남로1423번길 50, 8층 (하단동)",,128.96617775,35.10871622
사하구,백마모텔,여관업,폐업,폐업,200411,201604,부산광역시 사하구 사하로 201-3 (괴정동),,128.99274579,35.09948574
사하구,백마장여관,여관업,폐업,폐업,199309,200411,,,128.99274579,35.09948574
사하구,별궁장 여관,여관업,폐업,폐업,198004,200302,,,128.99160659,35.0993527
사하구,별장여관,여관업,폐업,폐업,197712,200903,,,129.00599504,35.0849787
사하구,보리장여관,여관업,폐업,폐업,198306,200806,,,128.99185044,35.10025076
사하구,부림,여관업,폐업,폐업,198208,200807,,,128.96211958,35.10826077
사하구,부산여인숙,여인숙업,폐업,폐업,196902,201205,,,,
사하구,블루문장 여관,여관업,폐업,폐업,199706,200106,,,128.96381798,35.10746826
사하구,사파이어 관광호텔,관광호텔,폐업,폐업,199112,200805,,,128.96981891,35.10629608
사하구,산원장,여관업,폐업,폐업,197111,200506,,,128.96762998,35.10822582
사하구,서린장여관,여관업,폐업,폐업,198505,200212,,,129.0059584,35.0855792
사하구,서린장여관,여관업,폐업,폐업,200308,200308,,,129.0059584,35.0855792
사하구,서린장여관,여관업,폐업,폐업,200308,200910,,,129.0059584,35.0855792
사하구,선초장여관,여관업,폐업,폐업,199408,201505,부산광역시 사하구 낙동대로224번길 1-2 (괴정동),,128.9920171,35.10031562
사하구,시드니모텔,여관업,폐업,폐업,200212,200403,,,128.97272635,35.05739958
사하구,신영신장여관,여관업,폐업,폐업,198703,199905,,,128.98333203,35.09916603
사하구,신평모텔,여관업,폐업,폐업,198112,202512,부산광역시 사하구 장평로278번길 56 (신평동),,128.97465189,35.09113619
사하구,썬샤인모텔,여관업,폐업,폐업,198412,201310,부산광역시 사하구 낙동대로233번길 2 (괴정동),,128.99130553,35.09918981
사하구,썬샤인모텔,여관업,폐업,폐업,200007,200007,,,128.99130553,35.09918981
사하구,영광여인숙,여인숙업,폐업,폐업,197202,200404,,,128.9958794,35.10088627
사하구,영광여인숙,여인숙업,폐업,폐업,200007,200007,,,128.9958794,35.10088627
사하구,오아시스여관,여관업,폐업,폐업,198706,200706,,,128.99204357,35.09894925
사하구,오아시스여관,여관업,폐업,폐업,200007,200007,,,128.99204357,35.09894925
사하구,유성여관,여관업,폐업,폐업,198111,201112,,,128.96481893,35.11069231
사하구,유성여관,여관업,폐업,폐업,198810,202604,부산광역시 사하구 다대로543번길 11-1 (다대동),,128.97209123,35.05787848
사하구,정자 여관,여관업,폐업,폐업,198106,200302,,,128.96242022,35.10325786
사하구,제심여관,여관업,폐업,폐업,197401,201111,,,128.99464103,35.09842153
사하구,진양 여관,여관업,폐업,폐업,198404,202011,부산광역시 사하구 장림로 173 (장림동),,128.96796128,35.08275382
사하구,진주,여인숙업,폐업,폐업,197105,201706,부산광역시 사하구 장림시장2길 46 (장림동),,128.96699547,35.08103179
사하구,초원장 여관,여관업,폐업,폐업,198112,201106,,,128.96147901,35.10849953
사하구,충무여인숙,여인숙업,폐업,폐업,200007,200007,,,128.9937498,35.10069587
사하구,칠백장,여관업,폐업,폐업,198110,202212,부산광역시 사하구 하신중앙로 296 (하단동),,128.96316506,35.10357715
사하구,칠백장여관,여관업,폐업,폐업,198110,199905,,,128.96316506,35.10357715
사하구,태백,여인숙업,폐업,폐업,197104,201907,부산광역시 사하구 다대로134번길 107 (신평동),,128.9756821,35.09247709
사하구,평화,여인숙업,폐업,폐업,196902,200302,,,,
사하구,평화,여인숙업,폐업,폐업,197112,201211,,,128.99466857,35.10085169
사하구,푸른공원,여관업,폐업,폐업,198312,200402,,,128.9607158,35.10658945
사하구,프린스,여관업,폐업,폐업,199506,200403,,,128.96703884,35.10657855
사하구,프린스모텔,여관업,폐업,폐업,200403,200911,,,128.96703884,35.10657855
사하구,피닉스모텔,여관업,폐업,폐업,200205,201805,"부산광역시 사하구 다대동로 45-1 (다대동, 제비이호)",,128.97259562,35.05753866
사하구,필그린모텔,여관업,폐업,폐업,198012,201808,부산광역시 사하구 사하로198번길 11 (괴정동),,128.99427431,35.09964661
사하구,하나장,일반호텔,폐업,폐업,200110,200110,,,,
사하구,하나장여관,여관업,폐업,폐업,199011,200912,,,128.96688376,35.10492432
사하구,한성 여관,여관업,폐업,폐업,197801,200302,,,128.99873854,35.08996881
사하구,혜송모텔,일반호텔,폐업,폐업,200204,200204,,,128.97086674,35.05565702
사하구,휴 모텔,여관업,폐업,폐업,200307,201907,부산광역시 사하구 낙동남로1405번길 17-1 (하단동),,128.96507516,35.10725526
사하구,희망장,여관업,폐업,폐업,198110,200302,,,,
서구,2월호텔 송도암남점,일반호텔,영업/정상,영업,200507,,부산광역시 서구 암남공원로 247 (암남동),,129.01368285,35.06527392
서구,99.9 호텔,여관업,영업/정상,영업,201509,,부산광역시 서구 송도해변로 205 (암남동),,129.021982,35.07941229
서구,9월 모텔,여관업,영업/정상,영업,201405,,부산광역시 서구 충무대로276번길 15 (충무동1가),,129.02517139,35.09515094
서구,SKY모텔,여관업,영업/정상,영업,200908,,부산광역시 서구 원양로 148 (암남동),,129.01291196,35.06619361
서구,S모텔,여관업,영업/정상,영업,197201,,부산광역시 서구 송도해변로 123 (암남동),,129.02036394,35.07808586
서구,구덕장모텔,여관업,영업/정상,영업,197012,,부산광역시 서구 구덕로 347 (서대신동3가),,129.01515404,35.11469768
서구,그랩 디 오션 송도,일반호텔,영업/정상,영업,202202,,부산광역시 서구 송도해변로 97 (암남동),,129.01761109,35.07715392
서구,그랩 디 오션 송도,일반호텔,영업/정상,영업,201910,,부산광역시 서구 송도해변로 97 (암남동),,129.01761109,35.07715392
서구,금강모텔,여관업,영업/정상,영업,198709,,부산광역시 서구 충무시장길 24 (충무동1가),,129.02334948,35.0953961
서구,금호장모텔,여관업,영업/정상,영업,197101,,부산광역시 서구 보수대로 93 (부민동1가),,129.02100875,35.10401864
서구,깐느모텔,여관업,영업/정상,영업,200507,,부산광역시 서구 구덕로114번길 30 (충무동1가),,129.02497489,35.09722075
서구,남경,숙박업(생활),영업/정상,영업,197101,,부산광역시 서구 구덕로185번길 22-21 (아미동2가),,129.01845293,35.10171875
서구,남선,여인숙업,영업/정상,영업,196707,,부산광역시 서구 새벽시장길 34 (충무동1가),,129.02462067,35.09480373
서구,다모아모텔,여관업,영업/정상,영업,199710,,부산광역시 서구 충무대로50번길 38 (암남동),,129.01734477,35.07735301
서구,대흥장,여관업,영업/정상,영업,198512,,부산광역시 서구 충무대로 189-10 (남부민동),,129.0238877,35.08752693
서구,더디셈버스테이 부산송도 오션테라스,숙박업(생활),영업/정상,영업,202504,,"부산광역시 서구 등대로 9, 1동 406호 등 32객실호 (암남동)",,129.02416011,35.07679652
서구,더스테이 남포,여관업,영업/정상,영업,198808,,부산광역시 서구 자갈치로 13-7 (충무동1가),,129.02559742,35.09649996
서구,더퍼스트 오션 송도,숙박업(생활),영업/정상,영업,202407,,부산광역시 서구 등대로 9 (암남동),,129.02416011,35.07679652
서구,동림,여인숙업,영업/정상,영업,196810,,부산광역시 서구 자갈치로 5-4 (충무동1가),,129.02517645,35.09644786
서구,동미,여인숙업,영업/정상,영업,197010,,부산광역시 서구 충무대로255번길 5-38 (남부민동),,129.02354274,35.09248306
서구,동성여인숙,여인숙업,영업/정상,영업,198309,,부산광역시 서구 충무시장길 16-1 (충무동1가),,129.02346694,35.09571059
서구,동원여인숙,여인숙업,영업/정상,영업,196711,,부산광역시 서구 새벽시장길 7-1 (충무동1가),,129.02506687,35.09597396
서구,로얄장모텔,여관업,영업/정상,영업,198111,,부산광역시 서구 송도해변로173번길 57 (암남동),,129.02148546,35.07770443
서구,마리나장,숙박업(생활),영업/정상,영업,199309,,부산광역시 서구 송도해변로 135 (암남동),,129.02150669,35.07749552
서구,모아모텔,여관업,영업/정상,영업,199708,,부산광역시 서구 송도해변로 93 (암남동),,129.01746939,35.07685256
서구,미진,여인숙업,영업/정상,영업,197108,,부산광역시 서구 새벽시장길 13 (충무동1가),,129.02499382,35.09570836
서구,바다모텔,여관업,영업/정상,영업,200310,,부산광역시 서구 충무대로276번길 12 (충무동1가),,129.02489323,35.09489158
서구,버튼호텔,여관업,영업/정상,영업,200803,,부산광역시 서구 구덕로114번길 27-1 (충무동1가),,129.02466302,35.09734235
서구,부산,여인숙업,영업/정상,영업,196711,,부산광역시 서구 새벽시장길 6 (충무동1가),,129.02495219,35.09604049
서구,부산비치관광호텔,관광호텔,영업/정상,영업,200702,,부산광역시 서구 등대로 113 (남부민동),,129.02622814,35.08497307
서구,부산장모텔,여인숙업,영업/정상,영업,196907,,부산광역시 서구 충무대로255번길 10 (충무동3가),,129.02328595,35.09348896
서구,브라운 도트 호텔(남포자갈치점),여관업,영업/정상,영업,200401,,부산광역시 서구 구덕로119번길 71 (충무동3가),,129.02288652,35.09353653
서구,브라운도트호텔(송도해수욕장점),여관업,영업/정상,영업,199603,,부산광역시 서구 충무대로34번길 47 (암남동),,129.01711877,35.07669617
서구,브이모텔,여관업,영업/정상,영업,200801,,부산광역시 서구 송도해변로 201 (암남동),,129.02207006,35.07918362
서구,삼성모텔,여관업,영업/정상,영업,199310,,부산광역시 서구 충무시장길 12 (충무동1가),,129.02346115,35.09592575
서구,성화,여인숙업,영업/정상,영업,199710,,부산광역시 서구 새벽시장길 7 (충무동1가),,129.0250554,35.09590321
서구,송도 숨게스트하우스,숙박업 기타,영업/정상,영업,201905,,부산광역시 서구 충무대로 58-16 (암남동),,129.01955205,35.0781865
서구,송도 아이엔 호텔,여관업,영업/정상,영업,200801,,부산광역시 서구 암남공원로 245 (암남동),,129.01379519,35.06510842
서구,송도덴바스타호텔,여관업,영업/정상,영업,200611,,부산광역시 서구 원양로142번길 8 (암남동),,129.01341246,35.06569551
서구,송도모텔,여관업,영업/정상,영업,196301,,부산광역시 서구 송도해변로 117-1 (암남동),,129.01976423,35.07802734
서구,송도비치관광호텔,관광호텔,영업/정상,영업,199106,,부산광역시 서구 암남공원로 9 (암남동),,129.01562283,35.07481874
서구,수 모텔,여관업,영업/정상,영업,198810,,부산광역시 서구 충무대로82번길 13 (암남동),,129.02151712,35.07889124
서구,수정장 여인숙,여인숙업,영업/정상,영업,196911,,부산광역시 서구 충무대로282번길 3 (충무동1가),,129.02462277,35.09574204
서구,스테이 레브소유 부산송도점,여관업,영업/정상,영업,199011,,부산광역시 서구 충무대로34번길 32 (암남동),,129.01666435,35.07722177
서구,스테이모텔,여관업,영업/정상,영업,201208,,부산광역시 서구 초장로 54 (토성동5가),,129.02145067,35.09648488
서구,신광,여인숙업,영업/정상,영업,196407,,부산광역시 서구 새벽시장길 8 (충무동1가),,129.02493335,35.09594872
서구,신한,여관업,영업/정상,영업,198105,,부산광역시 서구 구덕로119번길 11 (충무동2가),,129.02310286,35.09594702
서구,씨네모텔,여관업,영업/정상,영업,200506,,부산광역시 서구 구덕로114번길 28 (충무동1가),,129.02484249,35.09717215
서구,아바모텔,여관업,영업/정상,영업,201102,,부산광역시 서구 송도해변로 183 (암남동),,129.02270219,35.07755824
서구,어반스테이 부산송도해변,일반호텔,영업/정상,영업,202312,,부산광역시 서구 송도해변로 97 (암남동),,129.01761109,35.07715392
서구,엘모멘토 송도,숙박업(생활),영업/정상,영업,202407,,부산광역시 서구 등대로 9 (암남동),,129.02416011,35.07679652
서구,여행공장,숙박업(생활),영업/정상,영업,198506,,부산광역시 서구 충무대로82번길 27-1 (암남동),,129.02155133,35.07841673
서구,오션스카이 오실라,숙박업(생활),영업/정상,영업,202407,,부산광역시 서구 등대로 9 (암남동),,129.02416011,35.07679652
서구,온모텔,여관업,영업/정상,영업,198004,,부산광역시 서구 구덕로 119-9 (충무동2가),,129.02292698,35.09600814
서구,와우모텔,여관업,영업/정상,영업,198805,,부산광역시 서구 충무대로 14-9 (암남동),,129.01655803,35.07702172
서구,우리장,여관업,영업/정상,영업,198909,,부산광역시 서구 구덕로119번길 34 (충무동2가),,129.02270294,35.09498654
서구,우정,여인숙업,영업/정상,영업,197402,,부산광역시 서구 자갈치로 5-3 (충무동1가),,129.02503133,35.09653528
서구,원모텔,여관업,영업/정상,영업,197301,,부산광역시 서구 충무시장길 10 (충무동1가),,129.02347828,35.09600408
서구,윈덤그랜드부산,관광호텔,영업/정상,영업,202307,,"부산광역시 서구 등대로 27, 힐스테이트이진베이시티아파트 호텔동 7~27층 (암남동)",,129.02359743,35.07812717
서구,유엔송도호텔,관광호텔,영업/정상,영업,198203,,부산광역시 서구 충무대로 16 (암남동),,129.01627625,35.07720389
서구,은솔스테이,여관업,영업/정상,영업,199509,,부산광역시 서구 충무대로275번길 17 (충무동2가),,129.02303928,35.09514299
서구,이엘호텔,여관업,영업/정상,영업,200901,,부산광역시 서구 충무대로34번길 37-3 (암남동),,129.01700358,35.07717881
서구,이터널블루(Eternal Blue),숙박업(생활),영업/정상,영업,202309,,"부산광역시 서구 송도해변로 27, 4층 (암남동)",,129.0171649,35.07160928
서구,일신,여인숙업,영업/정상,영업,197107,,부산광역시 서구 새벽시장길 4-4 (충무동1가),,129.02487351,35.09614058
서구,재건,여인숙업,영업/정상,영업,197306,,부산광역시 서구 자갈치로 5-5 (충무동1가),,129.02505346,35.09658974
서구,정,여인숙업,영업/정상,영업,197107,,부산광역시 서구 까치고개로197번길 33-26 (아미동2가),,129.0172641,35.10154319
서구,제일장,여관업,영업/정상,영업,198812,,부산광역시 서구 충무대로241번길 5-20 (남부민동),,129.02359738,35.09170809
서구,창성,여인숙업,영업/정상,영업,197201,,부산광역시 서구 충무대로 191-2 (남부민동),,129.02420012,35.08776513
서구,천수장,여관업,영업/정상,영업,199509,,부산광역시 서구 충무대로275번길 17 (충무동2가),,129.0231248,35.09512822
서구,초원파크,여관업,영업/정상,영업,199703,,부산광역시 서구 초장로 58 (토성동5가),,129.02177243,35.09656853
서구,충무여관,여관업,영업/정상,영업,198201,,부산광역시 서구 충무대로241번길 15-7 (남부민동),,129.02294827,35.09201915
서구,큐파이브호텔,여관업,영업/정상,영업,201001,,부산광역시 서구 송도해변로 141 (암남동),,129.02190382,35.07725005
서구,테마모텔,여관업,영업/정상,영업,200404,,부산광역시 서구 송도해변로 187 (암남동),,129.02256233,35.07783478
서구,투헤븐 호텔,여관업,영업/정상,영업,200302,,부산광역시 서구 송도해변로 191-1 (암남동),,129.02221173,35.07826878
서구,파인힐 호텔,여관업,영업/정상,영업,200407,,부산광역시 서구 암남공원로 249 (암남동),,129.01364371,35.06543913
서구,페어필드 바이 메리어트 부산 송도비치호텔,관광호텔,영업/정상,영업,202005,,부산광역시 서구 송도해변로 113 (암남동),,129.01925276,35.0777248
서구,하동,여인숙업,영업/정상,영업,196805,,부산광역시 서구 구덕로119번길 14 (충무동2가),,129.0228891,35.09594381
서구,해성장,여관업,영업/정상,영업,198111,,부산광역시 서구 충무대로268번길 5 (충무동1가),,129.02452603,35.0944144
서구,호성장,여관업,영업/정상,영업,196001,,부산광역시 서구 송도해변로173번길 58 (암남동),,129.02171965,35.07775625
서구,호텔 다올(Daor),여관업,영업/정상,영업,198602,,부산광역시 서구 충무대로241번길 7 (남부민동),,129.02349369,35.09205786
서구,호텔 베네치아,여관업,영업/정상,영업,200308,,부산광역시 서구 충무대로34번길 33 (암남동),,129.01693209,35.0772998
서구,호텔 아비숑,여관업,영업/정상,영업,200302,,부산광역시 서구 송도해변로 191 (암남동),,129.02225213,35.07817116
서구,호텔 얌 부산송도점,여관업,영업/정상,영업,199003,,부산광역시 서구 충무대로34번길 29 (암남동),,129.01681079,35.07746349
서구,호텔 퀸,여관업,영업/정상,영업,198809,,부산광역시 서구 충무대로82번길 11 (암남동),,129.02167996,35.07894387
서구,호텔더메이,여관업,영업/정상,영업,198511,,부산광역시 서구 충무대로 14-13 (암남동),,129.01672562,35.07707376
서구,호텔쿼츠,여관업,영업/정상,영업,201308,,부산광역시 서구 원양로 132 (암남동),,129.01370398,35.06484257
서구,효이스테이오션송도,숙박업(생활),영업/정상,영업,202411,,부산광역시 서구 등대로 9 (암남동),,129.02416011,35.07679652
서구,휴 모텔,여관업,영업/정상,영업,199808,,부산광역시 서구 충무대로34번길 37-2 (암남동),,129.01705945,35.07696388
서구,C.F모텔,여관업,폐업,폐업,198712,200901,,,129.02143828,35.10675016
서구,m 모텔,여관업,폐업,폐업,199310,202011,부산광역시 서구 송도해변로125번길 9 (암남동),,129.02058433,35.07845946
서구,광남장,여관업,폐업,폐업,197008,201606,부산광역시 서구 충무대로 273-1 (충무동1가),,129.023971,35.09478236
서구,구룡장,여관업,폐업,폐업,197712,200106,,,,
서구,국제장,여관업,폐업,폐업,199708,201401,부산광역시 서구 초장로 51-6 (토성동5가),,,
서구,귀빈장,여관업,폐업,폐업,198807,202101,부산광역시 서구 충무대로 48 (암남동),,129.01766268,35.07846568
서구,극동여관,관광호텔,폐업,폐업,198502,200012,,,129.02185766,35.093645
서구,금강,여인숙업,폐업,폐업,197307,201301,부산광역시 서구 구덕로 119-6 (토성동4가),,129.0228454,35.09628984
서구,금호모텔,여관업,폐업,폐업,197006,201006,,,,
서구,금화장,여관업,폐업,폐업,198412,202009,부산광역시 서구 송도해변로125번길 21 (암남동),,129.02112626,35.07860713
서구,기린장모텔,여관업,폐업,폐업,198309,201009,,,129.02106422,35.07800839
서구,남광,여관업,폐업,폐업,197608,201010,,,129.02294736,35.09384423
서구,남도여관,여관업,폐업,폐업,196703,200601,,,,
서구,남산장,여관업,폐업,폐업,197112,202304,부산광역시 서구 송도해변로173번길 55 (암남동),,129.0216096,35.07755645
서구,남양장,여관업,폐업,폐업,197103,200109,,,129.01565593,35.07449822
서구,뉴성남관광호텔,관광호텔,폐업,폐업,198908,200910,,,129.02551717,35.09664778
서구,대림,여인숙업,폐업,폐업,197105,199805,,,129.01847705,35.10138074
서구,대명장,여관업,폐업,폐업,198011,202109,부산광역시 서구 충무대로 197-9 (남부민동),,129.02388622,35.08811229
서구,대성,여인숙업,폐업,폐업,196504,201501,부산광역시 서구 새벽시장길 38 (충무동1가),,129.02465803,35.09465385
서구,대영 ,여인숙업,폐업,폐업,197310,200404,,,129.02241333,35.09723264
서구,대우장,여관업,폐업,폐업,196801,199601,,,,
서구,대화,여인숙업,폐업,폐업,197307,200301,,,129.01166336,35.11044317
서구,대흥장,여관업,폐업,폐업,198312,202201,부산광역시 서구 자갈치로 6 (충무동1가),,129.02512567,35.09610731
서구,더샵호텔,여관업,폐업,폐업,201109,202111,부산광역시 서구 구덕로 95 (충무동1가),,129.02551717,35.09664778
서구,덕성,여인숙업,폐업,폐업,196807,199504,,,,
서구,덕성모텔,여관업,폐업,폐업,196511,201712,부산광역시 서구 송도해변로 97 (암남동),,129.01761109,35.07715392
서구,동국여인숙,여인숙업,폐업,폐업,196502,201405,부산광역시 서구 충무대로275번길 3-4 (충무동1가),,129.02383181,35.09507472
서구,동남,여인숙업,폐업,폐업,197011,201711,부산광역시 서구 새벽시장길 51 (충무동1가),,129.02468136,35.09395959
서구,동릴여인숙,관광호텔,폐업,폐업,197204,200106,,,129.01571439,35.0769152
서구,동명장,여관업,폐업,폐업,196803,201012,,,129.02192817,35.07748471
서구,동성,여인숙업,폐업,폐업,197306,202601,부산광역시 서구 남부민로10번길 38-5 (남부민동),,129.02427011,35.08609468
서구,동송관,여관업,폐업,폐업,196301,200301,,,129.02239819,35.07697671
서구,동심장 여관,여관업,폐업,폐업,197206,199907,,,,
서구,동양,여인숙업,폐업,폐업,197106,200204,,,129.02227996,35.09720782
서구,동일여인숙,여인숙업,폐업,폐업,197204,200106,,,129.01571439,35.0769152
서구,동일장,여관업,폐업,폐업,197207,200507,,,129.02497489,35.09722075
서구,동화장,여관업,폐업,폐업,196501,202008,부산광역시 서구 충무대로82번길 26-3 (암남동),,129.02128028,35.07823861
서구,드 더불유모텔,여관업,폐업,폐업,197403,201704,부산광역시 서구 구덕로 271 (서대신동1가),,129.01886762,35.10848113
서구,마산,여인숙업,폐업,폐업,196604,201403,부산광역시 서구 새벽시장길 4-15 (충무동1가),,129.0248605,35.09591525
서구,만리장,일반호텔,폐업,폐업,196603,200301,,,,
서구,만성,여인숙업,폐업,폐업,196512,200907,,,,
서구,명,여인숙업,폐업,폐업,197303,199512,,,129.01972949,35.10935374
서구,명동,여인숙업,폐업,폐업,197210,202207,부산광역시 서구 충무대로 207 (남부민동),,129.02409365,35.08905368
서구,모텔뉴송도,여관업,폐업,폐업,197302,202106,부산광역시 서구 천마로 36 (암남동),,129.02110327,35.08092758
서구,모텔샤인비치,여관업,폐업,폐업,196301,201001,,,,
서구,모텔스카이,여관업,폐업,폐업,198404,201001,,,129.02270219,35.07755824
서구,문,관광호텔,폐업,폐업,198812,200301,,,129.01397039,35.10877056
서구,문화,여인숙업,폐업,폐업,197301,200311,,,,
서구,미광,여인숙업,폐업,폐업,197007,201005,,,129.02444659,35.08394612
서구,미화,여인숙업,폐업,폐업,197112,199602,,,129.01588283,35.07338206
서구,백광,여인숙업,폐업,폐업,196711,200301,,,,
서구,베네치아,여관업,폐업,폐업,200308,200407,,,129.01693209,35.0772998
서구,별장,여관업,폐업,폐업,197611,200301,,,,
서구,보경,여인숙업,폐업,폐업,197109,200903,,,129.0243692,35.09442357
서구,보은,여인숙업,폐업,폐업,196712,201912,부산광역시 서구 충무대로 282-1 (충무동1가),,129.02461555,35.09578786
서구,비너스모텔,여관업,폐업,폐업,196608,202008,부산광역시 서구 충무대로82번길 18 (암남동),,129.0210903,35.07880981
서구,산해,여인숙업,폐업,폐업,197104,200301,,,129.01876372,35.07887554
서구,삼아장,여관업,폐업,폐업,197512,200005,,,129.01561191,35.11462367
서구,삼영모텔,여관업,폐업,폐업,197006,201811,부산광역시 서구 송도해변로 57 (암남동),,129.01580761,35.07397663
서구,삼화,여인숙업,폐업,폐업,196404,202307,부산광역시 서구 충무대로 165-3 (남부민동),,129.02445348,35.08532422
서구,삼흥장 ,여관업,폐업,폐업,199104,200405,,,,
서구,새송도,여인숙업,폐업,폐업,197112,200303,,,129.02144012,35.07785362
서구,서울,여인숙업,폐업,폐업,198306,200701,,,,
서구,성도,여관업,폐업,폐업,196803,201205,부산광역시 서구 구덕로124번길 58 (토성동1가),,129.02295665,35.09932254
서구,송도오션스테이 by 고:블리스,숙박업(생활),폐업,폐업,202407,202504,부산광역시 서구 등대로 9 (암남동),,129.02416011,35.07679652
서구,송림,여인숙업,폐업,폐업,196901,200903,,,129.01766557,35.07830214
서구,송림장,여관업,폐업,폐업,198408,200912,,,,
서구,송백장,여관업,폐업,폐업,198006,200311,,,129.02120971,35.07794895
서구,송산,여인숙업,폐업,폐업,197306,200605,,,,
서구,송원모텔,여관업,폐업,폐업,198912,200905,,,129.01700358,35.07717881
서구,송하정여관,여관업,폐업,폐업,196301,200602,,,129.0212881,35.07807888
서구,송해장,여관업,폐업,폐업,197707,202210,부산광역시 서구 충무대로82번길 8 (암남동),,129.02122302,35.07916552
서구,수목장,여관업,폐업,폐업,196811,201812,부산광역시 서구 대영로 79-1 (동대신동2가),,129.02089646,35.11343284
서구,숨 게스트하우스,숙박업(생활),폐업,폐업,198008,201810,부산광역시 서구 충무대로 58-16 (암남동),,129.01955205,35.0781865
서구,슈스트링 호텔,일반호텔,폐업,폐업,200005,202508,부산광역시 서구 충무대로 58-2 (암남동),,129.01893483,35.07778917
서구,스타모텔,여관업,폐업,폐업,201805,202602,부산광역시 서구 천마로 203-1 (충무동3가),,129.02187777,35.0937462
서구,시티모텔,여관업,폐업,폐업,200707,202502,부산광역시 서구 구덕로118번길 32 (충무동1가),,129.02465379,35.09750403
서구,신라장,여관업,폐업,폐업,198806,199609,,,129.02198838,35.09425163
서구,신신,여인숙업,폐업,폐업,197011,200907,,,129.02567389,35.09574881
서구,신항,여인숙업,폐업,폐업,196910,200203,,,,
서구,신흥,여관업,폐업,폐업,196301,201012,,,,
서구,아미,여인숙업,폐업,폐업,197111,201110,,,129.01782514,35.09938715
서구,안일,여인숙업,폐업,폐업,196907,201605,부산광역시 서구 충무시장길 8 (충무동1가),,,
서구,알파모텔,여관업,폐업,폐업,197202,201604,부산광역시 서구 송도해변로 117 (암남동),,129.01960423,35.07793256
서구,에이스장모텔,여관업,폐업,폐업,198902,202007,부산광역시 서구 송도해변로 129-3 (암남동),,129.0208546,35.07816772
서구,여로,여인숙업,폐업,폐업,197212,200907,,,129.02440929,35.09470766
서구,옐로하우스,여관업,폐업,폐업,196301,202003,부산광역시 서구 송도해변로125번길 4 (암남동),,129.02056007,35.07809895
서구,운동장,여관업,폐업,폐업,197310,200301,,,129.01495702,35.11477736
서구,일신장,여관업,폐업,폐업,197612,200301,,,129.01722128,35.0768065
서구,일신장여관,관광호텔,폐업,폐업,197612,200301,,,129.01734477,35.07735301
서구,임페리얼모텔,여관업,폐업,폐업,199803,202005,부산광역시 서구 충무대로 12 (암남동),,129.0163244,35.07669694
서구,제일장,여관업,폐업,폐업,197611,201905,부산광역시 서구 충무대로 189-8 (남부민동),,129.02402452,35.08753652
서구,창주,여관업,폐업,폐업,198107,200908,,,129.01575463,35.1088955
서구,천마,여인숙업,폐업,폐업,197409,202412,부산광역시 서구 충무대로225번길 29 (남부민동),,129.023111,35.0915842
서구,청도,여인숙업,폐업,폐업,197303,200012,,,,
서구,초원,여인숙업,폐업,폐업,197004,202207,부산광역시 서구 새벽시장길 50-1 (충무동1가),,129.02449858,35.0941061
서구,충무,여인숙업,폐업,폐업,197204,200907,,,129.02397761,35.08596599
서구,칠복,여인숙업,폐업,폐업,197108,199806,,,,
서구,칠성,여인숙업,폐업,폐업,197107,202310,부산광역시 서구 충무대로 270-2 (충무동1가),,129.02445118,35.09478045
서구,칠성여인숙,여인숙업,폐업,폐업,197111,202604,부산광역시 서구 남부민로10번길 14 (남부민동),,129.02425331,35.08496415
서구,코리아나모텔,여관업,폐업,폐업,197108,201306,부산광역시 서구 송도해변로 143 (암남동),,129.02208183,35.07715105
서구,태원모텔,여관업,폐업,폐업,200107,201611,부산광역시 서구 송도해변로 113,,129.01925276,35.0777248
서구,토성장,여관업,폐업,폐업,198902,201010,,,129.0215968,35.0967513
서구,평양 여인숙,여인숙업,폐업,폐업,196710,199906,,,,
서구,풍전장모텔,여관업,폐업,폐업,198802,202101,부산광역시 서구 송도해변로 127 (암남동),,129.02083228,35.07805611
서구,피닉스모텔,여관업,폐업,폐업,198711,202011,부산광역시 서구 송도해변로125번길 7 (암남동),,129.02045572,35.07838622
서구,하성,여인숙업,폐업,폐업,197201,200301,,,129.01624807,35.10853807
서구,한마당여관,여관업,폐업,폐업,198705,200503,,,,
서구,한성,여관업,폐업,폐업,197206,199604,,,129.02298578,35.0962205
서구,한성장,관광호텔,폐업,폐업,200212,200301,,,129.02194689,35.09450888
서구,해림장여관,여관업,폐업,폐업,197212,201603,부산광역시 서구 충무대로82번길 30 (암남동),,129.02141261,35.07817979
서구,행운장,여관업,폐업,폐업,197606,201508,부산광역시 서구 충무대로267번길 9-3 (충무동1가),,,
서구,허브모텔,여관업,폐업,폐업,198702,201912,부산광역시 서구 송도해변로125번길 8 (암남동),,129.02066952,35.07826288
서구,현대,여인숙업,폐업,폐업,196602,200603,,,,
서구,현대,여관업,폐업,폐업,197011,,,,129.01607838,35.11371613
서구,현대,여관업,폐업,폐업,197011,201512,부산광역시 서구 구덕로 336-2 (동대신동3가),,129.01607838,35.11371613
서구,협천,여인숙업,폐업,폐업,196811,200505,,,,
서구,호텔코자자,여관업,폐업,폐업,200405,202512,부산광역시 서구 송도해변로 185 (암남동),,129.02261968,35.07769768
서구,홍일,여인숙업,폐업,폐업,197301,200907,,,129.0244669,35.09394579
서구,화성,여관업,폐업,폐업,197107,200412,,,129.01638921,35.10980626
서구,황실장,여관업,폐업,폐업,199807,201012,,,129.02131103,35.09655125
수영구,(주)씨유호텔,여관업,영업/정상,영업,200011,,부산광역시 수영구 남천바다로33번길 16 (광안동),,129.11457724,35.14904791
수영구,(주)에이치와이 리얼티,일반호텔,영업/정상,영업,199806,,"부산광역시 수영구 광안해변로290번길 6, 지상 3~6층 (민락동)",,129.12523065,35.15583724
수영구,(주)우리모두브라보 호텔1,관광호텔,영업/정상,영업,201710,,"부산광역시 수영구 광안해변로 203, 4~10층 (광안동)",,129.11737612,35.15250082
수영구,(주)유토피아관광호텔,관광호텔,영업/정상,영업,198912,,부산광역시 수영구 무학로9번길 133 (광안동),,129.11709801,35.16741221
수영구,H7L호스텔,숙박업(생활),영업/정상,영업,201905,,"부산광역시 수영구 광안해변로 179, 7층 (광안동)",,129.11576651,35.15059728
수영구,HY리얼티,숙박업 기타,영업/정상,영업,201702,,"부산광역시 수영구 광안해변로290번길 6, 2,7층 (민락동)",,129.12523065,35.15583724
수영구,No25호스텔,숙박업(생활),영업/정상,영업,201709,,"부산광역시 수영구 광안해변로284번길 16, 1~2층 (민락동)",,129.12484637,35.15520248
수영구,Q 모텔,여관업,영업/정상,영업,199008,,부산광역시 수영구 민락수변로 11 (민락동),,129.12410097,35.15482144
수영구,STAY고우담광안점,숙박업(생활),영업/정상,영업,202307,,"부산광역시 수영구 남천바다로 13, 2층 (광안동)",,129.11230677,35.14981179
수영구,감성온도광안,숙박업(생활),영업/정상,영업,202308,,"부산광역시 수영구 광안해변로344번길 17-5, 마린리치 7층 (민락동)",,129.13102967,35.15518199
수영구,갤러리4000,여관업,영업/정상,영업,200711,,부산광역시 수영구 수영로 452-10 (남천동),,129.11051811,35.14601444
수영구,게스트하우스 어반,숙박업 기타,영업/정상,영업,201412,,"부산광역시 수영구 광안해변로295번길 4-7, 2~4층 (민락동)",,129.12591074,35.15702712
수영구,게스후,관광호텔,영업/정상,영업,202508,,"부산광역시 수영구 광안해변로 181, 5~14층 (광안동)",,129.1159061,35.15073291
수영구,고요하우스,숙박업(생활),영업/정상,영업,202409,,"부산광역시 수영구 광안해변로 235, 10층 (민락동)",,129.11974736,35.15475895
수영구,광안 스테이모먼트 감성숙소,숙박업(생활),영업/정상,영업,202201,,"부산광역시 수영구 광안해변로 193, 4~5층 (광안동)",,129.11673855,35.15166435
수영구,광안273,숙박업(생활),영업/정상,영업,202102,,"부산광역시 수영구 광안해변로 273, 2~4층 (민락동)",,129.12356083,35.15591895
수영구,광안리 골든,여관업,영업/정상,영업,198906,,부산광역시 수영구 민락본동로11번길 75 (민락동),,129.12473594,35.15659366
수영구,광안리 관광숙박,숙박업(생활),영업/정상,영업,201811,,"부산광역시 수영구 수영로464번길 22, 4층 (남천동)",,129.11139795,35.14694677
수영구,광안리 더블유(W)호텔,일반호텔,영업/정상,영업,198803,,"부산광역시 수영구 광안해변로 207, 1-5층 (광안동)",,129.11747768,35.15264879
수영구,광안리 한옥 Stay 온달,숙박업(생활),영업/정상,영업,202604,,"부산광역시 수영구 광남로 36, 2층 (남천동)",,129.11142881,35.14590914
수영구,광안리가,숙박업(생활),영업/정상,영업,201710,,"부산광역시 수영구 광안해변로 247-1, 5~8층 (민락동)",,129.12098238,35.15509189
수영구,광안리비치 코스모스,숙박업(생활),영업/정상,영업,202604,,"부산광역시 수영구 수영로554번길 10, 1~3층 (광안동)",,129.11303695,35.15488594
수영구,광안리오션프론트,숙박업 기타,영업/정상,영업,201508,,"부산광역시 수영구 광안해변로 247, 6층 (민락동)",,129.12084201,35.1550344
수영구,광안리해담,숙박업(생활),영업/정상,영업,202304,,"부산광역시 수영구 광안해변로344번길 17-5, 마린리치 9층 901호 (민락동)",,129.13102967,35.15518199
수영구,광안브리즈가든,숙박업(생활),영업/정상,영업,202408,,"부산광역시 수영구 남천바다로33번길 72, 2층 (광안동)",,129.11617122,35.15118976
수영구,광안비치,여관업,영업/정상,영업,198412,,부산광역시 수영구 광남로 86 (광안동),,129.11439992,35.14970583
수영구,광안비치호텔더엠,여관업,영업/정상,영업,199709,,부산광역시 수영구 민락수변로7번길 20 (민락동),,129.12480638,35.15530288
수영구,광안사계스테이,숙박업(생활),영업/정상,영업,202503,,"부산광역시 수영구 광안해변로344번길 17-17, 수변PLAZA 4층 (민락동)",,129.13154031,35.15530006
수영구,광안숲,숙박업 기타,영업/정상,영업,201509,,"부산광역시 수영구 광남로 106, 3층 (광안동)",,129.11554357,35.15122382
수영구,광안스테이,여관업,영업/정상,영업,198709,,부산광역시 수영구 광안해변로307번길 18 (민락동),,129.12677502,35.15786232
수영구,광안어썸,숙박업(생활),영업/정상,영업,202306,,"부산광역시 수영구 광안해변로 249, 249타워 6층 (민락동)",,129.12116427,35.15515991
수영구,광안희,숙박업(생활),영업/정상,영업,202405,,"부산광역시 수영구 민락수변로7번길 26, 3-4층 (민락동)",,129.12514537,35.15537853
수영구,굿스테이,숙박업(생활),영업/정상,영업,202601,,"부산광역시 수영구 광안해변로295번길 4-11, 5~6층 (민락동, 주건축물제1동)",,129.12603177,35.15712406
수영구,궁 모텔,여관업,영업/정상,영업,198801,,"부산광역시 수영구 민락본동로11번길 18, 2~5층 (민락동)",,129.12756751,35.15784677
수영구,그랜드모텔,여관업,영업/정상,영업,197804,,부산광역시 수영구 수영로 706-5 (광안동),,129.11681598,35.16761257
수영구,그레이193호텔,숙박업(생활),영업/정상,영업,202309,,"부산광역시 수영구 광안해변로278번길 42, 오션브릿지 B동 4층 (민락동)",,129.12451999,35.15396447
수영구,그레이193호텔,관광호텔,영업/정상,영업,201908,,"부산광역시 수영구 광안해변로278번길 42, 오션브릿지 B동 5~6층 (민락동)",,129.12451999,35.15396447
수영구,금천모텔,여관업,영업/정상,영업,198708,,부산광역시 수영구 감포로 24 (민락동),,129.12047054,35.16066595
수영구,까사밀락(Casa millac),숙박업(생활),영업/정상,영업,202309,,"부산광역시 수영구 민락본동로11번길 5, 3~4층 (민락동)",,129.12825886,35.1578672
수영구,까사올리브,숙박업(생활),영업/정상,영업,202604,,"부산광역시 수영구 민락로6번길 20, 3층 (민락동)",,129.12367052,35.15642005
수영구,낫스탠다드 부산광안리,숙박업(생활),영업/정상,영업,202607,,"부산광역시 수영구 수영로594번길 10, 2층 (광안동)",,129.11394442,35.15862646
수영구,너의계절,숙박업(생활),영업/정상,영업,202602,,"부산광역시 수영구 광안해변로 235, 7층 (민락동)",,129.11974736,35.15475895
수영구,넘버25호텔광안리점,여관업,영업/정상,영업,199008,,"부산광역시 수영구 광안해변로284번길 16, 3~5층 (민락동)",,129.12484637,35.15520248
수영구,누리다,숙박업(생활),영업/정상,영업,202201,,"부산광역시 수영구 광안해변로 282, 3~5층 (민락동)",,129.12459009,35.15582274
수영구,누리호스텔,숙박업(생활),영업/정상,영업,201801,,"부산광역시 수영구 남천바다로33번길 86, 7층 (광안동)",,129.11659112,35.15174813
수영구,누리호텔,여관업,영업/정상,영업,200308,,부산광역시 수영구 남천바다로33번길 86 (광안동),,129.11659112,35.15174813
수영구,뉴시즈 광안 호텔,관광호텔,영업/정상,영업,201708,,"부산광역시 수영구 민락본동로 12-4, 2~9층 (민락동)",,129.1287056,35.15764385
수영구,다해,숙박업(생활),영업/정상,영업,202601,,"부산광역시 수영구 광안해변로344번길 17-9, 마린리치2 5층 (민락동)",,129.13119906,35.15522108
수영구,대명화성(주) 호텔아쿠아펠리스지점,관광호텔,영업/정상,영업,200011,,"부산광역시 수영구 광안해변로 225, 호텔아쿠아펠리스 1,3,5,9~19층 (광안동)",,129.11880473,35.15407989
수영구,대웅모텔,여관업,영업/정상,영업,198009,,부산광역시 수영구 무학로9번길 91 (광안동),,129.11554349,35.16586139
수영구,대호모텔,여관업,영업/정상,영업,198510,,부산광역시 수영구 수영로725번길 69 (수영동),,129.11499156,35.1682067
수영구,더 퍼스트 광안,숙박업(생활),영업/정상,영업,202407,,"부산광역시 수영구 민락수변로 13, 5층 (민락동)",,129.12413479,35.15472163
수영구,더(THE)누리다,숙박업(생활),영업/정상,영업,202405,,"부산광역시 수영구 광안해변로 292, 마린랜드 10층 (민락동)",,129.12561496,35.15603961
수영구,더무어,숙박업(생활),영업/정상,영업,202505,,"부산광역시 수영구 광안해변로 281, 2~7층 (민락동)",,129.1246276,35.15610835
수영구,더바이브광안,숙박업(생활),영업/정상,영업,202410,,"부산광역시 수영구 민락수변로 7, OK타운 6층 (민락동)",,129.12408621,35.15514368
수영구,더반스테이,여관업,영업/정상,영업,199701,,부산광역시 수영구 수영로 562-14 (광안동),,129.11319559,35.15526955
수영구,더뷰호스텔,숙박업 기타,영업/정상,영업,201406,,"부산광역시 수영구 남천바다로33번길 47, 5,9층 (광안동, 마린빌딩)",,129.11531099,35.1504937
수영구,더오다,숙박업(생활),영업/정상,영업,202503,,"부산광역시 수영구 광남로 103-3, 8~9층 (광안동)",,129.11476651,35.1512226
수영구,더웨이브,숙박업(생활),영업/정상,영업,202008,,"부산광역시 수영구 민락수변로 9, 5~6층 (민락동)",,129.12403233,35.15502349
수영구,더웨이브온,숙박업(생활),영업/정상,영업,202009,,"부산광역시 수영구 민락수변로 9, 3,4층 (민락동)",,129.12403233,35.15502349
수영구,더클럽호텔(광안리점),숙박업(생활),영업/정상,영업,202007,,"부산광역시 수영구 광안해변로278번길 42, 오션브릿지 b동 15층 B1501호 (민락동)",,129.12451999,35.15396447
수영구,더퍼스트 오션 광안,숙박업(생활),영업/정상,영업,202510,,"부산광역시 수영구 광남로94번길 16, 광안 오션뷰 더테라스 3~20층 305호 등 41객실호 (광안동)",,129.11530606,35.1499905
수영구,두번째 모던,일반호텔,영업/정상,영업,202408,,"부산광역시 수영구 남천바다로33번길 35, 3, 9~16층 일부호 (광안동)",,129.11489734,35.14996081
수영구,디옴므,숙박업(생활),영업/정상,영업,202104,,"부산광역시 수영구 광안해변로278번길 42, 오션브릿지 A~B동 3층 A301,B301호 (민락동)",,129.12451999,35.15396447
수영구,라메르 광안 스테이,숙박업(생활),영업/정상,영업,201603,,"부산광역시 수영구 남천바다로33번길 15, 1~6층 (광안동)",,129.11432669,35.14919297
수영구,라움103,숙박업(생활),영업/정상,영업,201911,,"부산광역시 수영구 민락수변로 103, 6층 (민락동)",,129.13181213,35.15480001
수영구,레드하우스,숙박업(생활),영업/정상,영업,201712,,"부산광역시 수영구 민락본동로11번길 79, 1-2층 (민락동)",,129.12458143,35.15653596
수영구,로지하우스,숙박업(생활),영업/정상,영업,202608,,"부산광역시 수영구 민락로6번길 36, 2층 (민락동)",,129.12427576,35.15685948
수영구,로프트 부산,숙박업(생활),영업/정상,영업,202601,,"부산광역시 수영구 광남로 103-3, 7층 (광안동)",,129.11476651,35.1512226
수영구,로프트 부산2,숙박업(생활),영업/정상,영업,202602,,"부산광역시 수영구 광남로 103-3, 6층 (광안동)",,129.11476651,35.1512226
수영구,로하 풀빌라,숙박업(생활),영업/정상,영업,202403,,"부산광역시 수영구 민락수변로 105, 바다산책프라자 6층 (민락동)",,129.13207412,35.15473437
수영구,료칸바다다,숙박업(생활),영업/정상,영업,202004,,"부산광역시 수영구 광안해변로278번길 42, 오션브릿지 A동 13~14층 (민락동)",,129.12451999,35.15396447
수영구,루미나 더 광안,숙박업(생활),영업/정상,영업,202402,,"부산광역시 수영구 광남로142번길 9, 2층 (광안동)",,129.11783908,35.15390357
수영구,루미나 더 리안,숙박업(생활),영업/정상,영업,202511,,"부산광역시 수영구 광안해변로344번길 17-17, 수변PLAZA 7층 (민락동)",,129.13154031,35.15530006
수영구,루미나 더 마루,숙박업(생활),영업/정상,영업,201907,,"부산광역시 수영구 민락수변로 105, 바다산책프라자 10층 (민락동)",,129.13207412,35.15473437
수영구,루미나 더 아너,숙박업(생활),영업/정상,영업,202508,,"부산광역시 수영구 광안해변로358번길 6, 호원빌딩 3,5층 (민락동)",,129.13173769,35.15579558
수영구,루미나 더 조은,숙박업(생활),영업/정상,영업,202605,,"부산광역시 수영구 광안해변로344번길 17-22, 나경크리스탈 타워 3층 (민락동)",,129.13197677,35.15503573
수영구,루미나 더 캠프,숙박업(생활),영업/정상,영업,202508,,"부산광역시 수영구 광안해변로358번길 6, 호원빌딩 7층 (민락동)",,129.13173769,35.15579558
수영구,루미에르,숙박업(생활),영업/정상,영업,202512,,"부산광역시 수영구 광안해변로 235, 11층 (민락동)",,129.11974736,35.15475895
수영구,루크하우스,숙박업(생활),영업/정상,영업,201706,,"부산광역시 수영구 남천바다로 31-1, 7~8층 (광안동, AK빌딩)",,129.11403035,35.14874159
수영구,리벤시아 풀빌라,숙박업(생활),영업/정상,영업,202112,,"부산광역시 수영구 광안해변로 195, 4~7층 (광안동)",,129.11681161,35.15174455
수영구,리온스테이,숙박업(생활),영업/정상,영업,202503,,"부산광역시 수영구 광안해변로279번길 22, 2~4층 (민락동)",,129.12524867,35.15656571
수영구,마레파티하우스,숙박업(생활),영업/정상,영업,201712,,"부산광역시 수영구 민락수변로7번길 20, 2,7층 (민락동)",,129.12480638,35.15530288
수영구,마이애미오렌지,숙박업(생활),영업/정상,영업,202409,,"부산광역시 수영구 광안해변로284번길 4, 3-4층 (민락동)",,129.12474994,35.15572269
수영구,망고호텔,여관업,영업/정상,영업,200308,,부산광역시 수영구 남천바다로33번길 90 (광안동),,129.11673604,35.15191147
수영구,머무르다-고즈넋,숙박업(생활),영업/정상,영업,202207,,"부산광역시 수영구 광안해변로 193, 3층 (광안동)",,129.11673855,35.15166435
수영구,머물다가 광안 수변공원점,숙박업(생활),영업/정상,영업,202308,,"부산광역시 수영구 민락수변로 105, 바다산책프라자 5층 (민락동)",,129.13207412,35.15473437
수영구,머물다가 광안리 풀빌라펜션,숙박업(생활),영업/정상,영업,202002,,"부산광역시 수영구 민락수변로 7, OK타운 7,9층 (민락동)",,129.12408621,35.15514368
수영구,머물다가광안리감성풀빌라펜션,숙박업(생활),영업/정상,영업,202411,,"부산광역시 수영구 민락수변로 105, 바다산책프라자 4층 401호 (민락동)",,129.13207412,35.15473437
수영구,메종 별바다 광안,숙박업(생활),영업/정상,영업,202407,,"부산광역시 수영구 광안해변로 179, 6층 (광안동)",,129.11576651,35.15059728
수영구,메종드센텀,숙박업(생활),영업/정상,영업,199002,,부산광역시 수영구 수영로680번길 14 (광안동),,129.11568088,35.16622358
수영구,명작스테이,숙박업(생활),영업/정상,영업,202507,,"부산광역시 수영구 민락본동로11번길 66, 2~3층 (민락동)",,129.12510652,35.15700129
수영구,모루,숙박업(생활),영업/정상,영업,202505,,"부산광역시 수영구 광안해변로 239, 광안샤인빌딩 4층 (민락동)",,129.12010895,35.15478259
수영구,모이지게스트하우스(MoiJi Guest House),숙박업(생활),영업/정상,영업,202312,,"부산광역시 수영구 광안해변로294번길 26, 4~5층 (민락동)",,129.12601011,35.15523585
수영구,몰디브호텔,여관업,영업/정상,영업,200307,,"부산광역시 수영구 광남로 29, 4~5층 (남천동)",,129.11063617,35.1455359
수영구,몰디브호텔,숙박업(생활),영업/정상,영업,201707,,"부산광역시 수영구 광남로 29, 3층 (남천동)",,129.11063617,35.1455359
수영구,무드온 광안,숙박업(생활),영업/정상,영업,202511,,"부산광역시 수영구 광안해변로344번길 17-17, 수변PLAZA 9층 (민락동)",,129.13154031,35.15530006
수영구,문베이호텔,관광호텔,영업/정상,영업,201505,,"부산광역시 수영구 남천바다로33번길 51, 1~9층 (광안동)",,129.11543444,35.15065827
수영구,바나스테이,숙박업(생활),영업/정상,영업,202508,,"부산광역시 수영구 광남로 129, 4층 (광안동)",,129.11653528,35.15329248
수영구,바다산책 더 테라스,숙박업(생활),영업/정상,영업,202504,,"부산광역시 수영구 민락수변로 105, 바다산책프라자 2층 (민락동)",,129.13207412,35.15473437
수영구,바다산책 풀빌라,숙박업(생활),영업/정상,영업,202408,,"부산광역시 수영구 민락수변로 105, 바다산책프라자 9층 (민락동)",,129.13207412,35.15473437
수영구,바뮤호텔,숙박업(생활),영업/정상,영업,201904,,"부산광역시 수영구 민락수변로 15, 1~8층 (민락동)",,129.12420235,35.15452233
수영구,바이비하우스,숙박업(생활),영업/정상,영업,202604,,"부산광역시 수영구 광남로 121, 8층 (광안동)",,129.11600582,35.15252763
수영구,베스트루이스 해밀턴호텔 광안점,관광호텔,영업/정상,영업,201901,,"부산광역시 수영구 광안해변로 276, 지하1~지상15층 (민락동)",,129.1240052,35.15561301
수영구,벡스코 조조하우스,숙박업(생활),영업/정상,영업,202512,,"부산광역시 수영구 수영성로 9, 2층 (수영동)",,129.11870792,35.169864
수영구,벡스코호스텔,숙박업 기타,영업/정상,영업,201507,,"부산광역시 수영구 광안해변로284번길 43, 2~3층 (민락동)",,129.12560317,35.15403692
수영구,보나트리호텔(BONA TREE HOTEL),관광호텔,영업/정상,영업,201706,,"부산광역시 수영구 광안해변로284번길 3, 지하1~지상8층 (민락동)",,129.12504821,35.15566084
수영구,보다스테이,숙박업(생활),영업/정상,영업,202307,,"부산광역시 수영구 민락로13번길 21, 금샘빌딩 3,4층 (민락동)",,129.12158608,35.1561703
수영구,보다스테이 1호점,숙박업(생활),영업/정상,영업,202308,,"부산광역시 수영구 민락수변로 125, 골든뷰 10층 (민락동)",,129.13405722,35.15526712
수영구,보다스테이 6호점(캠핑),숙박업(생활),영업/정상,영업,202403,,"부산광역시 수영구 민락로19번길 21, 4층 (민락동)",,129.12156716,35.15633195
수영구,보다스테이 더펜트,숙박업(생활),영업/정상,영업,202010,,"부산광역시 수영구 광안해변로 161, 씨 타워 4~12층 (광안동)",,129.11480348,35.14921555
수영구,봄날,여관업,영업/정상,영업,198911,,부산광역시 수영구 무학로9번길 111 (광안동),,129.11596591,35.16666823
수영구,부산 게스트하우스 노마드인 부산,숙박업(생활),영업/정상,영업,202406,,"부산광역시 수영구 민락본동로11번길 21, 2층 (민락동)",,129.12738031,35.15759862
수영구,부산 광안 능놀스테이 풀빌라 펜션,숙박업(생활),영업/정상,영업,202301,,"부산광역시 수영구 민락수변로 13, 3,6층 (민락동)",,129.12413479,35.15472163
수영구,부산 광안리 키즈 풀빌라 펜션 더광안,숙박업(생활),영업/정상,영업,202301,,"부산광역시 수영구 민락수변로 13, 7층 (민락동)",,129.12413479,35.15472163
수영구,부산 하루스위트광안리풀빌라 펜션,숙박업(생활),영업/정상,영업,202401,,"부산광역시 수영구 광안해변로344번길 17-22, 나경크리스탈 타워 10층 (민락동)",,129.13197677,35.15503573
수영구,브라운도트 호텔,관광호텔,영업/정상,영업,201704,,부산광역시 수영구 남천바다로33번길 31 (광안동),,129.11478945,35.14981569
수영구,브라운도트 호텔 수영,숙박업(생활),영업/정상,영업,201902,,부산광역시 수영구 망미번영로52번길 112 (수영동),,129.11413119,35.16860541
수영구,브리타니 광안,숙박업(생활),영업/정상,영업,202405,,"부산광역시 수영구 광안해변로344번길 17-5, 마린리치 5층 (민락동)",,129.13102967,35.15518199
수영구,브릿지호텔,여관업,영업/정상,영업,200301,,부산광역시 수영구 광안해변로 155 (광안동),,129.11454542,35.14870639
수영구,블루닷호텔,여관업,영업/정상,영업,198011,,부산광역시 수영구 연수로415번길 6 (수영동),,129.11478594,35.16821635
수영구,블루문모텔,여관업,영업/정상,영업,197201,,"부산광역시 수영구 광안로62번길 38, 1~3층 (광안동)",,129.11740512,35.15325454
수영구,블루밍 모텔,여관업,영업/정상,영업,198509,,부산광역시 수영구 수미로14번길 48 (수영동),,129.11040535,35.17279291
수영구,비더스테이 광안리,여관업,영업/정상,영업,198303,,부산광역시 수영구 수영로594번길 10-1 (광안동),,129.11389447,35.15852894
수영구,비에이치 스토리(BH STORY),여관업,영업/정상,영업,198104,,부산광역시 수영구 광안해변로255번길 21 (민락동),,129.12136343,35.15597101
수영구,비엔나모텔,여관업,영업/정상,영업,198807,,부산광역시 수영구 민락본동로 12-10 (민락동),,129.12912137,35.15770358
수영구,빌라 드 버틀러 광안,숙박업(생활),영업/정상,영업,202209,,"부산광역시 수영구 민락수변로17번길 35, 7층 (민락동)",,129.12589293,35.15482842
수영구,빌라드브릿지,숙박업(생활),영업/정상,영업,202409,,"부산광역시 수영구 광안해변로344번길 17-11, 나포리빌딩 6층 (민락동)",,129.13136989,35.15526077
수영구,빌라오몬도,숙박업(생활),영업/정상,영업,202409,,"부산광역시 수영구 광안로 51, 3~5층 (광안동)",,129.11791637,35.15518586
수영구,샌드스테이,숙박업(생활),영업/정상,영업,202409,,"부산광역시 수영구 광안해변로279번길 29 (민락동, 유정)",,129.12532596,35.15687733
수영구,수베니어홈,숙박업(생활),영업/정상,영업,202511,,"부산광역시 수영구 광안로22번길 59, 1~2층 (광안동)",,129.114437,35.15366159
수영구,수영맥스모텔,여관업,영업/정상,영업,198009,,부산광역시 수영구 무학로9번길 93 (광안동),,129.11556534,35.16596841
수영구,숨스테이 광안,숙박업(생활),영업/정상,영업,202507,,"부산광역시 수영구 수영로540번길 36, 2층 (광안동)",,129.11408122,35.15345841
수영구,스테이 너울,숙박업(생활),영업/정상,영업,202405,,"부산광역시 수영구 민락수변로17번길 9, 4층 (민락동)",,129.12448882,35.15447483
수영구,스테이 비사이드,숙박업(생활),영업/정상,영업,202606,,"부산광역시 수영구 수영로464번길 20, 2층 (남천동)",,129.11125989,35.14694826
수영구,스테이까사,숙박업(생활),영업/정상,영업,202406,,"부산광역시 수영구 민락수변로 5, 성진회센터 8층 (민락동)",,129.1238997,35.15531677
수영구,스테이레이지모닝(Stay Lazy Morning),숙박업(생활),영업/정상,영업,202402,,"부산광역시 수영구 광안해변로 235, 6층 (민락동)",,129.11974736,35.15475895
수영구,스테이리안,숙박업(생활),영업/정상,영업,202511,,"부산광역시 수영구 광안해변로344번길 17-17, 수변PLAZA 6층 (민락동)",,129.13154031,35.15530006
수영구,스테이순,숙박업(생활),영업/정상,영업,202511,,"부산광역시 수영구 수영로554번길 11-1, 1~5층 (광안동, 흑석스카이)",,129.11327314,35.15513249
수영구,스테이에이호텔광안(무인시스템),일반호텔,영업/정상,영업,198908,,"부산광역시 수영구 광안해변로 286, 3~5층 (민락동)",,129.1249809,35.15586865
수영구,스테이웨이인,숙박업(생활),영업/정상,영업,202306,,"부산광역시 수영구 민락수변로 125, 골든뷰 7층 (민락동)",,129.13405722,35.15526712
수영구,스테이히얼(stay here),숙박업(생활),영업/정상,영업,201701,,"부산광역시 수영구 광안해변로295번길 4-11, 2~4층 (민락동)",,129.12603177,35.15712406
수영구,스튜디오202스테이,숙박업(생활),영업/정상,영업,202203,,"부산광역시 수영구 남천바다로33번길 35, 601~605호 (광안동)",,129.11489734,35.14996081
수영구,시나몬스테이 광안,숙박업(생활),영업/정상,영업,202509,,"부산광역시 수영구 광안해변로344번길 17-17, 수변PLAZA 5층 (민락동)",,129.13154031,35.15530006
수영구,시안,숙박업(생활),영업/정상,영업,202512,,"부산광역시 수영구 민락본동로19번길 59, 3층 (민락동)",,129.12580506,35.15754961
수영구,써니하우스,숙박업(생활),영업/정상,영업,202510,,"부산광역시 수영구 민락수변로 5, 성진회센터 6층 (민락동)",,129.1238997,35.15531677
수영구,씨스테이,숙박업(생활),영업/정상,영업,202501,,"부산광역시 수영구 광안해변로344번길 17-9, 마린리치2 8층 (민락동)",,129.13119906,35.15522108
수영구,씨티모텔,여관업,영업/정상,영업,199804,,"부산광역시 수영구 수영로595번길 5, 1~5층 (광안동)",,129.11290226,35.15905792
수영구,아눅광안,숙박업(생활),영업/정상,영업,202511,,"부산광역시 수영구 광남로258번길 39, 3층 (민락동)",,129.12782986,35.1579813
수영구,아늑 호텔 부산 광안리,여관업,영업/정상,영업,200312,,부산광역시 수영구 남천바다로10번길 79 (남천동),,129.11090955,35.14639119
수영구,아라가온,숙박업(생활),영업/정상,영업,202304,,"부산광역시 수영구 광안해변로 193, 6층 (광안동)",,129.11673855,35.15166435
수영구,아정모텔,여관업,영업/정상,영업,199801,,부산광역시 수영구 민락수변로17번길 5 (민락동),,129.12424043,35.15442183
수영구,아지트,숙박업(생활),영업/정상,영업,202601,,"부산광역시 수영구 민락본동로19번길 59, 4층 (민락동)",,129.12580506,35.15754961
수영구,안녕광안,숙박업(생활),영업/정상,영업,202408,,"부산광역시 수영구 민락수변로 1, 민락타운 10층 (민락동)",,129.12382211,35.15553713
수영구,안리감성 스테이,숙박업(생활),영업/정상,영업,202209,,"부산광역시 수영구 민락수변로 13-1, 정원비치 7층 (민락동)",,129.12416825,35.15462201
수영구,안리고택 1호점,숙박업(생활),영업/정상,영업,201407,,"부산광역시 수영구 광안해변로 249, 249타워 9층 (민락동)",,129.12116427,35.15515991
수영구,안리고택3,숙박업(생활),영업/정상,영업,202503,,"부산광역시 수영구 광안해변로 249, 249타워 7층 (민락동)",,129.12116427,35.15515991
수영구,안리하우스 광안,숙박업(생활),영업/정상,영업,201707,,"부산광역시 수영구 민락수변로 13, 2층 (민락동)",,129.12413479,35.15472163
수영구,안온맨션 광안,숙박업(생활),영업/정상,영업,202304,,"부산광역시 수영구 광안로 67, 4층 (민락동)",,129.11949084,35.15455899
수영구,알리스테이,숙박업(생활),영업/정상,영업,202405,,"부산광역시 수영구 민락수변로 127-7, 4,5층 (민락동)",,129.13398032,35.15544184
수영구,애프터챕터(AFTER CHAPTER),일반호텔,영업/정상,영업,198708,,부산광역시 수영구 광남로 68 (남천동),,129.11329518,35.14820254
수영구,어반하우스,숙박업(생활),영업/정상,영업,201610,,"부산광역시 수영구 민락수변로7번길 16, 6층 (민락동)",,129.12456178,35.15524901
수영구,어반하우스 펜트 1호점,숙박업(생활),영업/정상,영업,202007,,"부산광역시 수영구 민락수변로 5, 성진회센터 9층 901호 (민락동)",,129.1238997,35.15531677
수영구,어반하우스펜트 2호점,숙박업(생활),영업/정상,영업,202504,,"부산광역시 수영구 민락수변로 5, 성진회센터 7층 (민락동)",,129.1238997,35.15531677
수영구,언플랜드88,숙박업(생활),영업/정상,영업,202306,,"부산광역시 수영구 남천바다로33번길 47, 마린빌딩 7,8층 (광안동)",,129.11531099,35.1504937
수영구,에메랄드,여관업,영업/정상,영업,198402,,부산광역시 수영구 무학로9번길 95 (광안동),,129.11558861,35.16607467
수영구,에스(S)모텔,여관업,영업/정상,영업,197809,,부산광역시 수영구 무학로9번길 127 (광안동),,129.11675699,35.16724173
수영구,에이치에비뉴(H-AVENUE)광안리점,관광호텔,영업/정상,영업,201708,,"부산광역시 수영구 민락수변로 29, 11~12층 (민락동)",,129.12472149,35.15328369
수영구,에이치에비뉴(H-에비뉴) 광안리해변점,관광호텔,영업/정상,영업,201903,,"부산광역시 수영구 광안해변로278번길 42, 오션브릿지 B동 8~10층 (민락동)",,129.12451999,35.15396447
수영구,에프앤비 스테이,숙박업(생활),영업/정상,영업,201811,,"부산광역시 수영구 민락본동로11번길 42, 9층 (민락동)",,129.1262873,35.15744705
수영구,엘모멘토 광안,숙박업(생활),영업/정상,영업,202105,,"부산광역시 수영구 광남로94번길 16, 광안 지웰에스테이트 더 테라스 3~20층 302호 등 64객실호 (광안동)",,129.11530606,35.1499905
수영구,여기 G,숙박업(생활),영업/정상,영업,202605,,"부산광역시 수영구 수영로451번길 4, 2층 (남천동)",,129.10977823,35.14642506
수영구,"여기,광안(Here, Gwangan)",숙박업(생활),영업/정상,영업,202304,,"부산광역시 수영구 광안로61번길 12, 2층 (민락동)",,129.11946995,35.15472572
수영구,연온담 광안해변점,숙박업(생활),영업/정상,영업,202512,,"부산광역시 수영구 민락본동로11번길 78-10, 2층 (민락동)",,129.12461296,35.15709572
수영구,옐로우라이트하우스,숙박업(생활),영업/정상,영업,202004,,"부산광역시 수영구 광안해변로370번길 9-32, 4층 401호 (민락동)",,129.1342689,35.15674719
수영구,오누아,숙박업(생활),영업/정상,영업,202607,,"부산광역시 수영구 민락로33번길 20, 2층 (민락동)",,129.12071701,35.15751147
수영구,오다위드스위트,숙박업(생활),영업/정상,영업,202502,,"부산광역시 수영구 광안해변로295번길 4-3, 2층 (민락동)",,129.12566648,35.15686181
수영구,오로라핑크,숙박업(생활),영업/정상,영업,202410,,"부산광역시 수영구 광안해변로255번길 16, 2층 (민락동)",,129.12167591,35.1558129
수영구,오션 더 포인트호텔,관광호텔,영업/정상,영업,201906,,"부산광역시 수영구 광안해변로278번길 42, A동 7~10층 A701,A801,A901,A1001호 (민락동)",,129.12451999,35.15396447
수영구,오션스테이호텔,숙박업(생활),영업/정상,영업,201905,,"부산광역시 수영구 광안해변로278번길 42, 오션브릿지 7층 B701호 (민락동)",,129.12451999,35.15396447
수영구,오션투헤븐호텔,숙박업(생활),영업/정상,영업,202509,,"부산광역시 수영구 광안해변로278번길 42, 오션브릿지 A동 4층 (민락동)",,129.12451999,35.15396447
수영구,오션투헤븐호텔,일반호텔,영업/정상,영업,201904,,"부산광역시 수영구 광안해변로278번길 42, 오션브릿지 A동 5~6층 A501,A601호 (민락동)",,129.12451999,35.15396447
수영구,온더베이 스테이,숙박업(생활),영업/정상,영업,201702,,"부산광역시 수영구 광안로62번길 1, 3~4층 (광안동)",,129.1187136,35.1545545
수영구,온유지스테이,숙박업(생활),영업/정상,영업,202402,,"부산광역시 수영구 광안해변로 235, 8~9층 (민락동)",,129.11974736,35.15475895
수영구,옹드빌라,숙박업(생활),영업/정상,영업,202506,,"부산광역시 수영구 광안해변로294번길 36, 3층 (민락동)",,129.12615281,35.15482997
수영구,와바모텔,일반호텔,영업/정상,영업,202305,,"부산광역시 수영구 무학로9번길 89, 1~5층 (광안동)",,129.11551918,35.16574449
수영구,와바클래식,여관업,영업/정상,영업,198811,,부산광역시 수영구 광안해변로279번길 30 (민락동),,129.12548895,35.15674903
수영구,와이모텔,여관업,영업/정상,영업,199702,,부산광역시 수영구 광안해변로290번길 7 (민락동),,129.12555239,35.15578309
수영구,요재,숙박업(생활),영업/정상,영업,202505,,"부산광역시 수영구 무학로9번길 94, 3층 (광안동)",,129.11585162,35.16591029
수영구,우드하우스 호텔,여관업,영업/정상,영업,198507,,부산광역시 수영구 광남로 181 (광안동),,129.11956884,35.1571664
수영구,웁스,일반호텔,영업/정상,영업,198512,,부산광역시 수영구 수영로 690-4 (광안동),,,
수영구,원앤우마르,숙박업(생활),영업/정상,영업,202502,,"부산광역시 수영구 민락수변로 125, 골든뷰 9층 (민락동)",,129.13405722,35.15526712
수영구,웨이브 120,숙박업(생활),영업/정상,영업,202603,,"부산광역시 수영구 광남로 120, 3층 (광안동)",,129.11621419,35.15207328
수영구,웰 게스트하우스,숙박업 기타,영업/정상,영업,202605,,"부산광역시 수영구 수영로702번길 7, 나동 2층 (광안동)",,129.11648117,35.16735791
수영구,위더스오션,숙박업(생활),영업/정상,영업,202104,,"부산광역시 수영구 광남로94번길 16, 광안 오션뷰 더테라스 3~20층 301호 등 50객실호 (광안동)",,129.11530606,35.1499905
수영구,이집풀빌라,숙박업(생활),영업/정상,영업,202310,,"부산광역시 수영구 민락수변로 125, 골든뷰 8층 (민락동)",,129.13405722,35.15526712
수영구,잔울림,숙박업(생활),영업/정상,영업,202508,,"부산광역시 수영구 광안해변로344번길 17-11, 나포리빌딩 4층 (민락동)",,129.13136989,35.15526077
수영구,정재스테이(JUNGJAE STAY),숙박업(생활),영업/정상,영업,202603,,"부산광역시 수영구 민락로13번길 2, 3층 (민락동)",,129.12237452,35.1566803
수영구,제이(J)모텔,여관업,영업/정상,영업,200011,,부산광역시 수영구 수영로 589-1 (광안동),,129.11281333,35.1584252
수영구,제이스테이,숙박업 기타,영업/정상,영업,201503,,"부산광역시 수영구 남천바다로 31-1, 4~6층 (광안동)",,129.11403035,35.14874159
수영구,제이스테이 펜트하우스,숙박업(생활),영업/정상,영업,202105,,"부산광역시 수영구 광안해변로 179, 5층 (광안동)",,129.11576651,35.15059728
수영구,제피르 광안리오션뷰풀빌라,숙박업(생활),영업/정상,영업,202211,,"부산광역시 수영구 광안해변로 249, 249타워 8층 (민락동)",,129.12116427,35.15515991
수영구,주식회사이너플랜,숙박업(생활),영업/정상,영업,202102,,"부산광역시 수영구 남천바다로33번길 35, 401~405,701~705,801~805호 4,7,8층 (광안동)",,129.11489734,35.14996081
수영구,지금광안리,숙박업(생활),영업/정상,영업,202407,,"부산광역시 수영구 민락수변로 105, 바다산책프라자 8층 (민락동)",,129.13207412,35.15473437
수영구,지니스테이,숙박업(생활),영업/정상,영업,202506,,"부산광역시 수영구 민락수변로 109, 화선빌딩 4층 (민락동)",,129.13243642,35.15481205
수영구,지상낙원,숙박업(생활),영업/정상,영업,202302,,"부산광역시 수영구 광안로 67, 6층 (민락동)",,129.11949084,35.15455899
수영구,진스테이,숙박업(생활),영업/정상,영업,202606,,"부산광역시 수영구 광안해변로344번길 17-9, 마린리치2 6층 (민락동)",,129.13119906,35.15522108
수영구,첫번째 모던,숙박업(생활),영업/정상,영업,202202,,"부산광역시 수영구 남천바다로33번길 35, 5층 501~505호 (광안동)",,129.11489734,35.14996081
수영구,캄레스트 호텔 광안리,여관업,영업/정상,영업,198601,,부산광역시 수영구 광남로 132 (광안동),,129.11707182,35.15318994
수영구,커들스테이,숙박업(생활),영업/정상,영업,202207,,"부산광역시 수영구 광안해변로 364-9, 3,4층 (민락동)",,129.13272694,35.15553944
수영구,컨셉스테이,숙박업(생활),영업/정상,영업,202512,,"부산광역시 수영구 광안해변로 235, 4층 (민락동)",,129.11974736,35.15475895
수영구,케렌시아,숙박업(생활),영업/정상,영업,202007,,"부산광역시 수영구 남천바다로33번길 22, 6~13층 (광안동)",,129.11471706,35.14932291
수영구,켄트호텔 광안리,숙박업(생활),영업/정상,영업,201604,,"부산광역시 수영구 광안해변로 229, 5~14층 (광안동)",,129.11914031,35.15423427
수영구,타임모텔,여관업,영업/정상,영업,201709,,"부산광역시 수영구 수영로 708-1, 2~4층 (광안동)",,129.11694574,35.16765437
수영구,투유모텔,일반호텔,영업/정상,영업,202305,,"부산광역시 수영구 무학로9번길 85, 1~5층 (광안동)",,129.11549688,35.16563904
수영구,투헤븐호텔(2HEAVEN HOTEL),관광호텔,영업/정상,영업,201504,,"부산광역시 수영구 남천바다로33번길 25, 1~4층 (광안동)",,129.1145706,35.14951146
수영구,파드,숙박업(생활),영업/정상,영업,202607,,"부산광역시 수영구 민락수변로 109, 화선빌딩 5층 (민락동)",,129.13243642,35.15481205
수영구,파라스테이,숙박업(생활),영업/정상,영업,202506,,"부산광역시 수영구 광안해변로 245, 2층 (민락동)",,129.12065736,35.15496269
수영구,풀빌라 오늘의 광안,숙박업(생활),영업/정상,영업,202607,,"부산광역시 수영구 민락수변로 13-1, 정원비치 6층 (민락동)",,129.12416825,35.15462201
수영구,풀빌라한가,숙박업(생활),영업/정상,영업,202509,,"부산광역시 수영구 민락수변로 125, 골든뷰 6층 (민락동)",,129.13405722,35.15526712
수영구,프레임인,숙박업(생활),영업/정상,영업,202410,,"부산광역시 수영구 광안해변로255번길 52, 4.5층 (민락동)",,129.12088188,35.15730762
수영구,플라야(PLAYA),숙박업 기타,영업/정상,영업,201507,,"부산광역시 수영구 광안해변로 191, 4~5층 (광안동)",,129.11666528,35.15156849
수영구,플래닛16 광안,숙박업 기타,영업/정상,영업,198408,,"부산광역시 수영구 광안로 64, 2~5층 (광안동)",,129.11885168,35.15444216
수영구,플로트하우스,숙박업(생활),영업/정상,영업,202202,,"부산광역시 수영구 민락수변로 9-1, 6층 (민락동)",,129.12406604,35.15492253
수영구,하나 여름(One Summer),숙박업(생활),영업/정상,영업,202512,,"부산광역시 수영구 광안해변로277번길 3, 2층 (민락동)",,129.12399937,35.1560374
수영구,하운드호텔,관광호텔,영업/정상,영업,201701,,"부산광역시 수영구 남천바다로33번길 12, 지상 1~8층 (광안동)",,129.11450692,35.14890811
수영구,한림장,여관업,영업/정상,영업,199401,,부산광역시 수영구 수영로536번길 14 (광안동),,129.11283325,35.15333453
수영구,해달별,숙박업(생활),영업/정상,영업,202509,,"부산광역시 수영구 민락수변로 109, 화선빌딩 3층 (민락동)",,129.13243642,35.15481205
수영구,해피앤러브,숙박업(생활),영업/정상,영업,202310,,"부산광역시 수영구 민락본동로11번길 66, 4~6층 (민락동)",,129.12510652,35.15700129
수영구,허니슬립,숙박업(생활),영업/정상,영업,201901,,"부산광역시 수영구 광남로 158, 1~2층 (민락동)",,129.11860287,35.15515956
수영구,헤븐리펜트하우스,숙박업 기타,영업/정상,영업,201508,,"부산광역시 수영구 민락수변로 13-1, 10층 (민락동)",,129.12416825,35.15462201
수영구,호메르스호텔(주),관광호텔,영업/정상,영업,200411,,부산광역시 수영구 광안해변로 217 (광안동),,129.11797689,35.15342426
수영구,호스텔 휴,숙박업(생활),영업/정상,영업,201805,,"부산광역시 수영구 광남로 132, 호텔휴 6층 (광안동)",,129.11707182,35.15318994
수영구,호텔 마레,일반호텔,영업/정상,영업,198509,,부산광역시 수영구 남천바다로 30 (남천동),,129.11369346,35.14857978
수영구,호텔 마린뷰,숙박업(생활),영업/정상,영업,201612,,"부산광역시 수영구 광안해변로278번길 42, B동 11~12층 (민락동)",,129.12451999,35.15396447
수영구,호텔 메종,여관업,영업/정상,영업,199001,,부산광역시 수영구 민락본동로11번길 59 (민락동),,129.12551324,35.15700518
수영구,호텔 센트럴베이,관광호텔,영업/정상,영업,202007,,"부산광역시 수영구 광안해변로 189, HOTEL CENTRALBAY 5~17층 (광안동)",,129.11646053,35.15147563
수영구,호텔 얌(Hotel yam),여관업,영업/정상,영업,199702,,부산광역시 수영구 광안해변로290번길 20 (민락동),,129.12543887,35.15522478
수영구,호텔AG405,관광호텔,영업/정상,영업,200407,,"부산광역시 수영구 민락수변로 141, 1층,3~9층 (민락동)",,129.13450127,35.1564893
수영구,호텔리버,여관업,영업/정상,영업,197806,,부산광역시 수영구 무학로9번길 123 (광안동),,129.11660081,35.16713211
수영구,호텔스미스(수영벡스코점),여관업,영업/정상,영업,198907,,부산광역시 수영구 수영로 690-10 (광안동),,129.11573819,35.16669442
수영구,호텔야자 광안리점,일반호텔,영업/정상,영업,199411,,부산광역시 수영구 민락본동로11번길 74 (민락동),,129.12483474,35.15682793
수영구,호텔오션뷰,관광호텔,영업/정상,영업,201806,,"부산광역시 수영구 광안해변로278번길 42, 오션브릿지 B동 13~14층 (민락동)",,129.12451999,35.15396447
수영구,호텔프리마베라 in Busan,숙박업(생활),영업/정상,영업,201709,,"부산광역시 수영구 광안해변로278번길 42, 오션브릿지 A동 11,12층 (민락동)",,129.12451999,35.15396447
수영구,효이스테이 더 광안,숙박업(생활),영업/정상,영업,202305,,"부산광역시 수영구 광남로94번길 16, 광안 오션뷰 더테라스 3~20층 303호 등 39객실호 (광안동)",,129.11530606,35.1499905
수영구,휴호텔,여관업,영업/정상,영업,198602,,"부산광역시 수영구 광남로 207, 1~4층 (민락동)",,129.12164731,35.15890071
수영구,힐조인광안,숙박업(생활),영업/정상,영업,202410,,"부산광역시 수영구 민락수변로 9-1, 5층 (민락동)",,129.12406604,35.15492253
수영구,(주)마이다스관광호텔,관광호텔,폐업,폐업,200001,200805,,,129.11721134,35.16855651
수영구,(주)우리모두브라보마리나호텔,일반호텔,폐업,폐업,199209,201710,부산광역시 수영구 광안해변로 203 (광안동),,129.11737612,35.15250082
수영구,(주)이앤알에이 베니키아프레스호텔,관광호텔,폐업,폐업,201012,201509,"부산광역시 수영구 광남로 21, 5, 6, 7층 (남천동)",,129.11005577,35.14500368
수영구,(주)추광실버관광호텔,관광호텔,폐업,폐업,199305,201101,,,129.11323897,35.16832982
수영구,2001모텔,여관업,폐업,폐업,198004,201210,부산광역시 수영구 수영로702번길 10 (광안동),,129.11617221,35.16715588
수영구,77장여관,여관업,폐업,폐업,197105,201703,부산광역시 수영구 무학로 27 (광안동),,129.11687035,35.16169385
수영구,A＋(에이플러스)모텔,여관업,폐업,폐업,200111,201902,부산광역시 수영구 망미번영로52번길 112 (수영동),,129.11413119,35.16860541
수영구,B612호스텔(B612 Hostel),숙박업(생활),폐업,폐업,201610,202204,"부산광역시 수영구 광안해변로 179, 6층 (광안동)",,129.11576651,35.15059728
수영구,Q 모텔,여관업,폐업,폐업,198707,201608,부산광역시 수영구 광안해변로 189 (광안동),,129.11646053,35.15147563
수영구,가든장,여관업,폐업,폐업,198712,202207,부산광역시 수영구 민락로6번길 12 (민락동),,129.12331976,35.15620263
수영구,강촌,여인숙업,폐업,폐업,196908,200711,,,129.11233014,35.15231403
수영구,갤러리 4000,여관업,폐업,폐업,200012,200708,,,129.11051811,35.14601444
수영구,고성,여인숙업,폐업,폐업,196709,200804,,,,
수영구,광안비치,여관업,폐업,폐업,198706,200501,,,,
수영구,귀빈모텔,여관업,폐업,폐업,198103,202208,부산광역시 수영구 망미번영로52번길 102 (수영동),,129.11376524,35.1688566
수영구,그랜드별장,여관업,폐업,폐업,199703,200902,,,129.11446274,35.1604833
수영구,그린장여관,여관업,폐업,폐업,197606,200309,,,129.11648117,35.16735791
수영구,금하여관,여관업,폐업,폐업,197305,201104,,,129.11407686,35.15860067
수영구,꿈의궁전,여관업,폐업,폐업,198607,201504,부산광역시 수영구 광남로 177-1 (광안동),,129.11930904,35.15692964
수영구,낙원,여관업,폐업,폐업,197001,201112,,,129.10816679,35.17198167
수영구,남양,여인숙업,폐업,폐업,197203,200311,,,,
수영구,남천,여인숙업,폐업,폐업,197112,200508,,,129.10779408,35.14243419
수영구,남촌,여관업,폐업,폐업,197508,199805,,,129.11335067,35.16883383
수영구,대동,여관업,폐업,폐업,197312,200707,,,129.12127802,35.15606435
수영구,대명장여관,여관업,폐업,폐업,198104,200705,,,,
수영구,대흥장,여인숙업,폐업,폐업,197801,200410,,,129.11638181,35.16813567
수영구,더블루호스텔,숙박업(생활),폐업,폐업,201802,201907,"부산광역시 수영구 광안해변로370번길 7, 해수월드 6층 (민락동)",,129.13355595,35.15587435
수영구,덕성,여인숙업,폐업,폐업,196508,201704,부산광역시 수영구 연수로 334-1 (망미동),,129.10690312,35.17155639
수영구,덕수,여관업,폐업,폐업,197607,200602,,,129.11648117,35.16735791
수영구,돈비치관광호텔,관광호텔,폐업,폐업,200012,202012,부산광역시 수영구 광남로 96 (광안동),,129.11507222,35.15044164
수영구,동영,여인숙업,폐업,폐업,196904,200004,,,129.11888917,35.168881
수영구,동원,여인숙업,폐업,폐업,197010,200005,,,129.11281333,35.1584252
수영구,동일,여관업,폐업,폐업,197310,199910,,,129.11469898,35.16809399
수영구,딥슬립호스텔,숙박업(생활),폐업,폐업,201710,201909,"부산광역시 수영구 수영로 663, 2층 (광안동)",,129.11431084,35.16499172
수영구,레이 게스트하우스,여관업,폐업,폐업,197306,202206,"부산광역시 수영구 광안로 59-4, 2층 (민락동)",,129.11898855,35.15491574
수영구,레지던스 다온채,관광호텔,폐업,폐업,202010,202312,"부산광역시 수영구 광안해변로307번길 15, 다온채 지하1,지상7~11층 (민락동)",,129.12649017,35.15771475
수영구,로얄비치모텔,여관업,폐업,폐업,198608,201202,부산광역시 수영구 광남로 116 (광안동),,129.11621419,35.15207328
수영구,루비장,여관업,폐업,폐업,198802,202012,부산광역시 수영구 남천동로10번길 52 (남천동),,129.10790055,35.14110165
수영구,마돈나별장,여관업,폐업,폐업,198905,201201,부산광역시 수영구 광서로10번길 38 (광안동),,129.11413399,35.16574231
수영구,명동여인숙,여인숙업,폐업,폐업,196901,200811,,,129.09913729,35.17297127
수영구,목련장,여관업,폐업,폐업,198709,201407,부산광역시 수영구 망미번영로38번길 91 (광안동),,,
수영구,무진장여관,여관업,폐업,폐업,198005,200710,,,129.11349306,35.15812039
수영구,민락장,여관업,폐업,폐업,198301,200807,,,129.12540505,35.15768584
수영구,발리하우스,여관업,폐업,폐업,197106,202512,부산광역시 수영구 광안로61번길 17 (민락동),,129.11971591,35.15504
수영구,발리하이모텔,여관업,폐업,폐업,199412,201112,부산광역시 수영구 남천바다로33번길 12 (광안동),,129.11450692,35.14890811
수영구,발리호텔,일반호텔,폐업,폐업,201112,201701,"부산광역시 수영구 남천바다로33번길 12, 6~8층 (광안동)",,129.11450692,35.14890811
수영구,별장,여인숙업,폐업,폐업,196912,200803,,,,
수영구,보리수여인숙,여인숙업,폐업,폐업,196809,201012,,,129.10798105,35.17194721
수영구,브라운도트,여관업,폐업,폐업,199607,201704,부산광역시 수영구 남천바다로33번길 31 (광안동),,129.11478945,35.14981569
수영구,브라운도트호텔,관광호텔,폐업,폐업,201708,201709,"부산광역시 수영구 광안해변로278번길 42, A동 11,12,14층 (민락동)",,129.12451999,35.15396447
수영구,브라운도트호텔 민락점,숙박업(생활),폐업,폐업,202003,202004,"부산광역시 수영구 광안해변로278번길 42, 오션브릿지 13층 A1302호 (민락동)",,129.12451999,35.15396447
수영구,블루아트게스트하우스,숙박업 기타,폐업,폐업,201605,201704,"부산광역시 수영구 민락본동로11번길 21, 2층 (민락동)",,129.12738031,35.15759862
수영구,삼도,여관업,폐업,폐업,197403,201204,부산광역시 수영구 망미번영로38번길 109 (광안동),,129.11382633,35.16773637
수영구,샌프란시스코호텔,관광호텔,폐업,폐업,199004,201010,,,129.11005577,35.14500368
수영구,샤토드메종,숙박업 기타,폐업,폐업,201508,201701,"부산광역시 수영구 망미번영로70번길 16, 1층 (수영동)",,129.11099777,35.17275573
수영구,서울여관,여관업,폐업,폐업,197003,201704,부산광역시 수영구 광안해변로 239 (민락동),,129.12010895,35.15478259
수영구,"선,포,,유",여관업,폐업,폐업,198510,200410,,,129.11390894,35.16792071
수영구,성원장,여관업,폐업,폐업,198601,201301,부산광역시 수영구 수미로14번길 51 (수영동),,129.11041292,35.17256307
수영구,송강여인숙,여인숙업,폐업,폐업,197301,199705,,,129.12327068,35.15605436
수영구,송림장,여관업,폐업,폐업,197912,200406,,,129.11266036,35.15433109
수영구,송수장,여관업,폐업,폐업,198706,200108,,,129.11579454,35.16678927
수영구,수모텔,여관업,폐업,폐업,198508,200509,,,129.12531757,35.1590603
수영구,스타모텔,여관업,폐업,폐업,199712,201706,부산광역시 수영구 광안해변로284번길 3 (민락동),,129.12504821,35.15566084
수영구,신화장,여관업,폐업,폐업,199004,201301,부산광역시 수영구 수영로522번길 11-1 (광안동),,,
수영구,썬샤인,여관업,폐업,폐업,198612,201208,부산광역시 수영구 광남로 79 (광안동),,129.1135793,35.14941553
수영구,썬시티,여관업,폐업,폐업,199508,201703,부산광역시 수영구 남천바다로33번길 30 (광안동),,129.1149877,35.14958611
수영구,씨티빌,여관업,폐업,폐업,199102,201101,부산광역시 수영구 민락본동로11번길 66 (민락동),,129.12510652,35.15700129
수영구,아리랑,여관업,폐업,폐업,197407,200001,,,129.11616974,35.16682887
수영구,양지,여인숙업,폐업,폐업,197312,200803,,,,
수영구,어반스테이더테라스,숙박업(생활),폐업,폐업,202008,202108,"부산광역시 수영구 광남로94번길 16, 광안 지웰에스테이트 더 테라스 3~20(일부)층 (광안동)",,129.11530606,35.1499905
수영구,에이스 빌,여관업,폐업,폐업,197201,201611,부산광역시 수영구 민락본동로11번길 42 (민락동),,129.1262873,35.15744705
수영구,에이스모텔,여관업,폐업,폐업,198407,201610,부산광역시 수영구 연수로 292 (망미동),,129.10263194,35.17278582
수영구,에쿠스모텔,여관업,폐업,폐업,198310,200704,,,129.11862971,35.15603248
수영구,엘모텔,여관업,폐업,폐업,198605,201810,부산광역시 수영구 광안해변로 259 (민락동),,129.12209464,35.15551645
수영구,여정,여인숙업,폐업,폐업,197011,199911,,,,
수영구,연일장,여관업,폐업,폐업,198510,200408,,,129.11868262,35.16822258
수영구,예스게스트하우스,숙박업 기타,폐업,폐업,201409,201811,"부산광역시 수영구 민락수변로 15, 3~4층 (민락동)",,129.12420235,35.15452233
수영구,오대양모텔,일반호텔,폐업,폐업,198903,200711,,,129.11899865,35.15434245
수영구,옥화장,여관업,폐업,폐업,198710,200505,,,129.11211985,35.15601071
수영구,와바(WABA),여관업,폐업,폐업,200112,202207,부산광역시 수영구 무학로9번길 89 (광안동),,129.11551918,35.16574449
수영구,와우모텔,여관업,폐업,폐업,198504,202107,"부산광역시 수영구 광남로 182, 2,3층 (민락동)",,129.11985587,35.15693374
수영구,요트별장,여관업,폐업,폐업,198512,200711,,,,
수영구,유림,여관업,폐업,폐업,198201,201705,부산광역시 수영구 광남로 238 (민락동),,129.12482719,35.15889652
수영구,유정,여인숙업,폐업,폐업,197302,200705,,,129.12515943,35.15704194
수영구,이화별장,여관업,폐업,폐업,198609,201107,,,129.11394958,35.1687301
수영구,정수장,여관업,폐업,폐업,198810,202109,부산광역시 수영구 민락본동로19번길 59 (민락동),,129.12580506,35.15754961
수영구,정수장,여관업,폐업,폐업,198308,202210,부산광역시 수영구 수영로 690-9 (광안동),,129.11605627,35.16690658
수영구,제일장,여관업,폐업,폐업,197810,200701,,,129.11694574,35.16765437
수영구,주식회사 그랜드 테라스,숙박업(생활),폐업,폐업,202101,202305,"부산광역시 수영구 광남로94번길 16, 광안 지웰에스테이트 더 테라스 3~20층(일부)층 303호 등 53객실호 (광안동)",,129.11530606,35.1499905
수영구,진양장,여관업,폐업,폐업,198310,200901,,,129.11303695,35.15488594
수영구,커플라운지 호스텔,숙박업(생활),폐업,폐업,201706,202102,"부산광역시 수영구 광안해변로 237, 6~8층 601,701,801호 (민락동)",,129.11992793,35.15473545
수영구,케이게스트호텔,여관업,폐업,폐업,198704,202112,부산광역시 수영구 광안해변로 291 (민락동),,129.12533957,35.15644954
수영구,퀸모텔,여관업,폐업,폐업,198407,201504,부산광역시 수영구 광남로 104-2 (광안동),,129.11544879,35.15110006
수영구,투유(2U),여관업,폐업,폐업,200112,202206,부산광역시 수영구 무학로9번길 85 (광안동),,129.11549688,35.16563904
수영구,투헤븐호텔,여관업,폐업,폐업,199310,201504,부산광역시 수영구 남천바다로33번길 25 (광안동),,129.1145706,35.14951146
수영구,파크호텔,일반호텔,폐업,폐업,198607,201712,부산광역시 수영구 광안해변로 169 (광안동),,129.11530606,35.1499905
수영구,패닉,여관업,폐업,폐업,197111,202307,"부산광역시 수영구 광안해변로255번길 5, 2(계단),3층 (민락동)",,129.12165641,35.15536539
수영구,프린스관광호텔,관광호텔,폐업,폐업,198512,200105,,,,
수영구,프린스장,여관업,폐업,폐업,201111,201203,부산광역시 수영구 수영로521번길 6 (광안동),,129.11134813,35.15246231
수영구,프린스장,여관업,폐업,폐업,198011,201111,,,129.11134813,35.15246231
수영구,필모텔,여관업,폐업,폐업,196907,201703,부산광역시 수영구 광안로61번가길 3 (민락동),,129.12038263,35.15513757
수영구,한강,여인숙업,폐업,폐업,197210,200804,,,,
수영구,해동여관,여관업,폐업,폐업,197511,201401,"부산광역시 수영구 수영로725번길 43, 3층 (수영동)",,129.11645594,35.16851324
수영구,해원장모텔,여관업,폐업,폐업,200307,201704,부산광역시 수영구 광남로 183 (광안동),,129.11966138,35.15728891
수영구,해촌,여인숙업,폐업,폐업,198206,200311,,,129.11241874,35.15946255
수영구,향원장,여관업,폐업,폐업,198507,200811,,,129.10603569,35.17190312
수영구,현대,여인숙업,폐업,폐업,196811,200110,,,,
수영구,호반장,여관업,폐업,폐업,198403,201706,부산광역시 수영구 수영로 694 (광안동),,129.11583069,35.16717371
수영구,호수,여인숙업,폐업,폐업,197007,199809,,,,
수영구,호텔 헤이,여관업,폐업,폐업,199706,202211,"부산광역시 수영구 민락수변로 15, 5-7층 (민락동)",,129.12420235,35.15452233
수영구,호텔런더너,여관업,폐업,폐업,200008,201708,부산광역시 수영구 민락본동로 12-4 (민락동),,129.1287056,35.15764385
수영구,황토방 광안모텔,여관업,폐업,폐업,198108,201811,부산광역시 수영구 무학로9번길 107 (광안동),,,
수영구,효성모텔,여관업,폐업,폐업,198207,201702,"부산광역시 수영구 남천바다로33번길 4 (광안동, 2층, 3층)",,129.11417809,35.14864536
수영구,힐탑모텔,여관업,폐업,폐업,197706,201111,,,129.11558169,35.16656864
연제구,17th(티에이치)호텔,여관업,영업/정상,영업,200401,,부산광역시 연제구 월드컵대로145번길 5 (연산동),,129.08029167,35.1860336
연제구,BNB(비앤비),여관업,영업/정상,영업,199807,,부산광역시 연제구 월드컵대로114번길 15 (연산동),,129.08307866,35.18512668
연제구,HOTEL BROWN-DOT(호텔브라운돗),여관업,영업/정상,영업,200707,,부산광역시 연제구 과정로191번길 47 (연산동),,129.10655818,35.18564983
연제구,굿타임 모텔,여관업,영업/정상,영업,200102,,부산광역시 연제구 중앙대로1054번길 20 (연산동),,129.07989983,35.1820092
연제구,궁락모텔,여인숙업,영업/정상,영업,197307,,부산광역시 연제구 중앙대로1120번길 17 (연산동),,129.08237753,35.18783234
연제구,궁전모텔,여관업,영업/정상,영업,200111,,부산광역시 연제구 고분로13번길 5-8 (연산동),,129.08389882,35.18628597
연제구,그레이191 호텔,여관업,영업/정상,영업,200307,,부산광역시 연제구 과정로191번길 57 (연산동),,129.10653908,35.1851607
연제구,넘버25호텔,여관업,영업/정상,영업,200302,,부산광역시 연제구 거제천로154번길 30 (연산동),,129.07840016,35.18652514
연제구,노블모텔,여관업,영업/정상,영업,200404,,부산광역시 연제구 고분로 7-1 (연산동),,129.08331461,35.18614071
연제구,다우모텔,여관업,영업/정상,영업,200009,,부산광역시 연제구 중앙대로1120번길 7 (연산동),,129.08183694,35.18783031
연제구,대원장여관,여관업,영업/정상,영업,199103,,부산광역시 연제구 거제천로230번길 98 (연산동),,129.0829239,35.18749755
연제구,더 스테이(THE STAY),숙박업(생활),영업/정상,영업,202501,,"부산광역시 연제구 중앙대로 1116-8, 어반스테이 3~23층 (연산동)",,129.08203971,35.18705876
연제구,더 제니스 호텔,일반호텔,영업/정상,영업,200003,,부산광역시 연제구 거제천로152번길 66 (연산동),,129.07974027,35.18524298
연제구,더블유(w)스테이호텔 부산시청점,숙박업(생활),영업/정상,영업,202412,,"부산광역시 연제구 중앙대로 1116-8, 3~23층 일부호 (연산동)",,129.08203971,35.18705876
연제구,더블유모텔,여관업,영업/정상,영업,200201,,부산광역시 연제구 중앙대로1120번길 13-4 (연산동),,129.08253625,35.1879724
연제구,더킹호텔,관광호텔,영업/정상,영업,201709,,"부산광역시 연제구 과정로 161, 2~10층 (연산동)",,129.10683832,35.18591159
연제구,럭스모텔,숙박업 기타,영업/정상,영업,202508,,부산광역시 연제구 중앙대로1120번길 9 (연산동),,129.08192172,35.1878461
연제구,모모장여관,여관업,영업/정상,영업,200102,,부산광역시 연제구 월드컵대로111번길 6-12 (연산동),,129.08189806,35.18441021
연제구,문화장,여관업,영업/정상,영업,200108,,부산광역시 연제구 월드컵대로153번길 21 (연산동),,129.07901099,35.18569497
연제구,발리호텔,여관업,영업/정상,영업,200102,,부산광역시 연제구 반송로 32-8 (연산동),,129.08417027,35.18738336
연제구,벨린호텔,여관업,영업/정상,영업,200106,,부산광역시 연제구 반송로 13-1 (연산동),,129.08231578,35.18697909
연제구,부산시티호텔,관광호텔,영업/정상,영업,202202,,"부산광역시 연제구 신촌로 19, 4~13층 (연산동)",,129.07628214,35.18267021
연제구,부원장,여관업,영업/정상,영업,200111,,부산광역시 연제구 월드컵대로165번길 15 (연산동),,129.07803085,35.18642554
연제구,브라운도트호텔(연산점),일반호텔,영업/정상,영업,200206,,부산광역시 연제구 월드컵대로99번길 30 (연산동),,129.0816465,35.18394554
연제구,브이호텔,여관업,영업/정상,영업,200503,,부산광역시 연제구 거제천로152번길 53 (연산동),,129.07938394,35.18579712
연제구,산호장,여관업,영업/정상,영업,200104,,부산광역시 연제구 과정로 335-1 (연산동),,129.09098075,35.19002758
연제구,샤이어호텔,여관업,영업/정상,영업,199812,,부산광역시 연제구 반송로 18-6 (연산동),,129.08321972,35.18674909
연제구,센트럴호텔,일반호텔,영업/정상,영업,200109,,부산광역시 연제구 중앙대로 1122 (연산동),,129.08158221,35.18781401
연제구,스카이 ,여관업,영업/정상,영업,200404,,부산광역시 연제구 고분로 7 (연산동),,129.08325649,35.18600218
연제구,시애틀비호텔,관광호텔,영업/정상,영업,201601,,"부산광역시 연제구 거제천로154번길 42, 시애틀비 호텔 1~10층 (연산동)",,129.07890207,35.1863018
연제구,신성하우스,숙박업(생활),영업/정상,영업,199901,,"부산광역시 연제구 과정로132번길 5, 2~4층 (연산동)",,129.10753645,35.18328169
연제구,썬비치,여관업,영업/정상,영업,200109,,부산광역시 연제구 반송로 18-8 (연산동),,129.08335052,35.18668155
연제구,아르반시티호텔,관광호텔,영업/정상,영업,200504,,"부산광역시 연제구 반송로 20, 동주빌딩 (연산동)",,129.08328623,35.18696429
연제구,아르빌,숙박업(생활),영업/정상,영업,200004,,부산광역시 연제구 거제천로230번길 96 (연산동),,129.082929,35.18758994
연제구,아바모텔,여관업,영업/정상,영업,201208,,부산광역시 연제구 거제천로152번길 56 (연산동),,129.0792648,35.18549888
연제구,아이유모텔,여관업,영업/정상,영업,200402,,부산광역시 연제구 월드컵대로99번길 31 (연산동),,129.08133871,35.18375988
연제구,앙소르 홈텔,숙박업(생활),영업/정상,영업,200008,,부산광역시 연제구 중앙대로1124번길 24 (연산동),,129.08245519,35.18813218
연제구,어반스테이 부산시청,숙박업(생활),영업/정상,영업,202205,,"부산광역시 연제구 중앙대로 1116-8, 4층~23층 일부호 (연산동)",,129.08203971,35.18705876
연제구,어반스테이더시티연산 코지하우스,숙박업(생활),영업/정상,영업,202211,,"부산광역시 연제구 중앙대로 1116-8, 2,4~10,12,13,15,20~23층 일부호 (연산동)",,129.08203971,35.18705876
연제구,에그(egg)모텔,여관업,영업/정상,영업,199412,,부산광역시 연제구 고분로13번길 13 (연산동),,129.08406814,35.18641437
연제구,에이치모먼트호텔(H.moment Hotel) 연산점,일반호텔,영업/정상,영업,200412,,부산광역시 연제구 거제천로154번길 36 (연산동),,129.07863673,35.18641955
연제구,와이유(YU)모텔,여관업,영업/정상,영업,200105,,부산광역시 연제구 월드컵대로165번길 33 (연산동),,129.07751817,35.18573293
연제구,웁스(OOPS),여관업,영업/정상,영업,200204,,부산광역시 연제구 월드컵대로119번길 10 (연산동),,129.08160935,35.18495852
연제구,원하우스,숙박업(생활),영업/정상,영업,198712,,부산광역시 연제구 월드컵대로120번길 5 (연산동),,129.08265445,35.18517347
연제구,위드모텔,여관업,영업/정상,영업,200212,,부산광역시 연제구 거제천로182번길 54 (연산동),,129.08008836,35.18724985
연제구,유신모텔,여관업,영업/정상,영업,200211,,부산광역시 연제구 중앙대로1120번길 21 (연산동),,129.08259336,35.18780587
연제구,제일여관,여관업,영업/정상,영업,198704,,부산광역시 연제구 월드컵대로 217-1 (거제동),,129.07272398,35.18857395
연제구,조이모텔,여관업,영업/정상,영업,200309,,부산광역시 연제구 거제천로230번길 93 (연산동),,129.08317338,35.18773495
연제구,퀸스모텔,여관업,영업/정상,영업,200301,,부산광역시 연제구 반송로 28 (연산동),,129.08392259,35.1875761
연제구,태화장,여관업,영업/정상,영업,200102,,부산광역시 연제구 월드컵대로111번길 6-6 (연산동),,129.08214472,35.18423115
연제구,토곡,여관업,영업/정상,영업,199612,,부산광역시 연제구 과정로 187-1 (연산동),,129.1066574,35.18751775
연제구,토마토,여관업,영업/정상,영업,200708,,부산광역시 연제구 월드컵대로 146 (연산동),,129.0804031,35.18678083
연제구,투헤븐호텔,일반호텔,영업/정상,영업,200111,,부산광역시 연제구 과정로191번길 25 (연산동),,129.10657706,35.18653161
연제구,파라다이스모텔,여관업,영업/정상,영업,200406,,부산광역시 연제구 월드컵대로 148 (연산동),,129.08026057,35.18683201
연제구,포시즌,숙박업(생활),영업/정상,영업,201804,,"부산광역시 연제구 월드컵대로 152, CMC빌딩 3,4,8~15층 (연산동)",,129.0798794,35.18697791
연제구,피아노 홈텔,숙박업(생활),영업/정상,영업,200409,,부산광역시 연제구 중앙대로1124번길 30 (연산동),,129.08275885,35.18805369
연제구,하얏트플레이스 부산연산,관광호텔,영업/정상,영업,202512,,"부산광역시 연제구 중앙대로 1121, 8~17층 (연산동)",,129.0807461,35.18772036
연제구,하운드 호텔,여관업,영업/정상,영업,200307,,부산광역시 연제구 월드컵대로153번길 9 (연산동),,129.07939389,35.18609335
연제구,호텔 로이,여관업,영업/정상,영업,200009,,부산광역시 연제구 과정로191번길 41 (연산동),,129.10648271,35.18588998
연제구,호텔 얌 연산점,여관업,영업/정상,영업,200206,,부산광역시 연제구 중앙대로1124번길 26 (연산동),,129.08260381,35.18810151
연제구,호텔 에이치엘비,숙박업(생활),영업/정상,영업,202508,,"부산광역시 연제구 중앙대로 1121, 18~27층 (연산동)",,129.0807461,35.18772036
연제구,호텔MU,숙박업 기타,영업/정상,영업,201412,,부산광역시 연제구 중앙대로1120번길 25 (연산동),,129.08276212,35.18784013
연제구,호텔더루아,여관업,영업/정상,영업,200503,,부산광역시 연제구 월드컵대로111번길 6-10 (연산동),,129.08199068,35.18435652
연제구,호텔라인,여관업,영업/정상,영업,200904,,부산광역시 연제구 거제천로152번길 55 (연산동),,129.0795403,35.18573204
연제구,호텔스미스(부산시청점),일반호텔,영업/정상,영업,200307,,부산광역시 연제구 거제천로154번길 35 (연산동),,129.07878454,35.18664371
연제구,호텔오마이,여관업,영업/정상,영업,200406,,부산광역시 연제구 과정로191번길 59 (연산동),,129.10655859,35.18493988
연제구,호텔와바(WABA),여관업,영업/정상,영업,200210,,부산광역시 연제구 거제천로230번길 88 (연산동),,129.08291579,35.18802077
연제구,호텔코지(HOTEL COZY),여관업,영업/정상,영업,200107,,부산광역시 연제구 과정로191번길 53 (연산동),,129.1065393,35.18532598
연제구,(주)숲속,여관업,폐업,폐업,200312,202106,부산광역시 연제구 월드컵대로111번길 6-17 (연산동),,,
연제구,(주)장연 다이아몬드 관광호텔,관광호텔,폐업,폐업,200307,202405,"부산광역시 연제구 월드컵대로164번길 26 (연산동,외1필지(1127-14번지))",,129.07931295,35.18778807
연제구,(주)제이디하우스,숙박업(생활),폐업,폐업,202408,202412,"부산광역시 연제구 중앙대로 1116-8, 2~23층 일부호 (연산동)",,129.08203971,35.18705876
연제구,(주)프리마관광호텔,관광호텔,폐업,폐업,199012,200506,,,129.08268636,35.18566678
연제구,1RUA(일루아),여관업,폐업,폐업,199005,202103,부산광역시 연제구 반송로 18-14 (연산동),,,
연제구,3.6.9 호텔,여관업,폐업,폐업,200306,201907,부산광역시 연제구 거제천로152번길 61 (연산동),,129.07971237,35.18564525
연제구,R모텔,여관업,폐업,폐업,200204,202112,부산광역시 연제구 거제천로152번길 51 (연산동),,129.0792286,35.18580745
연제구,VIP모텔,여관업,폐업,폐업,200209,201703,부산광역시 연제구 월드컵대로111번길 46 (연산동),,129.08081961,35.18264373
연제구,강남여관,여관업,폐업,폐업,199801,201609,부산광역시 연제구 중앙대로1065번길 4 (연산동),,129.07906106,35.18345765
연제구,경덕여관,여관업,폐업,폐업,197603,200312,,,129.06853245,35.18102976
연제구,경동여관,여관업,폐업,폐업,197005,200006,,,129.07741084,35.18132434
연제구,경수장여관,여관업,폐업,폐업,200108,200511,,,129.07879282,35.19203434
연제구,경수장여관,여관업,폐업,폐업,200007,200107,,,129.07879282,35.19203434
연제구,구영장,여관업,폐업,폐업,199302,201712,부산광역시 연제구 연수로 67-2 (연산동),,129.07824972,35.17567368
연제구,그린빌,여관업,폐업,폐업,198507,201508,부산광역시 연제구 중앙대로1039번길 9 (연산동),,129.07721613,35.1817258
연제구,금강장여관,여관업,폐업,폐업,199711,200312,,,129.08287961,35.18567814
연제구,남도장,여관업,폐업,폐업,199812,200410,,,129.07939395,35.18741271
연제구,남문장여관,여관업,폐업,폐업,200006,200309,,,129.07170732,35.18927406
연제구,뉴콘티넨탈관광호텔,관광호텔,폐업,폐업,200611,201811,"부산광역시 연제구 반송로 40 (연산동,외10필지)",,129.08500284,35.18795886
연제구,뉴황토방 모텔,여관업,폐업,폐업,200106,201206,,,129.08198029,35.18404089
연제구,대동빌,여인숙업,폐업,폐업,198704,201112,,,129.08288879,35.17542741
연제구,대림장,여관업,폐업,폐업,200102,200605,,,129.08209216,35.18820851
연제구,대림장여관,여관업,폐업,폐업,198309,200011,,,129.08209216,35.18820851
연제구,대원여관,여관업,폐업,폐업,200107,200912,,,129.07962796,35.18758366
연제구,대화여관,여관업,폐업,폐업,199906,200312,,,129.08114036,35.17514007
연제구,동명,여인숙업,폐업,폐업,198810,200506,,,,
연제구,동백장여관,여관업,폐업,폐업,200008,200312,,,129.08205334,35.18794355
연제구,동영,여인숙업,폐업,폐업,197007,200509,,,129.06648177,35.18962465
연제구,동오장,여관업,폐업,폐업,200201,202203,부산광역시 연제구 중앙대로1120번길 16 (연산동),,129.08231205,35.18764553
연제구,동오장여관,여관업,폐업,폐업,200105,200109,,,129.08231205,35.18764553
연제구,동일,여인숙업,폐업,폐업,199809,200312,,,129.08212389,35.18082282
연제구,동희장,여관업,폐업,폐업,200102,201611,부산광역시 연제구 반송로 32-15 (연산동),,129.08479485,35.18745718
연제구,럭스,여관업,폐업,폐업,200201,202508,부산광역시 연제구 중앙대로1120번길 9 (연산동),,129.08192172,35.1878461
연제구,로얄장,여관업,폐업,폐업,200107,201912,부산광역시 연제구 거제천로182번길 45 (연산동),,129.08031483,35.18765003
연제구,로타리모텔,여관업,폐업,폐업,200302,201406,부산광역시 연제구 거제천로230번길 81 (연산동),,129.08320527,35.18837567
연제구,르네상스모텔,여관업,폐업,폐업,200201,201310,부산광역시 연제구 고분로 5 (연산동),,129.08298153,35.18601503
연제구,마이모텔,여관업,폐업,폐업,200007,201112,,,129.09000951,35.19070727
연제구,매화장,여관업,폐업,폐업,200109,201511,부산광역시 연제구 신촌로 4-2 (연산동),,129.07800817,35.18228815
연제구,명동여인숙,여인숙업,폐업,폐업,200109,201011,,,129.07476362,35.18307858
연제구,명지여인숙,여인숙업,폐업,폐업,197306,199907,,,129.08293106,35.18099349
연제구,목화장,여관업,폐업,폐업,200109,200312,,,129.07972894,35.18766589
연제구,무진장여인숙,여인숙업,폐업,폐업,200103,202303,부산광역시 연제구 거제시장로 39-13 (거제동),,129.07065356,35.18214402
연제구,무진장여인숙,여인숙업,폐업,폐업,197307,200011,,,129.07065356,35.18214402
연제구,문화모텔,여관업,폐업,폐업,200512,201401,부산광역시 연제구 중앙대로1120번길 27 (연산동),,129.08294358,35.18776555
연제구,문화여관,여관업,폐업,폐업,198912,200312,,,129.08294358,35.18776555
연제구,미진장여관,여관업,폐업,폐업,198410,202404,부산광역시 연제구 거제시장로 24 (거제동),,129.07109664,35.18152116
연제구,백록장,여관업,폐업,폐업,200108,201801,부산광역시 연제구 중앙대로1120번길 13-5 (연산동),,129.08205334,35.18794355
연제구,백송,여관업,폐업,폐업,198809,200601,,,129.08515882,35.17874875
연제구,버킹검,여관업,폐업,폐업,200109,201309,부산광역시 연제구 중앙대로1120번길 25 (연산동),,129.08276212,35.18784013
연제구,부산,여인숙업,폐업,폐업,198605,200312,,,129.09189607,35.17376602
연제구,부원장,여관업,폐업,폐업,200103,200302,,,129.07803085,35.18642554
연제구,빅토리아코트,숙박업(생활),폐업,폐업,198008,202111,부산광역시 연제구 반송로 18-10 (연산동),,,
연제구,산해장,여관업,폐업,폐업,198412,201402,부산광역시 연제구 월드컵대로153번길 10 (연산동),,129.07921267,35.18624332
연제구,산해장여관,여관업,폐업,폐업,200102,200312,,,129.08184769,35.18417987
연제구,산호장여관,여관업,폐업,폐업,199711,200908,,,129.07870614,35.18731052
연제구,삼우장,여관업,폐업,폐업,200106,200503,,,129.08357801,35.18639255
연제구,삼일장,여관업,폐업,폐업,198601,200312,,,129.08389882,35.18628597
연제구,삼흥장여관,여관업,폐업,폐업,199401,200603,,,129.0679876,35.18998349
연제구,서강모텔,여관업,폐업,폐업,200109,200706,,,,
연제구,서울장,여관업,폐업,폐업,200106,200609,,,129.07826316,35.18753311
연제구,성림여관,여관업,폐업,폐업,198112,201203,,,129.09769709,35.18755466
연제구,성진여관,여관업,폐업,폐업,199503,200204,,,129.0798794,35.18697791
연제구,세림장,여관업,폐업,폐업,198912,202311,부산광역시 연제구 과정로191번길 3 (연산동),,129.10651039,35.18754843
연제구,센스,숙박업 기타,폐업,폐업,199011,201904,부산광역시 연제구 중앙대로 1121 (연산동),,129.0807461,35.18772036
연제구,송일,여인숙업,폐업,폐업,197910,201503,,,,
연제구,수림장여관,여관업,폐업,폐업,199801,200106,,,129.08228953,35.1880074
연제구,신라장여관,여관업,폐업,폐업,199901,200312,,,129.08390655,35.18745554
연제구,아림장,여관업,폐업,폐업,200004,200409,,,129.08275885,35.18805369
연제구,아이엔 호텔,여관업,폐업,폐업,200208,202412,부산광역시 연제구 월드컵대로120번길 14 (연산동),,129.08311309,35.18537622
연제구,양지,여인숙업,폐업,폐업,197601,201612,부산광역시 연제구 거제시장로 18-4 (거제동),,129.07185447,35.18122046
연제구,엔젤장,여관업,폐업,폐업,200111,202207,부산광역시 연제구 중앙대로1120번길 26 (연산동),,129.08275937,35.18757832
연제구,엘루이,여관업,폐업,폐업,200210,202512,부산광역시 연제구 거제천로182번길 46-3 (연산동),,129.07965489,35.18740886
연제구,연동여관,여관업,폐업,폐업,200004,200601,,,129.09108544,35.18997875
연제구,연산,여인숙업,폐업,폐업,198710,200509,,,,
연제구,연산장,여관업,폐업,폐업,200106,200510,,,129.09511437,35.17391073
연제구,연산장여관,여관업,폐업,폐업,198212,201905,부산광역시 연제구 월드컵대로114번길 11 (연산동),,129.08297172,35.18493613
연제구,연제장여관,여관업,폐업,폐업,199604,200509,,,,
연제구,오모텔,여관업,폐업,폐업,200012,202405,부산광역시 연제구 과정로 165-2 (연산동),,129.10664652,35.1862826
연제구,옥천장여관,여관업,폐업,폐업,199712,201506,,,129.07716207,35.18867548
연제구,온천여관,여관업,폐업,폐업,198111,199907,,,129.08534444,35.19070628
연제구,유니온별장,여관업,폐업,폐업,199409,201305,부산광역시 연제구 거제천로182번길 60 (연산동),,129.0803311,35.18708507
연제구,은하,여인숙업,폐업,폐업,198404,201610,,,,
연제구,이즈(IS),여관업,폐업,폐업,200301,201906,부산광역시 연제구 거제천로152번길 63 (연산동),,129.07987168,35.18551296
연제구,이화모텔,여관업,폐업,폐업,200201,201906,부산광역시 연제구 반송로 13-5 (연산동),,129.08203971,35.18705876
연제구,이화별장,여관업,폐업,폐업,198905,201807,부산광역시 연제구 반송로 18-12 (연산동),,129.08357193,35.186579
연제구,이화장여관,여관업,폐업,폐업,200201,201609,부산광역시 연제구 거제천로182번길 42 (연산동),,129.07982962,35.18774502
연제구,일성장여관,여관업,폐업,폐업,198006,200011,,,129.08287961,35.18567814
연제구,일송여관,여관업,폐업,폐업,198405,200206,,,,
연제구,잠자리모텔,여관업,폐업,폐업,200102,202501,부산광역시 연제구 월드컵대로120번길 18 (연산동),,129.08313156,35.18553409
연제구,정원장,여관업,폐업,폐업,199003,200204,,,129.08241346,35.18800034
연제구,제일,여인숙업,폐업,폐업,198107,201506,,,,
연제구,중앙여인숙,여인숙업,폐업,폐업,197110,199906,,,129.07158216,35.18134874
연제구,지앤지호텔(G&amp;G호텔),여관업,폐업,폐업,201304,202001,"부산광역시 연제구 거제천로154번길 56, 1~9층 (연산동)",,129.07961208,35.18602101
연제구,진성여관,여관업,폐업,폐업,197806,201812,부산광역시 연제구 중앙대로1040번길 20 (연산동),,129.07861659,35.1805707
연제구,천운장,여관업,폐업,폐업,200008,201511,부산광역시 연제구 과정로 336-1 (연산동),,129.09127356,35.1903818
연제구,청호,여인숙업,폐업,폐업,197307,200001,,,129.08286429,35.1848639
연제구,초원장,여관업,폐업,폐업,198804,201904,부산광역시 연제구 반송로 32-17 (연산동),,129.08491803,35.18735503
연제구,칠성여관,여관업,폐업,폐업,199108,201902,부산광역시 연제구 중앙대로1076번길 53 (연산동),,129.08277178,35.1827211
연제구,카리브모텔,여관업,폐업,폐업,200307,202107,부산광역시 연제구 월드컵대로120번길 13 (연산동),,129.08284794,35.18549201
연제구,태양 빌,숙박업(생활),폐업,폐업,199801,202302,부산광역시 연제구 과정로 165-1 (연산동),,129.10678327,35.18635743
연제구,태양장,여관업,폐업,폐업,200111,201703,부산광역시 연제구 거제천로152번길 52 (연산동),,129.07906486,35.18560624
연제구,태연장여관,여관업,폐업,폐업,198607,200403,,,129.08349173,35.18684392
연제구,태일장,여관업,폐업,폐업,198112,200006,,,129.09562816,35.18820448
연제구,파크장,여관업,폐업,폐업,200107,202112,부산광역시 연제구 중앙대로1120번길 20 (연산동),,129.08244306,35.18761524
연제구,포시즌 모텔,여관업,폐업,폐업,200404,201705,부산광역시 연제구 월드컵대로 152 (연산동),,129.0798794,35.18697791
연제구,포시즌게스트하우스,숙박업(생활),폐업,폐업,201607,201908,"부산광역시 연제구 월드컵대로 152, 15층 (연산동)",,129.0798794,35.18697791
연제구,풍연,여인숙업,폐업,폐업,198610,200309,,,129.09336695,35.17419879
연제구,프린스장,여관업,폐업,폐업,199801,202209,부산광역시 연제구 반송로 17 (연산동),,129.08270665,35.18720526
연제구,필 모텔,여관업,폐업,폐업,200402,202208,부산광역시 연제구 중앙대로1120번길 14-7 (연산동),,129.08253128,35.18742578
연제구,하니모텔,여관업,폐업,폐업,199606,201606,부산광역시 연제구 반송로 18-9 (연산동),,129.08359378,35.18678624
연제구,한양,여관업,폐업,폐업,198811,201712,부산광역시 연제구 명륜로2번길 17 (거제동),,,
연제구,한양장,여관업,폐업,폐업,200104,202106,"부산광역시 연제구 과정로 354 (연산동,104-84)",,129.09012634,35.19149837
연제구,한일여관,여관업,폐업,폐업,199907,201012,,,129.07593351,35.17704507
연제구,항도장여관,여관업,폐업,폐업,198311,200106,,,129.10437179,35.18851194
연제구,행운,여인숙업,폐업,폐업,197603,201003,,,129.08448338,35.17538706
연제구,현대,여인숙업,폐업,폐업,199703,201001,,,129.08616748,35.17770736
연제구,현대,여인숙업,폐업,폐업,197805,201409,부산광역시 연제구 연수로 98 (연산동),,129.08151198,35.17511133
연제구,현대장,여관업,폐업,폐업,200111,200912,,,129.08264792,35.1875908
연제구,호림장,여관업,폐업,폐업,200108,201202,부산광역시 연제구 월드컵대로145번길 10 (연산동),,129.08007908,35.18586205
연제구,호반여인숙,여인숙업,폐업,폐업,200106,201505,부산광역시 연제구 연수로159번길 5 (연산동),,129.08820736,35.1747409
연제구,호수장,여관업,폐업,폐업,197706,200005,,,129.07910879,35.18629
연제구,호텔M(목화호텔),숙박업 기타,폐업,폐업,201501,201912,부산광역시 연제구 중앙대로 1125 (연산동),,129.08046458,35.18799357
연제구,화목모텔,여관업,폐업,폐업,200111,200509,,,129.08048469,35.18700708
연제구,황토모텔,여관업,폐업,폐업,200108,201907,부산광역시 연제구 반송로 30 (연산동),,129.08420742,35.18768787
연제구,효성장,여관업,폐업,폐업,200201,200406,,,129.08227899,35.18784766
영도구,180스테이(180STAY),숙박업(생활),영업/정상,영업,202508,,"부산광역시 영도구 하나길 713, 1,2층 (봉래동5가)",,129.0517912,35.09336781
영도구,E 모텔,여관업,영업/정상,영업,198507,,부산광역시 영도구 절영로35번길 21 (대교동2가),,129.04034671,35.09095983
영도구,G2 모텔,여관업,영업/정상,영업,198804,,부산광역시 영도구 아랫서발길 5 (동삼동),,129.08094606,35.06593795
영도구,J (제이모텔),여관업,영업/정상,영업,198808,,부산광역시 영도구 절영로14번길 20 (봉래동1가),,129.03904008,35.09341331
영도구,O.K모텔,여관업,영업/정상,영업,200212,,부산광역시 영도구 절영로19번길 33 (대교동2가),,129.04169632,35.09206362
영도구,V 모텔 강남,여관업,영업/정상,영업,198707,,부산광역시 영도구 태종로89번길 3 (대교동2가),,129.04078852,35.09212952
영도구,경호펜션,여관업,영업/정상,영업,202305,,"부산광역시 영도구 절영로36번길 2, 3층 (대교동1가)",,129.03908528,35.09148483
영도구,그랜드베른호텔,관광호텔,영업/정상,영업,202109,,부산광역시 영도구 해양로 38 (청학동),,129.05948021,35.09785868
영도구,글랜스호텔,일반호텔,영업/정상,영업,199912,,부산광역시 영도구 봉래나루로 56 (봉래동1가),,129.03878411,35.09344957
영도구,나인,여관업,영업/정상,영업,200405,,부산광역시 영도구 절영로 48-1 (남항동1가),,129.03839493,35.09029349
영도구,낙원장,여관업,영업/정상,영업,199004,,부산광역시 영도구 절영로19번길 48 (대교동2가),,129.04226604,35.09162614
영도구,남일여인숙,여인숙업,영업/정상,영업,197301,,부산광역시 영도구 태종로50번길 45 (대교동1가),,129.03788287,35.09249215
영도구,노스하버호텔부산,일반호텔,영업/정상,영업,202105,,부산광역시 영도구 태종로 45 (대교동1가),,129.03730694,35.09381053
영도구,녹원장,여관업,영업/정상,영업,198812,,부산광역시 영도구 태종로100번길 16 (대교동2가),,129.04131118,35.09063391
영도구,다담,여관업,영업/정상,영업,197809,,부산광역시 영도구 남항서로104번길 13 (남항동2가),,129.03737127,35.0894574
영도구,대영,여관업,영업/정상,영업,197407,,부산광역시 영도구 태종로310번길 13 (청학동),,129.05993529,35.09668997
영도구,동남모텔,여관업,영업/정상,영업,199504,,부산광역시 영도구 절영로101번길 22 (영선동3가),,129.04115294,35.08705524
영도구,동명장 모텔,여인숙업,영업/정상,영업,196611,,부산광역시 영도구 남항로 11-6 (남항동1가),,129.03807956,35.08987566
영도구,동백모텔,여관업,영업/정상,영업,197712,,부산광역시 영도구 절영로20번길 8 (대교동1가),,129.03937855,35.09290061
영도구,동아,여관업,영업/정상,영업,196709,,부산광역시 영도구 대평남로 2 (남항동2가),,129.03647944,35.08976683
영도구,드림모텔,여관업,영업/정상,영업,200304,,부산광역시 영도구 태종로99번길 15 (대교동2가),,129.04202851,35.09208614
영도구,디자이너스 스테이 부산,일반호텔,영업/정상,영업,202205,,부산광역시 영도구 남항서로 115 (남항동1가),,129.03686773,35.09069999
영도구,라발스호텔,일반호텔,영업/정상,영업,201901,,부산광역시 영도구 봉래나루로 82 (봉래동1가),,129.03914042,35.09451286
영도구,문화장,여관업,영업/정상,영업,198610,,부산광역시 영도구 태종로83번길 16 (대교동2가),,129.04065144,35.09257666
영도구,미미장,여관업,영업/정상,영업,198909,,부산광역시 영도구 태종로83번길 33 (봉래동1가),,129.04084524,35.0934511
영도구,베이 하운드 호텔,관광호텔,영업/정상,영업,200209,,부산광역시 영도구 태종로65번길 11 (대교동1가),,129.03843578,35.09313221
영도구,부산호텔그라체(영도점),숙박업(생활),영업/정상,영업,202507,,부산광역시 영도구 동삼오션로 58 (동삼동),,129.08330537,35.06913555
영도구,브라운도트 영도대교점,일반호텔,영업/정상,영업,200310,,부산광역시 영도구 절영로19번길 37 (대교동2가),,129.04193852,35.09197152
영도구,블루호텔,여관업,영업/정상,영업,200504,,부산광역시 영도구 절영로42번길 5 (남항동1가),,129.03843783,35.09072683
영도구,비취모텔,여관업,영업/정상,영업,198909,,부산광역시 영도구 태종로65번길 6 (대교동1가),,129.03866209,35.09288925
영도구,비치호텔,여관업,영업/정상,영업,200212,,부산광역시 영도구 하리해안길 10-9 (동삼동),,129.08128333,35.06916376
영도구,산해모텔,여관업,영업/정상,영업,198205,,부산광역시 영도구 동삼로68번길 3 (동삼동),,129.07050099,35.07960309
영도구,서정적인호텔 부산영도점,여관업,영업/정상,영업,198306,,부산광역시 영도구 하리해안길 6-13 (동삼동),,129.08112173,35.06891503
영도구,송원모텔,여관업,영업/정상,영업,199106,,부산광역시 영도구 절영로14번길 17 (대교동1가),,129.03917323,35.09318765
영도구,스테이하버,여관업,영업/정상,영업,198605,,부산광역시 영도구 태종로73번길 25 (봉래동1가),,129.03928803,35.09365065
영도구,시타딘커넥트호텔 하리 부산,일반호텔,영업/정상,영업,202206,,부산광역시 영도구 동삼오션로 58 (동삼동),,129.08330537,35.06913555
영도구,시프트도어 하리 레지던스,숙박업(생활),영업/정상,영업,202206,,부산광역시 영도구 동삼오션로 58 (동삼동),,129.08330537,35.06913555
영도구,신데렐라,여관업,영업/정상,영업,198803,,부산광역시 영도구 남항로19번길 49 (대교동2가),,129.03980282,35.0914832
영도구,신원모텔,여관업,영업/정상,영업,199807,,부산광역시 영도구 태종로89번길 13 (대교동2가),,129.04092236,35.09240635
영도구,썸모텔,여관업,영업/정상,영업,198809,,부산광역시 영도구 남항로19번길 38 (남항동1가),,129.03972319,35.09094288
영도구,씨네모텔,여관업,영업/정상,영업,199004,,부산광역시 영도구 남항로19번길 45 (대교동2가),,129.03973232,35.09140671
영도구,아란치모텔,여관업,영업/정상,영업,198809,,부산광역시 영도구 태종로 761 (동삼동),,129.08091144,35.06842724
영도구,아마존모텔,여관업,영업/정상,영업,198901,,부산광역시 영도구 절영로14번길 7 (대교동1가),,129.03966733,35.09305072
영도구,아이존모텔,여관업,영업/정상,영업,197910,,부산광역시 영도구 절영로 52 (남항동1가),,129.03830659,35.08998113
영도구,영도 엘스테이,숙박업(생활),영업/정상,영업,202311,,부산광역시 영도구 동삼오션로 58 (동삼동),,129.08330537,35.06913555
영도구,오투모텔,여관업,영업/정상,영업,199005,,부산광역시 영도구 남항로19번길 43 (대교동2가),,129.03969372,35.09133801
영도구,온정스테이 영도,숙박업(생활),영업/정상,영업,202607,,부산광역시 영도구 봉래길 38 (봉래동4가),,129.04960796,35.09075124
영도구,우리모텔,여관업,영업/정상,영업,198801,,부산광역시 영도구 절영로20번길 5 (대교동1가),,129.03945563,35.092699
영도구,우창모텔,여관업,영업/정상,영업,200301,,부산광역시 영도구 절영로 15-1 (대교동2가),,129.04026543,35.09265354
영도구,원모텔,여관업,영업/정상,영업,199603,,부산광역시 영도구 남항로19번길 34 (남항동1가),,129.03963671,35.09077571
영도구,유성장,여관업,영업/정상,영업,199409,,부산광역시 영도구 절영로8번길 11 (봉래동1가),,129.03971867,35.09369676
영도구,이브모텔,여관업,영업/정상,영업,199606,,부산광역시 영도구 절영로36번길 19 (남항동1가),,129.03809774,35.09152695
영도구,이패션모텔,여관업,영업/정상,영업,197301,,부산광역시 영도구 남항로31번길 17 (남항동1가),,129.04021736,35.08982563
영도구,이화장,여관업,영업/정상,영업,199110,,부산광역시 영도구 남항로25번길 13 (남항동1가),,129.03954575,35.0897836
영도구,조양장,여관업,영업/정상,영업,197609,,부산광역시 영도구 태종로 334-1 (청학동),,129.06212181,35.0959403
영도구,주식회사 지평네오시티,숙박업(생활),영업/정상,영업,202512,,부산광역시 영도구 동삼오션로 58 (동삼동),,129.08330537,35.06913555
영도구,지오(Go)모텔,여관업,영업/정상,영업,200308,,부산광역시 영도구 태종로73번길 11 (대교동1가),,129.03908105,35.09303429
영도구,청호,여관업,영업/정상,영업,198309,,부산광역시 영도구 남항로10번길 29 (남항동2가),,129.03707596,35.08850591
영도구,첼로모텔,여관업,영업/정상,영업,198712,,부산광역시 영도구 절영로36번길 4 (대교동1가),,129.03893865,35.09149101
영도구,큐 모텔,여관업,영업/정상,영업,200907,,부산광역시 영도구 해양로 50 (청학동),,129.06072642,35.09723796
영도구,큐브모텔,여관업,영업/정상,영업,198809,,부산광역시 영도구 절영로 37-8 (남항동1가),,129.0393087,35.09070071
영도구,태성파크,여관업,영업/정상,영업,198601,,부산광역시 영도구 절영로36번길 2 (대교동1가),,129.03905557,35.09141218
영도구,태종파크텔,여관업,영업/정상,영업,198410,,부산광역시 영도구 태종로 802 (동삼동),,129.08070038,35.06489409
영도구,테마,여관업,영업/정상,영업,200309,,부산광역시 영도구 태종로99번길 18 (대교동2가),,129.04231851,35.09213124
영도구,펜션브릿지호텔,일반호텔,영업/정상,영업,200304,,부산광역시 영도구 봉래나루로 72 (봉래동1가),,129.03899206,35.09415317
영도구,핑크장,여관업,영업/정상,영업,197712,,부산광역시 영도구 태종로83번길 16-3 (대교동2가),,129.04076375,35.09265938
영도구,하얀성모텔,여관업,영업/정상,영업,198812,,부산광역시 영도구 하리해안길 10-13 (동삼동),,129.08145599,35.0688129
영도구,항구모텔,여관업,영업/정상,영업,198708,,부산광역시 영도구 절영로50번길 19 (남항동1가),,129.0374481,35.09026759
영도구,항남모텔,여관업,영업/정상,영업,197711,,부산광역시 영도구 남항서로 129-1 (대교동1가),,129.03770532,35.092175
영도구,해성장,여관업,영업/정상,영업,198701,,부산광역시 영도구 산업로 6 (청학동),,129.0643137,35.09509687
영도구,행운모텔,여관업,영업/정상,영업,197812,,부산광역시 영도구 남항서로 126 (남항동1가),,129.03782666,35.09143982
영도구,호텔아델라,일반호텔,영업/정상,영업,202109,,부산광역시 영도구 태종로 45 (대교동1가),,129.03730694,35.09381053
영도구,호텔아델라1,일반호텔,영업/정상,영업,202110,,부산광역시 영도구 태종로 45 (대교동1가),,129.03730694,35.09381053
영도구,희빈장,여관업,영업/정상,영업,198801,,부산광역시 영도구 절영로29번길 30 (대교동2가),,129.0408787,35.09108343
영도구,(주)비지비 미디호텔 영도점,일반호텔,폐업,폐업,202010,202110,부산광역시 영도구 태종로 45 (대교동1가),,129.03730694,35.09381053
영도구,8.15,여인숙업,폐업,폐업,197306,199905,,,129.03879979,35.09325966
영도구,경미여인숙,여인숙업,폐업,폐업,197303,201703,부산광역시 영도구 남항로 21-2 (남항동1가),,129.03907287,35.08946503
영도구,경북,여인숙업,폐업,폐업,197204,200309,,,,
영도구,경원,여관업,폐업,폐업,198412,201403,부산광역시 영도구 남항서로 114 (남항동1가),,129.03722864,35.09042413
영도구,곤포가든여인숙,여인숙업,폐업,폐업,199805,200409,,,129.07998439,35.05833704
영도구,공덕여인숙,여인숙업,폐업,폐업,196706,201901,,,,
영도구,관해,여인숙업,폐업,폐업,196811,200112,,,129.03369423,35.09027985
영도구,그린모텔,여관업,폐업,폐업,199007,202101,부산광역시 영도구 태종로99번길 14 (대교동2가),,129.04227865,35.09197514
영도구,금성,여관업,폐업,폐업,197402,200710,,,,
영도구,금호파크,여관업,폐업,폐업,197401,201002,,,129.03730075,35.09141168
영도구,남도,여인숙업,폐업,폐업,196712,200309,,,,
영도구,남항장,여관업,폐업,폐업,198110,201403,부산광역시 영도구 남항로 12 (남항동2가),,129.03781209,35.08958461
영도구,내원장,여관업,폐업,폐업,197808,201105,,,,
영도구,대교,여인숙업,폐업,폐업,196804,199704,,,129.04033238,35.09241573
영도구,대도,여관업,폐업,폐업,197008,202405,부산광역시 영도구 남항로25번길 13-2 (남항동1가),,129.03956395,35.08992156
영도구,대림여관,여관업,폐업,폐업,197805,199906,,,129.04149489,35.093432
영도구,대성장,여관업,폐업,폐업,198402,201106,,,129.08047567,35.06628807
영도구,대영,여인숙업,폐업,폐업,197001,200309,,,129.04397818,35.09210496
영도구,대영여인숙,여인숙업,폐업,폐업,197306,200704,,,129.03793673,35.08891769
영도구,덕수모텔,여관업,폐업,폐업,198804,202301,부산광역시 영도구 절영로20번길 3 (대교동1가),,129.03958059,35.09265615
영도구,동명여인숙,여인숙업,폐업,폐업,197010,200912,,,,
영도구,동명장,여관업,폐업,폐업,197007,199712,,,129.03923468,35.09190421
영도구,동명장,관광호텔,폐업,폐업,197007,199712,,,129.03923468,35.09190421
영도구,동성장여인숙,여인숙업,폐업,폐업,197211,201003,,,129.03887496,35.09158129
영도구,동원여인숙,여인숙업,폐업,폐업,197205,200907,,,129.03843043,35.09101848
영도구,동원장,여관업,폐업,폐업,198103,201403,,,,
영도구,동일여인숙,여인숙업,폐업,폐업,196801,201705,,,,
영도구,두성여인숙,여인숙업,폐업,폐업,196901,200702,,,129.04219537,35.09049176
영도구,레드모텔,여관업,폐업,폐업,198808,201202,부산광역시 영도구 태종로773번길 4 (동삼동),,129.08164574,35.06754093
영도구,로얄장,여관업,폐업,폐업,198711,200605,,,129.08068753,35.06894821
영도구,로즈모텔,여관업,폐업,폐업,200503,200703,,,129.0425637,35.09026159
영도구,만덕장여인숙,여인숙업,폐업,폐업,196511,201907,부산광역시 영도구 절영로101번길 8 (영선동3가),,129.04079798,35.08648103
영도구,명성,여관업,폐업,폐업,199008,201112,부산광역시 영도구 태종로89번길 46-6 (봉래동2가),,129.04200925,35.09346967
영도구,목화장,여관업,폐업,폐업,198812,200510,,,129.03875614,35.09131085
영도구,무지개모텔,여관업,폐업,폐업,198510,201502,부산광역시 영도구 태종로100번길 11 (대교동2가),,129.04166572,35.09081367
영도구,문화여관,여관업,폐업,폐업,196707,200503,,,129.0464005,35.09301267
영도구,밀양여인숙,여인숙업,폐업,폐업,196710,201110,,,,
영도구,밸류호텔부산,일반호텔,폐업,폐업,201803,202207,"부산광역시 영도구 태종로 45, 밸류호텔부산 (대교동1가)",,129.03730694,35.09381053
영도구,벨리타,숙박업(생활),폐업,폐업,202405,202602,부산광역시 영도구 와치로 54 (청학동),,129.06058396,35.08806195
영도구,별장모텔,여관업,폐업,폐업,196803,200702,,,129.08111903,35.06075296
영도구,부남,여인숙업,폐업,폐업,196912,199711,,,,
영도구,부산장,여관업,폐업,폐업,198003,201403,부산광역시 영도구 태종로 88 (대교동2가),,129.04045491,35.09170756
영도구,부일,여인숙업,폐업,폐업,196903,199710,,,,
영도구,부일장,여관업,폐업,폐업,198802,200401,,,129.03975427,35.09387387
영도구,산복여인숙,여인숙업,폐업,폐업,197006,201310,부산광역시 영도구 절영로 150 (영선동4가),,129.04123917,35.08315115
영도구,산정,여인숙업,폐업,폐업,197212,199801,,,129.046326,35.08729451
영도구,삼각지,여인숙업,폐업,폐업,197210,200005,,,129.03876174,35.0897037
영도구,삼오,여관업,폐업,폐업,197708,201403,부산광역시 영도구 대평로34번길 9-34 (대평동2가),,129.03379213,35.09279824
영도구,삼호별장,여관업,폐업,폐업,198910,200911,,,129.04434978,35.09178655
영도구,선학,여인숙업,폐업,폐업,196909,200309,,,,
영도구,선화장,여관업,폐업,폐업,197412,201712,부산광역시 영도구 절영로30번길 18 (대교동1가),,129.03850084,35.09214314
영도구,설화장,여관업,폐업,폐업,198610,201107,,,129.04162825,35.09051163
영도구,성남,여인숙업,폐업,폐업,197303,200309,,,,
영도구,성남여인숙,여인숙업,폐업,폐업,197307,201011,,,129.03797098,35.09015348
영도구,성도여인숙,여인숙업,폐업,폐업,197212,199905,,,,
영도구,세종여인숙,여인숙업,폐업,폐업,197210,200708,,,,
영도구,송도장여인숙,여인숙업,폐업,폐업,196805,201403,,,129.0457119,35.07953073
영도구,송림여인숙,여인숙업,폐업,폐업,197305,201104,,,129.07914011,35.0704959
영도구,송학,관광호텔,폐업,폐업,196712,199802,,,,
영도구,송학,여관업,폐업,폐업,196712,199802,,,,
영도구,신동,여인숙업,폐업,폐업,196811,199809,,,,
영도구,신선여인숙,여인숙업,폐업,폐업,197004,200711,,,129.04774062,35.08942625
영도구,신성여인숙,여인숙업,폐업,폐업,197304,201312,부산광역시 영도구 수정길 138 (신선동3가),,129.04316627,35.08463899
영도구,신신여인숙,여인숙업,폐업,폐업,197212,200908,,,129.04122772,35.08329552
영도구,신화,여인숙업,폐업,폐업,197006,199702,,,,
영도구,신흥모텔,여관업,폐업,폐업,196809,201403,부산광역시 영도구 남항로19번길 3-4 (남항동1가),,129.03876174,35.0897037
영도구,씨사이드모텔,여관업,폐업,폐업,198007,202110,부산광역시 영도구 남항서로 115 (남항동1가),,129.03694328,35.09067202
영도구,아일랜드호텔부산,일반호텔,폐업,폐업,202109,202504,부산광역시 영도구 태종로 45 (대교동1가),,129.03730694,35.09381053
영도구,아쿠아모텔,여관업,폐업,폐업,198012,201410,부산광역시 영도구 남항로19번길 30 (남항동1가),,129.03956392,35.09064384
영도구,안성,여인숙업,폐업,폐업,196810,200112,,,129.03918009,35.09423185
영도구,양금장,여관업,폐업,폐업,198911,201112,부산광역시 영도구 절영로7번길 6 (봉래동1가),,129.04069826,35.09329
영도구,엔젤별장,여관업,폐업,폐업,197808,200605,,,129.03910341,35.09207597
영도구,엠모텔,여관업,폐업,폐업,200203,201108,,,129.04270599,35.09129645
영도구,영도별장,여관업,폐업,폐업,198907,200204,,,129.04169632,35.09206362
영도구,영빈장,여관업,폐업,폐업,198909,201012,,,129.03878173,35.08982116
영도구,영진여인숙,여인숙업,폐업,폐업,196808,200410,,,129.03978035,35.08427573
영도구,우정,여인숙업,폐업,폐업,196710,200309,,,129.05969931,35.09648586
영도구,원모텔,여관업,폐업,폐업,198712,201007,,,129.03815729,35.09173269
영도구,월성,여인숙업,폐업,폐업,196805,200309,,,,
영도구,유정,여인숙업,폐업,폐업,197204,199604,,,129.08010575,35.06801998
영도구,은하,여관업,폐업,폐업,197705,201711,부산광역시 영도구 절영로14번길 19 (대교동1가),,129.03897791,35.09322733
영도구,은화여인숙,여인숙업,폐업,폐업,196809,200801,,,,
영도구,이화모텔,여관업,폐업,폐업,197210,201705,부산광역시 영도구 태종로 789 (동삼동),,129.08149819,35.06596116
영도구,자이언트,여관업,폐업,폐업,199012,200303,,,129.04231851,35.09213124
영도구,창신,여인숙업,폐업,폐업,197109,199609,,,,
영도구,천우장,여관업,폐업,폐업,197506,201402,부산광역시 영도구 영선대로 97-2 (영선동2가),,129.04276935,35.0896844
영도구,청원,여관업,폐업,폐업,198408,201403,부산광역시 영도구 대평로28번길 13-10 (대평동1가),,129.0343668,35.09237368
영도구,초원장,여관업,폐업,폐업,197508,201203,부산광역시 영도구 절영로29번길 40 (대교동2가),,129.04145535,35.09092855
영도구,충남여인숙,여인숙업,폐업,폐업,197303,200809,,,129.03908871,35.09064329
영도구,탑모텔,여관업,폐업,폐업,200504,202011,부산광역시 영도구 태종로99번길 12 (대교동2가),,129.04222792,35.09186406
영도구,태광장,여관업,폐업,폐업,198110,200011,,,129.04199545,35.09151098
영도구,태종대 관광 호텔,관광호텔,폐업,폐업,198904,200802,,,129.080363,35.0632073
영도구,태종대여인숙,여인숙업,폐업,폐업,196907,200309,,,,
영도구,평화모텔,여관업,폐업,폐업,197402,201406,부산광역시 영도구 남항로25번길 14 (남항동1가),,,
영도구,푸른장,여관업,폐업,폐업,197407,200004,,,129.04259922,35.09033739
영도구,프린스,여관업,폐업,폐업,198811,201208,부산광역시 영도구 남항로49번길 49 (영선동1가),,129.04266111,35.09044198
영도구,하모니 페신져케빈,,폐업,폐업,201201,201409,"부산광역시 영도구 해양로301번길 17 (동삼동, 극제크루즈터미널)",,129.07888926,35.08047419
영도구,한국모텔,여관업,폐업,폐업,197808,202504,부산광역시 영도구 태종로50번길 41 (대교동1가),,129.03767222,35.09257672
영도구,한영모텔,여관업,폐업,폐업,198611,200609,,,,
영도구,항도,여인숙업,폐업,폐업,197302,199608,,,129.0416898,35.09062905
영도구,항도별장,여관업,폐업,폐업,198701,200604,,,129.03685317,35.09323427
영도구,해남장,여관업,폐업,폐업,199405,200410,,,129.04051244,35.09066469
영도구,해양,여인숙업,폐업,폐업,197211,200309,,,129.04577444,35.09548715
영도구,해창장,여관업,폐업,폐업,197804,200502,,,129.0425637,35.09026159
영도구,행복모텔,여인숙업,폐업,폐업,197002,201210,부산광역시 영도구 남항로16번길 9 (남항동2가),,129.03804738,35.0890402
영도구,호반장,여관업,폐업,폐업,197804,200112,,,129.04389121,35.09215112
영도구,홍원별장,여관업,폐업,폐업,199009,201205,부산광역시 영도구 절영로35번길 1 (대교동2가),,,
중구,(주)부산관광호텔,관광호텔,영업/정상,영업,197407,,부산광역시 중구 광복로97번길 23 (동광동2가),,129.03459164,35.10045961
중구,(주)센트럴파크호텔 부산,일반호텔,영업/정상,영업,201707,,부산광역시 중구 해관로 20 (중앙동1가),,129.03595006,35.10050078
중구,(주)아이에이치엠 호텔포레 프리미어 남포지점,일반호텔,영업/정상,영업,201702,,부산광역시 중구 구덕로 54-1 (남포동5가),,129.02971118,35.09838211
중구,(주)커넥트호텔부산,일반호텔,영업/정상,영업,202303,,부산광역시 중구 대교로 115-1 (중앙동6가),,129.03738521,35.1004423
중구,BIFF 게스트하우스,숙박업 기타,영업/정상,영업,196904,,부산광역시 중구 중구로5번길 12-12 (남포동6가),,129.02696388,35.09825331
중구,MK 게스트하우스,숙박업 기타,영업/정상,영업,198006,,부산광역시 중구 보수대로44번길 5 (부평동4가),,129.02364302,35.10096261
중구,Stay for you(스테이포유),숙박업(생활),영업/정상,영업,202605,,"부산광역시 중구 대청로134번길 22, 4~6층 (동광동2가)",,129.03505662,35.10086531
중구,WA(와)호텔,일반호텔,영업/정상,영업,201506,,부산광역시 중구 광복로97번안길 5 (광복동1가),,129.03498731,35.09905238
중구,게스트하우스 디어문,숙박업(생활),영업/정상,영업,201903,,"부산광역시 중구 비프광장로 14-2, 3.4층 (남포동6가)",,129.02689455,35.0983661
중구,경화기업(주) 타워힐관광호텔,관광호텔,영업/정상,영업,197501,,부산광역시 중구 백산길 20 (동광동3가),,129.03433029,35.10119578
중구,굿올데이즈호텔,관광호텔,영업/정상,영업,202108,,부산광역시 중구 중앙대로41번길 5 (중앙동1가),,129.03588466,35.10111306
중구,그랜드장모텔,여관업,영업/정상,영업,198911,,부산광역시 중구 광복로16번길 18 (부평동1가),,129.02663889,35.09873746
중구,그리핀베이,숙박업(생활),영업/정상,영업,202111,,부산광역시 중구 자갈치로59번길 6 (남포동4가),,129.03089296,35.0978536
중구,그린 힐,여관업,영업/정상,영업,197001,,부산광역시 중구 중구로5번길 10 (남포동6가),,129.02713921,35.09812522
중구,금강장,여관업,영업/정상,영업,198910,,부산광역시 중구 흑교로35번길 7 (부평동3가),,129.02448524,35.10254515
중구,꼬모쉐 부산 남포점,여관업,영업/정상,영업,201410,,부산광역시 중구 광복로85번길 12 (광복동1가),,129.03452257,35.0993719
중구,남선장,여관업,영업/정상,영업,197408,,부산광역시 중구 자갈치로59번길 5-35 (남포동5가),,129.02974358,35.09761974
중구,남포테라스30,숙박업 기타,영업/정상,영업,201201,,"부산광역시 중구 광복로 88, 8층 (광복동1가)",,129.03453449,35.09838646
중구,넘버25시그니처호텔 대청점,관광호텔,영업/정상,영업,201712,,부산광역시 중구 대청로 107 (대청동2가),,129.03168533,35.10311908
중구,네스트 오브 남포,숙박업(생활),영업/정상,영업,202601,,"부산광역시 중구 대청로 115, 3층 (대청동1가)",,129.03265483,35.10298253
중구,놀 게스트하우스,숙박업 기타,영업/정상,영업,201306,,부산광역시 중구 광복로 21-3 (부평동1가),,129.02754621,35.09954326
중구,뉴시즈남포호텔,숙박업(생활),영업/정상,영업,202511,,부산광역시 중구 비프광장로 20 (남포동6가),,129.02765153,35.09843837
중구,대광호텔,여관업,영업/정상,영업,200201,,부산광역시 중구 자갈치로 27-1 (남포동6가),,129.02719001,35.09698188
중구,대성여인숙,여인숙업,영업/정상,영업,198306,,부산광역시 중구 자갈치로 64-12 (남포동4가),,129.03106032,35.09726525
중구,대성장,여관업,영업/정상,영업,198408,,"부산광역시 중구 자갈치로38번길 4-1 (남포동6가, 8-1,2)",,129.02844534,35.09661044
중구,대아장,여관업,영업/정상,영업,199612,,부산광역시 중구 자갈치로47번길 5-16 (남포동5가),,129.0285947,35.0975022
중구,대영호텔,일반호텔,영업/정상,영업,197903,,부산광역시 중구 중구로33번길 44 (부평동2가),,129.02561056,35.10109956
중구,대원장모텔,여관업,영업/정상,영업,197105,,부산광역시 중구 자갈치로 65 (남포동4가),,129.03136052,35.09764229
중구,더 라스트 호텔(THE LAST HOTEL),여관업,영업/정상,영업,200605,,"부산광역시 중구 광복로85번길 5-7, 2~6층 (광복동1가, 8,15-1번지)",,129.03363086,35.09883263
중구,더 하운드 호텔,일반호텔,영업/정상,영업,201405,,부산광역시 중구 대청로126번길 9 (동광동3가),,129.03395087,35.10206209
중구,더로찌,여관업,영업/정상,영업,196011,,부산광역시 중구 대영로242번길 18-7 (영주동),,129.03648456,35.11050435
중구,더베이먼트 레지던스,숙박업(생활),영업/정상,영업,202412,,부산광역시 중구 중구로5번길 14 (남포동6가),,129.02653337,35.09826326
중구,더베이먼트1차 1514호,숙박업(생활),영업/정상,영업,202607,,"부산광역시 중구 중구로5번길 14, 더베이먼트 비프애비뉴 99 15층 1514호 (남포동6가)",,129.02653337,35.09826326
중구,더베이먼트스위트,숙박업(생활),영업/정상,영업,202608,,"부산광역시 중구 중구로5번길 14, 더베이먼트 비프에비뉴 99 1201, 1307, 1308호 (남포동6가)",,129.02653337,35.09826326
중구,더베이먼트스테이,숙박업(생활),영업/정상,영업,202608,,"부산광역시 중구 중구로5번길 14, 더베이먼트 비프에비뉴 99 1403, 1502, 1507호 (남포동6가)",,129.02653337,35.09826326
중구,더휴식 아늑 부산남포점,일반호텔,영업/정상,영업,200108,,부산광역시 중구 대청로126번길 33 (동광동2가),,129.03455161,35.09990329
중구,덕성민박,숙박업(생활),영업/정상,영업,202401,,"부산광역시 중구 동광길 71-1, 1~3층 (동광동5가)",,129.03483707,35.10596374
중구,동명장,여관업,영업/정상,영업,198511,,"부산광역시 중구 자갈치로59번길 2, 3~5층 (남포동4가)",,129.03083801,35.09771109
중구,동산여인숙,여인숙업,영업/정상,영업,197106,,부산광역시 중구 대청로126번길 29 (동광동2가),,129.03444461,35.1003292
중구,동산장모텔,여관업,영업/정상,영업,197103,,부산광역시 중구 광복로67번길 30-22 (광복동3가),,129.03157267,35.10008854
중구,동성장,여관업,영업/정상,영업,197707,,부산광역시 중구 자갈치로 51 (남포동5가),,129.02978304,35.09743965
중구,동성장,여관업,영업/정상,영업,197705,,부산광역시 중구 중구로39번길 30 (부평동2가),,129.02635528,35.10147148
중구,디어문 하우스,숙박업(생활),영업/정상,영업,202407,,"부산광역시 중구 비프광장로 14-2, 2층 (남포동6가)",,129.02689455,35.0983661
중구,디토스테이,숙박업(생활),영업/정상,영업,202607,,"부산광역시 중구 남포길 34, 3층 (남포동2가)",,129.03247429,35.09822783
중구,라비앙즈 더베이먼트 남포점,숙박업(생활),영업/정상,영업,202407,,부산광역시 중구 중구로5번길 14 (남포동6가),,129.02653337,35.09826326
중구,라운지26호텔,일반호텔,영업/정상,영업,202012,,"부산광역시 중구 자갈치로47번길 5-13, LOUNGE 26 호텔 (남포동5가)",,129.02878429,35.09736004
중구,래디언트 남포,숙박업(생활),영업/정상,영업,202309,,부산광역시 중구 중구로5번길 14 (남포동6가),,129.02653337,35.09826326
중구,래원하우스,숙박업 기타,영업/정상,영업,202507,,"부산광역시 중구 중구로 14, 2,3,4층 (창선동2가)",,129.02793717,35.099068
중구,로망스,여관업,영업/정상,영업,199205,,부산광역시 중구 중구로5번길 12 (남포동6가),,129.02697748,35.09812536
중구,로얄관광호텔,관광호텔,영업/정상,영업,198212,,부산광역시 중구 광복로67번길 8 (광복동2가),,129.03273766,35.09923592
중구,로얄장,여관업,영업/정상,영업,196704,,부산광역시 중구 중구로62번길 6 (대청동3가),,129.0287219,35.10319652
중구,로즈모텔,여관업,영업/정상,영업,196802,,부산광역시 중구 중구로5번길 10-2 (남포동6가),,129.02706026,35.09818294
중구,로즈텔,여관업,영업/정상,영업,198201,,부산광역시 중구 흑교로45번길 30-3 (보수동3가),,129.02175658,35.10380298
중구,로케트하우스,숙박업(생활),영업/정상,영업,201909,,"부산광역시 중구 광복로35번길 32, 2,3층 (신창동3가)",,129.02885816,35.10203175
중구,루츠하우스,숙박업(생활),영업/정상,영업,202408,,"부산광역시 중구 중구로44번길 19-1, 2,3층 (신창동1가)",,129.02997671,35.10191655
중구,르코지남포,숙박업 기타,영업/정상,영업,202511,,"부산광역시 중구 동광길 34, 2층 (중앙동4가)",,129.03466739,35.104217
중구,리베스테이,여관업,영업/정상,영업,196909,,"부산광역시 중구 광복로12번길 7-8 (부평동1가, 41-9,10)",,129.0266478,35.09886201
중구,리자인호텔,일반호텔,영업/정상,영업,201107,,부산광역시 중구 보수대로 8-3 (남포동6가),,129.02578268,35.09786843
중구,마론 호텔,일반호텔,영업/정상,영업,201911,,부산광역시 중구 광복로67번길 12 (광복동2가),,129.03253607,35.09931111
중구,마르쉐(Marcher),여관업,영업/정상,영업,201203,,부산광역시 중구 흑교로 10 (부평동2가),,129.02528773,35.10021997
중구,마이스테이 남포,여관업,영업/정상,영업,199701,,부산광역시 중구 광복로12번길 3-2 (부평동1가),,129.02654047,35.09905545
중구,매그넘남포호텔,숙박업(생활),영업/정상,영업,202512,,부산광역시 중구 비프광장로 20 (남포동6가),,129.02765153,35.09843837
중구,메종드노크,숙박업(생활),영업/정상,영업,202512,,부산광역시 중구 동광길 35 (동광동5가),,129.03450113,35.1043116
중구,명성장모텔,여관업,영업/정상,영업,198005,,"부산광역시 중구 자갈치로59번길 5-7, 2,3층 (남포동5가)",,129.03051626,35.09777748
중구,모노수,숙박업 기타,영업/정상,영업,202508,,"부산광역시 중구 대청로141번길 17, 3~4층 (중앙동4가)",,129.03505553,35.10434518
중구,모노수 광복점,여관업,영업/정상,영업,197011,,"부산광역시 중구 광복로6번길 7, 2~4층 (부평동2가)",,129.02575315,35.09889082
중구,모텔 갤러리 지,여관업,영업/정상,영업,201212,,"부산광역시 중구 자갈치로47번길 5-6 (남포동5가, 외 1필지)",,129.0289026,35.09757605
중구,모텔 몽,숙박업(생활),영업/정상,영업,197806,,부산광역시 중구 대영로242번길 16 (영주동),,129.03665185,35.11064921
중구,모텔 트리,여관업,영업/정상,영업,199803,,부산광역시 중구 자갈치로15번길 4 (남포동6가),,129.02618799,35.09673783
중구,몽베르 모텔,여관업,영업/정상,영업,200309,,부산광역시 중구 백산길 14 (동광동3가),,129.03423783,35.10163091
중구,미니호텔메이 남포,여관업,영업/정상,영업,201508,,부산광역시 중구 구덕로34번길 4 (남포동2가),,129.03229835,35.09829654
중구,반달호텔,관광호텔,영업/정상,영업,201701,,부산광역시 중구 해관로 79-1 (중앙동4가),,129.03518503,35.10607561
중구,베이호텔,일반호텔,영업/정상,영업,196801,,부산광역시 중구 광복로 56-18 (남포동2가),,129.03132303,35.09891056
중구,보성모텔,여관업,영업/정상,영업,198011,,부산광역시 중구 구덕로 82-1 (남포동6가),,129.02691189,35.09772891
중구,보하모텔,여관업,영업/정상,영업,198802,,부산광역시 중구 대청로25번길 4 (보수동3가),,129.02286995,35.10350791
중구,부국모텔,여관업,영업/정상,영업,197712,,부산광역시 중구 자갈치로47번길 5-15 (남포동5가),,129.02865499,35.09732885
중구,부산,여인숙업,영업/정상,영업,196703,,부산광역시 중구 광복로6번길 11-1 (부평동2가),,129.02575182,35.0985185
중구,부산,여관업,영업/정상,영업,197712,,부산광역시 중구 대청로126번길 32-12 (동광동2가),,129.03415794,35.10019706
중구,브로시스 호텔,관광호텔,영업/정상,영업,202007,,부산광역시 중구 구덕로48번길 4 (남포동4가),,129.03082722,35.09860846
중구,비엔비 펜션(BnB),숙박업 기타,영업/정상,영업,201708,,부산광역시 중구 대청로126번길 34 (동광동2가),,129.0343315,35.10000645
중구,비티호텔(BT HOTEL),여관업,영업/정상,영업,201108,,부산광역시 중구 중앙대로 142 (중앙동4가),,129.03787282,35.11003417
중구,빌리호텔,일반호텔,영업/정상,영업,202106,,부산광역시 중구 보수대로106번길 5 (보수동3가),,129.02164882,35.10515132
중구,빌리호텔,숙박업(생활),영업/정상,영업,202410,,"부산광역시 중구 흑교로87번길 11-5, 1~3층 (보수동2가)",,129.0220115,35.10625916
중구,삼원장,여관업,영업/정상,영업,197712,,부산광역시 중구 자갈치로59번길 5-22,,129.03013015,35.09786744
중구,샾 엘레펀트(#elephant),숙박업(생활),영업/정상,영업,202405,,"부산광역시 중구 남포길 31, 5층 (남포동2가)",,129.03213521,35.09859454
중구,세븐호텔,여관업,영업/정상,영업,200807,,"부산광역시 중구 보수대로 8-5, 1~8층 (남포동6가)",,129.02597033,35.09792295
중구,세피아,여관업,영업/정상,영업,197008,,"부산광역시 중구 광복로12번길 7-5 (부평동1가, 41-7,8)",,129.02654015,35.09896484
중구,소유호텔,일반호텔,영업/정상,영업,201611,,"부산광역시 중구 대청로126번길 23 (동광동2가, 동남빌딩)",,129.03431438,35.10084716
중구,수민,숙박업(생활),영업/정상,영업,202101,,부산광역시 중구 동광길 178 (대창동2가),,129.03708779,35.11028553
중구,수이호스텔,관광호텔,영업/정상,영업,201911,,부산광역시 중구 중앙대로41번길 3-1 (중앙동1가),,129.03600245,35.10114128
중구,스카이-힐,여관업,영업/정상,영업,199308,,부산광역시 중구 대영로242번길 22 (영주동),,129.03655294,35.11013
중구,스탠포드호텔 부산,관광호텔,영업/정상,영업,201708,,"부산광역시 중구 구덕로 53, 2~15층 (남포동5가)",,129.02992079,35.0979169
중구,스테이 가온,숙박업 기타,영업/정상,영업,201505,,"부산광역시 중구 중앙대로 24, 7층 701호 (중앙동6가, 주경빌딩)",,129.03692862,35.09968874
중구,스테이 디어문,숙박업 기타,영업/정상,영업,202606,,"부산광역시 중구 구덕로 41, 7,8층 701,801호 (남포동4가)",,129.03112064,35.09787574
중구,스테이 잠,여관업,영업/정상,영업,196802,,"부산광역시 중구 해관로 76-1 (중앙동4가, 55-4,11)",,129.03557853,35.10572002
중구,스테이미도,여관업,영업/정상,영업,199011,,부산광역시 중구 보수대로24번길 4-2 (부평동2가),,129.02547806,35.09888241
중구,스테이부산(STAY BUSAN),숙박업(생활),영업/정상,영업,202608,,"부산광역시 중구 중구로5번길 14, 더베이먼트 비프에비뉴99 (남포동6가)",,129.02653337,35.09826326
중구,스테이웰호텔,일반호텔,영업/정상,영업,201501,,부산광역시 중구 구덕로 22 (남포동2가),,129.03339174,35.0979359
중구,써클스테이 남포동 부산 가족숙소,숙박업(생활),영업/정상,영업,202605,,"부산광역시 중구 남포길 46-1, 2층 (남포동2가)",,129.03362495,35.09791453
중구,아리아 호텔,일반호텔,영업/정상,영업,200610,,"부산광역시 중구 중앙대로41번길 23, 1~9층 (동광동2가)",,129.03396269,35.10074109
중구,아몬드호텔(남포동),일반호텔,영업/정상,영업,202203,,"부산광역시 중구 자갈치해안로 57, 3,4,5층 (남포동4가)",,129.03127523,35.09715105
중구,아몬드호텔(남포동),일반호텔,영업/정상,영업,202203,,"부산광역시 중구 자갈치해안로 57-2, 3,4,5층 (남포동4가)",,129.03146012,35.09716489
중구,아몬드호텔(남포동),일반호텔,영업/정상,영업,202203,,"부산광역시 중구 자갈치해안로 57-1, 3,4,5층 (남포동4가)",,129.03136803,35.09715798
중구,아문 스테이,숙박업 기타,영업/정상,영업,202605,,"부산광역시 중구 용미길9번길 6, 2층 (남포동1가)",,129.03542466,35.09684277
중구,안녕스테이 부산남포점,일반호텔,영업/정상,영업,202206,,"부산광역시 중구 광복로6번길 9, 2,3층 (부평동2가)",,129.02579646,35.09874933
중구,양지장,여관업,영업/정상,영업,196011,,부산광역시 중구 초량중로6번길 17 (영주동),,129.03703674,35.11259354
중구,어반스테이 부티크 남포BIFF,숙박업(생활),영업/정상,영업,202211,,부산광역시 중구 구덕로 52-1 (남포동5가),,129.02999748,35.09844737
중구,에이스모텔,여관업,영업/정상,영업,196811,,부산광역시 중구 백산길 10-1 (동광동3가),,129.0341665,35.10186622
중구,엘레펀트,숙박업 기타,영업/정상,영업,201312,,부산광역시 중구 광복로85번길 15-1 (동광동2가),,129.03474433,35.09976485
중구,엠유,일반호텔,영업/정상,영업,201607,,부산광역시 중구 대청로126번길 36 (동광동2가),,129.03424314,35.09990943
중구,여운재,숙박업(생활),영업/정상,영업,202604,,"부산광역시 중구 해관로 17-1, 5층 (중앙동1가)",,129.0356379,35.1004483
중구,영빈장여관,여관업,영업/정상,영업,199311,,부산광역시 중구 광복로16번길 10 (부평동1가),,129.02665945,35.09905305
중구,오륙도,여관업,영업/정상,영업,198512,,부산광역시 중구 흑교로11번길 10-1 (부평동3가),,129.02397183,35.1007649
중구,오션투헤븐 호텔&스파,일반호텔,영업/정상,영업,200707,,부산광역시 중구 자갈치로 21 (남포동6가),,129.02665466,35.09668986
중구,오아시스,여관업,영업/정상,영업,198111,,"부산광역시 중구 광복로 14, 3,4층 (부평동1가)",,129.0265217,35.09930388
중구,우리(we)모텔,여관업,영업/정상,영업,200211,,부산광역시 중구 광복로 7-2 (부평동2가),,129.02604429,35.09968904
중구,유일모텔,여관업,영업/정상,영업,196610,,부산광역시 중구 광복로12번길 7-4 (부평동1가),,129.02650916,35.09883391
중구,이지스테이(EZSTAY),숙박업(생활),영업/정상,영업,201610,,부산광역시 중구 광복로67번길 30-13 (광복동2가),,129.03149626,35.09979493
중구,임랑스테이 중앙점,숙박업(생활),영업/정상,영업,202604,,"부산광역시 중구 해관로 62-1, 2~3층 (중앙동4가)",,129.03571509,35.10444507
중구,제이다움,숙박업(생활),영업/정상,영업,202512,,부산광역시 중구 대청로126번길 30 (동광동2가),,129.03432647,35.10028864
중구,제이모텔,여관업,영업/정상,영업,201510,,부산광역시 중구 남포길 12-2 (남포동5가),,129.03010035,35.0986821
중구,주식회사 경원건설 호텔노아,관광호텔,영업/정상,영업,197210,,부산광역시 중구 자갈치로47번길 3-1 (남포동5가),,129.02924181,35.09746494
중구,주식회사 굿커넥트,일반호텔,영업/정상,영업,202603,,부산광역시 중구 대교로 115-1 (중앙동6가),,129.03738521,35.1004423
중구,주식회사 더크라운이앤에스 크라운하버호텔 부산,일반호텔,영업/정상,영업,202603,,"부산광역시 중구 중앙대로 114, 크라운 하버 호텔 (중앙동4가)",,129.03681916,35.10755383
중구,주식회사 더크라운이앤에스 크라운하버호텔 부산,숙박업(생활),영업/정상,영업,202603,,"부산광역시 중구 중앙대로 114, 크라운 하버 호텔 5~9,27(일부)층 (중앙동4가)",,129.03681916,35.10755383
중구,주식회사 커넥트호텔,일반호텔,영업/정상,영업,202606,,부산광역시 중구 대교로 115-1 (중앙동6가),,129.03738521,35.1004423
중구,주식회사 코모도호텔,관광호텔,영업/정상,영업,197811,,부산광역시 중구 중구로 151 (영주동),,129.03511304,35.10902648
중구,지엔비 호텔,일반호텔,영업/정상,영업,201607,,부산광역시 중구 흑교로 19 (부평동3가),,129.0248159,35.10124365
중구,지호텔,여관업,영업/정상,영업,198707,,부산광역시 중구 중구로 158 (영주동),,129.03592463,35.10904594
중구,집(House),숙박업(생활),영업/정상,영업,202603,,"부산광역시 중구 중앙대로 153-1, 2~5층 (대창동2가)",,129.03761257,35.11126905
중구,창선스테이,숙박업(생활),영업/정상,영업,202511,,"부산광역시 중구 광복로35번길 7, 서울양행 4~5층 (창선동2가)",,129.02877917,35.09987988
중구,책앤아웃 호스텔,관광호텔,영업/정상,영업,201703,,부산광역시 중구 초량중로 8-1 (영주동),,129.03635469,35.11280811
중구,천수빌,숙박업(생활),영업/정상,영업,202511,,"부산광역시 중구 동광길 119, 2~5층 (동광동5가)",,129.03564562,35.1080274
중구,천우장,여관업,영업/정상,영업,198302,,부산광역시 중구 동광길 184 (대창동2가),,129.03723589,35.11057569
중구,초원그린빌,여관업,영업/정상,영업,196712,,부산광역시 중구 대영로242번길 20 (영주동),,129.03657828,35.11022391
중구,커넥트오션,일반호텔,영업/정상,영업,202210,,부산광역시 중구 대교로 115-1 (중앙동6가),,129.03738521,35.1004423
중구,컴포트호텔,숙박업(생활),영업/정상,영업,202410,,"부산광역시 중구 구덕로 26, 3,4층 (남포동2가)",,129.03290061,35.09798146
중구,케이게스트하우스 남포,숙박업(생활),영업/정상,영업,201612,,부산광역시 중구 남포길 40-2 (남포동2가),,129.03304975,35.09801922
중구,코티스 더 브릿지,숙박업(생활),영업/정상,영업,202406,,부산광역시 중구 중구로5번길 14 (남포동6가),,129.02653337,35.09826326
중구,코티스 앰버서더 그라운드,숙박업(생활),영업/정상,영업,202308,,부산광역시 중구 중구로5번길 14 (남포동6가),,129.02653337,35.09826326
중구,태양스테이(모텔) 남포중앙점,여관업,영업/정상,영업,199008,,부산광역시 중구 대청로134번길 8 (동광동3가),,129.03455504,35.10219581
중구,태양장,여관업,영업/정상,영업,198010,,부산광역시 중구 자갈치로 17 (남포동6가),,129.02625977,35.09659056
중구,테마모텔,여관업,영업/정상,영업,200310,,부산광역시 중구 광복로12번길 3-1 (부평동1가),,129.02653882,35.09915635
중구,토요코인 부산중앙역,관광호텔,영업/정상,영업,200804,,"부산광역시 중구 중앙대로 125 (대창동1가, 22-4, 23-19)",,129.03659713,35.10907058
중구,투 헤븐 호텔,일반호텔,영업/정상,영업,199109,,부산광역시 중구 흑교로21번길 7 (부평동3가),,129.02428821,35.10134337
중구,트립메이드,숙박업(생활),영업/정상,영업,201809,,부산광역시 중구 광복로85번길 5-5 (광복동1가),,129.0339622,35.09881169
중구,트립메이드 2호점,숙박업(생활),영업/정상,영업,202509,,부산광역시 중구 광복로85번길 5-3 (광복동1가),,129.03402256,35.09891252
중구,파라미온,숙박업(생활),영업/정상,영업,202509,,부산광역시 중구 비프광장로 20 (남포동6가),,129.02765153,35.09843837
중구,파크장,여관업,영업/정상,영업,197008,,부산광역시 중구 광복로12번길 7-7 (부평동1가),,129.0266623,35.09900143
중구,팬스타미라클,숙박업 기타,영업/정상,영업,202504,,"부산광역시 중구 해관로 30, 팬스타미라클 5~7DECK (중앙동2가)",,129.03591608,35.10156302
중구,펀스테이 게스트하우스,숙박업(생활),영업/정상,영업,197202,,부산광역시 중구 구덕로 30 (남포동2가),,129.03265007,35.09810802
중구,페블 스테이 남포,여관업,영업/정상,영업,202410,,"부산광역시 중구 자갈치로59번길 5-21, 2,3,4층 (남포동5가)",,129.03019675,35.09769863
중구,평안,여인숙업,영업/정상,영업,196903,,"부산광역시 중구 중구로5번길 10-1 (남포동6가, 93-5,96-9)",,129.02705629,35.09810812
중구,평화여인숙,여인숙업,영업/정상,영업,198308,,부산광역시 중구 자갈치로 64-1 (남포동4가),,129.03113006,35.0973872
중구,폭시호텔,여관업,영업/정상,영업,201510,,부산광역시 중구 중앙대로41번길 24 (동광동3가),,129.03379432,35.10094473
중구,풀빌라 가온,숙박업(생활),영업/정상,영업,202212,,"부산광역시 중구 구덕로 26, 5,6,7층 (남포동2가)",,129.03290061,35.09798146
중구,프린스 모텔,여관업,영업/정상,영업,199102,,부산광역시 중구 광복로16번길 9 (부평동1가),,129.02684097,35.09901315
중구,플래티넘호텔,일반호텔,영업/정상,영업,202009,,"부산광역시 중구 광복로 50, 한일은행 6-9층 (창선동1가)",,129.03048495,35.099101
중구,플로우스테이(FLOW STAY),숙박업(생활),영업/정상,영업,202603,,"부산광역시 중구 대청로134번길 22, 2~3층 (동광동2가)",,129.03505662,35.10086531
중구,하루애 호텔,여관업,영업/정상,영업,201704,,부산광역시 중구 부평2길 20-8 (부평동1가),,129.02687181,35.10022716
중구,하우투스테이,숙박업(생활),영업/정상,영업,202601,,부산광역시 중구 중구로5번길 12-5 (남포동6가),,129.02678424,35.09823257
중구,하운드 호텔(Hound Hotel),일반호텔,영업/정상,영업,201804,,부산광역시 중구 보수대로 24 (부평동2가),,129.02532534,35.09910551
중구,한소스테이,숙박업(생활),영업/정상,영업,202604,,"부산광역시 중구 대영로 241-1, 4층 (영주동)",,129.0372371,35.11234916
중구,해변의모텔,여관업,영업/정상,영업,198006,,부산광역시 중구 자갈치로 41 (남포동5가),,129.02883761,35.09721092
중구,헤르메스호텔,일반호텔,영업/정상,영업,201805,,부산광역시 중구 보수대로 26 (부평동2가),,129.02522924,35.09925027
중구,"헬로, 자갈치(Hello, Jagalchi)",숙박업(생활),영업/정상,영업,202510,,부산광역시 중구 자갈치로16번길 5 (남포동6가),,129.02647309,35.09606409
중구,호스텔 디어문,숙박업 기타,영업/정상,영업,202607,,"부산광역시 중구 구덕로 41, 10, 11층 (남포동4가)",,129.03112064,35.09787574
중구,호텔 공감공간,일반호텔,영업/정상,영업,200703,,부산광역시 중구 충장대로9번길 64 (중앙동4가),,129.03926195,35.11076911
중구,호텔 그레이,일반호텔,영업/정상,영업,199002,,부산광역시 중구 보수대로124번길 82 (보수동2가),,129.0243779,35.10373103
중구,호텔 더 루아 남포롯데점,일반호텔,영업/정상,영업,197612,,부산광역시 중구 대청로134번길 23 (중앙동1가),,129.03531697,35.10082095
중구,호텔 린,여관업,영업/정상,영업,200412,,"부산광역시 중구 구덕로34번길 4, 11,12층 (남포동2가)",,129.03229835,35.09829654
중구,호텔 모모,일반호텔,영업/정상,영업,201709,,"부산광역시 중구 용미길9번길 6-9, 2~8층 (남포동1가)",,129.03545984,35.09673269
중구,호텔 얼터,일반호텔,영업/정상,영업,202606,,"부산광역시 중구 광복로37번길 3-1, 2~5층 (창선동2가)",,129.02910628,35.09956012
중구,호텔 엠지엠(MGM),일반호텔,영업/정상,영업,198111,,부산광역시 중구 보수대로 8-7 (남포동6가),,129.0261165,35.0979499
중구,호텔 콤마,여관업,영업/정상,영업,201211,,"부산광역시 중구 광복로 88, 6,7층 (광복동1가)",,129.03453449,35.09838646
중구,호텔 토브,관광호텔,영업/정상,영업,201602,,부산광역시 중구 백산길 15 (동광동3가),,129.03466432,35.10153711
중구,호텔40계단,여관업,영업/정상,영업,196810,,부산광역시 중구 동광길 27 (동광동5가),,129.03442186,35.10405924
중구,호텔그라운드27,일반호텔,영업/정상,영업,202312,,"부산광역시 중구 광복로 91, 3~7층 (광복동1가)",,129.03480615,35.09875161
중구,호텔그레이194,일반호텔,영업/정상,영업,201305,,부산광역시 중구 충장대로5번길 38 (중앙동4가),,129.03764909,35.10857246
중구,호텔보브,일반호텔,영업/정상,영업,201012,,"부산광역시 중구 흑교로 7 (부평동3가, 외 1필지(51-1))",,129.0247297,35.10019867
중구,호텔아벤트리부산,일반호텔,영업/정상,영업,201403,,부산광역시 중구 광복로39번길 6 (창선동1가),,129.02959797,35.09972469
중구,호텔엘리제,일반호텔,영업/정상,영업,200212,,부산광역시 중구 대청로126번길 22 (동광동3가),,129.0339676,35.10102011
중구,호텔콘트,일반호텔,영업/정상,영업,201708,,부산광역시 중구 용두산길 12 (대청동2가),,129.03141066,35.10187009
중구,호호하우스 남포점,여관업,영업/정상,영업,198409,,부산광역시 중구 책방골목길 12 (보수동1가),,129.0263289,35.10339852
중구,화춘장,여관업,영업/정상,영업,197307,,부산광역시 중구 동광길 53 (동광동5가),,129.03459273,35.10513428
중구,황토방,여관업,영업/정상,영업,198910,,부산광역시 중구 흑교로35번길 21 (부평동4가),,129.02288903,35.10260542
중구,힐사이드 호텔,일반호텔,영업/정상,영업,198803,,부산광역시 중구 중구로 160 (영주동),,129.03594992,35.10922983
중구,(주)더베이먼트스테이,숙박업(생활),폐업,폐업,202511,202608,부산광역시 중구 중구로5번길 14 (남포동6가),,129.02653337,35.09826326
중구,(주)부산타워 게스트하우스,숙박업 기타,폐업,폐업,198107,201611,부산광역시 중구 중앙대로41번길 29-1 (동광동2가),,129.03413192,35.10028551
중구,(주)코모도호텔 서라벌,관광호텔,폐업,폐업,197910,201110,,,129.03311565,35.10315497
중구,24 게스트하우스 자갈치,숙박업(생활),폐업,폐업,201701,202202,부산광역시 중구 구덕로 87-1 (남포동6가),,129.02640298,35.09681495
중구,24게스트하우스 남포역,숙박업(생활),폐업,폐업,201706,202011,부산광역시 중구 구덕로 9-1 (남포동1가),,129.03456773,35.09757852
중구,갑을,여관업,폐업,폐업,197002,201607,부산광역시 중구 중앙대로147번길 3-1 (영주동),,,
중구,게스트하우스 나우,숙박업(생활),폐업,폐업,201510,201803,부산광역시 중구 흑교로71번길 20 (보수동3가),,129.02208632,35.10479562
중구,게스트하우스 시나몬트리,숙박업 기타,폐업,폐업,201606,202312,"부산광역시 중구 용미길9번길 6, 2~4층 (남포동1가)",,129.03542466,35.09684277
중구,경도,여관업,폐업,폐업,196806,201711,부산광역시 중구 초량중로6번길 18 (영주동),,129.03709092,35.11239979
중구,경동여인숙,여인숙업,폐업,폐업,196901,199906,,,129.02610132,35.10233135
중구,경동장,여관업,폐업,폐업,197503,200603,,,129.03395087,35.10206209
중구,고려모텔,여관업,폐업,폐업,200106,201202,,,129.03559721,35.10969464
중구,골든 하우스,숙박업(생활),폐업,폐업,201709,201712,"부산광역시 중구 흑교로17번길 18, 5~9층 (부평동4가)",,129.0233648,35.10115794
중구,광명장,여관업,폐업,폐업,198610,200502,,,129.03199784,35.09742401
중구,그랜드장,여관업,폐업,폐업,199806,202003,"부산광역시 중구 광복로97번안길 11 (광복동1가, 28-2)",,129.03449751,35.09890803
중구,그리핀베이,숙박업(생활),폐업,폐업,202109,202111,부산광역시 중구 자갈치로59번길 6 (남포동4가),,129.03089296,35.0978536
중구,그린장,여관업,폐업,폐업,199405,201910,부산광역시 중구 광복로16번길 11 (부평동1가),,129.02683524,35.09891432
중구,금강여인숙,여인숙업,폐업,폐업,196406,200406,,,,
중구,금동장여관,여관업,폐업,폐업,197010,200604,,,129.03057744,35.09722605
중구,금수여관,여관업,폐업,폐업,198504,200706,,,129.03862633,35.11017671
중구,금화,여관업,폐업,폐업,197611,201607,부산광역시 중구 대청로135번길 33 (중앙동4가),,129.03504781,35.10586541
중구,낙원여인숙,여인숙업,폐업,폐업,197308,200809,,,129.02676653,35.09779805
중구,남포엔부산,여관업,폐업,폐업,197611,202509,부산광역시 중구 중구로29번길 43-1 (부평동2가),,129.02541283,35.10036975
중구,남해,여관업,폐업,폐업,196907,201007,,,129.03686538,35.10158227
중구,넨네(nenne),여관업,폐업,폐업,201404,202212,부산광역시 중구 광복중앙로 33 (신창동1가),,129.03055385,35.10238769
중구,누리게스트하우스 더셀프,숙박업 기타,폐업,폐업,201211,201212,부산광역시 중구 중앙대로49번길 13 (중앙동2가),,129.03490683,35.10183465
중구,더로컬,숙박업 기타,폐업,폐업,201611,202103,부산광역시 중구 중구로44번길 19-1 (신창동1가),,129.02997671,35.10191655
중구,동광여인숙,여인숙업,폐업,폐업,197212,200412,,,129.03396558,35.10236436
중구,동궁장,여관업,폐업,폐업,198611,202405,부산광역시 중구 자갈치로59번길 5-21 (남포동5가),,129.03019675,35.09769863
중구,동림장 여관,여관업,폐업,폐업,197401,200501,,,129.02728957,35.1005011
중구,동진장,여관업,폐업,폐업,199011,200911,,,129.0247297,35.10019867
중구,라운지 26 (LOUNGE 26),여관업,폐업,폐업,198409,202012,부산광역시 중구 자갈치로47번길 5-13 (남포동5가),,129.02878429,35.09736004
중구,로얄장,여관업,폐업,폐업,197511,200503,,,129.02841757,35.09750015
중구,마리나 모텔,여관업,폐업,폐업,200006,202007,부산광역시 중구 충장대로13번길 20 (중앙동4가),,129.03838127,35.10698184
중구,모노수,일반호텔,폐업,폐업,202506,202507,"부산광역시 중구 대청로141번길 17, 3~4층 (중앙동4가)",,129.03505553,35.10434518
중구,목화장,여관업,폐업,폐업,198802,201212,,,129.03764909,35.10857246
중구,미스터에그 남포1,숙박업 기타,폐업,폐업,196508,201804,부산광역시 중구 대청로134번길 4 (동광동3가),,129.03441485,35.10233158
중구,미진모텔,여관업,폐업,폐업,196305,202109,부산광역시 중구 광복로 18 (부평동1가),,129.0270638,35.09925259
중구,민트하우스,숙박업 기타,폐업,폐업,201103,202011,"부산광역시 중구 중앙대로 53-2, 3층 (중앙동2가)",,129.03611196,35.10244355
중구,보금장,여관업,폐업,폐업,198305,201806,"부산광역시 중구 중앙대로 135-1 (대창동2가, 35-3,39-30)",,129.03694698,35.10977525
중구,부강,여관업,폐업,폐업,197008,200412,,,129.03567999,35.10583329
중구,부산 파티 게스트하우스,숙박업 기타,폐업,폐업,201301,202212,"부산광역시 중구 중앙대로49번길 13, 2층 (중앙동2가)",,129.03490683,35.10183465
중구,부산게스트하우스 숨 가로수길점,숙박업 기타,폐업,폐업,201601,202107,부산광역시 중구 해관로 36 (중앙동2가),,129.03588404,35.10202027
중구,부영,여관업,폐업,폐업,197206,202302,부산광역시 중구 자갈치로47번길 5-14 (남포동5가),,129.0287488,35.09753909
중구,브이쓰리(V3) 모텔,여관업,폐업,폐업,201312,202108,부산광역시 중구 비프광장로 20 (남포동6가),,129.02765153,35.09843837
중구,비상,여관업,폐업,폐업,196911,201712,부산광역시 중구 대청로126번길 30 (동광동2가),,129.03432647,35.10028864
중구,산해,여관업,폐업,폐업,196611,201004,,,,
중구,삼득,여관업,폐업,폐업,197308,200504,,,,
중구,삼성여관,여관업,폐업,폐업,196102,200406,,,129.03387876,35.10238337
중구,삼성여관,여관업,폐업,폐업,197001,199908,,,129.03046593,35.09700301
중구,삼원장,여관업,폐업,폐업,197706,201210,,,129.02440248,35.10085678
중구,새한장,여관업,폐업,폐업,197805,201011,,,129.03055183,35.09762747
중구,서울장,여관업,폐업,폐업,198011,200804,,,129.03242971,35.09854678
중구,성일장,여관업,폐업,폐업,198406,200708,,,129.03493184,35.10810639
중구,세정장,여관업,폐업,폐업,196711,201606,부산광역시 중구 대영로224번길 9 (영주동),,129.03528713,35.1111315
중구,센스모텔,여관업,폐업,폐업,200302,201110,,,129.02528773,35.10021997
중구,송원모텔,여관업,폐업,폐업,196910,201809,부산광역시 중구 보수대로 24 (부평동2가),,129.02532534,35.09910551
중구,스카이,여관업,폐업,폐업,200209,201311,부산광역시 중구 남포길 46 (남포동2가),,129.03353625,35.09791066
중구,신라장 모텔,여관업,폐업,폐업,200009,200607,,,129.02665466,35.09668986
중구,신성산업(주)피닉스관광호텔,관광호텔,폐업,폐업,197612,201506,부산광역시 중구 구덕로 54-1 (남포동5가),,129.02971118,35.09838211
중구,신흥,여관업,폐업,폐업,196905,202311,"부산광역시 중구 중구로5번길 5-1 (남포동6가, 80-5,6)",,129.02746624,35.09803226
중구,썬빌,숙박업(생활),폐업,폐업,199207,202110,부산광역시 중구 동광길 177 (영주동),,129.0368816,35.11038151
중구,아로마,여관업,폐업,폐업,200302,202107,부산광역시 중구 대청로126번길 36-2 (동광동2가),,129.03417821,35.09955445
중구,아젤리아여관,여관업,폐업,폐업,199405,201903,부산광역시 중구 광복로16번길 13 (부평동1가),,129.02679338,35.09884801
중구,아카데미모텔,여관업,폐업,폐업,200707,202005,"부산광역시 중구 비프광장로 12, 5,6층 (남포동6가)",,129.02678702,35.09810013
중구,아카데미모텔,여관업,폐업,폐업,200211,200702,,,129.02678702,35.09810013
중구,알프스 호텔,여관업,폐업,폐업,199806,202005,부산광역시 중구 흑교로71번길 15 (보수동3가),,129.02266434,35.10482648
중구,야(Ya),여관업,폐업,폐업,198801,201711,부산광역시 중구 보수대로106번길 5 (보수동3가),,129.02164882,35.10515132
중구,억수장,여관업,폐업,폐업,198508,201307,부산광역시 중구 보수대로64번길 11 (부평동4가),,129.02188348,35.10258275
중구,에이원,여관업,폐업,폐업,198806,201606,부산광역시 중구 보수대로124번길 14 (보수동2가),,129.02226104,35.10615086
중구,영남,여인숙업,폐업,폐업,196712,200805,,,,
중구,영모텔,여관업,폐업,폐업,198704,201204,,,129.0289026,35.09757605
중구,영진관광호텔,관광호텔,폐업,폐업,198105,200606,,,129.0286222,35.0971589
중구,영하장,여관업,폐업,폐업,197108,201403,부산광역시 중구 중구로23번길 34 (부평동2가),,129.02598197,35.10012151
중구,오렌지 게스트하우스,숙박업 기타,폐업,폐업,201205,202212,"부산광역시 중구 구덕로 43, 5층 (남포동4가)",,129.03084055,35.09798726
중구,오실라 남포,숙박업(생활),폐업,폐업,202310,202412,부산광역시 중구 중구로5번길 14 (남포동6가),,129.02653337,35.09826326
중구,용두산,여관업,폐업,폐업,199210,200608,,,129.03396269,35.10074109
중구,이브스키장,여관업,폐업,폐업,199707,201412,"부산광역시 중구 중구로 166-1 (영주동, 697번지)",,129.03546527,35.10986871
중구,이화장,여관업,폐업,폐업,196711,201508,부산광역시 중구 중구로21번길 4 (부평동1가),,,
중구,일광,여관업,폐업,폐업,196901,200410,,,129.02646525,35.09635718
중구,제일,여관업,폐업,폐업,197006,201404,부산광역시 중구 대청로126번길 15 (동광동3가),,129.03410354,35.10146127
중구,제일장,여관업,폐업,폐업,197012,200412,,,129.0257136,35.10126477
중구,중앙여인숙,여인숙업,폐업,폐업,197204,201310,부산광역시 중구 대청로138번길 15-4 (중앙동2가),,129.03532592,35.10154614
중구,진양장여관,여관업,폐업,폐업,198510,201612,부산광역시 중구 자갈치로 36 (남포동6가),,129.02825436,35.09663666
중구,천마장,여관업,폐업,폐업,198104,200804,,,129.02591017,35.09812289
중구,천일장,여관업,폐업,폐업,198009,200412,,,129.02849172,35.09728956
중구,천일장,여관업,폐업,폐업,196705,201806,부산광역시 중구 대영로242번안길 10 (영주동),,129.03569376,35.11054727
중구,초원장여관,여관업,폐업,폐업,196801,201203,,,,
중구,초이스호텔,일반호텔,폐업,폐업,197904,199905,,,129.02711214,35.09775563
중구,캘리호스텔 게스트하우스,숙박업 기타,폐업,폐업,197001,201809,부산광역시 중구 광복로85번길 5-5 (광복동1가),,129.0339622,35.09881169
중구,커넥트부산호텔,숙박업(생활),폐업,폐업,202004,202307,부산광역시 중구 대교로 115-1 (중앙동6가),,129.03738521,35.1004423
중구,커넥트부산호텔,일반호텔,폐업,폐업,202004,202307,부산광역시 중구 대교로 115-1 (중앙동6가),,129.03738521,35.1004423
중구,케이 친구(K친구),숙박업(생활),폐업,폐업,201707,202304,부산광역시 중구 광복로49번길 38 (대청동2가),,129.03047825,35.10257526
중구,코리아나,여관업,폐업,폐업,197612,200911,,,,
중구,코코캡슐 게스트하우스,숙박업(생활),폐업,폐업,201808,202108,"부산광역시 중구 자갈치로47번길 5-7, 3~5층 (남포동5가)",,129.02907329,35.09742935
중구,크라운하버호텔 부산,일반호텔,폐업,폐업,201412,202603,부산광역시 중구 중앙대로 114 (중앙동4가),,129.03681916,35.10755383
중구,테라 게스트하우스,숙박업 기타,폐업,폐업,201112,202005,"부산광역시 중구 자갈치해안로 52, 7층 (남포동4가, 외 1필지)",,129.0311195,35.09671862
중구,테라게스트하우스2,숙박업 기타,폐업,폐업,201504,202212,부산광역시 중구 자갈치로48번길 3 (남포동5가),,129.02986806,35.09698336
중구,팝콘게스트하우스,숙박업 기타,폐업,폐업,201407,202202,부산광역시 중구 자갈치로47번길 6-1 (남포동5가),,129.02953673,35.09776117
중구,평화장,여관업,폐업,폐업,197406,200412,,,,
중구,플래티늄 호텔,일반호텔,폐업,폐업,200507,202008,부산광역시 중구 광복로 50 (창선동1가),,129.03048495,35.099101
중구,하늘섬 게스트하우스,숙박업 기타,폐업,폐업,201509,202203,부산광역시 중구 광복로97번길 14 (동광동1가),,129.03541756,35.09986094
중구,해림별장,여관업,폐업,폐업,199610,201205,,,129.02370349,35.10183459
중구,해림장,여관업,폐업,폐업,198902,201006,,,129.02428334,35.1009063
중구,헤르메스,일반호텔,폐업,폐업,201804,201805,부산광역시 중구 보수대로 26 (부평동2가),,129.02522924,35.09925027
중구,현대여관,여관업,폐업,폐업,198707,200702,,,,
중구,현대여인숙,여인숙업,폐업,폐업,196803,201404,,,,
중구,현대여인숙,여인숙업,폐업,폐업,197203,200406,,,129.03457374,35.10327683
중구,호림장,여관업,폐업,폐업,198003,201709,부산광역시 중구 부평2길 39 (부평동2가),,129.02635827,35.10125515
중구,호텔 미니,여관업,폐업,폐업,198109,202111,부산광역시 중구 광복로6번길 9 (부평동2가),,129.02579646,35.09874933
중구,화생장,여관업,폐업,폐업,198205,200512,,,129.03612179,35.11295712
중구,환금장,여관업,폐업,폐업,196011,201612,부산광역시 중구 해관로 79-1 (중앙동4가),,129.03518503,35.10607561
해운대구,(주)썬클라우드호텔,숙박업(생활),영업/정상,영업,201812,,"부산광역시 해운대구 해운대해변로 287, 씨클라우드 (중동)",,129.1622152,35.16044098
해운대구,(주)에비뉴더솔리드,숙박업(생활),영업/정상,영업,202605,,"부산광역시 해운대구 구남로18번길 30, 308호 (우동)",,129.15833305,35.1616111
해운대구,(주)조선호텔앤리조트 그랜드조선부산,관광호텔,영업/정상,영업,202009,,"부산광역시 해운대구 해운대해변로 292, 그랜드 조선 부산 (중동)",,129.16309648,35.16012142
해운대구,(주)조선호텔앤리조트 부산,관광호텔,영업/정상,영업,197804,,부산광역시 해운대구 동백로 67 (우동),,129.15396776,35.15599299
해운대구,(주)해운대씨클라우드호텔레지던스,숙박업(생활),영업/정상,영업,201905,,"부산광역시 해운대구 해운대해변로 287, 씨클라우드호텔 616호 (중동)",,129.1622152,35.16044098
해운대구,(주)호텔롯데 시그니엘 부산,관광호텔,영업/정상,영업,202006,,"부산광역시 해운대구 달맞이길 30 (중동, 엘시티)",,129.16878653,35.16055677
해운대구,(주)호텔일루아,관광호텔,영업/정상,영업,199106,,"부산광역시 해운대구 달맞이길 97 (중동, (주)호텔일루아)",,129.1741512,35.15925709
해운대구,56,숙박업 기타,영업/정상,영업,201205,,부산광역시 해운대구 구남로12번길 11 (우동),,129.15908076,35.16227693
해운대구,BS센텀호텔,숙박업(생활),영업/정상,영업,202605,,"부산광역시 해운대구 센텀3로 20, 벡스코 비지니스호텔 512호 (우동)",,129.13291281,35.16780174
해운대구,CLIFF BAY HOTEL(클리프 베이 호텔),일반호텔,영업/정상,영업,201307,,부산광역시 해운대구 해운대로594번가길 8 (우동),,129.15688916,35.1607498
해운대구,Ciel de Mer(씨엘드메르),숙박업(생활),영업/정상,영업,202511,,"부산광역시 해운대구 해운대해변로298번길 29, 해운대푸르지오시티 A동 1층 112호 (중동)",,129.16681748,35.16109798
해운대구,C모텔,여관업,영업/정상,영업,200606,,부산광역시 해운대구 해운대해변로221번길 14 (우동),,129.15636543,35.15968237
해운대구,EL호텔,일반호텔,영업/정상,영업,202210,,"부산광역시 해운대구 중동1로 46, 해운대온천 (중동)",,129.1634013,35.16149222
해운대구,GO HOTEL,여관업,영업/정상,영업,200309,,부산광역시 해운대구 송정중앙로39번길 2-18 (송정동),,129.20542679,35.1820031
해운대구,H-에비뉴호텔 해운대점,일반호텔,영업/정상,영업,201005,,부산광역시 해운대구 해운대해변로209번길 11 (우동),,129.15379366,35.15943618
해운대구,Im(아이엠) 모텔,여관업,영업/정상,영업,200804,,부산광역시 해운대구 해운대로143번길 16-9 (재송동),,129.12234877,35.18432629
해운대구,J.SUN 호스텔,숙박업(생활),영업/정상,영업,201509,,"부산광역시 해운대구 우동1로20번길 5, 1,2층 (우동)",,129.15701029,35.16384603
해운대구,MS호텔,일반호텔,영업/정상,영업,201307,,"부산광역시 해운대구 해운대해변로 271, 씨스타 5,6,9,10층 (중동)",,129.16110116,35.15982638
해운대구,NO.1,여관업,영업/정상,영업,200112,,부산광역시 해운대구 해운대로153번길 17 (재송동),,129.12252441,35.18411621
해운대구,PLAGE(플라쥬),숙박업(생활),영업/정상,영업,202203,,"부산광역시 해운대구 송정중앙로9번길 24-9, 2층 (송정동)",,129.20303544,35.18432279
해운대구,Plaire(플레르) 관광호텔,관광호텔,영업/정상,영업,200412,,부산광역시 해운대구 송정광어골로 70 (송정동),,129.19584646,35.17538187
해운대구,THE 카이브,숙박업(생활),영업/정상,영업,202301,,"부산광역시 해운대구 송정광어골로 55, 하얀집 (송정동)",,129.19641812,35.1763967
해운대구,T스테이모텔,여관업,영업/정상,영업,198505,,부산광역시 해운대구 구남로18번길 23 (우동),,129.15886295,35.16158691
해운대구,UH.Suite Harbor Town(유에이치 스위트 하버타운),숙박업(생활),영업/정상,영업,202005,,"부산광역시 해운대구 해운대해변로 257, 하버타운 상가동 403호 (우동)",,129.1595175,35.15968534
해운대구,W레지던스호텔,일반호텔,영업/정상,영업,202203,,부산광역시 해운대구 센텀3로 20 (우동),,129.13291281,35.16780174
해운대구,stov(스토브),숙박업(생활),영업/정상,영업,202306,,"부산광역시 해운대구 송정중앙로6번길 76, 1층 (송정동)",,129.19948775,35.18069948
해운대구,㈜파라다이스호텔부산,관광호텔,영업/정상,영업,198707,,부산광역시 해운대구 해운대해변로 296 (중동),,129.16522499,35.16016138
해운대구,가든인 송정,숙박업(생활),영업/정상,영업,201404,,"부산광역시 해운대구 송정해변로 36, 3~4층 (송정동)",,129.20224181,35.18078381
해운대구,가든인 해운대,숙박업 기타,영업/정상,영업,201106,,"부산광역시 해운대구 해운대해변로265번길 9-10, 3~4층 (우동)",,129.16041555,35.16048604
해운대구,가든장,여관업,영업/정상,영업,198311,,부산광역시 해운대구 재반로 263 (반여동),,129.13142584,35.20076535
해운대구,감동호텔,일반호텔,영업/정상,영업,201403,,부산광역시 해운대구 송정중앙로39번길 7 (송정동),,129.20470278,35.18245064
해운대구,갱이하우스,숙박업(생활),영업/정상,영업,201711,,"부산광역시 해운대구 해운대해변로359번길 27, 7층 (중동)",,129.16840053,35.1648835
해운대구,게리쿠퍼호텔,일반호텔,영업/정상,영업,200207,,부산광역시 해운대구 구남로18번길 16 (우동),,129.15905135,35.16200874
해운대구,고(GO) 하우스,숙박업 기타,영업/정상,영업,200507,,부산광역시 해운대구 송정중앙로 34 (송정동),,129.20399784,35.18219417
해운대구,고홍집,숙박업(생활),영업/정상,영업,202208,,부산광역시 해운대구 송정구덕포길 174 (송정동),,129.19693766,35.16808077
해운대구,곳스테이,숙박업(생활),영업/정상,영업,202412,,부산광역시 해운대구 송정중앙로36번길 11-20 (송정동),,129.20362581,35.18114127
해운대구,공간공감,숙박업(생활),영업/정상,영업,202508,,"부산광역시 해운대구 송정중앙로6번길 118, 2층 (송정동)",,129.19836863,35.17904749
해운대구,구텐모르겐,숙박업(생활),영업/정상,영업,202411,,"부산광역시 해운대구 우동1로20번길 53, 3층 (우동)",,129.15914852,35.16504119
해운대구,굿데이레지던스,일반호텔,영업/정상,영업,202505,,"부산광역시 해운대구 해운대로570번길 29-1, 오피스텔리오 7,8층 (우동)",,129.15737945,35.16050459
해운대구,그랜드모텔,여관업,영업/정상,영업,199801,,부산광역시 해운대구 재송1로14번길 32 (재송동),,129.12145083,35.18646096
해운대구,그레이샌즈 풀빌라,숙박업(생활),영업/정상,영업,201811,,"부산광역시 해운대구 송정해변로 30-1, 2~5층 (송정동)",,129.20275388,35.18091119
해운대구,그림하우스,숙박업(생활),영업/정상,영업,201907,,"부산광역시 해운대구 송정구덕포길 64, 2~4층 (송정동)",,129.19752411,35.17294535
해운대구,금빛장여관,여관업,영업/정상,영업,198505,,부산광역시 해운대구 반송로 920-1 (반송동),,129.15423817,35.23241844
해운대구,금수장여관,여관업,영업/정상,영업,198501,,부산광역시 해운대구 재반로 259 (반여동),,129.13137341,35.20047366
해운대구,김치게스트하우스해운대,여관업,영업/정상,영업,199612,,부산광역시 해운대구 해운대해변로221번길 16-1 (우동),,129.15641937,35.15987844
해운대구,꼬모까사 레지던스 해운대,숙박업(생활),영업/정상,영업,202510,,"부산광역시 해운대구 해운대로570번길 30, 빌리브 패러그라프 해운대 (우동)",,129.1570696,35.15997783
해운대구,나이브 트래블러,숙박업 기타,영업/정상,영업,201311,,"부산광역시 해운대구 구남로29번길 32, 6층 (중동)",,129.16213444,35.16237486
해운대구,나인호텔,일반호텔,영업/정상,영업,200304,,부산광역시 해운대구 해운대해변로209번가길 7 (우동),,129.15467765,35.15991664
해운대구,네버 엔딩 웨이브,숙박업(생활),영업/정상,영업,202109,,부산광역시 해운대구 송정중앙로6번길 82 (송정동),,129.19931042,35.18045289
해운대구,노마드리브,숙박업(생활),영업/정상,영업,202412,,"부산광역시 해운대구 좌동로 88, 울트라타워 1101,1102호 (좌동)",,129.1749461,35.17196631
해운대구,노엘비지니스호텔,일반호텔,영업/정상,영업,200512,,부산광역시 해운대구 해운대로594번가길 40 (우동),,129.15853017,35.16047016
해운대구,뉴비치모텔,여관업,영업/정상,영업,199707,,부산광역시 해운대구 송정해변로 12-4 (송정동),,129.20458828,35.18103434
해운대구,뉴송정하우스,숙박업 기타,영업/정상,영업,200509,,"부산광역시 해운대구 송정중앙로 29, 1~6층 (송정동)",,129.20399702,35.18261558
해운대구,뉴시즈 센텀 호텔,숙박업(생활),영업/정상,영업,202502,,"부산광역시 해운대구 APEC로 21, 304호 (우동)",,129.13293686,35.16607795
해운대구,뉴시즈 해운대 레지던스,숙박업(생활),영업/정상,영업,202407,,"부산광역시 해운대구 해운대로570번길 30, 빌리브 패러그라프 (우동)",,129.1570696,35.15997783
해운대구,뉴시즈엘시티레지던스,숙박업(생활),영업/정상,영업,202005,,"부산광역시 해운대구 달맞이길 30 (중동, 엘시티)",,129.16878653,35.16055677
해운대구,늘푸른 펜션,숙박업 기타,영업/정상,영업,201208,,부산광역시 해운대구 송정중앙로36번길 26 (송정동),,129.20292984,35.18172384
해운대구,대구장여관,여관업,영업/정상,영업,198501,,부산광역시 해운대구 반여로155번길 61 (반여동),,129.12282502,35.20664872
해운대구,대우월드마크해운대,휴양콘도미니엄업,영업/정상,영업,200807,,부산광역시 해운대구 마린시티1로 137 (우동),,129.14686705,35.15597393
해운대구,더 블라우,숙박업(생활),영업/정상,영업,202605,,"부산광역시 해운대구 달맞이길62번길 19, 3층 (중동)",,129.17054006,35.15956435
해운대구,더 설레임 펜션,숙박업(생활),영업/정상,영업,201402,,부산광역시 해운대구 송정해변로 8-14 (송정동),,129.20479139,35.18156416
해운대구,더반호텔,일반호텔,영업/정상,영업,200308,,부산광역시 해운대구 해운대해변로197번길 10-18 (우동),,129.15389628,35.15923205
해운대구,더베이호텔(The Bay Hotel),일반호텔,영업/정상,영업,201110,,부산광역시 해운대구 구남로18번길 36 (우동),,129.15808463,35.16147105
해운대구,더블루,숙박업(생활),영업/정상,영업,202607,,"부산광역시 해운대구 해운대해변로298번길 29, 해운대푸르지오시티 B동 2202호 (중동)",,129.16681748,35.16109798
해운대구,더블유레지던스호텔해운대,숙박업(생활),영업/정상,영업,202309,,"부산광역시 해운대구 해운대로 620, 해운대 라뮤에뜨 (우동)",,129.1584916,35.1629774
해운대구,더솔리드,숙박업(생활),영업/정상,영업,202311,,"부산광역시 해운대구 구남로21번길 6, 705호 (중동)",,129.16079888,35.16227696
해운대구,더제니스모텔(The zenith motel),여관업,영업/정상,영업,200201,,부산광역시 해운대구 해운대로161번길 15 (재송동),,129.12321234,35.18394711
해운대구,더쿨리스트호텔,관광호텔,영업/정상,영업,202309,,부산광역시 해운대구 송정광어골로 11 (송정동),,129.19874552,35.17988377
해운대구,더크립24,숙박업(생활),영업/정상,영업,201712,,"부산광역시 해운대구 해운대해변로359번길 27, 승훈빌딩 3~4층층 (중동)",,129.16840053,35.1648835
해운대구,더퍼스트 오션 송정,일반호텔,영업/정상,영업,202303,,"부산광역시 해운대구 송정중앙로36번길 48, 15층 (송정동)",,129.20195265,35.18132784
해운대구,더퍼스트 오션 송정,숙박업(생활),영업/정상,영업,202303,,"부산광역시 해운대구 송정중앙로36번길 48, 15층 (송정동)",,129.20195265,35.18132784
해운대구,더펜트하우스4041,숙박업(생활),영업/정상,영업,202406,,"부산광역시 해운대구 해운대로 620, 해운대 라뮤에뜨 40~41층 (우동)",,129.1584916,35.1629774
해운대구,더펫텔,여관업,영업/정상,영업,200305,,부산광역시 해운대구 해운대해변로197번길 12 (우동),,129.15309606,35.15919544
해운대구,더플레이스.H,숙박업(생활),영업/정상,영업,202512,,"부산광역시 해운대구 구남로21번길 6, 402호 (중동)",,129.16079888,35.16227696
해운대구,더플레이스34,숙박업(생활),영업/정상,영업,202404,,"부산광역시 해운대구 구남로21번길 6, 1306호 (중동)",,129.16079888,35.16227696
해운대구,더휴해운대,숙박업(생활),영업/정상,영업,201508,,"부산광역시 해운대구 중동1로 22, 2~3층 (중동)",,129.16184561,35.16310135
해운대구,데이 31 송정,숙박업(생활),영업/정상,영업,202512,,"부산광역시 해운대구 송정광어골로 9, 2,3층 (송정동)",,129.19884777,35.18004112
해운대구,동백호텔(해운대점),일반호텔,영업/정상,영업,202303,,"부산광역시 해운대구 구남로8번길 17, 지엠타워 3~7층 (우동)",,129.15841018,35.16245754
해운대구,동원모텔,여관업,영업/정상,영업,198508,,부산광역시 해운대구 반송로 918 (반송동),,129.15388594,35.23219709
해운대구,동원여인숙,여인숙업,영업/정상,영업,200903,,부산광역시 해운대구 송정해변로 26-7 (송정동),,129.20347955,35.1810452
해운대구,등대비치게스트하우스,숙박업 기타,영업/정상,영업,200408,,부산광역시 해운대구 송정중앙로 44 (송정동),,129.20493656,35.1816333
해운대구,디오브 해운대 호텔 엘본더스테이,숙박업(생활),영업/정상,영업,202408,,"부산광역시 해운대구 구남로21번길 6, 엘본더스테이 (중동)",,129.16079888,35.16227696
해운대구,라마다 앙코르 해운대 호텔,일반호텔,영업/정상,영업,201707,,부산광역시 해운대구 구남로 9 (우동),,129.15960806,35.16329804
해운대구,라비드아틀란호텔Ⅱ,일반호텔,영업/정상,영업,202110,,"부산광역시 해운대구 구남로 37, 3층 312호 (중동)",,129.16137916,35.1610335
해운대구,라비앙즈,숙박업(생활),영업/정상,영업,202402,,"부산광역시 해운대구 구남로21번길 6, 3204호 (중동)",,129.16079888,35.16227696
해운대구,라비앙즈 메종 드 해운대,숙박업(생활),영업/정상,영업,202504,,부산광역시 해운대구 해운대해변로209번나길 56 (우동),,129.15693536,35.15974186
해운대구,라비앙즈 메종 드 호텔,숙박업(생활),영업/정상,영업,202504,,부산광역시 해운대구 해운대해변로209번나길 56 (우동),,129.15693536,35.15974186
해운대구,라비앙즈 해운대에비뉴,숙박업(생활),영업/정상,영업,202407,,부산광역시 해운대구 구남로18번길 30 (우동),,129.15833305,35.1616111
해운대구,라임,숙박업(생활),영업/정상,영업,198606,,부산광역시 해운대구 송정해변로 28-5 (송정동),,129.20282573,35.18100842
해운대구,라임스위트,숙박업(생활),영업/정상,영업,202212,,"부산광역시 해운대구 중동1로19번길 5, 3, 4층 (중동)",,129.16206071,35.16355266
해운대구,라찌호텔,여관업,영업/정상,영업,200202,,부산광역시 해운대구 해운대로 157 (재송동),,129.12212454,35.18353877
해운대구,라포레 키즈풀빌라,숙박업 기타,영업/정상,영업,201208,,"부산광역시 해운대구 구남로18번길 24, 202호 (우동, 해운대비치오피스텔)",,129.1588614,35.16190304
해운대구,로미스테이,숙박업(생활),영업/정상,영업,202401,,"부산광역시 해운대구 해운대해변로298번길 29, 해운대푸르지오시티 1층 108호 (중동)",,129.16681748,35.16109798
해운대구,로지캐슬,숙박업(생활),영업/정상,영업,202607,,"부산광역시 해운대구 해운대해변로298번길 29, 해운대푸르지오시티 B동 1407호 (중동)",,129.16681748,35.16109798
해운대구,루메드 풀빌라,숙박업(생활),영업/정상,영업,202212,,"부산광역시 해운대구 송정중앙로 47, 송정 오베이로 풀빌라 (송정동)",,129.20556986,35.18176804
해운대구,르컬렉티브 해운대 패러그라프,숙박업(생활),영업/정상,영업,202406,,"부산광역시 해운대구 해운대로570번길 30, 빌리브패러그라프 (우동)",,129.1570696,35.15997783
해운대구,리베로 호텔,관광호텔,영업/정상,영업,199408,,부산광역시 해운대구 구남로29번길 21 (중동),,129.16132235,35.16254433
해운대구,리엔(Lien)호텔,일반호텔,영업/정상,영업,200312,,부산광역시 해운대구 해운대로594번가길 4 (우동),,129.15661096,35.16079619
해운대구,마레마레 송정(폴마레),숙박업(생활),영업/정상,영업,202107,,"부산광역시 해운대구 송정중앙로6번길 86, 4-8층 (송정동)",,129.19923122,35.18032341
해운대구,마루하우스,숙박업 기타,영업/정상,영업,200411,,부산광역시 해운대구 송정중앙로 40-28 (송정동),,129.20408606,35.18158112
해운대구,마리쏠스테이,숙박업 기타,영업/정상,영업,202606,,"부산광역시 해운대구 달맞이길62번길 38, 삼환미포씨랜드 401호 (중동)",,129.1711885,35.15849067
해운대구,마린케이풀빌라,숙박업(생활),영업/정상,영업,201709,,부산광역시 해운대구 송정광어골로 3 (송정동),,129.19920218,35.18061131
해운대구,마마 게스트하우스 해운대점,숙박업 기타,영업/정상,영업,201712,,"부산광역시 해운대구 중동1로 40, 2층 (중동)",,129.16323874,35.16202553
해운대구,맥스(MAX)모텔,여관업,영업/정상,영업,199601,,부산광역시 해운대구 해운대로153번길 10 (재송동),,129.12217712,35.18370095
해운대구,메르드로브,관광호텔,영업/정상,영업,202410,,부산광역시 해운대구 송정광어골로 80 (송정동),,129.1959129,35.17455111
해운대구,명월가,일반호텔,영업/정상,영업,202207,,"부산광역시 해운대구 중동1로 4, 동춘빌딩 5층 (우동)",,129.16026334,35.16401557
해운대구,모네의 여름,숙박업(생활),영업/정상,영업,201512,,부산광역시 해운대구 송정광어골로 65 (송정동),,129.19645989,35.17560676
해운대구,모텔가든장,여관업,영업/정상,영업,198907,,부산광역시 해운대구 중동1로 42-14 (중동),,129.16285604,35.16163438
해운대구,물고기 미포,여관업,영업/정상,영업,197304,,부산광역시 해운대구 달맞이길62번가길 43 (중동),,129.17222089,35.15828523
해운대구,물고기미포펜션,숙박업(생활),영업/정상,영업,202210,,부산광역시 해운대구 달맞이길62번가길 43 (중동),,129.17222089,35.15828523
해운대구,미니먼트,숙박업(생활),영업/정상,영업,202301,,부산광역시 해운대구 송정중앙로9번길 78-2 (송정동),,129.20410062,35.186547
해운대구,미포 오션사이드 호텔(MIPO OCEANSIDE HOTEL),관광호텔,영업/정상,영업,200402,,부산광역시 해운대구 달맞이길62번길 28 (중동),,129.1706186,35.15886312
해운대구,바게트호텔,숙박업(생활),영업/정상,영업,201811,,"부산광역시 해운대구 해운대해변로209번길 13, 4층 (우동)",,129.15384814,35.15961481
해운대구,바다,숙박업 기타,영업/정상,영업,201206,,부산광역시 해운대구 구남로30번길 8-9 (우동),,129.15993904,35.16148703
해운대구,바다봄,숙박업(생활),영업/정상,영업,201907,,"부산광역시 해운대구 송정해변로 10, 3~5층 (송정동)",,129.20475385,35.18097147
해운대구,바다풍경,여관업,영업/정상,영업,200408,,부산광역시 해운대구 구남로 35-13 (중동),,129.16171766,35.1614812
해운대구,바이브,숙박업(생활),영업/정상,영업,202204,,"부산광역시 해운대구 송정광어골로 71, 4~6층 (송정동)",,129.19653132,35.17513984
해운대구,반월풀빌라,숙박업 기타,영업/정상,영업,202303,,부산광역시 해운대구 달맞이길62번길 67 (중동),,129.17381893,35.15687103
해운대구,발렌타인모텔,여관업,영업/정상,영업,199310,,부산광역시 해운대구 해운대로143번길 16-10 (재송동),,129.12218126,35.18419631
해운대구,베니키아 해운대호텔 마리안느,관광호텔,영업/정상,영업,201409,,부산광역시 해운대구 해운대해변로 310 (중동),,129.16464788,35.16142348
해운대구,베니키아호텔 해운대,관광호텔,영업/정상,영업,201511,,"부산광역시 해운대구 해운대해변로 317, 4~19층 (중동)",,129.16482537,35.16226
해운대구,베스트루이스해밀턴(BEST LOUIS HAMILTON HOTEL),일반호텔,영업/정상,영업,201310,,부산광역시 해운대구 해운대해변로209번가길 8 (우동),,129.15458887,35.15963535
해운대구,베스트웨스턴 해운대호텔,일반호텔,영업/정상,영업,201509,,"부산광역시 해운대구 구남로 42, 2층일부,3~15층 (중동)",,129.16116241,35.16045539
해운대구,베이모텔,여관업,영업/정상,영업,200407,,부산광역시 해운대구 해운대로1105번길 9 (송정동),,129.20048137,35.18403552
해운대구,베이몬드호텔,일반호텔,영업/정상,영업,201812,,부산광역시 해운대구 해운대해변로209번가길 27 (우동),,129.15674749,35.15954834
해운대구,벡스코 센텀호텔,일반호텔,영업/정상,영업,202302,,"부산광역시 해운대구 센텀3로 20, 벡스코 비지니스호텔 (우동)",,129.13291281,35.16780174
해운대구,벨리아(BELLIA),숙박업(생활),영업/정상,영업,202103,,"부산광역시 해운대구 해운대해변로298번길 29, 해운대푸르지오시티 (중동)",,129.16681748,35.16109798
해운대구,벨모어 호텔,여관업,영업/정상,영업,201107,,부산광역시 해운대구 해운대로608번길 45 (우동),,129.15916913,35.1612133
해운대구,보나투게더,숙박업(생활),영업/정상,영업,202309,,"부산광역시 해운대구 구남로21번길 6, 1911호 (중동)",,129.16079888,35.16227696
해운대구,보다스테이 5호점(송정),숙박업(생활),영업/정상,영업,202310,,"부산광역시 해운대구 송정광어골로 29, 수정빌딩 4층 (송정동)",,129.19791027,35.17847241
해운대구,보다스테이 해운대,숙박업(생활),영업/정상,영업,202306,,"부산광역시 해운대구 해운대해변로209번가길 11, 9층 (우동)",,129.15517523,35.15983113
해운대구,부띠크 엘리시아,일반호텔,영업/정상,영업,201606,,"부산광역시 해운대구 구남로 49, 엘리시아 (중동)",,129.16217721,35.1601635
해운대구,부산 송정 놀다가(GO)풀빌라 펜션,숙박업(생활),영업/정상,영업,201810,,부산광역시 해운대구 송정구덕포길 130 (송정동),,129.19715495,35.17006049
해운대구,부산송정,숙박업(생활),영업/정상,영업,201511,,부산광역시 해운대구 송정중앙로39번길 3 (송정동),,129.20455369,35.1823701
해운대구,부산펜션 모가스테이,숙박업 기타,영업/정상,영업,201108,,부산광역시 해운대구 구남로30번길 6 (우동),,129.16022946,35.16131174
해운대구,브라운 도트 해운대점,관광호텔,영업/정상,영업,201407,,부산광역시 해운대구 구남로24번길 16 (우동),,129.15933364,35.16160813
해운대구,브라운도트호텔 센텀점,일반호텔,영업/정상,영업,200203,,부산광역시 해운대구 해운대로161번길 11-1 (재송동),,129.12294704,35.18380681
해운대구,브라운도트호텔 송정점,관광호텔,영업/정상,영업,201712,,부산광역시 해운대구 송정광어골로 30 (송정동),,129.19723485,35.17878941
해운대구,브룩스 1,여인숙업,영업/정상,영업,201112,,부산광역시 해운대구 송정해변로 8-7 (송정동),,129.20483636,35.18122164
해운대구,브룩스 호텔,일반호텔,영업/정상,영업,200208,,부산광역시 해운대구 송정해변로 8-3 (송정동),,129.20474348,35.1811403
해운대구,브이호텔,일반호텔,영업/정상,영업,200302,,부산광역시 해운대구 구남로18번길 46 (우동),,129.1577361,35.16127651
해운대구,브이호텔,일반호텔,영업/정상,영업,200812,,부산광역시 해운대구 송정중앙로39번길 2-9 (송정동),,129.2050446,35.18232606
해운대구,블루보트 게스트하우스 해운대점,숙박업 기타,영업/정상,영업,201204,,"부산광역시 해운대구 중동1로 13-4, 2,3층 (우동)",,129.161457,35.16376576
해운대구,블리스엠 해운대,숙박업(생활),영업/정상,영업,202607,,"부산광역시 해운대구 구남로21번길 6, 2110호 (중동)",,129.16079888,35.16227696
해운대구,비스토리호텔(B Story Hotel),여관업,영업/정상,영업,199508,,부산광역시 해운대구 해운대로153번길 18-6 (재송동),,129.12254964,35.18374768
해운대구,비치스테이,숙박업 기타,영업/정상,영업,201510,,"부산광역시 해운대구 구남로41번길 46, 2~5층 (중동)",,129.1630445,35.16214444
해운대구,비치웨이,여관업,영업/정상,영업,200006,,부산광역시 해운대구 송정중앙로36번길 36-9 (송정동),,129.20182392,35.18094176
해운대구,비트윈 해운대 게스트하우스,일반호텔,영업/정상,영업,197606,,부산광역시 해운대구 구남로21번길 9-22 (우동),,129.15995542,35.16316822
해운대구,빌라 드 버틀러,숙박업(생활),영업/정상,영업,202310,,부산광역시 해운대구 중동1로19번길 7 (중동),,129.16218831,35.16358472
해운대구,빌라드 달안 해운대,숙박업(생활),영업/정상,영업,202607,,"부산광역시 해운대구 중동1로 38, 3층 일부호 (중동)",,129.16312897,35.16221033
해운대구,석원장여관,여관업,영업/정상,영업,198409,,부산광역시 해운대구 해운대해변로 337 (중동),,129.16682228,35.16322474
해운대구,선셋호텔(Sunset Hotel),일반호텔,영업/정상,영업,200810,,"부산광역시 해운대구 구남로 46, 웨이브타운 6~15층 15층 일부호 (중동)",,129.1614087,35.16012645
해운대구,선트리 호텔,관광호텔,영업/정상,영업,201807,,부산광역시 해운대구 달맞이길 209 (중동),,129.18321066,35.15950379
해운대구,성일장여관,숙박업(생활),영업/정상,영업,198407,,부산광역시 해운대구 해운대로61번길 70 (반여동),,129.1263074,35.19474081
해운대구,센텀 게스트 하우스,숙박업 기타,영업/정상,영업,197310,,부산광역시 해운대구 해운대로 333 (우동),,129.13416513,35.17180112
해운대구,센텀J모텔,여관업,영업/정상,영업,199606,,부산광역시 해운대구 재송1로20번길 29 (재송동),,129.12202636,35.18652002
해운대구,센텀비즈니스호텔,일반호텔,영업/정상,영업,202309,,"부산광역시 해운대구 센텀1로 17, 센텀프리미어호텔 (우동)",,129.13159467,35.16693706
해운대구,센텀빅토리아호텔,일반호텔,영업/정상,영업,202205,,"부산광역시 해운대구 센텀3로 20, 벡스코 비지니스호텔 1603호 (우동)",,129.13291281,35.16780174
해운대구,센텀스위트호텔,일반호텔,영업/정상,영업,202207,,"부산광역시 해운대구 센텀1로 17, 센텀프리미어호텔 203호 (우동)",,129.13159467,35.16693706
해운대구,센텀시티호텔,일반호텔,영업/정상,영업,202401,,"부산광역시 해운대구 센텀3로 20, 벡스코 비지니스호텔 (우동)",,129.13291281,35.16780174
해운대구,센텀컨벤션호텔,일반호텔,영업/정상,영업,202306,,"부산광역시 해운대구 센텀3로 20, 벡스코 비지니스호텔 (우동)",,129.13291281,35.16780174
해운대구,센텀프리미어호텔,일반호텔,영업/정상,영업,202308,,"부산광역시 해운대구 센텀1로 17, 센텀프리미어호텔 (우동)",,129.13159467,35.16693706
해운대구,센텀하우스,숙박업(생활),영업/정상,영업,199405,,부산광역시 해운대구 재송1로14번길 25 (재송동),,129.12164475,35.18669553
해운대구,소노문 해운대,관광호텔,영업/정상,영업,201606,,"부산광역시 해운대구 해운대해변로237번길 12 (우동, 1층(일부), 3~18층,20층)",,129.1579596,35.15992191
해운대구,소사이어티에스호텔해운대,관광호텔,영업/정상,영업,201812,,부산광역시 해운대구 구남로12번길 37 (우동),,129.15781435,35.1615501
해운대구,솔스테이 풀빌라&료칸,일반호텔,영업/정상,영업,202303,,부산광역시 해운대구 송정중앙로6번길 66 (송정동),,129.19975923,35.18111674
해운대구,송도각,여관업,영업/정상,영업,199806,,부산광역시 해운대구 달맞이길 10 (중동),,129.16608386,35.16161104
해운대구,송리단펜션,숙박업(생활),영업/정상,영업,198304,,"부산광역시 해운대구 송정강변로 19, 풀하우스 민박 2, 3층 (송정동)",,129.20539916,35.18328667
해운대구,송정 미연,숙박업(생활),영업/정상,영업,201810,,부산광역시 해운대구 송정광어골로 58-1 (송정동),,129.1958229,35.17645258
해운대구,송정 스카이 풀,숙박업(생활),영업/정상,영업,202005,,"부산광역시 해운대구 송정광어골로 19, 상림빌딩 3~5층 (송정동)",,129.19839199,35.17935072
해운대구,송정 알리바바,숙박업(생활),영업/정상,영업,201509,,"부산광역시 해운대구 송정중앙로36번길 21, 1~5층 (송정동)",,129.20337387,35.1814739
해운대구,송정 오셔너스,숙박업(생활),영업/정상,영업,201506,,"부산광역시 해운대구 송정광어골로 47, 6~9층 (송정동)",,129.19690856,35.17701206
해운대구,송정 카라반 펜션,숙박업(생활),영업/정상,영업,201611,,부산광역시 해운대구 송정중앙로6번길 180 (송정동),,129.19677323,35.17663469
해운대구,송정 해수락,숙박업(생활),영업/정상,영업,201709,,부산광역시 해운대구 송정해변로 8-17 (송정동),,129.20435085,35.18148817
해운대구,송정 호텔 젬,일반호텔,영업/정상,영업,200210,,"부산광역시 해운대구 송정중앙로39번길 20, 지하1~8층 (송정동)",,129.20531733,35.18275342
해운대구,송정관광호텔,일반호텔,영업/정상,영업,199809,,부산광역시 해운대구 송정해변로 28 (송정동),,129.2030677,35.18106777
해운대구,송정등대민박,숙박업 기타,영업/정상,영업,200506,,부산광역시 해운대구 송정중앙로 50 (송정동),,129.20540379,35.1813681
해운대구,송정리자인호텔,여관업,영업/정상,영업,200304,,부산광역시 해운대구 송정중앙로39번길 21 (송정동),,129.20509052,35.18302947
해운대구,송정맨션 풀빌라 부산송정1호점,숙박업(생활),영업/정상,영업,202301,,"부산광역시 해운대구 송정구덕포길 150-3, 1~4층 (송정동)",,129.19715664,35.16900637
해운대구,송정스카이 부티크,숙박업(생활),영업/정상,영업,201909,,"부산광역시 해운대구 송정중앙로6번길 118, 3~6층 4호 (송정동)",,129.19836863,35.17904749
해운대구,송정스카이 펜트하우스,숙박업(생활),영업/정상,영업,202210,,"부산광역시 해운대구 송정광어골로 19, 씨엔씨빌딩 8층 (송정동)",,129.19839199,35.17935072
해운대구,송정스테이,일반호텔,영업/정상,영업,198706,,부산광역시 해운대구 송정중앙로39번길 13 (송정동),,129.20487127,35.18271529
해운대구,송정아토 호스텔,숙박업(생활),영업/정상,영업,201607,,"부산광역시 해운대구 송정강변로 23, 2~4층 (송정동)",,129.20536773,35.1835731
해운대구,송정여인숙,여인숙업,영업/정상,영업,197309,,부산광역시 해운대구 송정1로8번길 49 (송정동),,129.20031372,35.1842117
해운대구,송정오션루나,숙박업(생활),영업/정상,영업,202504,,부산광역시 해운대구 송정중앙로6번길 54 (송정동),,129.20003602,35.18154383
해운대구,송정펜션,숙박업 기타,영업/정상,영업,200403,,부산광역시 해운대구 송정중앙로 40-12 (송정동),,129.20425943,35.18167424
해운대구,쇼호텔,일반호텔,영업/정상,영업,200607,,부산광역시 해운대구 구남로8번길 38 (우동),,129.15749989,35.16230982
해운대구,수복장모텔,여관업,영업/정상,영업,198103,,부산광역시 해운대구 아랫반송로21번길 153 (반송동),,129.14852735,35.22943701
해운대구,스테이 SD,숙박업(생활),영업/정상,영업,202405,,"부산광역시 해운대구 송정중앙로6번길 126, 3~5층 (송정동)",,129.19813287,35.17872709
해운대구,스테이 달안,숙박업(생활),영업/정상,영업,202511,,"부산광역시 해운대구 구남로41번길 11, 2, 3층 (중동)",,129.16175039,35.16108562
해운대구,스테이 토유,숙박업 기타,영업/정상,영업,202510,,"부산광역시 해운대구 중동1로 42-22, 지1층 (중동)",,129.16307204,35.16119411
해운대구,스테이모어 빌리지,숙박업(생활),영업/정상,영업,202205,,부산광역시 해운대구 송정광어골로 90 (송정동),,129.1962975,35.17355637
해운대구,스테이서몽,숙박업(생활),영업/정상,영업,201306,,부산광역시 해운대구 송정해변로 8-12 (송정동),,129.20491779,35.18146111
해운대구,스테이안,숙박업(생활),영업/정상,영업,201609,,부산광역시 해운대구 해운대로 107 (재송동),,129.12126638,35.18764702
해운대구,스테이온 풀빌라,숙박업 기타,영업/정상,영업,202306,,"부산광역시 해운대구 달맞이길62번길 53, 보림마리나센타 6층 (중동)",,129.17291353,35.15759021
해운대구,스텔라,관광호텔,영업/정상,영업,202309,,"부산광역시 해운대구 송정광어골로 64, 스텔라빌딩 3,4층 (송정동)",,129.19589712,35.17583833
해운대구,시그니처 스테이,숙박업(생활),영업/정상,영업,202603,,"부산광역시 해운대구 송정해변로 32, 2층 (송정동)",,129.20254014,35.18083044
해운대구,시점 풀빌라펜션(해운대),숙박업 기타,영업/정상,영업,201904,,"부산광역시 해운대구 달맞이길62번길 53, 보림마리나센타 7층 (중동)",,129.17291353,35.15759021
해운대구,시크레이트,숙박업(생활),영업/정상,영업,202502,,"부산광역시 해운대구 구남로 19, 2,3층 (우동)",,129.16026093,35.16232905
해운대구,신라스테이 해운대,관광호텔,영업/정상,영업,201704,,"부산광역시 해운대구 해운대로570번길 46, 2~15층 (우동)",,129.15971127,35.16044262
해운대구,신세계텔,여관업,영업/정상,영업,198606,,부산광역시 해운대구 송정중앙로36번길 11-9 (송정동),,129.20386959,35.18159687
해운대구,써클스테이 해운대 송정해수욕장 풀빌라 펜션,숙박업 기타,영업/정상,영업,200904,,"부산광역시 해운대구 송정해변로 16-1, 4~6층 (송정동)",,129.20409247,35.18093343
해운대구,썬비치게스트하우스,숙박업 기타,영업/정상,영업,200405,,부산광역시 해운대구 송정해변로 34-7 (송정동),,129.20225044,35.18097591
해운대구,아늑 시그니처 부산 해운대,숙박업 기타,영업/정상,영업,202509,,부산광역시 해운대구 구남로18번길 56 (우동),,129.15720648,35.16098094
해운대구,아늑 시그니처 부산 해운대2,숙박업 기타,영업/정상,영업,202509,,부산광역시 해운대구 구남로12번길 49 (우동),,129.15729944,35.16128315
해운대구,아늑 시그니처 부산 해운대3,숙박업 기타,영업/정상,영업,202601,,부산광역시 해운대구 구남로18번길 48 (우동),,129.15754078,35.16116737
해운대구,아라뷰스테이,숙박업(생활),영업/정상,영업,202208,,"부산광역시 해운대구 송정광어골로 47, 3층 (송정동)",,129.19690856,35.17701206
해운대구,아란스테이해운대,숙박업(생활),영업/정상,영업,202607,,"부산광역시 해운대구 중동1로 11-1, 4층 (우동)",,129.16127483,35.16382409
해운대구,아리랑,여관업,영업/정상,영업,199508,,"부산광역시 해운대구 송정해변로 12-8, 2~7층 (송정동)",,129.20437067,35.18107066
해운대구,아리랑 아일랜드,일반호텔,영업/정상,영업,202406,,부산광역시 해운대구 구남로29번길 20-8 (중동),,129.16204376,35.16209031
해운대구,아리랑스테이,숙박업 기타,영업/정상,영업,201202,,부산광역시 해운대구 중동1로 42-12 (중동),,129.16295115,35.16174125
해운대구,아리랑스테이A,숙박업(생활),영업/정상,영업,202606,,부산광역시 해운대구 구남로41번길 26-14 (중동),,129.16248082,35.16110048
해운대구,아리랑스테이B,숙박업(생활),영업/정상,영업,202606,,부산광역시 해운대구 구남로41번길 26-18 (중동),,129.1624003,35.16103693
해운대구,아이엠하우스펜션,숙박업(생활),영업/정상,영업,201407,,부산광역시 해운대구 구남로12번길 39 (우동),,129.15770761,35.16156282
해운대구,아이엠호텔,일반호텔,영업/정상,영업,200305,,부산광역시 해운대구 송정중앙로39번길 16 (송정동),,129.20522151,35.18260778
해운대구,아쿠아 풀(AQUA POOL),숙박업 기타,영업/정상,영업,202506,,"부산광역시 해운대구 해운대해변로209번나길 12, 세움오피스텔 14층 (우동)",,129.15429331,35.16019087
해운대구,아크블루 호텔,일반호텔,영업/정상,영업,201705,,부산광역시 해운대구 해운대해변로209번가길 25 (우동),,129.15655521,35.15959575
해운대구,아크블루호텔(ARK BLUE HOTEL),숙박업(생활),영업/정상,영업,201706,,"부산광역시 해운대구 해운대해변로209번가길 25, 2,9층 (우동)",,129.15655521,35.15959575
해운대구,아파트먼트풀 포알엠에스,일반호텔,영업/정상,영업,202410,,"부산광역시 해운대구 달맞이길117번가길 219, 3~5층 (중동)",,129.18331956,35.16121486
해운대구,알로,숙박업(생활),영업/정상,영업,202101,,"부산광역시 해운대구 해운대로 620, 해운대 라뮤에뜨 417호 (우동)",,129.1584916,35.1629774
해운대구,앙스모멍,숙박업(생활),영업/정상,영업,201806,,부산광역시 해운대구 송정중앙로36번길 25 (송정동),,129.20311237,35.18144323
해운대구,애플호텔,여관업,영업/정상,영업,199807,,부산광역시 해운대구 송정중앙로15번길 21 (송정동),,129.20287823,35.18419583
해운대구,야자호텔,숙박업(생활),영업/정상,영업,201911,,"부산광역시 해운대구 해운대로143번길 16-9, 티모텔 6층 (재송동)",,129.12234877,35.18432629
해운대구,어반스테이 해운대역,숙박업(생활),영업/정상,영업,202408,,"부산광역시 해운대구 해운대로 620, 해운대 라뮤에뜨 B03호 (우동)",,129.1584916,35.1629774
해운대구,에스스테이,숙박업(생활),영업/정상,영업,201706,,부산광역시 해운대구 송정중앙로36번길 42 (송정동),,129.20210868,35.18141287
해운대구,에이원위드해운대,숙박업(생활),영업/정상,영업,202404,,"부산광역시 해운대구 구남로21번길 6, 6층 공용부분 일부호 (중동)",,129.16079888,35.16227696
해운대구,에이치 모먼트 펜션 A,숙박업 기타,영업/정상,영업,201607,,"부산광역시 해운대구 송정해변로 4, 3~5층 (송정동)",,129.20533259,35.18127599
해운대구,에이치 모먼트 펜션 B,숙박업(생활),영업/정상,영업,201903,,부산광역시 해운대구 송정해변로 6-4 (송정동),,129.20521876,35.18134681
해운대구,에이치모먼트호텔 송정점,일반호텔,영업/정상,영업,201304,,부산광역시 해운대구 송정해변로 8-8 (송정동),,129.2050275,35.1814131
해운대구,에이치에비뉴호텔 송정점,관광호텔,영업/정상,영업,200306,,부산광역시 해운대구 송정해변로 36-3 (송정동),,129.20192116,35.18072183
해운대구,에피큐리언 레지던스,숙박업 기타,영업/정상,영업,202212,,"부산광역시 해운대구 해운대로570번길 29-1, 오피스텔리오 9, 10층 (우동)",,129.15737945,35.16050459
해운대구,엘루이(Lrui)모텔,일반호텔,영업/정상,영업,200301,,부산광역시 해운대구 해운대로153번길 28 (재송동),,129.12303313,35.18416224
해운대구,엘모멘토 해운대,숙박업(생활),영업/정상,영업,202303,,"부산광역시 해운대구 구남로21번길 6, 엘본더스테이 (중동)",,129.16079888,35.16227696
해운대구,엘시티 레지던스,숙박업(생활),영업/정상,영업,202004,,"부산광역시 해운대구 달맞이길 30 (중동, 엘시티)",,129.16878653,35.16055677
해운대구,엘시티레지던스 더바인 해운대,숙박업(생활),영업/정상,영업,202504,,"부산광역시 해운대구 달맞이길 30, 3061호 (중동, 엘시티)",,129.16878653,35.16055677
해운대구,엘시티레지던스 와이컬렉션,숙박업(생활),영업/정상,영업,202202,,"부산광역시 해운대구 달맞이길 30, 레지던스동 2701호 (중동, 엘시티)",,129.16878653,35.16055677
해운대구,엠식스(M6)모텔,여관업,영업/정상,영업,199711,,부산광역시 해운대구 해운대로153번길 24-6 (재송동),,129.12285953,35.18391268
해운대구,엣지 993(edge 993),여관업,영업/정상,영업,201109,,부산광역시 해운대구 달맞이길62번길 78 (중동),,129.17512988,35.1563966
해운대구,여기 바다,숙박업(생활),영업/정상,영업,202607,,"부산광역시 해운대구 해운대해변로298번길 29, 해운대푸르지오시티 B동 602호 (중동)",,129.16681748,35.16109798
해운대구,여우비호텔,여관업,영업/정상,영업,199509,,부산광역시 해운대구 송정강변로 11 (송정동),,129.20548428,35.1824321
해운대구,영무파라드호텔,숙박업(생활),영업/정상,영업,202007,,부산광역시 해운대구 해운대해변로298번길 25 (중동),,129.16654139,35.16094159
해운대구,영무파라드호텔,숙박업(생활),영업/정상,영업,202007,,부산광역시 해운대구 해운대해변로298번길 25 (중동),,129.16654139,35.16094159
해운대구,영무파라드호텔1,숙박업(생활),영업/정상,영업,202405,,"부산광역시 해운대구 해운대해변로298번길 25, 영무 파라드 호텔 101호 (중동)",,129.16654139,35.16094159
해운대구,오게스트앤미니호텔,숙박업 기타,영업/정상,영업,201707,,"부산광역시 해운대구 구남로8번길 11, 2~3층 (우동)",,129.15859528,35.16262206
해운대구,오렌지호텔,일반호텔,영업/정상,영업,200403,,부산광역시 해운대구 해운대해변로209번가길 6 (우동),,129.154395,35.15965932
해운대구,오션마켓스테이(Ocean Market Stay),숙박업(생활),영업/정상,영업,202210,,부산광역시 해운대구 구남로41번길 17 (중동),,129.16196069,35.1613339
해운대구,오션뷰 오뜨호텔(HAUTE HOTEL),일반호텔,영업/정상,영업,200306,,부산광역시 해운대구 해운대해변로209번가길 23 (우동),,129.15636507,35.15957482
해운대구,오이,숙박업(생활),영업/정상,영업,202203,,"부산광역시 해운대구 중동1로 34, 3층 (중동)",,129.16285942,35.16244771
해운대구,오즈모텔,여관업,영업/정상,영업,199010,,부산광역시 해운대구 구남로12번길 13 (우동),,129.15897003,35.16221466
해운대구,온다호텔(ONDA HOTEL),일반호텔,영업/정상,영업,201912,,부산광역시 해운대구 해운대로570번길 43 (우동),,129.15885616,35.16025304
해운대구,온더비치,일반호텔,영업/정상,영업,202204,,"부산광역시 해운대구 해운대해변로298번길 29, 해운대푸르지오시티 A동 2203호 (중동)",,129.16681748,35.16109798
해운대구,온더비치,숙박업(생활),영업/정상,영업,202204,,"부산광역시 해운대구 해운대해변로298번길 29, 해운대푸르지오시티 A동 2203호 (중동)",,129.16681748,35.16109798
해운대구,올라호텔,관광호텔,영업/정상,영업,201503,,부산광역시 해운대구 송정광어골로 49 (송정동),,129.19682078,35.17686567
해운대구,와이(Y) 게스트하우스,숙박업 기타,영업/정상,영업,202412,,"부산광역시 해운대구 달맞이길 2-13, 동진빌딩 4층 (중동)",,129.16581949,35.16154216
해운대구,와이컬렉션 해운대비치,숙박업(생활),영업/정상,영업,202310,,"부산광역시 해운대구 해운대해변로298번길 25, 영무 파라드 호텔 104호 (중동)",,129.16654139,35.16094159
해운대구,월하정인,숙박업(생활),영업/정상,영업,202204,,부산광역시 해운대구 송정중앙로15번길 6 (송정동),,129.20268919,35.18342225
해운대구,유에이치 스위트,일반호텔,영업/정상,영업,201206,,"부산광역시 해운대구 해운대해변로 271, 씨스타 6~8,11~13, 15층 (중동)",,129.16110116,35.15982638
해운대구,유에이치 스위트 씨스타 4F,일반호텔,영업/정상,영업,201406,,"부산광역시 해운대구 해운대해변로 271, 4층 (중동)",,129.16110116,35.15982638
해운대구,유에이치 컨티넨탈 센터포인트,일반호텔,영업/정상,영업,202411,,부산광역시 해운대구 달맞이길 2-21 (중동),,129.16601899,35.16123551
해운대구,유에이치스위트 더 해운대,숙박업(생활),영업/정상,영업,202004,,"부산광역시 해운대구 해운대해변로 271, 씨스타 3층 301~305호 (중동)",,129.16110116,35.15982638
해운대구,유에이치스위트 랜드스케이프 14층,일반호텔,영업/정상,영업,202008,,"부산광역시 해운대구 해운대해변로 271, 씨스타 14층 (중동)",,129.16110116,35.15982638
해운대구,은재모텔,여관업,영업/정상,영업,197008,,부산광역시 해운대구 윗반송로31번길 99-23 (반송동),,129.15448613,35.23230911
해운대구,이너피스,숙박업(생활),영업/정상,영업,201701,,부산광역시 해운대구 송정광어골로82번길 16 (송정동),,129.19575799,35.17423788
해운대구,이안스테이 해운대,숙박업(생활),영업/정상,영업,202607,,"부산광역시 해운대구 해운대해변로359번길 27, 승훈빌딩 5,6층 (중동)",,129.16840053,35.1648835
해운대구,이코노미 해운대,숙박업 기타,영업/정상,영업,201503,,"부산광역시 해운대구 구남로12번길 11, 3~4층 (우동)",,129.15908076,35.16227693
해운대구,인(INN)호텔,여관업,영업/정상,영업,199212,,부산광역시 해운대구 윗반송로31번길 123 (반송동),,129.15538519,35.23270857
해운대구,일로와 스테이,숙박업(생활),영업/정상,영업,201507,,부산광역시 해운대구 달맞이길62번가길 31 (중동),,129.17161395,35.1586543
해운대구,자다 앤 가다,여관업,영업/정상,영업,198010,,부산광역시 해운대구 중동1로 45 (중동),,129.16382861,35.16175706
해운대구,자라(ZARA) 모텔,여관업,영업/정상,영업,199512,,부산광역시 해운대구 해운대로153번길 16 (재송동),,129.12246165,35.18385433
해운대구,재송 힐,숙박업(생활),영업/정상,영업,199106,,부산광역시 해운대구 해운대로153번길 22 (재송동),,129.12276965,35.18402033
해운대구,제우스모텔,일반호텔,영업/정상,영업,199711,,부산광역시 해운대구 재송1로20번길 47 (재송동),,129.12214201,35.18569859
해운대구,제이비 디자인 호텔,관광호텔,영업/정상,영업,201401,,부산광역시 해운대구 구남로12번길 31 (우동),,129.15809932,35.16172893
해운대구,제이비 플러스호텔,일반호텔,영업/정상,영업,199402,,부산광역시 해운대구 구남로12번길 22 (우동),,129.15834484,35.16226651
해운대구,주식회사 이랜드파크 켄싱턴리조트 해운대,숙박업(생활),영업/정상,영업,198407,,부산광역시 해운대구 해운대해변로 243 (우동),,129.15794522,35.15939387
해운대구,주식회사 인천그레이스호텔,일반호텔,영업/정상,영업,202204,,부산광역시 해운대구 해운대해변로221번길 22 (우동),,129.15655745,35.16030806
해운대구,중앙펜션,숙박업(생활),영업/정상,영업,202606,,부산광역시 해운대구 송정해변로 8-4 (송정동),,129.20500697,35.18111262
해운대구,지.피호텔(G.P HOTEL),일반호텔,영업/정상,영업,200207,,부산광역시 해운대구 해운대로594번가길 26 (우동),,129.15776851,35.1605976
해운대구,초원장여관,여관업,영업/정상,영업,198811,,부산광역시 해운대구 아랫반송로21번길 17-5 (반송동),,129.14820576,35.225663
해운대구,카이브,숙박업(생활),영업/정상,영업,201906,,"부산광역시 해운대구 송정광어골로 15, 5~9층층 (송정동)",,129.19859229,35.17965235
해운대구,카이브 부산송정 시그니처점,숙박업 기타,영업/정상,영업,199612,,부산광역시 해운대구 송정해변로 32 (송정동),,129.20254014,35.18083044
해운대구,카이브 부산송정3호점,숙박업(생활),영업/정상,영업,201707,,부산광역시 해운대구 송정광어골로 67 (송정동),,129.19649075,35.17542892
해운대구,카이브 부산송정4호점,숙박업(생활),영업/정상,영업,202502,,"부산광역시 해운대구 송정광어골로 87, 한림빌딩 3층 (송정동)",,129.19667903,35.17372797
해운대구,카이브2,일반호텔,영업/정상,영업,202106,,"부산광역시 해운대구 송정광어골로 55, 하얀집 (송정동)",,129.19641812,35.1763967
해운대구,캔버스 호스텔,숙박업(생활),영업/정상,영업,200109,,부산광역시 해운대구 해운대해변로197번길 14 (우동),,129.15299252,35.15934783
해운대구,캔버스(CANVAS),숙박업(생활),영업/정상,영업,201605,,부산광역시 해운대구 해운대해변로197번길 13 (우동),,129.15266299,35.1591496
해운대구,코브스테이 해운대,숙박업(생활),영업/정상,영업,202507,,"부산광역시 해운대구 해운대해변로 277, 다옴빌딩 6층 (중동)",,129.16147926,35.15987364
해운대구,코오롱씨클라우드호텔,숙박업(생활),영업/정상,영업,200607,,부산광역시 해운대구 해운대해변로 287 (중동),,129.1622152,35.16044098
해운대구,코코호텔,일반호텔,영업/정상,영업,200307,,부산광역시 해운대구 송정중앙로39번길 2-13 (송정동),,129.20530809,35.18224854
해운대구,코티스 앰버서더,숙박업(생활),영업/정상,영업,202302,,"부산광역시 해운대구 구남로21번길 6, 엘본더스테이 (중동)",,129.16079888,35.16227696
해운대구,쿠무다 레스메종,숙박업(생활),영업/정상,영업,202111,,"부산광역시 해운대구 송정광어골로 41, 5-8층 (송정동)",,129.19718404,35.17742916
해운대구,토마토,숙박업 기타,영업/정상,영업,200407,,부산광역시 해운대구 송정중앙로 40-22 (송정동),,129.20403199,35.18173072
해운대구,토요코인 부산 해운대Ⅱ,관광호텔,영업/정상,영업,201601,,부산광역시 해운대구 해운대해변로237번길 5 (우동),,129.1573807,35.159539
해운대구,토유료칸호텔,숙박업 기타,영업/정상,영업,199508,,"부산광역시 해운대구 중동1로 42-22, 2~4층 (중동)",,129.16314855,35.16130839
해운대구,트레블로지 스위트 부산 센텀 호텔,숙박업(생활),영업/정상,영업,202407,,부산광역시 해운대구 APEC로 21 (우동),,129.13293686,35.16607795
해운대구,파스텔여관,여관업,영업/정상,영업,199704,,"부산광역시 해운대구 해운대해변로209번가길 3, 5~6층 (우동)",,129.1542457,35.15993507
해운대구,파크하얏트 부산,관광호텔,영업/정상,영업,201301,,부산광역시 해운대구 마린시티1로 51 (우동),,129.14178362,35.15648141
해운대구,팔라티움 해운대 바이 소노펠리체,숙박업(생활),영업/정상,영업,202512,,"부산광역시 해운대구 구남로30번길 18, 힐스테이트 해운대센트럴 3층 (우동)",,129.15943382,35.16128931
해운대구,팔레드시즈,숙박업(생활),영업/정상,영업,200802,,부산광역시 해운대구 해운대해변로298번길 24 (중동),,129.16657612,35.16012863
해운대구,팝콘호스텔 해운대점,숙박업(생활),영업/정상,영업,201209,,"부산광역시 해운대구 해운대해변로 321, 해운대구중동마린타워 11층 (중동)",,129.16527036,35.16249273
해운대구,패밀리 하우스(Family house 710),숙박업(생활),영업/정상,영업,202311,,"부산광역시 해운대구 중동1로19번길 7, 3층 (중동)",,129.16218831,35.16358472
해운대구,팰릭스바이에스티엑스,숙박업(생활),영업/정상,영업,202006,,"부산광역시 해운대구 해운대로 620, 해운대 라뮤에뜨 (우동)",,129.1584916,35.1629774
해운대구,펀웨이브(FUNWAVE)게스트하우스,숙박업 기타,영업/정상,영업,201710,,"부산광역시 해운대구 중동1로 11-1, 3층 (우동)",,129.16127483,35.16382409
해운대구,페어필드바이메리어트부산,일반호텔,영업/정상,영업,201811,,부산광역시 해운대구 해운대해변로 314 (중동),,129.16484632,35.1616389
해운대구,펜톤나인 더 테라스 송정1호점,숙박업(생활),영업/정상,영업,202005,,부산광역시 해운대구 송정광어골로 15-1 (송정동),,129.1986089,35.17954157
해운대구,펜톤나인 송정해수욕장 송정3호점,숙박업(생활),영업/정상,영업,202110,,"부산광역시 해운대구 송정광어골로 21, 2~4층 (송정동)",,129.19823165,35.17910649
해운대구,펜톤나인 해변열차 송정2호점,숙박업(생활),영업/정상,영업,202104,,부산광역시 해운대구 송정중앙로6번길 94 (송정동),,129.19901805,35.18001451
해운대구,포레스트 펜션,숙박업 기타,영업/정상,영업,198406,,부산광역시 해운대구 송정중앙로39번길 2-1 (송정동),,129.20484708,35.18216899
해운대구,포르테 해운대,숙박업(생활),영업/정상,영업,202410,,"부산광역시 해운대구 해운대로570번길 30, 401호 (우동)",,129.1570696,35.15997783
해운대구,폭시호텔,여관업,영업/정상,영업,200406,,부산광역시 해운대구 구남로18번길 35 (우동),,129.15830207,35.1612645
해운대구,폴에이리조트 해운대,숙박업(생활),영업/정상,영업,201306,,부산광역시 해운대구 달맞이길 13 (중동),,129.16666287,35.16230173
해운대구,프로모텔(PRO모텔),숙박업 기타,영업/정상,영업,202306,,부산광역시 해운대구 중동1로 44-2 (중동),,129.16334432,35.16165089
해운대구,플레아드블랑(PLEA DE BLANC),숙박업(생활),영업/정상,영업,201805,,"부산광역시 해운대구 해운대해변로298번길 29, 해운대푸르지오시티 (중동)",,129.16681748,35.16109798
해운대구,플레아드블랑(PLEA DE BLANC),일반호텔,영업/정상,영업,201805,,"부산광역시 해운대구 해운대해변로298번길 29, 해운대푸르지오시티 (중동)",,129.16681748,35.16109798
해운대구,피카소호텔,일반호텔,영업/정상,영업,200112,,부산광역시 해운대구 해운대로594번가길 14 (우동),,129.15718173,35.16069887
해운대구,하루가테라스해운대,숙박업(생활),영업/정상,영업,201512,,"부산광역시 해운대구 해운대로594번가길 47, 5층 (우동, 엘리시아부설주차장)",,129.15899563,35.16064433
해운대구,하루호텔,여관업,영업/정상,영업,199807,,부산광역시 해운대구 송정중앙로15번길 19 (송정동),,129.202823,35.18411091
해운대구,하운드 송정,숙박업(생활),영업/정상,영업,202108,,부산광역시 해운대구 송정중앙로36번길 56 (송정동),,129.20141298,35.18119002
해운대구,하운드 해운대 가든&테라스 호텔,일반호텔,영업/정상,영업,202101,,부산광역시 해운대구 구남로12번길 55 (우동),,129.15706022,35.16114926
해운대구,하운드 해운대 시그니처 호텔,일반호텔,영업/정상,영업,202101,,부산광역시 해운대구 해운대로594번길 15 (우동),,129.15678606,35.16100841
해운대구,한화호텔앤드리조트(주) 해운대,휴양콘도미니엄업,영업/정상,영업,200107,,부산광역시 해운대구 마린시티3로 52 (우동),,129.14513397,35.15438499
해운대구,할매온천힐링센터,숙박업 기타,영업/정상,영업,201605,,"부산광역시 해운대구 중동2로10번길 7, 2층 (일부)호 (중동)",,129.16487611,35.1632085
해운대구,해리움 호텔,일반호텔,영업/정상,영업,201506,,부산광역시 해운대구 해운대해변로197번길 10-9 (우동),,129.15332014,35.15930729
해운대구,해운대 Lamer Stay,숙박업(생활),영업/정상,영업,202303,,"부산광역시 해운대구 구남로21번길 6, 엘본더스테이 (중동)",,129.16079888,35.16227696
해운대구,해운대 마린 캡슐호텔&스파,숙박업 기타,영업/정상,영업,202601,,"부산광역시 해운대구 해운대로 598, CW마린빌딩 4층 (우동)",,129.15680556,35.16217212
해운대구,해운대 바다 스테이,숙박업(생활),영업/정상,영업,202412,,"부산광역시 해운대구 해운대해변로298번길 29, 해운대푸르지오시티 A동 311호 (중동)",,129.16681748,35.16109798
해운대구,해운대 블루스토리호텔,일반호텔,영업/정상,영업,202201,,"부산광역시 해운대구 해운대해변로237번길 11, 403호 (우동)",,129.15757404,35.15990113
해운대구,해운대 센텀스위트호텔,숙박업 기타,영업/정상,영업,202601,,"부산광역시 해운대구 센텀1로 17, 센텀프리미어호텔 A동 401호 (우동)",,129.13159467,35.16693706
해운대구,해운대 센트럴호텔,일반호텔,영업/정상,영업,202104,,부산광역시 해운대구 해운대해변로298번길 33 (중동),,129.16720618,35.16094595
해운대구,해운대 웨이브,숙박업(생활),영업/정상,영업,202506,,"부산광역시 해운대구 해운대해변로209번나길 56, 2806호 (우동)",,129.15693536,35.15974186
해운대구,해운대 펜트하우스,숙박업(생활),영업/정상,영업,201603,,"부산광역시 해운대구 중동1로 17, 8층 (중동)",,129.16186322,35.1635247
해운대구,해운대 폴앤풀 키즈풀빌라,숙박업(생활),영업/정상,영업,201308,,"부산광역시 해운대구 해운대해변로 321, 601호 (중동, 마린타워)",,129.16527036,35.16249273
해운대구,해운대게스트하우스 원데이,숙박업 기타,영업/정상,영업,200909,,"부산광역시 해운대구 해운대해변로 291, 311호 (중동, 크리스탈비치)",,129.16244983,35.16074462
해운대구,해운대그린나래호텔,숙박업(생활),영업/정상,영업,201001,,부산광역시 해운대구 해운대해변로 233 (우동),,129.15692551,35.15894515
해운대구,해운대라메르스테이,숙박업(생활),영업/정상,영업,202502,,"부산광역시 해운대구 구남로21번길 6, 3105호 (중동)",,129.16079888,35.16227696
해운대구,해운대라메르스테이2,숙박업(생활),영업/정상,영업,202607,,"부산광역시 해운대구 구남로21번길 6, 1011호 (중동)",,129.16079888,35.16227696
해운대구,해운대센텀호텔,숙박업(생활),영업/정상,영업,202401,,"부산광역시 해운대구 센텀3로 20, 벡스코 비지니스호텔 (우동)",,129.13291281,35.16780174
해운대구,해운온천여관,여관업,영업/정상,영업,199604,,부산광역시 해운대구 달맞이길 8 (중동),,129.16583502,35.16174268
해운대구,해운재,숙박업(생활),영업/정상,영업,202607,,"부산광역시 해운대구 구남로12번길 13, 씨에프모텔 2층 (우동)",,129.15897003,35.16221466
해운대구,해피 하우스,숙박업(생활),영업/정상,영업,202509,,"부산광역시 해운대구 해운대해변로298번길 29, 해운대푸르지오시티 (중동)",,129.16681748,35.16109798
해운대구,현대민박,숙박업 기타,영업/정상,영업,200504,,부산광역시 해운대구 송정중앙로 31 (송정동),,129.20405606,35.18249785
해운대구,호텔 가인,일반호텔,영업/정상,영업,200401,,부산광역시 해운대구 송정중앙로 43 (송정동),,129.20519829,35.18191558
해운대구,호텔 고준관,숙박업 기타,영업/정상,영업,200302,,부산광역시 해운대구 송정중앙로39번길 12 (송정동),,129.20512737,35.18246528
해운대구,호텔 더 마크 해운대(Hotel The Mark Haeundae),숙박업(생활),영업/정상,영업,201507,,부산광역시 해운대구 해운대해변로298번길 29 (중동),,129.16681748,35.16109798
해운대구,호텔 더 마크 해운대(Hotel The Mark Haeundae),일반호텔,영업/정상,영업,201507,,부산광역시 해운대구 해운대해변로298번길 29 (중동),,129.16681748,35.16109798
해운대구,호텔 더 히트(HOTEL THE HIT),일반호텔,영업/정상,영업,199709,,부산광역시 해운대구 해운대로143번길 30-6 (재송동),,129.1227177,35.18454203
해운대구,호텔 라뮤에뜨,숙박업(생활),영업/정상,영업,202407,,"부산광역시 해운대구 해운대로 620, 해운대 라뮤에뜨 (우동)",,129.1584916,35.1629774
해운대구,호텔 로,일반호텔,영업/정상,영업,199709,,부산광역시 해운대구 해운대로143번길 30-8 (재송동),,129.12280657,35.18443455
해운대구,호텔 마리쏠,일반호텔,영업/정상,영업,202402,,"부산광역시 해운대구 구남로 37, 해운대르와지르호텔 (중동)",,129.16137916,35.1610335
해운대구,호텔 마리쏠Ⅰ,숙박업 기타,영업/정상,영업,202504,,"부산광역시 해운대구 구남로 37, 해운대르와지르호텔 309호 (중동)",,129.16137916,35.1610335
해운대구,호텔 마리쏠Ⅱ,숙박업 기타,영업/정상,영업,202504,,"부산광역시 해운대구 구남로 37, 해운대르와지르호텔 314호 (중동)",,129.16137916,35.1610335
해운대구,호텔 센텀,일반호텔,영업/정상,영업,200008,,부산광역시 해운대구 해운대로153번길 15 (재송동),,129.12233629,35.18400587
해운대구,호텔 에스원,일반호텔,영업/정상,영업,201111,,부산광역시 해운대구 구남로12번길 45 (우동),,129.15754517,35.16142036
해운대구,호텔 와우,여관업,영업/정상,영업,200304,,부산광역시 해운대구 해운대로608번길 60 (우동),,129.15917856,35.16059122
해운대구,호텔 웨스턴,여관업,영업/정상,영업,201101,,부산광역시 해운대구 해운대로161번길 9 (재송동),,129.1226807,35.18358666
해운대구,호텔 이루아,일반호텔,영업/정상,영업,202312,,"부산광역시 해운대구 해운대해변로298번길 29, 해운대푸르지오시티 근생B동 117호 (중동)",,129.16681748,35.16109798
해운대구,호텔 인트로,일반호텔,영업/정상,영업,201902,,부산광역시 해운대구 해운대해변로197번길 10-10 (우동),,129.15347218,35.15902092
해운대구,호텔 준(HOTEL JUNE),일반호텔,영업/정상,영업,200301,,부산광역시 해운대구 구남로12번길 19 (우동),,129.15878171,35.16211024
해운대구,호텔 해운대엘리시아,일반호텔,영업/정상,영업,202301,,"부산광역시 해운대구 구남로 49, 엘리시아 5,9,13층 (중동)",,129.16217721,35.1601635
해운대구,호텔데이즈.A,여관업,영업/정상,영업,200304,,부산광역시 해운대구 송정중앙로33번길 26-8 (송정동),,129.20516282,35.18313629
해운대구,호텔데이즈.B,일반호텔,영업/정상,영업,200311,,부산광역시 해운대구 송정중앙로33번길 26-6 (송정동),,129.20484683,35.18309098
해운대구,호텔라온,관광호텔,영업/정상,영업,201802,,부산광역시 해운대구 송정광어골로 39 (송정동),,129.19733263,35.17766854
해운대구,호텔롯데 L7해운대,관광호텔,영업/정상,영업,202404,,부산광역시 해운대구 해운대로570번길 55 (우동),,129.16011615,35.16033535
해운대구,호텔모모주스,일반호텔,영업/정상,영업,200112,,부산광역시 해운대구 해운대해변로209번길 12 (우동),,129.15424487,35.15948596
해운대구,호텔송정블루캐슬,숙박업(생활),영업/정상,영업,202408,,"부산광역시 해운대구 송정중앙로36번길 70, 2층 (송정동)",,129.20111057,35.18102929
해운대구,호텔아라,숙박업 기타,영업/정상,영업,199811,,부산광역시 해운대구 해운대해변로209번나길 30 (우동),,,
해운대구,호텔야자 해운대점,여관업,영업/정상,영업,200309,,부산광역시 해운대구 해운대해변로197번길 10-14 (우동),,129.15365765,35.15911231
해운대구,호텔에이(A),일반호텔,영업/정상,영업,199707,,"부산광역시 해운대구 해운대로594번가길 22, 2~5층 (우동)",,129.15757673,35.16063166
해운대구,호텔온나 해운대점,일반호텔,영업/정상,영업,200308,,부산광역시 해운대구 구남로18번길 19 (우동),,129.15902739,35.16167989
해운대구,호텔위드,숙박업(생활),영업/정상,영업,202409,,"부산광역시 해운대구 해운대해변로298번길 29, 해운대푸르지오시티 B동 905호 (중동)",,129.16681748,35.16109798
해운대구,호텔홍단,일반호텔,영업/정상,영업,200310,,부산광역시 해운대구 송정중앙로 45 (송정동),,129.20534947,35.18177721
해운대구,휘겔리,숙박업 기타,영업/정상,영업,200410,,"부산광역시 해운대구 달맞이길62번가길 37, 2~5층 (중동)",,129.17190968,35.15846122
해운대구,휘겔리 스위트,일반호텔,영업/정상,영업,201805,,"부산광역시 해운대구 달맞이길62번가길 37, 6층 (중동)",,129.17190968,35.15846122
해운대구,휴가,숙박업(생활),영업/정상,영업,202110,,부산광역시 해운대구 송정구덕포길 164 (송정동),,129.19704935,35.1685482
해운대구,히딩크,숙박업(생활),영업/정상,영업,200803,,부산광역시 해운대구 송정중앙로36번길 11-22 (송정동),,129.20384591,35.18109172
해운대구,(주)SJ관광개발 이비스 버젯 앰배서더 해운대,관광호텔,폐업,폐업,201412,202403,부산광역시 해운대구 해운대해변로209번길 8 (우동),,129.15448882,35.15907844
해운대구,(주)건오씨클라우드호텔점,숙박업(생활),폐업,폐업,201210,201905,부산광역시 해운대구 해운대해변로 287 (중동),,129.1622152,35.16044098
해운대구,(주)블루비치호텔,일반호텔,폐업,폐업,201707,202405,부산광역시 해운대구 청사포로128번길 40 (중동),,129.1907437,35.16029374
해운대구,(주)한국콘도,휴양콘도미니엄업,폐업,폐업,199001,200109,,,,
해운대구,247 모텔,여관업,폐업,폐업,199605,201802,부산광역시 해운대구 중동1로 44-2 (중동),,129.16334432,35.16165089
해운대구,25th호스텔,숙박업(생활),폐업,폐업,201610,202104,"부산광역시 해운대구 송정광어골로 29, 3층 (송정동)",,129.19791027,35.17847241
해운대구,7 (세븐) 호텔,일반호텔,폐업,폐업,200307,202211,부산광역시 해운대구 해운대로 149 (재송동),,129.12176892,35.18409285
해운대구,710 게스트하우스 옐로,여인숙업,폐업,폐업,196803,201907,부산광역시 해운대구 구남로21번길 9-4 (우동),,129.16048439,35.16252445
해운대구,B＆B관광호텔,관광호텔,폐업,폐업,198607,201011,,,129.16601899,35.16123551
해운대구,CLOUD9HOTEL(클라우드 나인호텔),일반호텔,폐업,폐업,199512,202302,부산광역시 해운대구 해운대해변로265번길 9-22 (우동),,129.15970115,35.16074003
해운대구,H 게스트하우스,숙박업 기타,폐업,폐업,201912,202003,"부산광역시 해운대구 해운대해변로221번길 13, 초가집 A동 (우동)",,129.15598132,35.15980264
해운대구,K게스트하우스 해운대1호점,일반호텔,폐업,폐업,201804,202209,"부산광역시 해운대구 구남로8번길 17, 지엠타워 3,4층 (우동)",,129.15841018,35.16245754
해운대구,MU모텔,여관업,폐업,폐업,200709,202205,부산광역시 해운대구 해운대로608번길 59 (우동),,129.15951137,35.16057993
해운대구,ON Hotel,일반호텔,폐업,폐업,200407,202201,부산광역시 해운대구 구남로18번길 39 (우동),,129.15812351,35.16117593
해운대구,RAMADA BUSAN,일반호텔,폐업,폐업,200802,200810,,,129.1614087,35.16012645
해운대구,WOW모텔,여관업,폐업,폐업,200407,202602,부산광역시 해운대구 해운대로 109 (재송동),,129.12124088,35.18749944
해운대구,㈜한국콘도,일반호텔,폐업,폐업,200109,200912,,,,
해운대구,㈜해운대그랜드호텔,관광호텔,폐업,폐업,199605,201912,부산광역시 해운대구 해운대해변로 217 (우동),,129.15526247,35.15910663
해운대구,가든비치모텔,여관업,폐업,폐업,199206,200512,,,129.1711885,35.15849067
해운대구,강남장여관,여관업,폐업,폐업,198006,201208,,,129.16405935,35.16168353
해운대구,게스트하우스 710(GUEST HOUSE 710),숙박업 기타,폐업,폐업,201308,202102,"부산광역시 해운대구 중동1로19번길 7, 3~5층 (중동)",,129.16218831,35.16358472
해운대구,게스트하우스코리아 해운대점,숙박업 기타,폐업,폐업,201211,201505,부산광역시 해운대구 해운대로570번길 55 (우동),,129.16009278,35.16009648
해운대구,게스트하우스코리아부산해운대,숙박업 기타,폐업,폐업,201206,201604,부산광역시 해운대구 중동1로 26 (중동),,129.16209862,35.16300867
해운대구,경동장여관,여관업,폐업,폐업,197309,200112,,,129.16634186,35.16137913
해운대구,경동장여관,여관업,폐업,폐업,197309,200112,,,129.16634186,35.16137913
해운대구,경원장여관,여관업,폐업,폐업,197811,200403,,,,
해운대구,고려여인숙,여인숙업,폐업,폐업,197107,201104,,,129.16026093,35.16232905
해운대구,고은모텔,여관업,폐업,폐업,198405,201606,부산광역시 해운대구 구남로 37 (중동),,129.16146709,35.16112007
해운대구,골든튤립해운대호텔&스위트,숙박업(생활),폐업,폐업,201904,202203,부산광역시 해운대구 해운대해변로 322 (중동),,129.1658715,35.16229119
해운대구,관광 숙박,여인숙업,폐업,폐업,197006,201707,부산광역시 해운대구 구남로21번길 9-19 (우동),,129.15984878,35.16308901
해운대구,국도여인숙,여인숙업,폐업,폐업,197005,200309,,,129.15916941,35.16035771
해운대구,궁 모텔,여관업,폐업,폐업,200006,202104,부산광역시 해운대구 중동1로 13-7 (우동),,129.16162884,35.16404716
해운대구,궁전모텔,여관업,폐업,폐업,199107,201807,부산광역시 해운대구 구남로 35-5 (중동),,129.16121872,35.16134046
해운대구,그랑블루,여관업,폐업,폐업,200305,200803,,,129.16009278,35.16009648
해운대구,그랜드오션,일반호텔,폐업,폐업,202109,202504,"부산광역시 해운대구 구남로 49, 엘리시아 5,6,7층 (중동)",,129.16217721,35.1601635
해운대구,그레이그라운드호텔,일반호텔,폐업,폐업,200408,202107,부산광역시 해운대구 구남로24번길 28 (우동),,129.15870816,35.16126606
해운대구,그린파크,숙박업(생활),폐업,폐업,199310,201910,부산광역시 해운대구 해운대로153번길 14 (재송동),,129.12234101,35.18378879
해운대구,그린하우스,여인숙업,폐업,폐업,197110,202207,부산광역시 해운대구 해운대로391번길 10-7 (우동),,129.14006004,35.16880172
해운대구,금성온천여관,여관업,폐업,폐업,196703,200703,,,129.16397797,35.16376376
해운대구,금호온천여관,여관업,폐업,폐업,199505,202011,부산광역시 해운대구 해운대해변로 331 (중동),,129.16599809,35.16310027
해운대구,금호장모텔,여관업,폐업,폐업,198501,201211,부산광역시 해운대구 구남로24번길 38 (우동),,129.1583655,35.16106007
해운대구,깡이하우스,숙박업(생활),폐업,폐업,201910,202107,"부산광역시 해운대구 송정중앙로36번길 5, 2~4층 (송정동)",,129.2040735,35.18187368
해운대구,꿈의궁전,여관업,폐업,폐업,199406,200710,,,129.15763387,35.16046162
해운대구,낙원여인숙,여인숙업,폐업,폐업,197011,200601,,,,
해운대구,낙원장여관,여관업,폐업,폐업,197303,201708,부산광역시 해운대구 해운대로 641-1 (우동),,129.16038517,35.16481702
해운대구,남경여관,여관업,폐업,폐업,198001,199911,,,129.12280139,35.20732415
해운대구,남경여관,여관업,폐업,폐업,198001,199911,,,129.12280139,35.20732415
해운대구,넘버25 호텔,일반호텔,폐업,폐업,201207,202203,부산광역시 해운대구 구남로18번길 56 (우동),,129.15720648,35.16098094
해운대구,노보텔엠배서더부산,관광호텔,폐업,폐업,198807,201902,부산광역시 해운대구 해운대해변로 292 (중동),,129.16309648,35.16012142
해운대구,노블레스모텔,여관업,폐업,폐업,200304,202203,부산광역시 해운대구 구남로18번길 48 (우동),,129.15754078,35.16116737
해운대구,뉴국제장여관,여관업,폐업,폐업,198207,201610,부산광역시 해운대구 중동1로 41-1 (중동),,129.16372005,35.16201353
해운대구,뉴비치호텔,일반호텔,폐업,폐업,198812,200803,,,129.16157143,35.15980731
해운대구,뉴파크모텔,여관업,폐업,폐업,199603,200907,,,129.12197832,35.18438034
해운대구,뉴프린스여관,여관업,폐업,폐업,199611,202402,부산광역시 해운대구 재송1로14번길 34 (재송동),,129.12145514,35.18635204
해운대구,늘봄여인숙,여인숙업,폐업,폐업,196902,201309,부산광역시 해운대구 구남로 19-1 (우동),,129.1603197,35.16224022
해운대구,니코모텔,여관업,폐업,폐업,198606,200510,,,129.15821304,35.16036477
해운대구,다다펜션민박,숙박업 기타,폐업,폐업,200405,202608,부산광역시 해운대구 송정중앙로 40-4 (송정동),,129.20445299,35.18174271
해운대구,달로달리,숙박업 기타,폐업,폐업,200406,201210,,,129.20491779,35.18146111
해운대구,달맞이호텔,여관업,폐업,폐업,198904,201801,부산광역시 해운대구 달맞이길62번길 11 (중동),,129.17118415,35.1600914
해운대구,대구여인숙,여인숙업,폐업,폐업,196803,200103,,,129.16060592,35.16198128
해운대구,대륜여인숙,여인숙업,폐업,폐업,197103,199703,,,,
해운대구,대명누리호텔,일반호텔,폐업,폐업,201406,201408,"부산광역시 해운대구 해운대해변로 271, 14층 (중동)",,129.16110116,35.15982638
해운대구,대성장모텔,여관업,폐업,폐업,198708,201703,부산광역시 해운대구 해운대해변로209번가길 11 (우동),,129.15517523,35.15983113
해운대구,대성장여관,여관업,폐업,폐업,196903,200803,,,,
해운대구,대흥여인숙,여인숙업,폐업,폐업,197011,200704,,,129.12309873,35.20719993
해운대구,더 머무르다,숙박업 기타,폐업,폐업,201204,202108,"부산광역시 해운대구 구남로12번길 12, 2층 (우동, 팔레스오피스텔)",,129.15880225,35.16254579
해운대구,더 베이 게스트하우스,숙박업 기타,폐업,폐업,201604,202011,"부산광역시 해운대구 구남로41번길 19-1, 2~3층 (중동)",,129.16203019,35.1614508
해운대구,더 봄 게스트하우스,여인숙업,폐업,폐업,196710,201911,부산광역시 해운대구 구남로21번길 9-6 (우동),,129.16041369,35.16264118
해운대구,더뉴데이호스텔,숙박업 기타,폐업,폐업,201205,201812,"부산광역시 해운대구 해운대로 632, 5층 (우동, 깨끗한빌딩)",,129.15980587,35.16388019
해운대구,더엘시티월드레지던스,숙박업(생활),폐업,폐업,202405,202511,"부산광역시 해운대구 달맞이길 30, 랜드마크동 2301호 (중동, 엘시티)",,129.16878653,35.16055677
해운대구,더크립56,숙박업(생활),폐업,폐업,201712,202606,"부산광역시 해운대구 해운대해변로359번길 27, 승훈빌딩 5~6층 (중동)",,129.16840053,35.1648835
해운대구,도쿄호텔,일반호텔,폐업,폐업,198907,200004,,,,
해운대구,돌담하우스,숙박업 기타,폐업,폐업,200907,202205,부산광역시 해운대구 송정해변로 14 (송정동),,129.20455654,35.18090405
해운대구,동궁장여관,여관업,폐업,폐업,197107,201804,부산광역시 해운대구 해운대로570번길 43-1 (우동),,129.15885616,35.16025304
해운대구,동백섬게스트하우스,숙박업 기타,폐업,폐업,201208,201912,부산광역시 해운대구 해운대해변로209번길 8-3 (우동),,129.15430699,35.15932087
해운대구,동선장여관,여관업,폐업,폐업,198202,200608,,,129.16527036,35.16249273
해운대구,동성장여관,여관업,폐업,폐업,198708,201701,부산광역시 해운대구 해운대해변로209번나길 16 (우동),,129.1544999,35.16015781
해운대구,동원장여인숙,여인숙업,폐업,폐업,196905,200207,,,129.16456442,35.16117366
해운대구,동일여인숙,여인숙업,폐업,폐업,197304,199801,,,129.20342051,35.18288767
해운대구,동일하우스,숙박업 기타,폐업,폐업,200801,201807,"부산광역시 해운대구 송정해변로 30-1 (송정동,(3층, 4층, 5층))",,129.20275388,35.18091119
해운대구,동해여인숙,여인숙업,폐업,폐업,197212,200606,,,,
해운대구,둥지(펜션),숙박업 기타,폐업,폐업,202004,202104,부산광역시 해운대구 송정해변로 28-3 (송정동),,129.20290583,35.1809314
해운대구,디플랜백팩커스,숙박업 기타,폐업,폐업,201305,202110,부산광역시 해운대구 중동1로 42-6 (중동),,129.16307903,35.16188172
해운대구,라메르,숙박업(생활),폐업,폐업,201308,202306,"부산광역시 해운대구 구남로 49, 엘리시아 10~11층 (중동)",,129.16217721,35.1601635
해운대구,라비드아틀란호텔,일반호텔,폐업,폐업,201908,202503,부산광역시 해운대구 구남로 37 (중동),,129.16146709,35.16112007
해운대구,라비드아틀란호텔,일반호텔,폐업,폐업,202109,202201,부산광역시 해운대구 구남로 37 (중동),,129.16137916,35.1610335
해운대구,라빈호텔,일반호텔,폐업,폐업,200402,202206,부산광역시 해운대구 해운대해변로209번가길 9 (우동),,129.15497794,35.15986483
해운대구,럭셔리모텔,여관업,폐업,폐업,200307,200609,,,,
해운대구,레움 게스트하우스,숙박업 기타,폐업,폐업,199509,201710,부산광역시 해운대구 달맞이길62번길 55 (중동),,129.1729273,35.15744541
해운대구,레지던스마린(Residence Marine),숙박업 기타,폐업,폐업,201404,201704,"부산광역시 해운대구 마린시티3로 37, 3층 316호 (우동, 한일오르듀)",,129.14663969,35.15548539
해운대구,로드비치호텔,일반호텔,폐업,폐업,199612,202001,부산광역시 해운대구 구남로30번길 20 (우동),,129.15966496,35.16111255
해운대구,로망스모텔,여관업,폐업,폐업,198808,200702,,,129.1556045,35.16023648
해운대구,로망스모텔,여관업,폐업,폐업,200102,202204,부산광역시 해운대구 해운대로143번길 12 (재송동),,129.12180735,35.18444135
해운대구,로얄비치모텔,여관업,폐업,폐업,200110,201901,부산광역시 해운대구 구남로12번길 59 (우동),,,
해운대구,로즈별장,여관업,폐업,폐업,198703,199802,,,129.17072271,35.15969743
해운대구,로즈별장 여관,관광호텔,폐업,폐업,200206,,,,129.12280657,35.18443455
해운대구,롱비치모텔여관,여관업,폐업,폐업,198601,200603,,,129.17504963,35.16165861
해운대구,루비별장여관,여관업,폐업,폐업,199012,199905,,,129.1228315,35.18374713
해운대구,루이스호텔,일반호텔,폐업,폐업,200211,202209,부산광역시 해운대구 구남로12번길 42 (우동),,129.15751279,35.16171215
해운대구,마리나모텔,여관업,폐업,폐업,199606,202012,부산광역시 해운대구 송정중앙로27번길 26-10 (송정동),,129.20448937,35.18338926
해운대구,마리아와 여인숙,여인숙업,폐업,폐업,196708,200003,,,129.1628266,35.16287857
해운대구,마리아와여인숙,여인숙업,폐업,폐업,196708,200003,,,129.1628266,35.16287857
해운대구,마리포사모텔,여관업,폐업,폐업,200010,202301,부산광역시 해운대구 해운대로153번길 18-7 (재송동),,129.1228315,35.18374713
해운대구,마야 게스트하우스,숙박업 기타,폐업,폐업,201209,202006,부산광역시 해운대구 달맞이길 2-13 (중동),,129.16581949,35.16154216
해운대구,마이다스모텔,여관업,폐업,폐업,200304,201012,,,129.1226807,35.18358666
해운대구,맘 게스트하우스,숙박업(생활),폐업,폐업,201306,201804,부산광역시 해운대구 중동2로 8 (중동),,129.16486275,35.16278404
해운대구,매직모텔,여관업,폐업,폐업,200711,202201,"부산광역시 해운대구 중동1로43번길 13, 5~6층 (중동)",,129.16409007,35.16221283
해운대구,메리얼호텔,일반호텔,폐업,폐업,200705,200909,,,129.16452038,35.16206137
해운대구,명성여인숙,여인숙업,폐업,폐업,196904,200408,,,129.16446533,35.16119941
해운대구,명진게스트하우스,숙박업 기타,폐업,폐업,200405,202103,부산광역시 해운대구 송정해변로 34-8 (송정동),,129.20245804,35.18096944
해운대구,모텔로마,여관업,폐업,폐업,200304,201103,,,129.15717137,35.16212631
해운대구,목화장여관,여관업,폐업,폐업,198909,202112,부산광역시 해운대구 선수촌로 149-7 (반여동),,129.12181855,35.20691895
해운대구,목화장여관,여관업,폐업,폐업,199112,202010,부산광역시 해운대구 해운대로 119 (재송동),,129.12127915,35.18650584
해운대구,몽블랑모텔,여관업,폐업,폐업,199707,202212,부산광역시 해운대구 해운대로143번길 8 (재송동),,129.12161528,35.18439699
해운대구,몽블랑모텔,여관업,폐업,폐업,199808,201010,,,129.20415417,35.18324681
해운대구,무명하우스,숙박업 기타,폐업,폐업,200407,201401,부산광역시 해운대구 송정중앙로36번길 3 (송정동),,129.20418604,35.18182841
해운대구,문라이즈킹덤&달빛창고 게스트하우스,숙박업(생활),폐업,폐업,201305,201708,부산광역시 해운대구 구남로12번길 37 (우동),,129.15770761,35.16156282
해운대구,문탠모텔,일반호텔,폐업,폐업,201802,202212,"부산광역시 해운대구 중동1로 44-2, 5~7층 (중동)",,129.16334432,35.16165089
해운대구,미스에그,숙박업 기타,폐업,폐업,201210,201708,부산광역시 해운대구 중동1로 11-1 (우동),,129.16127483,35.16382409
해운대구,미포오션사이드호텔,숙박업(생활),폐업,폐업,201908,202008,"부산광역시 해운대구 달맞이길62번길 28, 미포오션사이드호텔 3층 321,322,323,324호 (중동)",,129.1706186,35.15886312
해운대구,바다여관,여관업,폐업,폐업,197303,200202,,,,
해운대구,바다향기,여관업,폐업,폐업,198507,201909,부산광역시 해운대구 구남로21번길 9-16 (우동),,129.16014981,35.1630104
해운대구,발렌타인호텔,여관업,폐업,폐업,200205,202206,부산광역시 해운대구 구남로8번길 47 (우동),,129.15714286,35.16175088
해운대구,백운장여관,여관업,폐업,폐업,197007,199711,,,129.16452038,35.16206137
해운대구,버킹검 모텔,여관업,폐업,폐업,200006,202010,부산광역시 해운대구 재송1로14번길 28 (재송동),,129.12135746,35.18665666
해운대구,베니스모텔여관,여관업,폐업,폐업,199804,200608,,,129.15933364,35.16160813
해운대구,베이직하우스,여관업,폐업,폐업,199611,202304,부산광역시 해운대구 해운대로143번길 10-12 (재송동),,129.12190988,35.18403524
해운대구,보브모텔,여관업,폐업,폐업,200404,200607,,,129.15749989,35.16230982
해운대구,부산관광호스텔,숙박업(생활),폐업,폐업,201507,202103,부산광역시 해운대구 송정중앙로33번길 15 (송정동),,129.20437658,35.18310066
해운대구,브라운도트해운대점,일반호텔,폐업,폐업,200709,202306,부산광역시 해운대구 구남로18번길 15 (우동),,129.15920019,35.16175877
해운대구,브룩스 2,숙박업 기타,폐업,폐업,200406,202204,부산광역시 해운대구 송정해변로 8-9 (송정동),,129.20471803,35.18130844
해운대구,블루비치호텔,일반호텔,폐업,폐업,199504,201511,부산광역시 해운대구 청사포로128번길 40 (중동),,129.1907437,35.16029374
해운대구,블루피쉬 게스트하우스,숙박업(생활),폐업,폐업,198205,201909,부산광역시 해운대구 중동1로43번길 10 (중동),,129.16405062,35.16189968
해운대구,비너스모텔,여관업,폐업,폐업,200008,201602,부산광역시 해운대구 해운대로 107 (재송동),,129.12126638,35.18764702
해운대구,비타민송,숙박업(생활),폐업,폐업,201702,201909,"부산광역시 해운대구 송정중앙로36번길 56, 1~2층 (송정동)",,129.20141298,35.18119002
해운대구,산여인숙,여인숙업,폐업,폐업,196907,200605,,,,
해운대구,삼성여인숙,여인숙업,폐업,폐업,197212,200411,,,129.11983943,35.203172
해운대구,삼신여관,여관업,폐업,폐업,197407,200702,,,129.11829177,35.19870436
해운대구,삼오여관,여관업,폐업,폐업,197210,199910,,,129.15922233,35.1635683
해운대구,삼오여관,여관업,폐업,폐업,197210,199910,,,129.15922233,35.1635683
해운대구,삼일여인숙,여인숙업,폐업,폐업,197009,200805,,,129.16005319,35.16174032
해운대구,삼천장여관,여관업,폐업,폐업,198308,200312,,,129.16446533,35.16119941
해운대구,삼희여인숙,여인숙업,폐업,폐업,197010,200204,,,129.16450358,35.16418363
해운대구,상미장여인숙,여인숙업,폐업,폐업,196812,200503,,,129.16434108,35.16104556
해운대구,샹그리아,여관업,폐업,폐업,199007,201404,부산광역시 해운대구 해운대로570번길 41 (우동),,129.15846956,35.16031974
해운대구,서림별장모텔,여관업,폐업,폐업,198806,200307,,,129.15796421,35.16084151
해운대구,서림별장모텔,여관업,폐업,폐업,200307,200311,,,129.15796421,35.16084151
해운대구,서울여인숙,여관업,폐업,폐업,197308,200303,,,129.15908076,35.16227693
해운대구,서울여인숙,여인숙업,폐업,폐업,197308,200506,,,129.15908076,35.16227693
해운대구,서울온천호텔,일반호텔,폐업,폐업,198507,201309,부산광역시 해운대구 해운대해변로 317 (중동),,129.16482537,35.16226
해운대구,서울하우스,숙박업 기타,폐업,폐업,200408,202304,부산광역시 해운대구 송정중앙로 41 (송정동),,129.20499311,35.1819564
해운대구,성원텔,여관업,폐업,폐업,197507,201702,부산광역시 해운대구 달맞이길 21 (중동),,,
해운대구,세븐모텔,여관업,폐업,폐업,198606,201003,,,129.15833332,35.16034334
해운대구,센텀빌,여관업,폐업,폐업,198712,202207,부산광역시 해운대구 해운대로 147-1 (재송동),,129.12163023,35.18415575
해운대구,센텀프리머스호텔,일반호텔,폐업,폐업,202203,202502,"부산광역시 해운대구 센텀1로 17, 센텀프리미어호텔 (우동)",,129.13159467,35.16693706
해운대구,센텀프리미어호텔,일반호텔,폐업,폐업,201711,202206,부산광역시 해운대구 센텀1로 17 (우동),,129.13159467,35.16693706
해운대구,센텀하우스,숙박업 기타,폐업,폐업,200504,201511,부산광역시 해운대구 송정중앙로39번길 3 (송정동),,129.20455369,35.1823701
해운대구,소유 by 해운대,숙박업(생활),폐업,폐업,202303,202502,"부산광역시 해운대구 구남로21번길 6, 엘본더스테이 (중동)",,129.16079888,35.16227696
해운대구,소풍게스트하우스,숙박업 기타,폐업,폐업,197603,201907,부산광역시 해운대구 구남로21번길 9-15 (우동),,129.15998363,35.16292264
해운대구,솔리드 인 해운대,숙박업(생활),폐업,폐업,202410,202501,부산광역시 해운대구 구남로21번길 6 (중동),,129.16079888,35.16227696
해운대구,송도각여관,여관업,폐업,폐업,196210,199703,,,129.16606707,35.16183132
해운대구,송정 네이티브,숙박업 기타,폐업,폐업,201406,202109,부산광역시 해운대구 송정중앙로27번길 16 (송정동),,129.20415417,35.18324681
해운대구,송정V 게스트하우스,숙박업 기타,폐업,폐업,200904,201512,"부산광역시 해운대구 송정중앙로36번길 5 (송정동,2층~4층)",,129.2040735,35.18187368
해운대구,송정스케치.K,숙박업(생활),폐업,폐업,202005,202504,부산광역시 해운대구 송정중앙로6번길 54 (송정동),,129.20003602,35.18154383
해운대구,송정탕여관,여관업,폐업,폐업,197412,200704,,,129.20041748,35.18341499
해운대구,송해여인숙,여인숙업,폐업,폐업,200304,,,,129.20246927,35.18199992
해운대구,수미게스트하우스 해운대,숙박업 기타,폐업,폐업,201401,202011,"부산광역시 해운대구 중동1로 34, 2층 (중동)",,129.16285942,35.16244771
해운대구,수아게스트하우스,여관업,폐업,폐업,197807,201909,부산광역시 해운대구 구남로21번길 9-7 (우동),,129.16025224,35.16259916
해운대구,수월장,여관업,폐업,폐업,198009,201006,,,129.16509484,35.16182546
해운대구,스타모텔,여관업,폐업,폐업,200707,202112,부산광역시 해운대구 구남로 29 (중동),,129.16102833,35.16150334
해운대구,스테이 7 B&W 호텔,여관업,폐업,폐업,200809,202211,"부산광역시 해운대구 해운대로570번길 31, 5~10층 (우동)",,129.15763387,35.16046162
해운대구,스테이모어호스텔,숙박업(생활),폐업,폐업,201607,202410,부산광역시 해운대구 송정광어골로 88 (송정동),,129.1962949,35.17373407
해운대구,스테이세븐 센텀 비지니스 호스텔,숙박업(생활),폐업,폐업,201406,202003,"부산광역시 해운대구 센텀2로 25, 14층 (우동, 센텀드림월드)",,129.13295465,35.16694255
해운대구,스테이하우스,숙박업 기타,폐업,폐업,201706,201906,"부산광역시 해운대구 구남로21번길 11-14, 1~2층 (우동)",,129.16042171,35.16281972
해운대구,스토리,숙박업 기타,폐업,폐업,201111,201909,"부산광역시 해운대구 해운대해변로 321, 701호 (중동, 마린타워)",,129.16527036,35.16249273
해운대구,시네마하우스인부산,일반호텔,폐업,폐업,200307,202102,부산광역시 해운대구 해운대해변로221번길 19 (우동),,129.15615502,35.1603473
해운대구,시드니모텔,여관업,폐업,폐업,199807,200808,,,129.15754876,35.15963721
해운대구,시타딘해운대호텔,숙박업(생활),폐업,폐업,201507,202006,"부산광역시 해운대구 해운대로 620, 4~42층 (우동)",,129.1584916,35.1629774
해운대구,신라장여관,여관업,폐업,폐업,198807,200803,,,129.17036991,35.15924281
해운대구,신성여인숙,여인숙업,폐업,폐업,197307,200212,,,,
해운대구,신세계펜션,여관업,폐업,폐업,199011,201506,부산광역시 해운대구 송정중앙로33번길 16 (송정동),,129.20470674,35.18295438
해운대구,신신장여관,여관업,폐업,폐업,196801,201908,부산광역시 해운대구 구남로21번길 9-8 (우동),,129.16031479,35.16275958
해운대구,썬앤문 게스트하우스,숙박업(생활),폐업,폐업,201508,201802,"부산광역시 해운대구 달맞이길 193, 2층 (중동)",,129.18249264,35.15851932
해운대구,썸데이인해운대,숙박업(생활),폐업,폐업,201407,201908,부산광역시 해운대구 구남로21번길 17 (우동),,129.16077291,35.16271437
해운대구,씨엘드메르,일반호텔,폐업,폐업,201805,201901,"부산광역시 해운대구 해운대해변로298번길 29, 해운대푸르지오시티 (중동)",,129.16681748,35.16109798
해운대구,씨엘드메르,숙박업(생활),폐업,폐업,201805,201901,"부산광역시 해운대구 해운대해변로298번길 29, 해운대푸르지오시티 (중동)",,129.16681748,35.16109798
해운대구,씨엘드메르,숙박업(생활),폐업,폐업,202212,202509,"부산광역시 해운대구 해운대해변로298번길 29, 해운대푸르지오시티 (중동)",,129.16681748,35.16109798
해운대구,아이비모텔,여관업,폐업,폐업,199412,201601,부산광역시 해운대구 해운대해변로197번길 13 (우동),,129.15266299,35.1591496
해운대구,아이엠 레지던스,숙박업(생활),폐업,폐업,201409,202112,"부산광역시 해운대구 구남로8번길 31, 2~4층 (우동)",,129.15782433,35.16213064
해운대구,아이엠 레지던스,숙박업 기타,폐업,폐업,201604,202112,"부산광역시 해운대구 구남로8번길 31, 1층, 5~7층 (우동)",,129.15782433,35.16213064
해운대구,아젤리아 호텔,숙박업 기타,폐업,폐업,198810,201610,부산광역시 해운대구 달맞이길 239-30 (중동),,129.18526616,35.16319178
해운대구,애니텔,여관업,폐업,폐업,200307,201802,"부산광역시 해운대구 해운대해변로197번길 10-10 (우동,외1필지(762-49))",,129.15347218,35.15902092
해운대구,야자수,숙박업(생활),폐업,폐업,201106,201704,부산광역시 해운대구 구남로21번길 11-14 (우동),,129.16042171,35.16281972
해운대구,에스씨 헬싱키 호텔(SC HELSINKI HOTEL),일반호텔,폐업,폐업,201512,202112,부산광역시 해운대구 구남로12번길 32 (우동),,129.15793954,35.16198345
해운대구,엘리제모텔,여관업,폐업,폐업,199001,200712,,,,
해운대구,엘리제모텔,여관업,폐업,폐업,200807,200812,,,,
해운대구,엘리하우스,숙박업 기타,폐업,폐업,197303,202101,부산광역시 해운대구 해운대로594번가길 46 (우동),,129.15892184,35.1604023
해운대구,엘솔게스트하우스,숙박업 기타,폐업,폐업,201407,201808,부산광역시 해운대구 달맞이길 20 (중동),,129.16696044,35.16200012
해운대구,여우비 호텔,일반호텔,폐업,폐업,200404,202201,부산광역시 해운대구 구남로8번길 29 (우동),,129.15798953,35.16222211
해운대구,오륙도여관,여관업,폐업,폐업,196806,202307,부산광역시 해운대구 중동1로37번길 12-1 (중동),,129.16401534,35.16232832
해운대구,오베론모텔,여관업,폐업,폐업,200302,201601,부산광역시 해운대구 해운대해변로209번나길 69 (우동),,129.15736633,35.15993658
해운대구,오샤레모텔,여관업,폐업,폐업,199503,200704,,,129.16102833,35.16150334
해운대구,오성장여관,여관업,폐업,폐업,198609,200409,,,129.15920019,35.16175877
해운대구,오션게스트하우스,숙박업 기타,폐업,폐업,201308,201401,"부산광역시 해운대구 해운대해변로209번나길 74, 3. 4. 5층 (우동)",,129.15754876,35.15963721
해운대구,오션별장,여관업,폐업,폐업,199505,200402,,,129.15663582,35.15979307
해운대구,오션별장여관,여관업,폐업,폐업,201208,201210,부산광역시 해운대구 해운대해변로209번나길 56 (우동),,129.15663582,35.15979307
해운대구,와 호텔(WA HOTEL),일반호텔,폐업,폐업,201011,202202,부산광역시 해운대구 구남로12번길 46 (우동),,129.15728436,35.16158425
해운대구,와이(Y)게스트하우스,숙박업 기타,폐업,폐업,201106,202107,부산광역시 해운대구 달맞이길 2-2 (중동),,129.16526421,35.16189039
해운대구,욜로미니(yolo mini),숙박업 기타,폐업,폐업,201710,202301,부산광역시 해운대구 송정중앙로36번길 5 (송정동),,129.2040735,35.18187368
해운대구,웨이브 모텔,여관업,폐업,폐업,197008,201804,부산광역시 해운대구 해운대로570번길 43 (우동),,129.15874652,35.16027188
해운대구,위게스트하우스,숙박업(생활),폐업,폐업,201306,202312,부산광역시 해운대구 해운대로594번가길 43 (우동),,129.15884438,35.16066061
해운대구,위드(with) 게스트하우스,숙박업 기타,폐업,폐업,201402,202012,"부산광역시 해운대구 해운대해변로 321, 501호 (중동, 마린타워)",,129.16527036,35.16249273
해운대구,유나호텔,일반호텔,폐업,폐업,200710,202304,부산광역시 해운대구 구남로18번길 51 (우동),,129.1575835,35.16084523
해운대구,유림장여관,여관업,폐업,폐업,196211,199706,,,129.16464788,35.16142348
해운대구,유진각,여관업,폐업,폐업,197308,199905,,,129.16428982,35.16091379
해운대구,유진각여관,여관업,폐업,폐업,197308,199902,,,129.16428982,35.16091379
해운대구,은하빌,여관업,폐업,폐업,198401,201908,부산광역시 해운대구 해운대로61번길 16 (재송동),,129.12149616,35.1919222
해운대구,이데아(IDEA)호텔,일반호텔,폐업,폐업,200301,202211,부산광역시 해운대구 해운대로 147 (재송동),,129.12166885,35.18425752
해운대구,이루아 호텔,숙박업 기타,폐업,폐업,202302,202312,"부산광역시 해운대구 해운대해변로298번길 29, 해운대푸르지오시티 (중동)",,129.16681748,35.16109798
해운대구,이스턴베이호텔(EASTON BAY HOTEL),일반호텔,폐업,폐업,200404,202203,부산광역시 해운대구 해운대해변로209번나길 43 (우동),,129.15604537,35.16016194
해운대구,인디호텔게스트하우스,여관업,폐업,폐업,199412,202104,부산광역시 해운대구 구남로24번길 32 (우동),,129.15858871,35.16118531
해운대구,일월장모텔,여관업,폐업,폐업,199412,200909,,,129.1216525,35.18647971
해운대구,일팔일이(1812) 게스트하우스,숙박업 기타,폐업,폐업,201107,201701,부산광역시 해운대구 송정해변로 28-3 (송정동),,129.20290583,35.1809314
해운대구,잉카호텔,일반호텔,폐업,폐업,200010,202204,부산광역시 해운대구 구남로12번길 54 (우동),,129.15704247,35.16144848
해운대구,잠자리모텔,여관업,폐업,폐업,200407,202108,부산광역시 해운대구 해운대로594번가길 25 (우동),,129.15796421,35.16084151
해운대구,장수여관,여관업,폐업,폐업,199808,200603,,,129.15876489,35.16042934
해운대구,재송장,여관업,폐업,폐업,198401,200603,,,129.12233194,35.18707273
해운대구,전망좋은 모텔,여관업,폐업,폐업,201509,202004,"부산광역시 해운대구 달맞이길62번길 23, 3,5,6층 (중동)",,129.17036991,35.15924281
해운대구,전망좋은모텔,여관업,폐업,폐업,200912,201503,부산광역시 해운대구 달맞이길62번길 23 (중동),,129.17036991,35.15924281
해운대구,전망좋은모텔,여관업,폐업,폐업,199106,201003,,,,
해운대구,제우스모-텔,여관업,폐업,폐업,200106,200511,,,129.15853017,35.16047016
해운대구,제이게스트하우스,숙박업 기타,폐업,폐업,201607,201805,"부산광역시 해운대구 해운대로570번길 37-1, 2~4층 (우동)",,129.15809723,35.16038399
해운대구,제이제이인 호텔(JJ INN HOTEL),일반호텔,폐업,폐업,199701,202012,부산광역시 해운대구 해운대로594번가길 34 (우동),,129.15826756,35.16051584
해운대구,제일여관,여관업,폐업,폐업,198201,202208,부산광역시 해운대구 중동1로 42-6 (중동),,129.16307903,35.16188172
해운대구,제일여인숙,여인숙업,폐업,폐업,197210,200001,,,129.14871402,35.2256746
해운대구,지앤지(G&G),여관업,폐업,폐업,201110,202209,부산광역시 해운대구 구남로18번길 30 (우동),,129.15833305,35.1616111
해운대구,차피페밀리파크,숙박업 기타,폐업,폐업,201307,201705,"부산광역시 해운대구 해운대로 648, 8층 (우동, 스펀지몰 8층전부)",,129.16129366,35.16448368
해운대구,천연장,여관업,폐업,폐업,196912,201105,,,,
해운대구,천일장여관,여관업,폐업,폐업,196907,199910,,,129.16443785,35.16136021
해운대구,천일장여관,여관업,폐업,폐업,196907,199910,,,129.16443785,35.16136021
해운대구,청기와장여관,여관업,폐업,폐업,198304,200801,,,129.16409007,35.16221283
해운대구,청풍장여관,여관업,폐업,폐업,199412,202210,부산광역시 해운대구 해운대해변로 332 (중동),,129.16645227,35.16262515
해운대구,청호장여관,여관업,폐업,폐업,197101,200109,,,129.16355375,35.16366384
해운대구,초원여인숙,여인숙업,폐업,폐업,197105,200604,,,129.15965274,35.16149245
해운대구,초원장여관,여관업,폐업,폐업,198007,199909,,,,
해운대구,춘천장여관,여관업,폐업,폐업,196709,200001,,,129.16466053,35.16249076
해운대구,카리브모텔,여관업,폐업,폐업,200401,201001,,,,
해운대구,카오산,숙박업 기타,폐업,폐업,201102,201604,부산광역시 해운대구 송정해변로 4 (송정동),,129.20533259,35.18127599
해운대구,카이브,숙박업 기타,폐업,폐업,201908,202602,"부산광역시 해운대구 송정광어골로 15, 5,6층 (송정동)",,129.19859229,35.17965235
해운대구,코리아나모텔,여관업,폐업,폐업,199606,201001,,,,
해운대구,코리아모텔,여관업,폐업,폐업,200304,200803,,,129.12234877,35.18432629
해운대구,코스모텔,여관업,폐업,폐업,200209,201710,부산광역시 해운대구 해운대해변로298번길 25 (중동),,129.16644329,35.16080055
해운대구,쿤 호텔,일반호텔,폐업,폐업,199704,201808,부산광역시 해운대구 송정중앙로33번길 19 (송정동),,129.20446836,35.18321926
해운대구,쿨 게스트하우스(COOOOL GUEST HOUSE),숙박업 기타,폐업,폐업,201303,201809,"부산광역시 해운대구 해운대해변로265번길 9-15, 402호 (우동)",,129.16011615,35.16033535
해운대구,퀸스관광호텔,관광호텔,폐업,폐업,200004,200401,,,129.1569028,35.16289066
해운대구,크로바모텔,여관업,폐업,폐업,199508,200901,,,,
해운대구,타임게스트하우스해운대,숙박업 기타,폐업,폐업,201205,201808,"부산광역시 해운대구 중동1로19번길 5, 3~4층 (중동)",,129.16206071,35.16355266
해운대구,태양장모텔,여관업,폐업,폐업,199406,200301,,,129.20542679,35.1820031
해운대구,태양장여관,여관업,폐업,폐업,197106,201105,,,129.15884438,35.16066061
해운대구,토요코인부산해운대Ⅰ,일반호텔,폐업,폐업,201105,202109,부산광역시 해운대구 달맞이길 2-21 (중동),,129.16601899,35.16123551
해운대구,투헤븐모텔,숙박업 기타,폐업,폐업,201910,202209,"부산광역시 해운대구 구남로30번길 9-5, 호텔 투헤븐 (우동)",,129.16023918,35.16084262
해운대구,파도소리모텔,여관업,폐업,폐업,198105,202010,"부산광역시 해운대구 중동1로43번길 11, 3~5층 (중동)",,129.16394348,35.16216167
해운대구,파도소리모텔,여관업,폐업,폐업,199809,200712,,,129.17381893,35.15687103
해운대구,파라디아모텔,여관업,폐업,폐업,200302,202209,부산광역시 해운대구 구남로29번길 20-8 (중동),,129.16204376,35.16209031
해운대구,파레스모텔,여관업,폐업,폐업,199411,200605,,,129.15636543,35.15968237
해운대구,파로스해수모텔,여관업,폐업,폐업,200407,201112,부산광역시 해운대구 송정강변로 3 (송정동),,129.20593147,35.18175311
해운대구,패리스프로텔,숙박업 기타,폐업,폐업,200207,201708,부산광역시 해운대구 마린시티1로 138 (우동),,129.14706373,35.15465357
해운대구,퍼스트게스트 하우스,숙박업 기타,폐업,폐업,201401,201812,"부산광역시 해운대구 중동1로 4, 6,7층 (우동, 동춘빌딩)",,129.16026334,35.16401557
해운대구,퍼스트호텔,관광호텔,폐업,폐업,202209,202408,"부산광역시 해운대구 달맞이길62번길 38, 삼환미포씨랜드 4층 (중동)",,129.1711885,35.15849067
해운대구,포도,숙박업(생활),폐업,폐업,200802,202210,부산광역시 해운대구 달맞이길62번길 67 (중동),,129.17381893,35.15687103
해운대구,포도펜션2,숙박업(생활),폐업,폐업,201810,202210,"부산광역시 해운대구 달맞이길62번길 67, 5층 (중동)",,129.17381893,35.15687103
해운대구,포비 게스트하우스,숙박업 기타,폐업,폐업,201104,202106,부산광역시 해운대구 중동1로 41 (중동),,129.16372005,35.16201353
해운대구,프랜치코드,여관업,폐업,폐업,201001,202207,부산광역시 해운대구 해운대로143번길 16-8 (재송동),,129.12200592,35.18427371
해운대구,프랜치코드투,여관업,폐업,폐업,201003,202207,부산광역시 해운대구 해운대로143번길 16-6 (재송동),,129.12197832,35.18438034
해운대구,프롬게스트하우스,숙박업 기타,폐업,폐업,201506,201905,"부산광역시 해운대구 송정광어골로 15-1, 3,4층 (송정동)",,129.1986089,35.17954157
해운대구,플랫비(FLAT B),여관업,폐업,폐업,201002,201907,"부산광역시 해운대구 송정해변로 10 (송정동,(3,4,5)층)",,129.20475385,35.18097147
해운대구,플로스 호텔,일반호텔,폐업,폐업,199612,202209,부산광역시 해운대구 해운대로608번길 56 (우동),,129.15917304,35.1607919
해운대구,피앤에스호텔,일반호텔,폐업,폐업,200909,202204,"부산광역시 해운대구 해운대해변로 315, 11~14층 (중동)",,129.16452038,35.16206137
해운대구,하얀모텔,여관업,폐업,폐업,198505,201104,,,129.20437146,35.1846554
해운대구,하이부산게스트하우스,숙박업 기타,폐업,폐업,201410,201910,"부산광역시 해운대구 해운대해변로221번길 13, A동 3층 (우동)",,129.15598132,35.15980264
해운대구,하이코리아 게스트하우스,숙박업 기타,폐업,폐업,201205,202112,"부산광역시 해운대구 동백로29번길 24, 6층 (우동)",,129.15367598,35.15961906
해운대구,하트나인,여관업,폐업,폐업,199503,201402,부산광역시 해운대구 송정중앙로39번길 7 (송정동),,129.20470278,35.18245064
해운대구,합천여인숙,여인숙업,폐업,폐업,197307,202505,부산광역시 해운대구 윗반송로31번길 113-12 (반송동),,129.15512023,35.23260808
해운대구,해성장여관,여관업,폐업,폐업,197207,200109,,,129.16277124,35.16383958
해운대구,해오름,여인숙업,폐업,폐업,196908,201912,부산광역시 해운대구 구남로21번길 9-9 (우동),,129.16015733,35.16271741
해운대구,해운대 게스트하우스,숙박업 기타,폐업,폐업,201312,202307,"부산광역시 해운대구 구남로 22, 해월프라자 5층 (우동)",,129.15982182,35.16194198
해운대구,해운대 비지니스 호텔,일반호텔,폐업,폐업,200210,202206,부산광역시 해운대구 구남로8번길 49 (우동),,129.15696784,35.16165325
해운대구,해운대 송정게스트하우스,숙박업 기타,폐업,폐업,200512,202504,"부산광역시 해운대구 송정해변로 36-8, 1층 (송정동)",,129.20207174,35.18092458
해운대구,해운대 아라트리움,숙박업(생활),폐업,폐업,201303,201906,부산광역시 해운대구 마린시티1로 127 (우동),,129.14671159,35.15479343
해운대구,해운대가든비치호텔,일반호텔,폐업,폐업,199206,200507,,,129.1706186,35.15886312
해운대구,해운대게스트하우스,숙박업 기타,폐업,폐업,200408,201011,,,129.16042171,35.16281972
해운대구,해운대네이티브게스트하우스,숙박업 기타,폐업,폐업,201805,202103,부산광역시 해운대구 해운대해변로351번길 16-5 (중동),,129.16797211,35.16442286
해운대구,해운대라비드아틀란호텔,일반호텔,폐업,폐업,202202,202303,"부산광역시 해운대구 구남로 37, 라비드아틀란호텔 708호 (중동)",,129.16137916,35.1610335
해운대구,해운대모텔,여관업,폐업,폐업,198410,200703,,,129.16420318,35.16199441
해운대구,해운대블루 호텔,여관업,폐업,폐업,200107,202212,"부산광역시 해운대구 구남로8번길 17, 지엠타워 5~7층 (우동)",,129.15841018,35.16245754
해운대구,해운대비치,여관업,폐업,폐업,199711,201811,부산광역시 해운대구 달맞이길62번길 53 (중동),,129.17291353,35.15759021
해운대구,해운대센텀프라하호텔,일반호텔,폐업,폐업,201912,202008,"부산광역시 해운대구 센텀3로 20, 벡스코 비지니스호텔 11층 1118호 (우동)",,129.13291281,35.16780174
해운대구,해운대센텀호텔Ⅱ,숙박업(생활),폐업,폐업,200705,202606,부산광역시 해운대구 센텀3로 20 (우동),,129.13291281,35.16780174
해운대구,해운대오션비치,숙박업(생활),폐업,폐업,201911,202308,"부산광역시 해운대구 해운대해변로359번길 27, 승훈빌딩 2층 (중동)",,129.16840053,35.1648835
해운대구,해운대온천여관,여관업,폐업,폐업,198902,202108,부산광역시 해운대구 중동1로 46 (중동),,129.1634013,35.16149222
해운대구,해운대우리 게스트하우스,숙박업(생활),폐업,폐업,201212,201906,부산광역시 해운대구 구남로21번길 13 (우동),,129.16065278,35.16259538
해운대구,해운대타이,숙박업(생활),폐업,폐업,201505,201810,"부산광역시 해운대구 구남로 19, 2층 (우동)",,129.16026093,35.16232905
해운대구,해운대호텔,일반호텔,폐업,폐업,198907,200004,,,129.1569028,35.16289066
해운대구,해월장여관,여관업,폐업,폐업,198302,200001,,,,
해운대구,행원장여관,여관업,폐업,폐업,198411,200106,,,129.15737945,35.16050459
해운대구,헬로우게스트하우스,숙박업 기타,폐업,폐업,201105,202103,"부산광역시 해운대구 구남로24번길 39, 2~3층 (우동)",,129.15853086,35.16075126
해운대구,호텔 9 (HOTEL 9),일반호텔,폐업,폐업,199711,202211,부산광역시 해운대구 해운대로 153 (재송동),,129.12193069,35.18378245
해운대구,호텔 런더너,여관업,폐업,폐업,200301,202204,부산광역시 해운대구 구남로12번길 49 (우동),,129.15729944,35.16128315
해운대구,호텔 메리케이 센텀,일반호텔,폐업,폐업,201808,202507,부산광역시 해운대구 센텀3로 20 (우동),,129.13291281,35.16780174
해운대구,호텔 블루스토리해운대,일반호텔,폐업,폐업,202002,202504,"부산광역시 해운대구 해운대해변로237번길 11, 1동 3-18층 (우동)",,129.15757404,35.15990113
해운대구,호텔 스카이비치,일반호텔,폐업,폐업,201211,201912,부산광역시 해운대구 해운대로570번길 55 (우동),,129.16009278,35.16009648
해운대구,호텔 씨엘드 메르 해운대,일반호텔,폐업,폐업,201504,201805,"부산광역시 해운대구 해운대해변로298번길 29 (중동, 중동 대우푸르지오시티)",,129.16681748,35.16109798
해운대구,호텔 씨엘드메르 해운대,숙박업(생활),폐업,폐업,201504,201805,부산광역시 해운대구 해운대해변로298번길 29 (중동),,129.16681748,35.16109798
해운대구,호텔 야자,여관업,폐업,폐업,200304,201701,부산광역시 해운대구 해운대해변로209번가길 25 (우동),,129.15655521,35.15959575
해운대구,호텔 에스(HOTEL S),여관업,폐업,폐업,200201,202304,부산광역시 해운대구 해운대로153번길 9 (재송동),,129.12202164,35.18389605
해운대구,호텔 여기어때,여관업,폐업,폐업,201107,202307,부산광역시 해운대구 구남로18번길 41 (우동),,129.1579512,35.16106926
해운대구,호텔 투애니원(HOTEL 2NE1),여관업,폐업,폐업,200406,202205,부산광역시 해운대구 해운대해변로265번길 9-17 (우동),,129.15988891,35.16039463
해운대구,호텔 포레,관광호텔,폐업,폐업,200301,202205,부산광역시 해운대구 해운대해변로265번길 13-20 (우동),,129.16020837,35.16064876
해운대구,호텔 포유,여관업,폐업,폐업,201307,202104,부산광역시 해운대구 구남로24번길 38 (우동),,129.1583655,35.16106007
해운대구,호텔브릭스(Hotel Bricks),일반호텔,폐업,폐업,200305,202207,부산광역시 해운대구 구남로8번길 33 (우동),,129.15767228,35.16204636
해운대구,호텔블루캐슬,숙박업(생활),폐업,폐업,202107,202410,부산광역시 해운대구 송정중앙로36번길 70 (송정동),,129.20111057,35.18102929
해운대구,호텔위드,숙박업(생활),폐업,폐업,202302,202409,"부산광역시 해운대구 해운대해변로298번길 29, 해운대푸르지오시티 B동 905호 (중동)",,129.16681748,35.16109798
해운대구,호텔투헤븐,일반호텔,폐업,폐업,200412,201910,부산광역시 해운대구 구남로30번길 9-5 (우동),,129.16023918,35.16084262
해운대구,황금여인숙,여인숙업,폐업,폐업,197308,200005,,,129.15434174,35.16050598
해운대구,황태자여관,여관업,폐업,폐업,199605,201001,,,,
