행정구명,사업장명,업태구분명,영업상태명,인허가일자,폐업일자,도로명주소,지번주소,경도,위도
수영구,로지하우스,숙박업(생활),영업,202608,,"부산광역시 수영구 민락로6번길 36, 2층 (민락동)",부산광역시 수영구 민락동 35-12,129.1242758,35.15685948
중구,더베이먼트스위트,숙박업(생활),영업,202608,,"부산광역시 중구 중구로5번길 14, 더베이먼트 비프에비뉴 99 1201, 1307, 1308호 (남포동6가)",부산광역시 중구 남포동6가 99,129.0265334,35.09826326
중구,더베이먼트스테이,숙박업(생활),영업,202608,,"부산광역시 중구 중구로5번길 14, 더베이먼트 비프에비뉴 99 1403, 1502, 1507호 (남포동6가)",부산광역시 중구 남포동6가 99,129.0265334,35.09826326
중구,스테이부산(STAY BUSAN),숙박업(생활),영업,202608,,"부산광역시 중구 중구로5번길 14, 더베이먼트 비프에비뉴99 (남포동6가)",부산광역시 중구 남포동6가 99,129.0265334,35.09826326
수영구,풀빌라 오늘의 광안,숙박업(생활),영업,202607,,"부산광역시 수영구 민락수변로 13-1, 정원비치 6층 (민락동)",부산광역시 수영구 민락동 181-143 정원비치,129.1241683,35.15462201
해운대구,여기 바다,숙박업(생활),영업,202607,,"부산광역시 해운대구 해운대해변로298번길 29, 해운대푸르지오시티 B동 602호 (중동)",부산광역시 해운대구 중동 1123 해운대푸르지오시티,129.1668175,35.16109798
기장군,오션스위트,숙박업(생활),영업,202607,,"부산광역시 기장군 일광읍 삼성3길 7, 1-2층",부산광역시 기장군 일광읍 삼성리 115-49,129.2335339,35.26229214
수영구,파드,숙박업(생활),영업,202607,,"부산광역시 수영구 민락수변로 109, 화선빌딩 5층 (민락동)",부산광역시 수영구 민락동 110-49 화선빌딩,129.1324364,35.15481205
해운대구,아란스테이해운대,숙박업(생활),영업,202607,,"부산광역시 해운대구 중동1로 11-1, 4층 (우동)",부산광역시 해운대구 우동 601-15,129.1612748,35.16382409
해운대구,이안스테이 해운대,숙박업(생활),영업,202607,,"부산광역시 해운대구 해운대해변로359번길 27, 승훈빌딩 5,6층 (중동)",부산광역시 해운대구 중동 1256-4 승훈빌딩,129.1684005,35.1648835
중구,디토스테이,숙박업(생활),영업,202607,,"부산광역시 중구 남포길 34, 3층 (남포동2가)",부산광역시 중구 남포동2가 25-1,129.0324743,35.09822783
해운대구,빌라드 달안 해운대,숙박업(생활),영업,202607,,"부산광역시 해운대구 중동1로 38, 3층 일부호 (중동)",부산광역시 해운대구 중동 1394-190,129.163129,35.16221033
해운대구,로지캐슬,숙박업(생활),영업,202607,,"부산광역시 해운대구 해운대해변로298번길 29, 해운대푸르지오시티 B동 1407호 (중동)",부산광역시 해운대구 중동 1123 해운대푸르지오시티,129.1668175,35.16109798
중구,호스텔 디어문,숙박업 기타,영업,202607,,"부산광역시 중구 구덕로 41, 10, 11층 (남포동4가)",부산광역시 중구 남포동4가 11-4,129.0311206,35.09787574
해운대구,더블루,숙박업(생활),영업,202607,,"부산광역시 해운대구 해운대해변로298번길 29, 해운대푸르지오시티 B동 2202호 (중동)",부산광역시 해운대구 중동 1123 해운대푸르지오시티,129.1668175,35.16109798
부산진구,24게스트하우스(서면점),숙박업 기타,영업,202607,,"부산광역시 부산진구 신천대로62번길 46, 3층,4층 (부전동)",부산광역시 부산진구 부전동 232-15,129.0585794,35.15281769
중구,더베이먼트1차 1514호,숙박업(생활),영업,202607,,"부산광역시 중구 중구로5번길 14, 더베이먼트 비프애비뉴 99 15층 1514호 (남포동6가)",부산광역시 중구 남포동6가 99,129.0265334,35.09826326
수영구,낫스탠다드 부산광안리,숙박업(생활),영업,202607,,"부산광역시 수영구 수영로594번길 10, 2층 (광안동)",부산광역시 수영구 광안동 142-37,129.1139444,35.15862646
해운대구,해운재,숙박업(생활),영업,202607,,"부산광역시 해운대구 구남로12번길 13, 씨에프모텔 2층 (우동)",부산광역시 해운대구 우동 541-13 씨에프모텔,129.15897,35.16221466
부산진구,아지트,숙박업(생활),영업,202607,,"부산광역시 부산진구 중앙대로 630-1, 3층 (범천동)",부산광역시 부산진구 범천동 857-7,129.059558,35.14894284
해운대구,해운대라메르스테이2,숙박업(생활),영업,202607,,"부산광역시 해운대구 구남로21번길 6, 1011호 (중동)",부산광역시 해운대구 중동 1381-5,129.1607989,35.16227696
수영구,오누아,숙박업(생활),영업,202607,,"부산광역시 수영구 민락로33번길 20, 2층 (민락동)",부산광역시 수영구 민락동 165-6,129.120717,35.15751147
동구,온나단 스테이,숙박업(생활),영업,202607,,부산광역시 동구 초량로13번길 27 (초량동),부산광역시 동구 초량동 323-2,129.0398409,35.11778275
동구,더포레스트 스테이,숙박업(생활),영업,202607,,"부산광역시 동구 대영로243번길 21, 2층 (초량동)",부산광역시 동구 초량동 606-1,129.0375345,35.11323128
동구,O'nette stay,숙박업(생활),영업,202607,,"부산광역시 동구 초량중로 15-2, 3층 (초량동)",부산광역시 동구 초량동 1057-19,129.0365118,35.11365993
부산진구,JH BLOSSOM CAPSULE&CABIN HOTEL SEOMYEON,숙박업(생활),영업,202607,,부산광역시 부산진구 서면로 37 (주)진흥빌딩 5층 (부전동),부산광역시 부산진구 부전동 521-10 (주)진흥빌딩,129.0575343,35.15400528
영도구,온정스테이 영도,숙박업(생활),영업,202607,,부산광역시 영도구 봉래길 38 (봉래동4가),부산광역시 영도구 봉래동4가 178-90,129.049608,35.09075124
동구,서라벌 스테이 676,숙박업(생활),영업,202607,,"부산광역시 동구 중앙대로180번길 16-14, 7층 (초량동)",부산광역시 동구 초량동 1213-16,129.039955,35.11178818
동구,무해온수이 부산역,숙박업(생활),영업,202607,,"부산광역시 동구 중앙대로 234, 2층 (초량동)",부산광역시 동구 초량동 1198-5,129.0414473,35.11761829
해운대구,블리스엠 해운대,숙박업(생활),영업,202607,,"부산광역시 해운대구 구남로21번길 6, 2110호 (중동)",부산광역시 해운대구 중동 1381-5,129.1607989,35.16227696
해운대구,중앙펜션,숙박업(생활),영업,202606,,부산광역시 해운대구 송정해변로 8-4 (송정동),부산광역시 해운대구 송정동 272-1,129.205007,35.18111262
중구,주식회사 커넥트호텔,일반호텔,영업,202606,,부산광역시 중구 대교로 115-1 (중앙동6가),부산광역시 중구 중앙동6가 3-2,129.0373852,35.1004423
해운대구,마리쏠스테이,숙박업 기타,영업,202606,,"부산광역시 해운대구 달맞이길62번길 38, 삼환미포씨랜드 401호 (중동)",부산광역시 해운대구 중동 957-2 삼환미포씨랜드,129.1711885,35.15849067
수영구,진스테이,숙박업(생활),영업,202606,,"부산광역시 수영구 광안해변로344번길 17-9, 마린리치2 6층 (민락동)",부산광역시 수영구 민락동 110-43 마린리치2,129.1311991,35.15522108
중구,스테이 디어문,숙박업 기타,영업,202606,,"부산광역시 중구 구덕로 41, 7,8층 701,801호 (남포동4가)",부산광역시 중구 남포동4가 11-4,129.0311206,35.09787574
해운대구,아리랑스테이A,숙박업(생활),영업,202606,,부산광역시 해운대구 구남로41번길 26-14 (중동),부산광역시 해운대구 중동 1394-210,129.1624808,35.16110048
해운대구,아리랑스테이B,숙박업(생활),영업,202606,,부산광역시 해운대구 구남로41번길 26-18 (중동),부산광역시 해운대구 중동 1394-211,129.1624003,35.16103693
동구,스테이션17,숙박업(생활),영업,202606,,"부산광역시 동구 대영로247번길 17, 1~2층 (초량동)",부산광역시 동구 초량동 616-1,129.0379469,35.11304862
동구,스테이해리,숙박업(생활),영업,202606,,"부산광역시 동구 대영로243번길 87, 3층 (초량동)",부산광역시 동구 초량동 495-1,129.0392823,35.11580672
부산진구,Maron Stay,숙박업(생활),영업,202606,,"부산광역시 부산진구 서면문화로5번길 33, 2층 (부전동)",부산광역시 부산진구 부전동 485-25,129.0557581,35.15819982
중구,호텔 얼터,일반호텔,영업,202606,,"부산광역시 중구 광복로37번길 3-1, 2~5층 (창선동2가)",부산광역시 중구 창선동2가 10-1,129.0291063,35.09956012
수영구,스테이 비사이드,숙박업(생활),영업,202606,,"부산광역시 수영구 수영로464번길 20, 2층 (남천동)",부산광역시 수영구 남천동 28-9,129.1112599,35.14694826
해운대구,BS센텀호텔,숙박업(생활),영업,202605,,"부산광역시 해운대구 센텀3로 20, 벡스코 비지니스호텔 512호 (우동)",부산광역시 해운대구 우동 1505 벡스코 비지니스호텔,129.1329128,35.16780174
해운대구,(주)에비뉴더솔리드,숙박업(생활),영업,202605,,"부산광역시 해운대구 구남로18번길 30, 308호 (우동)",부산광역시 해운대구 우동 637-2,129.1583331,35.1616111
동구,초량 홈즈(Choryang Homes),숙박업(생활),영업,202605,,"부산광역시 동구 중앙대로 243-15, 3층 (초량동)",부산광역시 동구 초량동 171-3,129.0412208,35.11936815
중구,써클스테이 남포동 부산 가족숙소,숙박업(생활),영업,202605,,"부산광역시 중구 남포길 46-1, 2층 (남포동2가)",부산광역시 중구 남포동2가 39-4,129.033625,35.09791453
해운대구,더 블라우,숙박업(생활),영업,202605,,"부산광역시 해운대구 달맞이길62번길 19, 3층 (중동)",부산광역시 해운대구 중동 1037-2,129.1705401,35.15956435
수영구,웰 게스트하우스,숙박업 기타,영업,202605,,"부산광역시 수영구 수영로702번길 7, 나동 2층 (광안동)",부산광역시 수영구 광안동 50-21,129.1164812,35.16735791
부산진구,벨도르(BELDOR) 스카이 호텔 부산,숙박업(생활),영업,202605,,부산광역시 부산진구 자유평화로 15 (범천동),부산광역시 부산진구 범천동 839-412,129.0615264,35.14160104
수영구,루미나 더 조은,숙박업(생활),영업,202605,,"부산광역시 수영구 광안해변로344번길 17-22, 나경크리스탈 타워 3층 (민락동)",부산광역시 수영구 민락동 110-28 나경크리스탈 타워,129.1319768,35.15503573
부산진구,네스트리 호텔,숙박업(생활),영업,202605,,"부산광역시 부산진구 중앙대로691번가길 18, 지하1층~지상3층 (부전동)",부산광역시 부산진구 부전동 519-56,129.0557973,35.15513003
부산진구,파인온스테이 전포(FINE ON STAY),숙박업(생활),영업,202605,,"부산광역시 부산진구 전포대로224번길 5, 5층 (전포동)",부산광역시 부산진구 전포동 207-35,129.0658204,35.1566064
중구,아문 스테이,숙박업 기타,영업,202605,,"부산광역시 중구 용미길9번길 6, 2층 (남포동1가)",부산광역시 중구 남포동1가 36-1,129.0354247,35.09684277
수영구,여기 G,숙박업(생활),영업,202605,,"부산광역시 수영구 수영로451번길 4, 2층 (남천동)",부산광역시 수영구 남천동 52-13,129.1097782,35.14642506
중구,Stay for you(스테이포유),숙박업(생활),영업,202605,,"부산광역시 중구 대청로134번길 22, 4~6층 (동광동2가)",부산광역시 중구 동광동2가 2-1,129.0350566,35.10086531
부산진구,STAY ROW (스테이 로우),숙박업(생활),영업,202605,,"부산광역시 부산진구 중앙대로691번가길 13, 4층 (부전동)",부산광역시 부산진구 부전동 515-8,129.0556007,35.15492795
부산진구,온기브릿지,숙박업(생활),영업,202605,,"부산광역시 부산진구 중앙대로680번가길 80-5, 3층 (부전동)",부산광역시 부산진구 부전동 168-438,129.061331,35.15694384
부산진구,고상 서면점,숙박업(생활),영업,202605,,"부산광역시 부산진구 새싹로 26-1, 3층 (부전동)",부산광역시 부산진구 부전동 396-11,129.0574074,35.16016395
부산진구,희재스테이,숙박업(생활),영업,202605,,"부산광역시 부산진구 서면로68번길 41, 4층 (부전동)",부산광역시 부산진구 부전동 254-23,129.0585491,35.15511999
부산진구,굿데이큐브 서면 캡슐호텔,숙박업 기타,영업,202604,,"부산광역시 부산진구 서면로 47, 빅보이타워 4층 (부전동)",부산광역시 부산진구 부전동 517-42 빅보이타워,129.0575404,35.1549379
수영구,바이비하우스,숙박업(생활),영업,202604,,"부산광역시 수영구 광남로 121, 8층 (광안동)",부산광역시 수영구 광안동 174-9,129.1160058,35.15252763
동구,더하다(THE HADA),숙박업(생활),영업,202604,,"부산광역시 동구 중앙대로214번길 3-6, 2~5층 (초량동)",부산광역시 동구 초량동 1200-7,129.0413437,35.11650771
수영구,까사올리브,숙박업(생활),영업,202604,,"부산광역시 수영구 민락로6번길 20, 3층 (민락동)",부산광역시 수영구 민락동 176-10,129.1236705,35.15642005
중구,한소스테이,숙박업(생활),영업,202604,,"부산광역시 중구 대영로 241-1, 4층 (영주동)",부산광역시 중구 영주동 30-2,129.0372371,35.11234916
수영구,광안리비치 코스모스,숙박업(생활),영업,202604,,"부산광역시 수영구 수영로554번길 10, 1~3층 (광안동)",부산광역시 수영구 광안동 165-11,129.113037,35.15488594
부산진구,코본스테이,숙박업(생활),영업,202604,,"부산광역시 부산진구 서면문화로 49-6, 1~3층 (부전동)",부산광역시 부산진구 부전동 405-6,129.0549058,35.16131346
수영구,광안리 한옥 Stay 온달,숙박업(생활),영업,202604,,"부산광역시 수영구 광남로 36, 2층 (남천동)",부산광역시 수영구 남천동 7-18,129.1114288,35.14590914
중구,임랑스테이 중앙점,숙박업(생활),영업,202604,,"부산광역시 중구 해관로 62-1, 2~3층 (중앙동4가)",부산광역시 중구 중앙동4가 30-1,129.0357151,35.10444507
중구,여운재,숙박업(생활),영업,202604,,"부산광역시 중구 해관로 17-1, 5층 (중앙동1가)",부산광역시 중구 중앙동1가 23-6,129.0356379,35.1004483
동구,쉬어가 부산,숙박업(생활),영업,202604,,"부산광역시 동구 초량로 17-1, 3,4층 (초량동)",부산광역시 동구 초량동 197-10,129.0399088,35.11927907
동구,초량중로 20-1,숙박업(생활),영업,202604,,"부산광역시 동구 초량중로 20-1, 3층 (초량동)",부산광역시 동구 초량동 597-29,129.0368888,35.11382451
중구,주식회사 굿커넥트,일반호텔,영업,202603,,부산광역시 중구 대교로 115-1 (중앙동6가),부산광역시 중구 중앙동6가 3-2,129.0373852,35.1004423
중구,집(House),숙박업(생활),영업,202603,,"부산광역시 중구 중앙대로 153-1, 2~5층 (대창동2가)",부산광역시 중구 대창동2가 11-9,129.0376126,35.11126905
해운대구,시그니처 스테이,숙박업(생활),영업,202603,,"부산광역시 해운대구 송정해변로 32, 2층 (송정동)",부산광역시 해운대구 송정동 297-22 나무늘보호텔,129.2025401,35.18083044
중구,주식회사 더크라운이앤에스 크라운하버호텔 부산,숙박업(생활),영업,202603,,"부산광역시 중구 중앙대로 114, 크라운 하버 호텔 5~9,27(일부)층 (중앙동4가)",부산광역시 중구 중앙동4가 83-1 크라운 하버 호텔,129.0368192,35.10755383
중구,주식회사 더크라운이앤에스 크라운하버호텔 부산,일반호텔,영업,202603,,"부산광역시 중구 중앙대로 114, 크라운 하버 호텔 (중앙동4가)",부산광역시 중구 중앙동4가 83-1 크라운 하버 호텔,129.0368192,35.10755383
동구,홍스테이,숙박업(생활),영업,202603,,"부산광역시 동구 중앙대로196번길 12-9, 3층 (초량동)",부산광역시 동구 초량동 1203-17,129.0404657,35.11355531
수영구,웨이브 120,숙박업(생활),영업,202603,,"부산광역시 수영구 광남로 120, 3층 (광안동)",부산광역시 수영구 광안동 198-2,129.1162142,35.15207328
동구,마티에 부산하버시티,숙박업(생활),영업,202603,,"부산광역시 동구 충장대로 190, 롯데캐슬 드메르 (초량동)",부산광역시 동구 초량동 1233 롯데캐슬 드메르,,
기장군,드림호텔,숙박업 기타,영업,202603,,부산광역시 기장군 기장읍 차성로 398,부산광역시 기장군 기장읍 교리 331-2 드림모텔,129.2143853,35.25302734
부산진구,THE SUITE STAY JEONPO,숙박업(생활),영업,202603,,"부산광역시 부산진구 전포대로190번길 3, 3층 (전포동)",부산광역시 부산진구 전포동 345-13,129.0658434,35.15360497
부산진구,JH BLOSSOM STAY JEONPO,숙박업(생활),영업,202603,,"부산광역시 부산진구 전포대로190번길 3, 2층 (전포동)",부산광역시 부산진구 전포동 345-13,129.0658434,35.15360497
부산진구,ACCOMMA STAY SEOMYEON,숙박업(생활),영업,202603,,"부산광역시 부산진구 중앙대로680번가길 74, 우목빌딩Ⅱ 4층 (부전동)",부산광역시 부산진구 부전동 168-459 우목빌딩Ⅱ,129.0610962,35.15667942
수영구,정재스테이(JUNGJAE STAY),숙박업(생활),영업,202603,,"부산광역시 수영구 민락로13번길 2, 3층 (민락동)",부산광역시 수영구 민락동 173-21,129.1223745,35.1566803
중구,플로우스테이(FLOW STAY),숙박업(생활),영업,202603,,"부산광역시 중구 대청로134번길 22, 2~3층 (동광동2가)",부산광역시 중구 동광동2가 2-1,129.0350566,35.10086531
동구,(주)글로잉스테이,숙박업(생활),폐업,202602,202606,"부산광역시 동구 충장대로 190, 롯데캐슬 드메르 (초량동)",부산광역시 동구 초량동 1233 롯데캐슬 드메르,,
동구,가람,숙박업(생활),영업,202602,,"부산광역시 동구 초량중로77번길 3, 2,4~9층 일부호 (초량동, 가람 원룸)",부산광역시 동구 초량동 291-3 가람 원룸,129.0389082,35.11881742
동구,부산 에어비앤비 써클스테이 벤티 독채 단체숙소 부산역점,숙박업(생활),영업,202602,,"부산광역시 동구 대영로243번길 40, 4층 (초량동)",부산광역시 동구 초량동 569-1,129.038239,35.11392021
동구,마레루나,숙박업(생활),영업,202602,,"부산광역시 동구 중앙대로251번길 18, 2층 (초량동)",부산광역시 동구 초량동 167-6,129.040942,35.11976002
동구,스테이이재,숙박업(생활),영업,202602,,"부산광역시 동구 중앙대로236번길 3-10, 2층 (초량동)",부산광역시 동구 초량동 1194-3,129.042393,35.11846947
수영구,로프트 부산2,숙박업(생활),영업,202602,,"부산광역시 수영구 광남로 103-3, 6층 (광안동)",부산광역시 수영구 광안동 183-16,129.1147665,35.1512226
수영구,너의계절,숙박업(생활),영업,202602,,"부산광역시 수영구 광안해변로 235, 7층 (민락동)",부산광역시 수영구 민락동 179-3,129.1197474,35.15475895
부산진구,소요스테이,숙박업(생활),영업,202602,,"부산광역시 부산진구 동천로95번길 21, 3층 (부전동)",부산광역시 부산진구 부전동 168-5,129.0610304,35.15714708
부산진구,시재료칸 부산서면점,숙박업(생활),영업,202602,,"부산광역시 부산진구 부전로 89, 3층 (부전동)",부산광역시 부산진구 부전동 466-15,129.0545642,35.15814915
부산진구,해월가,숙박업(생활),영업,202602,,"부산광역시 부산진구 새싹로 26-1, 2층 (부전동)",부산광역시 부산진구 부전동 396-11,129.0574074,35.16016395
수영구,다해,숙박업(생활),영업,202601,,"부산광역시 수영구 광안해변로344번길 17-9, 마린리치2 5층 (민락동)",부산광역시 수영구 민락동 110-43 마린리치2,129.1311991,35.15522108
해운대구,해운대 마린 캡슐호텔&스파,숙박업 기타,영업,202601,,"부산광역시 해운대구 해운대로 598, CW마린빌딩 4층 (우동)",부산광역시 해운대구 우동 639-7,129.1568056,35.16217212
동구,(주)서호재,숙박업(생활),영업,202601,,"부산광역시 동구 중앙대로251번길 18, 3층 (초량동)",부산광역시 동구 초량동 167-6,129.040942,35.11976002
동구,해온스테이,숙박업(생활),영업,202601,,"부산광역시 동구 중앙대로196번길 12-9, 4~5층 (초량동)",부산광역시 동구 초량동 1203-17,129.0404657,35.11355531
중구,네스트 오브 남포,숙박업(생활),영업,202601,,"부산광역시 중구 대청로 115, 3층 (대청동1가)",부산광역시 중구 대청동1가 36-4,129.0326548,35.10298253
중구,하우투스테이,숙박업(생활),영업,202601,,부산광역시 중구 중구로5번길 12-5 (남포동6가),부산광역시 중구 남포동6가 98-4,129.0267842,35.09823257
해운대구,아늑 시그니처 부산 해운대3,숙박업 기타,영업,202601,,부산광역시 해운대구 구남로18번길 48 (우동),부산광역시 해운대구 우동 637-11,129.1575408,35.16116737
부산진구,Stay 051,숙박업(생활),영업,202601,,"부산광역시 부산진구 서전로9번길 6, 5층 (부전동)",부산광역시 부산진구 부전동 142-13 5층,129.0607766,35.15801373
부산진구,려안 서면점,숙박업(생활),영업,202601,,"부산광역시 부산진구 가야대로784번길 15-1, 4층 (부전동)",부산광역시 부산진구 부전동 502-6 4층,129.0574204,35.15672216
부산진구,포포스테이,숙박업(생활),영업,202601,,"부산광역시 부산진구 동성로 113, 4층 (전포동)",부산광역시 부산진구 전포동 192-17,129.0665042,35.15984385
수영구,아지트,숙박업(생활),영업,202601,,"부산광역시 수영구 민락본동로19번길 59, 4층 (민락동)",부산광역시 수영구 민락동 34-7,129.1258051,35.15754961
해운대구,해운대 센텀스위트호텔,숙박업 기타,영업,202601,,"부산광역시 해운대구 센텀1로 17, 센텀프리미어호텔 A동 401호 (우동)",부산광역시 해운대구 우동 1521 센텀프리미어호텔,129.1315947,35.16693706
수영구,굿스테이,숙박업(생활),영업,202601,,"부산광역시 수영구 광안해변로295번길 4-11, 5~6층 (민락동, 주건축물제1동)",부산광역시 수영구 민락동 181-52 주건축물제1동,129.1260318,35.15712406
동구,루츠하우스,숙박업(생활),영업,202601,,"부산광역시 동구 중앙대로195번가길 21, 3,4층 (초량동, 동우빌딩)",부산광역시 동구 초량동 520-2 동우빌딩,129.0380025,35.11616913
동구,코베뉴하우스,숙박업(생활),영업,202601,,"부산광역시 동구 중앙대로 247, 2층 (초량동)",부산광역시 동구 초량동 172-17,129.0415222,35.11910733
수영구,로프트 부산,숙박업(생활),영업,202601,,"부산광역시 수영구 광남로 103-3, 7층 (광안동)",부산광역시 수영구 광안동 183-16,129.1147665,35.1512226
수영구,하나 여름(One Summer),숙박업(생활),영업,202512,,"부산광역시 수영구 광안해변로277번길 3, 2층 (민락동)",부산광역시 수영구 민락동 176-29,129.1239994,35.1560374
수영구,컨셉스테이,숙박업(생활),영업,202512,,"부산광역시 수영구 광안해변로 235, 4층 (민락동)",부산광역시 수영구 민락동 179-3,129.1197474,35.15475895
해운대구,더플레이스.H,숙박업(생활),영업,202512,,"부산광역시 해운대구 구남로21번길 6, 402호 (중동)",부산광역시 해운대구 중동 1381-5,129.1607989,35.16227696
중구,메종드노크,숙박업(생활),영업,202512,,부산광역시 중구 동광길 35 (동광동5가),부산광역시 중구 동광동5가 47-3,129.0345011,35.1043116
수영구,시안,숙박업(생활),영업,202512,,"부산광역시 수영구 민락본동로19번길 59, 3층 (민락동)",부산광역시 수영구 민락동 34-7,129.1258051,35.15754961
부산진구,이음재 서면역,숙박업(생활),영업,202512,,"부산광역시 부산진구 가야대로784번길 46-14, 11층 (부전동)",부산광역시 부산진구 부전동 516-5 11층,129.0564426,35.15553184
부산진구,소울호스텔2,숙박업(생활),영업,202512,,"부산광역시 부산진구 동성로96번길 6, 3층 (전포동)",부산광역시 부산진구 전포동 188-12,129.0682567,35.15918147
부산진구,"오늘하루, 스테이",숙박업(생활),영업,202512,,"부산광역시 부산진구 새싹로8번길 35-6, 4~5층 (부전동)",부산광역시 부산진구 부전동 265-8 4~5층,129.0596117,35.15996805
부산진구,해솔스위트,숙박업(생활),영업,202512,,"부산광역시 부산진구 서전로46번길 26, 3층 (전포동)",부산광역시 부산진구 전포동 671-13 전포동 근생및주택,129.0647232,35.15660204
수영구,루미에르,숙박업(생활),영업,202512,,"부산광역시 수영구 광안해변로 235, 11층 (민락동)",부산광역시 수영구 민락동 179-3,129.1197474,35.15475895
연제구,하얏트플레이스 부산연산,관광호텔,영업,202512,,"부산광역시 연제구 중앙대로 1121, 8~17층 (연산동)",부산광역시 연제구 연산동 1124-25 에이치엘비,129.0807461,35.18772036
영도구,주식회사 지평네오시티,숙박업(생활),영업,202512,,부산광역시 영도구 동삼오션로 58 (동삼동),부산광역시 영도구 동삼동 1180,129.0833054,35.06913555
해운대구,데이 31 송정,숙박업(생활),영업,202512,,"부산광역시 해운대구 송정광어골로 9, 2,3층 (송정동)",부산광역시 해운대구 송정동 159-13,129.1988478,35.18004112
부산진구,스테이 꼬꼬마리,숙박업(생활),영업,202512,,"부산광역시 부산진구 서전로58번길 46, 3층 (전포동)",부산광역시 부산진구 전포동 309-38,129.0660227,35.15570061
부산진구,여온 스테이,숙박업(생활),영업,202512,,"부산광역시 부산진구 중앙대로680번가길 74, 우목빌딩Ⅱ 6층 (부전동)",부산광역시 부산진구 부전동 168-459 우목빌딩Ⅱ 6층,129.0610962,35.15667942
중구,제이다움,숙박업(생활),영업,202512,,부산광역시 중구 대청로126번길 30 (동광동2가),부산광역시 중구 동광동2가 17-15,129.0343265,35.10028864
수영구,벡스코 조조하우스,숙박업(생활),영업,202512,,"부산광역시 수영구 수영성로 9, 2층 (수영동)",부산광역시 수영구 수영동 95,129.1187079,35.169864
해운대구,팔라티움 해운대 바이 소노펠리체,숙박업(생활),영업,202512,,"부산광역시 해운대구 구남로30번길 18, 힐스테이트 해운대센트럴 3층 (우동)",부산광역시 해운대구 우동 544-6 힐스테이트 해운대센트럴,129.1594338,35.16128931
수영구,연온담 광안해변점,숙박업(생활),영업,202512,,"부산광역시 수영구 민락본동로11번길 78-10, 2층 (민락동)",부산광역시 수영구 민락동 35-23,129.124613,35.15709572
중구,매그넘남포호텔,숙박업(생활),영업,202512,,부산광역시 중구 비프광장로 20 (남포동6가),부산광역시 중구 남포동6가 85,129.0276515,35.09843837
수영구,스테이리안,숙박업(생활),영업,202511,,"부산광역시 수영구 광안해변로344번길 17-17, 수변PLAZA 6층 (민락동)",부산광역시 수영구 민락동 110-45 수변PLAZA,129.1315403,35.15530006
수영구,루미나 더 리안,숙박업(생활),영업,202511,,"부산광역시 수영구 광안해변로344번길 17-17, 수변PLAZA 7층 (민락동)",부산광역시 수영구 민락동 110-45 수변PLAZA,129.1315403,35.15530006
수영구,수베니어홈,숙박업(생활),영업,202511,,"부산광역시 수영구 광안로22번길 59, 1~2층 (광안동)",부산광역시 수영구 광안동 171-36,129.114437,35.15366159
중구,(주)더베이먼트스테이,숙박업(생활),폐업,202511,202608,부산광역시 중구 중구로5번길 14 (남포동6가),부산광역시 중구 남포동6가 99,129.0265334,35.09826326
해운대구,Ciel de Mer(씨엘드메르),숙박업(생활),영업,202511,,"부산광역시 해운대구 해운대해변로298번길 29, 해운대푸르지오시티 A동 1층 112호 (중동)",부산광역시 해운대구 중동 1123 해운대푸르지오시티,129.1668175,35.16109798
수영구,아눅광안,숙박업(생활),영업,202511,,"부산광역시 수영구 광남로258번길 39, 3층 (민락동)",부산광역시 수영구 민락동 22-14,129.1278299,35.1579813
중구,르코지남포,숙박업 기타,영업,202511,,"부산광역시 중구 동광길 34, 2층 (중앙동4가)",부산광역시 중구 중앙동4가 40-2,129.0346674,35.104217
수영구,무드온 광안,숙박업(생활),영업,202511,,"부산광역시 수영구 광안해변로344번길 17-17, 수변PLAZA 9층 (민락동)",부산광역시 수영구 민락동 110-45 수변PLAZA,129.1315403,35.15530006
중구,천수빌,숙박업(생활),영업,202511,,"부산광역시 중구 동광길 119, 2~5층 (동광동5가)",부산광역시 중구 동광동5가 2-24,129.0356456,35.1080274
해운대구,스테이 달안,숙박업(생활),영업,202511,,"부산광역시 해운대구 구남로41번길 11, 2, 3층 (중동)",부산광역시 해운대구 중동 1393-52,129.1617504,35.16108562
수영구,스테이순,숙박업(생활),영업,202511,,"부산광역시 수영구 수영로554번길 11-1, 1~5층 (광안동, 흑석스카이)",부산광역시 수영구 광안동 164-3 흑석스카이,129.1132731,35.15513249
중구,뉴시즈남포호텔,숙박업(생활),영업,202511,,부산광역시 중구 비프광장로 20 (남포동6가),부산광역시 중구 남포동6가 85,129.0276515,35.09843837
중구,창선스테이,숙박업(생활),영업,202511,,"부산광역시 중구 광복로35번길 7, 서울양행 4~5층 (창선동2가)",부산광역시 중구 창선동2가 19-1 서울양행,129.0287792,35.09987988
기장군,하루연화,숙박업(생활),영업,202510,,"부산광역시 기장군 기장읍 연화2길 6, 3층",부산광역시 기장군 기장읍 연화리 220-1,129.2255256,35.21697531
동래구,하이원,숙박업(생활),영업,202510,,"부산광역시 동래구 동래로 27-19, 1,2,3,4층 (온천동)",부산광역시 동래구 온천동 473-17,129.078592,35.21332474
부산진구,부산게스트하우스 노마드인부산 서면점,숙박업(생활),영업,202510,,"부산광역시 부산진구 중앙대로691번길 48, 5층 (부전동)",부산광역시 부산진구 부전동 520-35 5층,129.0563915,35.15462825
부산진구,라온 전포지점,숙박업(생활),영업,202510,,"부산광역시 부산진구 서전로58번길 12, 2~8층 (전포동, 부금주택)",부산광역시 부산진구 전포동 207-3 부금주택 2~8층,129.0659852,35.15728703
해운대구,스테이 토유,숙박업 기타,영업,202510,,"부산광역시 해운대구 중동1로 42-22, 지1층 (중동)",부산광역시 해운대구 중동 1394-344 외 2필지,129.163072,35.16119411
수영구,더퍼스트 오션 광안,숙박업(생활),영업,202510,,"부산광역시 수영구 광남로94번길 16, 광안 오션뷰 더테라스 3~20층 305호 등 41객실호 (광안동)",부산광역시 수영구 광안동 201-1 광안 오션뷰 더테라스,129.1153061,35.1499905
중구,"헬로, 자갈치(Hello, Jagalchi)",숙박업(생활),영업,202510,,부산광역시 중구 자갈치로16번길 5 (남포동6가),부산광역시 중구 남포동6가 24-4,129.0264731,35.09606409
부산진구,소울호스텔,숙박업(생활),영업,202510,,"부산광역시 부산진구 동성로96번길 6, 4층 (전포동)",부산광역시 부산진구 전포동 188-12,129.0682567,35.15918147
부산진구,잇:데이,숙박업(생활),영업,202510,,"부산광역시 부산진구 서전로58번길 32, 3층 (전포동)",부산광역시 부산진구 전포동 309-1,129.0660182,35.15639919
수영구,써니하우스,숙박업(생활),영업,202510,,"부산광역시 수영구 민락수변로 5, 성진회센터 6층 (민락동)",부산광역시 수영구 민락동 181-204 성진회센터,129.1238997,35.15531677
사상구,석정,숙박업(생활),영업,202510,,"부산광역시 사상구 광장로103번길 15-7, 1~5층 (괘법동)",부산광역시 사상구 괘법동 543-5,128.9871786,35.1633384
해운대구,꼬모까사 레지던스 해운대,숙박업(생활),영업,202510,,"부산광역시 해운대구 해운대로570번길 30, 빌리브 패러그라프 해운대 (우동)",부산광역시 해운대구 우동 645-6 빌리브 패러그라프 해운대,129.1570696,35.15997783
수영구,해달별,숙박업(생활),영업,202509,,"부산광역시 수영구 민락수변로 109, 화선빌딩 3층 (민락동)",부산광역시 수영구 민락동 110-49 화선빌딩,129.1324364,35.15481205
수영구,풀빌라한가,숙박업(생활),영업,202509,,"부산광역시 수영구 민락수변로 125, 골든뷰 6층 (민락동)",부산광역시 수영구 민락동 110-87 골든뷰,129.1340572,35.15526712
부산진구,신용빌딩,숙박업(생활),영업,202509,,"부산광역시 부산진구 가야대로482번길 10, 신용빌딩 3,4,5층 (개금동)",부산광역시 부산진구 개금동 171-123 신용빌딩,129.024665,35.15257748
중구,트립메이드 2호점,숙박업(생활),영업,202509,,부산광역시 중구 광복로85번길 5-3 (광복동1가),부산광역시 중구 광복동1가 15-6,129.0340226,35.09891252
해운대구,아늑 시그니처 부산 해운대2,숙박업 기타,영업,202509,,부산광역시 해운대구 구남로12번길 49 (우동),부산광역시 해운대구 우동 637-8,129.1572994,35.16128315
해운대구,아늑 시그니처 부산 해운대,숙박업 기타,영업,202509,,부산광역시 해운대구 구남로18번길 56 (우동),부산광역시 해운대구 우동 637-7,129.1572065,35.16098094
기장군,호텔 공감공간 오시리아점,숙박업(생활),영업,202509,,"부산광역시 기장군 기장읍 동부산관광7로 17, 오시리아 스위첸 마티에 101~104동 38개호",부산광역시 기장군 기장읍 시랑리 736 오시리아 스위첸 마티에,129.2142575,35.18902891
수영구,오션투헤븐호텔,숙박업(생활),영업,202509,,"부산광역시 수영구 광안해변로278번길 42, 오션브릿지 A동 4층 (민락동)",부산광역시 수영구 민락동 181-154 오션브릿지,129.12452,35.15396447
해운대구,해피 하우스,숙박업(생활),영업,202509,,"부산광역시 해운대구 해운대해변로298번길 29, 해운대푸르지오시티 (중동)",부산광역시 해운대구 중동 1123 해운대푸르지오시티,129.1668175,35.16109798
중구,파라미온,숙박업(생활),영업,202509,,부산광역시 중구 비프광장로 20 (남포동6가),부산광역시 중구 남포동6가 85,129.0276515,35.09843837
부산진구,무해료칸풀빌라 부산서면본점,숙박업(생활),영업,202509,,"부산광역시 부산진구 서전로9번길 36, 5층 (부전동)",부산광역시 부산진구 부전동 126-5,129.061318,35.15921454
부산진구,스테이오유,숙박업(생활),영업,202509,,"부산광역시 부산진구 서전로9번길 36, 3층 (부전동)",부산광역시 부산진구 부전동 126-5,129.061318,35.15921454
부산진구,무해료칸풀빌라 부산서면1호점,숙박업(생활),영업,202509,,"부산광역시 부산진구 서전로9번길 36, 4층 (부전동)",부산광역시 부산진구 부전동 126-5,129.061318,35.15921454
사상구,블루장,여관업,영업,202509,,"부산광역시 사상구 광장로93번길 11, 2,3,4층 (괘법동)",부산광역시 사상구 괘법동 544-16,128.9863315,35.16309722
수영구,시나몬스테이 광안,숙박업(생활),영업,202509,,"부산광역시 수영구 광안해변로344번길 17-17, 수변PLAZA 5층 (민락동)",부산광역시 수영구 민락동 110-45 수변PLAZA,129.1315403,35.15530006
수영구,게스후,관광호텔,영업,202508,,"부산광역시 수영구 광안해변로 181, 5~14층 (광안동)",부산광역시 수영구 광안동 200-3,129.1159061,35.15073291
수영구,루미나 더 아너,숙박업(생활),영업,202508,,"부산광역시 수영구 광안해변로358번길 6, 호원빌딩 3,5층 (민락동)",부산광역시 수영구 민락동 110-34 호원빌딩,129.1317377,35.15579558
연제구,호텔 에이치엘비,숙박업(생활),영업,202508,,"부산광역시 연제구 중앙대로 1121, 18~27층 (연산동)",부산광역시 연제구 연산동 1124-25 노보텔 앰배서더 부산,129.0807461,35.18772036
해운대구,공간공감,숙박업(생활),영업,202508,,"부산광역시 해운대구 송정중앙로6번길 118, 2층 (송정동)",부산광역시 해운대구 송정동 312-8,129.1983686,35.17904749
영도구,180스테이(180STAY),숙박업(생활),영업,202508,,"부산광역시 영도구 하나길 713, 1,2층 (봉래동5가)","부산광역시 영도구 봉래동5가 146-14 1,2층",129.0517912,35.09336781
수영구,루미나 더 캠프,숙박업(생활),영업,202508,,"부산광역시 수영구 광안해변로358번길 6, 호원빌딩 7층 (민락동)",부산광역시 수영구 민락동 110-34 호원빌딩,129.1317377,35.15579558
수영구,바나스테이,숙박업(생활),영업,202508,,"부산광역시 수영구 광남로 129, 4층 (광안동)",부산광역시 수영구 광안동 173-20,129.1165353,35.15329248
수영구,잔울림,숙박업(생활),영업,202508,,"부산광역시 수영구 광안해변로344번길 17-11, 나포리빌딩 4층 (민락동)",부산광역시 수영구 민락동 110-44 나포리빌딩,129.1313699,35.15526077
연제구,럭스모텔,숙박업 기타,영업,202508,,부산광역시 연제구 중앙대로1120번길 9 (연산동),부산광역시 연제구 연산동 675-17,129.0819217,35.1878461
중구,모노수,숙박업 기타,영업,202508,,"부산광역시 중구 대청로141번길 17, 3~4층 (중앙동4가)",부산광역시 중구 중앙동4가 37-34,129.0350555,35.10434518
수영구,명작스테이,숙박업(생활),영업,202507,,"부산광역시 수영구 민락본동로11번길 66, 2~3층 (민락동)",부산광역시 수영구 민락동 35-4,129.1251065,35.15700129
해운대구,코브스테이 해운대,숙박업(생활),영업,202507,,"부산광역시 해운대구 해운대해변로 277, 다옴빌딩 6층 (중동)",부산광역시 해운대구 중동 1412-7 다옴빌딩,129.1614793,35.15987364
부산진구,스테이 어반에그,숙박업(생활),영업,202507,,"부산광역시 부산진구 서전로47번길 16, 4,5층 (전포동)",부산광역시 부산진구 전포동 665-17,129.0649081,35.15852523
수영구,숨스테이 광안,숙박업(생활),영업,202507,,"부산광역시 수영구 수영로540번길 36, 2층 (광안동)",부산광역시 수영구 광안동 169-36,129.1140812,35.15345841
중구,래원하우스,숙박업 기타,영업,202507,,"부산광역시 중구 중구로 14, 2,3,4층 (창선동2가)",부산광역시 중구 창선동2가 45-17,129.0279372,35.099068
영도구,부산호텔그라체(영도점),숙박업(생활),영업,202507,,부산광역시 영도구 동삼오션로 58 (동삼동),부산광역시 영도구 동삼동 1180,129.0833054,35.06913555
부산진구,기역기역스테이,숙박업(생활),영업,202507,,"부산광역시 부산진구 전포대로224번길 5, 3층 (전포동)",부산광역시 부산진구 전포동 207-35,129.0658204,35.1566064
수영구,파라스테이,숙박업(생활),영업,202506,,"부산광역시 수영구 광안해변로 245, 2층 (민락동)",부산광역시 수영구 민락동 178-16,129.1206574,35.15496269
기장군,소유 오시리아,숙박업(생활),영업,202506,,"부산광역시 기장군 기장읍 동부산관광7로 17, 오시리아 스위첸 마티에 101~104동 30개호",부산광역시 기장군 기장읍 시랑리 736 오시리아 스위첸 마티에,129.2142575,35.18902891
수영구,옹드빌라,숙박업(생활),영업,202506,,"부산광역시 수영구 광안해변로294번길 36, 3층 (민락동)",부산광역시 수영구 민락동 181-133,129.1261528,35.15482997
북구,굿포스테이,숙박업 기타,영업,202506,,부산광역시 북구 구포만세길 121 (구포동),부산광역시 북구 구포동 1060-79,128.9985001,35.20697932
동구,정온재,숙박업(생활),영업,202506,,"부산광역시 동구 중앙대로196번길 16-12, 3층 (초량동)",부산광역시 동구 초량동 1203-14,129.0405251,35.1131878
해운대구,해운대 웨이브,숙박업(생활),영업,202506,,"부산광역시 해운대구 해운대해변로209번나길 56, 2806호 (우동)",부산광역시 해운대구 우동 648-7,129.1569354,35.15974186
수영구,지니스테이,숙박업(생활),영업,202506,,"부산광역시 수영구 민락수변로 109, 화선빌딩 4층 (민락동)",부산광역시 수영구 민락동 110-49 화선빌딩,129.1324364,35.15481205
해운대구,아쿠아 풀(AQUA POOL),숙박업 기타,영업,202506,,"부산광역시 해운대구 해운대해변로209번나길 12, 세움오피스텔 14층 (우동)",부산광역시 해운대구 우동 654-4 세움오피스텔,129.1542933,35.16019087
중구,모노수,일반호텔,폐업,202506,202507,"부산광역시 중구 대청로141번길 17, 3~4층 (중앙동4가)",부산광역시 중구 중앙동4가 37-34,129.0350555,35.10434518
수영구,요재,숙박업(생활),영업,202505,,"부산광역시 수영구 무학로9번길 94, 3층 (광안동)",부산광역시 수영구 광안동 88-2,129.1158516,35.16591029
수영구,모루,숙박업(생활),영업,202505,,"부산광역시 수영구 광안해변로 239, 광안샤인빌딩 4층 (민락동)",부산광역시 수영구 민락동 179-1 광안샤인빌딩,129.120109,35.15478259
동구,제이엠씨(JMC)게스트하우스,숙박업(생활),영업,202505,,"부산광역시 동구 대영로239번길 20, 일부호 (초량동, jmc)",부산광역시 동구 초량동 604-1 jmc,129.0372839,35.11306348
기장군,스테이화양연화,숙박업(생활),영업,202505,,"부산광역시 기장군 기장읍 기장해안로 494-3, 로투스하우스",부산광역시 기장군 기장읍 연화리 234-1 로투스하우스,129.2246203,35.21830097
수영구,더무어,숙박업(생활),영업,202505,,"부산광역시 수영구 광안해변로 281, 2~7층 (민락동)",부산광역시 수영구 민락동 181-35,129.1246276,35.15610835
해운대구,굿데이레지던스,일반호텔,영업,202505,,"부산광역시 해운대구 해운대로570번길 29-1, 오피스텔리오 7,8층 (우동)",부산광역시 해운대구 우동 644-9 오피스텔리오,129.1573795,35.16050459
해운대구,호텔 마리쏠Ⅰ,숙박업 기타,영업,202504,,"부산광역시 해운대구 구남로 37, 해운대르와지르호텔 309호 (중동)",부산광역시 해운대구 중동 1392-166 해운대르와지르호텔,129.1613792,35.1610335
해운대구,호텔 마리쏠Ⅱ,숙박업 기타,영업,202504,,"부산광역시 해운대구 구남로 37, 해운대르와지르호텔 314호 (중동)",부산광역시 해운대구 중동 1392-166 해운대르와지르호텔,129.1613792,35.1610335
부산진구,라온스테이,숙박업(생활),영업,202504,,"부산광역시 부산진구 서전로58번길 46, 5층 (전포동)",부산광역시 부산진구 전포동 309-38,,
부산진구,스페이스연,숙박업(생활),영업,202504,,"부산광역시 부산진구 성지로8번길 10, 1~7층 (연지동, 연지아담재)",부산광역시 부산진구 연지동 42-12 연지아담재,129.0565594,35.17151821
수영구,어반하우스펜트 2호점,숙박업(생활),영업,202504,,"부산광역시 수영구 민락수변로 5, 성진회센터 7층 (민락동)",부산광역시 수영구 민락동 181-204 성진회센터,129.1238997,35.15531677
서구,더디셈버스테이 부산송도 오션테라스,숙박업(생활),영업,202504,,"부산광역시 서구 등대로 9, 1동 406호 등 32객실호 (암남동)",부산광역시 서구 암남동 123-27,129.0241601,35.07679652
해운대구,송정오션루나,숙박업(생활),영업,202504,,부산광역시 해운대구 송정중앙로6번길 54 (송정동),부산광역시 해운대구 송정동 158-3,129.200036,35.18154383
해운대구,엘시티레지던스 더바인 해운대,숙박업(생활),영업,202504,,"부산광역시 해운대구 달맞이길 30, 3061호 (중동, 엘시티)",부산광역시 해운대구 중동 1829 엘시티,129.1687865,35.16055677
수영구,바다산책 더 테라스,숙박업(생활),영업,202504,,"부산광역시 수영구 민락수변로 105, 바다산책프라자 2층 (민락동)",부산광역시 수영구 민락동 110-48 바다산책프라자,129.1320741,35.15473437
해운대구,라비앙즈 메종 드 해운대,숙박업(생활),영업,202504,,부산광역시 해운대구 해운대해변로209번나길 56 (우동),부산광역시 해운대구 우동 648-7,129.1569354,35.15974186
해운대구,라비앙즈 메종 드 호텔,숙박업(생활),영업,202504,,부산광역시 해운대구 해운대해변로209번나길 56 (우동),부산광역시 해운대구 우동 648-7,129.1569354,35.15974186
부산진구,부사노바,숙박업(생활),영업,202504,,"부산광역시 부산진구 동천로107번길 12-5, 3층 (부전동)",부산광역시 부산진구 부전동 113-8,129.0615667,35.1584481
중구,팬스타미라클,숙박업 기타,영업,202504,,"부산광역시 중구 해관로 30, 팬스타미라클 5~7DECK (중앙동2가)",부산광역시 중구 중앙동2가 3,129.0359161,35.10156302
동래구,6번가호텔,여관업,영업,202504,,"부산광역시 동래구 금강로 174, 성산빌딩 6,7,8층 (온천동)",부산광역시 동래구 온천동 44-3 성산빌딩,129.082017,35.22395115
부산진구,더 스테이 챕터,숙박업(생활),영업,202504,,"부산광역시 부산진구 서전로58번길 16, 3층 (전포동)",부산광역시 부산진구 전포동 207-75,129.0659713,35.15708301
부산진구,읽다부산,숙박업(생활),영업,202504,,"부산광역시 부산진구 전포대로209번길 43, 5층 (전포동)",부산광역시 부산진구 전포동 683-1,129.0628891,35.15527437
수영구,안리고택3,숙박업(생활),영업,202503,,"부산광역시 수영구 광안해변로 249, 249타워 7층 (민락동)",부산광역시 수영구 민락동 178-13 249타워,129.1211643,35.15515991
수영구,광안사계스테이,숙박업(생활),영업,202503,,"부산광역시 수영구 광안해변로344번길 17-17, 수변PLAZA 4층 (민락동)",부산광역시 수영구 민락동 110-45 수변PLAZA,129.1315403,35.15530006
부산진구,쏘타스위트 부산서면,숙박업(생활),영업,202503,,부산광역시 부산진구 중앙대로 654 (부전동),부산광역시 부산진구 부전동 536-8,129.0596224,35.1510346
수영구,리온스테이,숙박업(생활),영업,202503,,"부산광역시 수영구 광안해변로279번길 22, 2~4층 (민락동)",부산광역시 수영구 민락동 181-46,129.1252487,35.15656571
수영구,더오다,숙박업(생활),영업,202503,,"부산광역시 수영구 광남로 103-3, 8~9층 (광안동)",부산광역시 수영구 광안동 183-16,129.1147665,35.1512226
부산진구,"주식회사 엠지스테이(MZ Stay Co., Ltd.)",숙박업(생활),영업,202502,,"부산광역시 부산진구 중앙대로 752, 서면역 트루엘 센트럴 (부전동)",부산광역시 부산진구 부전동 129-1 서면역 트루엘 센트럴,129.0609097,35.15931608
해운대구,뉴시즈 센텀 호텔,숙박업(생활),영업,202502,,"부산광역시 해운대구 APEC로 21, 304호 (우동)",부산광역시 해운대구 우동 1513,129.1329369,35.16607795
수영구,오다위드스위트,숙박업(생활),영업,202502,,"부산광역시 수영구 광안해변로295번길 4-3, 2층 (민락동)",부산광역시 수영구 민락동 181-56,129.1256665,35.15686181
해운대구,카이브 부산송정4호점,숙박업(생활),영업,202502,,"부산광역시 해운대구 송정광어골로 87, 한림빌딩 3층 (송정동)",부산광역시 해운대구 송정동 446-5 한림빌딩,129.196679,35.17372797
해운대구,해운대라메르스테이,숙박업(생활),영업,202502,,"부산광역시 해운대구 구남로21번길 6, 3105호 (중동)",부산광역시 해운대구 중동 1381-5,129.1607989,35.16227696
수영구,원앤우마르,숙박업(생활),영업,202502,,"부산광역시 수영구 민락수변로 125, 골든뷰 9층 (민락동)",부산광역시 수영구 민락동 110-87 골든뷰,129.1340572,35.15526712
해운대구,시크레이트,숙박업(생활),영업,202502,,"부산광역시 해운대구 구남로 19, 2,3층 (우동)",부산광역시 해운대구 우동 618-17,129.1602609,35.16232905
부산진구,록해스테이,숙박업 기타,영업,202502,,"부산광역시 부산진구 가야대로755번길 29-10, 2층 (부전동)",부산광역시 부산진구 부전동 420-17,129.0538496,35.15929936
연제구,더 스테이(THE STAY),숙박업(생활),영업,202501,,"부산광역시 연제구 중앙대로 1116-8, 어반스테이 3~23층 (연산동)",부산광역시 연제구 연산동 726-12,129.0820397,35.18705876
부산진구,유나리아하우스2,숙박업(생활),영업,202501,,"부산광역시 부산진구 서전로38번길 9-7, 5층 (전포동)",부산광역시 부산진구 전포동 674-21,129.0642104,35.15732686
수영구,씨스테이,숙박업(생활),영업,202501,,"부산광역시 수영구 광안해변로344번길 17-9, 마린리치2 8층 (민락동)",부산광역시 수영구 민락동 110-43 마린리치2,129.1311991,35.15522108
부산진구,MomManStay,숙박업(생활),영업,202501,,"부산광역시 부산진구 서전로58번길 23, 3~5층 (전포동)",부산광역시 부산진구 전포동 305-29,129.0662182,35.15674205
부산진구,207stay korea,숙박업(생활),영업,202501,,"부산광역시 부산진구 서전로58번길 100, 3,4층 (전포동)",부산광역시 부산진구 전포동 346-64,129.0659996,35.15334173
부산진구,팝스테이,숙박업(생활),영업,202412,,"부산광역시 부산진구 전포대로 226-6, 1,2층 (전포동)",부산광역시 부산진구 전포동 207-40,129.0659059,35.15681872
연제구,더블유(w)스테이호텔 부산시청점,숙박업(생활),영업,202412,,"부산광역시 연제구 중앙대로 1116-8, 3~23층 일부호 (연산동)",부산광역시 연제구 연산동 726-12,129.0820397,35.18705876
해운대구,곳스테이,숙박업(생활),영업,202412,,부산광역시 해운대구 송정중앙로36번길 11-20 (송정동),부산광역시 해운대구 송정동 291-18,129.2036258,35.18114127
중구,더베이먼트 레지던스,숙박업(생활),영업,202412,,부산광역시 중구 중구로5번길 14 (남포동6가),부산광역시 중구 남포동6가 99,129.0265334,35.09826326
해운대구,해운대 바다 스테이,숙박업(생활),영업,202412,,"부산광역시 해운대구 해운대해변로298번길 29, 해운대푸르지오시티 A동 311호 (중동)",부산광역시 해운대구 중동 1123 해운대푸르지오시티,129.1668175,35.16109798
해운대구,와이(Y) 게스트하우스,숙박업 기타,영업,202412,,"부산광역시 해운대구 달맞이길 2-13, 동진빌딩 4층 (중동)",부산광역시 해운대구 중동 1126-18 동진빌딩,129.1658195,35.16154216
해운대구,노마드리브,숙박업(생활),영업,202412,,"부산광역시 해운대구 좌동로 88, 울트라타워 1101,1102호 (좌동)",부산광역시 해운대구 좌동 1461-1 울트라타워,129.1749461,35.17196631
해운대구,유에이치 컨티넨탈 센터포인트,일반호텔,영업,202411,,부산광역시 해운대구 달맞이길 2-21 (중동),부산광역시 해운대구 중동 1130-1,129.166019,35.16123551
부산진구,다솜,숙박업(생활),영업,202411,,부산광역시 부산진구 중앙대로769번길 6-3 (부전동),부산광역시 부산진구 부전동 341-65,129.061354,35.16120945
해운대구,구텐모르겐,숙박업(생활),영업,202411,,"부산광역시 해운대구 우동1로20번길 53, 3층 (우동)",부산광역시 해운대구 우동 557-5,129.1591485,35.16504119
수영구,머물다가광안리감성풀빌라펜션,숙박업(생활),영업,202411,,"부산광역시 수영구 민락수변로 105, 바다산책프라자 4층 401호 (민락동)","부산광역시 수영구 민락동 110-48 바다산책프라자, 4층 401호",129.1320741,35.15473437
서구,효이스테이오션송도,숙박업(생활),영업,202411,,부산광역시 서구 등대로 9 (암남동),부산광역시 서구 암남동 123-27,129.0241601,35.07679652
수영구,더바이브광안,숙박업(생활),영업,202410,,"부산광역시 수영구 민락수변로 7, OK타운 6층 (민락동)",부산광역시 수영구 민락동 181-86 OK타운,129.1240862,35.15514368
부산진구,(주)빌드원호스텔,숙박업(생활),영업,202410,,"부산광역시 부산진구 범일로142번길 53-10, 1층,11~14층 (범천동)",부산광역시 부산진구 범천동 841-304,129.0623313,35.14325729
수영구,프레임인,숙박업(생활),영업,202410,,"부산광역시 수영구 광안해변로255번길 52, 4.5층 (민락동)",부산광역시 수영구 민락동 166-20,129.1208819,35.15730762
해운대구,아파트먼트풀 포알엠에스,일반호텔,영업,202410,,"부산광역시 해운대구 달맞이길117번가길 219, 3~5층 (중동)",부산광역시 해운대구 중동 1482-1,129.1833196,35.16121486
부산진구,국제장여관,숙박업(생활),영업,202410,,"부산광역시 부산진구 부전로140번길 15, 1~3층 (부전동)",부산광역시 부산진구 부전동 390-21,129.0572954,35.16117979
사상구,에이치에비뉴 사상역점 레지던스호텔,숙박업(생활),영업,202410,,"부산광역시 사상구 새벽로223번길 20, 더스테이이안 3~25층 303호 등 135객실 (괘법동)",부산광역시 사상구 괘법동 559-5,128.9830433,35.16144425
해운대구,포르테 해운대,숙박업(생활),영업,202410,,"부산광역시 해운대구 해운대로570번길 30, 401호 (우동)",부산광역시 해운대구 우동 645-6,129.1570696,35.15997783
해운대구,메르드로브,관광호텔,영업,202410,,부산광역시 해운대구 송정광어골로 80 (송정동),부산광역시 해운대구 송정동 444-7,129.1959129,35.17455111
사상구,엘모멘토 사상,숙박업(생활),영업,202410,,"부산광역시 사상구 새벽로223번길 20, 더스테이이안 3~25층, 302호 등 89객실 (괘법동)",부산광역시 사상구 괘법동 559-5,128.9830433,35.16144425
중구,빌리호텔,숙박업(생활),영업,202410,,"부산광역시 중구 흑교로87번길 11-5, 1~3층 (보수동2가)",부산광역시 중구 보수동2가 17-4,129.0220115,35.10625916
수영구,힐조인광안,숙박업(생활),영업,202410,,"부산광역시 수영구 민락수변로 9-1, 5층 (민락동)",부산광역시 수영구 민락동 181-137,129.124066,35.15492253
해운대구,솔리드 인 해운대,숙박업(생활),폐업,202410,202501,부산광역시 해운대구 구남로21번길 6 (중동),부산광역시 해운대구 중동 1381-5,129.1607989,35.16227696
수영구,오로라핑크,숙박업(생활),영업,202410,,"부산광역시 수영구 광안해변로255번길 16, 2층 (민락동)",부산광역시 수영구 민락동 175-13,129.1216759,35.1558129
중구,컴포트호텔,숙박업(생활),영업,202410,,"부산광역시 중구 구덕로 26, 3,4층 (남포동2가)",부산광역시 중구 남포동2가 32-2,129.0329006,35.09798146
중구,페블 스테이 남포,여관업,영업,202410,,"부산광역시 중구 자갈치로59번길 5-21, 2,3,4층 (남포동5가)",부산광역시 중구 남포동5가 70,129.0301968,35.09769863
수영구,샌드스테이,숙박업(생활),영업,202409,,"부산광역시 수영구 광안해변로279번길 29 (민락동, 유정)",부산광역시 수영구 민락동 181-45 유정,129.125326,35.15687733
해운대구,호텔위드,숙박업(생활),영업,202409,,"부산광역시 해운대구 해운대해변로298번길 29, 해운대푸르지오시티 B동 905호 (중동)",부산광역시 해운대구 중동 1123 해운대푸르지오시티,129.1668175,35.16109798
부산진구,선셋스테이 2호점,숙박업(생활),영업,202409,,"부산광역시 부산진구 부전로95번길 40, 10층 1001,1002호 (부전동)",부산광역시 부산진구 부전동 423-4,129.0528696,35.15881326
수영구,빌라드브릿지,숙박업(생활),영업,202409,,"부산광역시 수영구 광안해변로344번길 17-11, 나포리빌딩 6층 (민락동)",부산광역시 수영구 민락동 110-44 나포리빌딩,129.1313699,35.15526077
수영구,고요하우스,숙박업(생활),영업,202409,,"부산광역시 수영구 광안해변로 235, 10층 (민락동)",부산광역시 수영구 민락동 179-3,129.1197474,35.15475895
수영구,빌라오몬도,숙박업(생활),영업,202409,,"부산광역시 수영구 광안로 51, 3~5층 (광안동)",부산광역시 수영구 광안동 158-61,129.1179164,35.15518586
수영구,마이애미오렌지,숙박업(생활),영업,202409,,"부산광역시 수영구 광안해변로284번길 4, 3-4층 (민락동)",부산광역시 수영구 민락동 181-70,129.1247499,35.15572269
해운대구,디오브 해운대 호텔 엘본더스테이,숙박업(생활),영업,202408,,"부산광역시 해운대구 구남로21번길 6, 엘본더스테이 (중동)",부산광역시 해운대구 중동 1381-5,129.1607989,35.16227696
중구,루츠하우스,숙박업(생활),영업,202408,,"부산광역시 중구 중구로44번길 19-1, 2,3층 (신창동1가)",부산광역시 중구 신창동1가 32-3,129.0299767,35.10191655
수영구,바다산책 풀빌라,숙박업(생활),영업,202408,,"부산광역시 수영구 민락수변로 105, 바다산책프라자 9층 (민락동)",부산광역시 수영구 민락동 110-48 바다산책프라자 9층,129.1320741,35.15473437
동구,스마일하우스,숙박업(생활),영업,202408,,"부산광역시 동구 중앙대로226번길 3-7, 6층 (초량동)",부산광역시 동구 초량동 1198-6,129.0416066,35.11756017
기장군,더비치하우스,숙박업 기타,영업,202408,,부산광역시 기장군 장안읍 해맞이로 250-64,부산광역시 기장군 장안읍 월내리 554-23,129.2672905,35.32155778
수영구,두번째 모던,일반호텔,영업,202408,,"부산광역시 수영구 남천바다로33번길 35, 3, 9~16층 일부호 (광안동)",부산광역시 수영구 광안동 202-18,129.1148973,35.14996081
수영구,안녕광안,숙박업(생활),영업,202408,,"부산광역시 수영구 민락수변로 1, 민락타운 10층 (민락동)",부산광역시 수영구 민락동 181-84 민락타운 10층,129.1238221,35.15553713
해운대구,호텔송정블루캐슬,숙박업(생활),영업,202408,,"부산광역시 해운대구 송정중앙로36번길 70, 2층 (송정동)",부산광역시 해운대구 송정동 323-8,129.2011106,35.18102929
해운대구,어반스테이 해운대역,숙박업(생활),영업,202408,,"부산광역시 해운대구 해운대로 620, 해운대 라뮤에뜨 B03호 (우동)",부산광역시 해운대구 우동 539-10 해운대 라뮤에뜨,129.1584916,35.1629774
수영구,광안브리즈가든,숙박업(생활),영업,202408,,"부산광역시 수영구 남천바다로33번길 72, 2층 (광안동)",부산광역시 수영구 광안동 197-6 2층,129.1161712,35.15118976
연제구,(주)제이디하우스,숙박업(생활),폐업,202408,202412,"부산광역시 연제구 중앙대로 1116-8, 2~23층 일부호 (연산동)",부산광역시 연제구 연산동 726-12,129.0820397,35.18705876
서구,송도오션스테이 by 고:블리스,숙박업(생활),폐업,202407,202504,부산광역시 서구 등대로 9 (암남동),부산광역시 서구 암남동 123-27,129.0241601,35.07679652
수영구,더 퍼스트 광안,숙박업(생활),영업,202407,,"부산광역시 수영구 민락수변로 13, 5층 (민락동)",부산광역시 수영구 민락동 181-141,129.1241348,35.15472163
수영구,메종 별바다 광안,숙박업(생활),영업,202407,,"부산광역시 수영구 광안해변로 179, 6층 (광안동)",부산광역시 수영구 광안동 200-4,129.1157665,35.15059728
서구,엘모멘토 송도,숙박업(생활),영업,202407,,부산광역시 서구 등대로 9 (암남동),부산광역시 서구 암남동 123-27,129.0241601,35.07679652
해운대구,호텔 라뮤에뜨,숙박업(생활),영업,202407,,"부산광역시 해운대구 해운대로 620, 해운대 라뮤에뜨 (우동)",부산광역시 해운대구 우동 539-10 해운대 라뮤에뜨,129.1584916,35.1629774
서구,더퍼스트 오션 송도,숙박업(생활),영업,202407,,부산광역시 서구 등대로 9 (암남동),부산광역시 서구 암남동 123-27,129.0241601,35.07679652
서구,오션스카이 오실라,숙박업(생활),영업,202407,,부산광역시 서구 등대로 9 (암남동),부산광역시 서구 암남동 123-27,129.0241601,35.07679652
해운대구,라비앙즈 해운대에비뉴,숙박업(생활),영업,202407,,부산광역시 해운대구 구남로18번길 30 (우동),부산광역시 해운대구 우동 637-2,129.1583331,35.1616111
해운대구,트레블로지 스위트 부산 센텀 호텔,숙박업(생활),영업,202407,,부산광역시 해운대구 APEC로 21 (우동),부산광역시 해운대구 우동 1513,129.1329369,35.16607795
해운대구,뉴시즈 해운대 레지던스,숙박업(생활),영업,202407,,"부산광역시 해운대구 해운대로570번길 30, 빌리브 패러그라프 (우동)",부산광역시 해운대구 우동 645-6,129.1570696,35.15997783
기장군,비우담,숙박업(생활),영업,202407,,"부산광역시 기장군 장안읍 해맞이로 336, 비우담 전체동",부산광역시 기장군 장안읍 월내리 512-15,129.2744763,35.32462297
중구,디어문 하우스,숙박업(생활),영업,202407,,"부산광역시 중구 비프광장로 14-2, 2층 (남포동6가)",부산광역시 중구 남포동6가 95-1,129.0268946,35.0983661
중구,라비앙즈 더베이먼트 남포점,숙박업(생활),영업,202407,,부산광역시 중구 중구로5번길 14 (남포동6가),부산광역시 중구 남포동6가 99,129.0265334,35.09826326
수영구,지금광안리,숙박업(생활),영업,202407,,"부산광역시 수영구 민락수변로 105, 바다산책프라자 8층 (민락동)",부산광역시 수영구 민락동 110-48 바다산책프라자,129.1320741,35.15473437
동래구,부산스테이,숙박업(생활),영업,202406,,"부산광역시 동래구 명륜로 120-3, 2,3층 (명륜동)",부산광역시 동래구 명륜동 465-1,129.08276,35.20464105
해운대구,아리랑 아일랜드,일반호텔,영업,202406,,부산광역시 해운대구 구남로29번길 20-8 (중동),부산광역시 해운대구 중동 1382-23 파라디아 모텔,129.1620438,35.16209031
해운대구,르컬렉티브 해운대 패러그라프,숙박업(생활),영업,202406,,"부산광역시 해운대구 해운대로570번길 30, 빌리브패러그라프 (우동)",부산광역시 해운대구 우동 645-6,129.1570696,35.15997783
수영구,부산 게스트하우스 노마드인 부산,숙박업(생활),영업,202406,,"부산광역시 수영구 민락본동로11번길 21, 2층 (민락동)",부산광역시 수영구 민락동 140-5 2층,129.1273803,35.15759862
중구,코티스 더 브릿지,숙박업(생활),영업,202406,,부산광역시 중구 중구로5번길 14 (남포동6가),부산광역시 중구 남포동6가 99,129.0265334,35.09826326
부산진구,전포207stay,숙박업(생활),영업,202406,,"부산광역시 부산진구 서전로58번길 8, 4층 (전포동)",부산광역시 부산진구 전포동 207-10,129.0660057,35.15743046
해운대구,더펜트하우스4041,숙박업(생활),영업,202406,,"부산광역시 해운대구 해운대로 620, 해운대 라뮤에뜨 40~41층 (우동)",부산광역시 해운대구 우동 539-10 해운대 라뮤에뜨,129.1584916,35.1629774
기장군,하이바이풀빌라,숙박업(생활),영업,202406,,"부산광역시 기장군 장안읍 반룡로 276, 1~7동",부산광역시 기장군 장안읍 반룡리 43,129.2710953,35.33584294
수영구,스테이까사,숙박업(생활),영업,202406,,"부산광역시 수영구 민락수변로 5, 성진회센터 8층 (민락동)",부산광역시 수영구 민락동 181-204 성진회센터,129.1238997,35.15531677
수영구,광안희,숙박업(생활),영업,202405,,"부산광역시 수영구 민락수변로7번길 26, 3-4층 (민락동)",부산광역시 수영구 민락동 181-87 3층-4층,129.1251454,35.15537853
해운대구,영무파라드호텔1,숙박업(생활),영업,202405,,"부산광역시 해운대구 해운대해변로298번길 25, 영무 파라드 호텔 101호 (중동)",부산광역시 해운대구 중동 1124-8 영무 파라드 호텔,129.1665414,35.16094159
해운대구,더엘시티월드레지던스,숙박업(생활),폐업,202405,202511,"부산광역시 해운대구 달맞이길 30, 랜드마크동 2301호 (중동, 엘시티)",부산광역시 해운대구 중동 1829 엘시티,129.1687865,35.16055677
수영구,알리스테이,숙박업(생활),영업,202405,,"부산광역시 수영구 민락수변로 127-7, 4,5층 (민락동)",부산광역시 수영구 민락동 110-83,129.1339803,35.15544184
수영구,더(THE)누리다,숙박업(생활),영업,202405,,"부산광역시 수영구 광안해변로 292, 마린랜드 10층 (민락동)",부산광역시 수영구 민락동 181-97 마린랜드,129.125615,35.15603961
동구,호스텔 부산역하우스,숙박업(생활),영업,202405,,"부산광역시 동구 중앙대로179번길 27-6, 1~4층 (초량동, 하나빌리지)",부산광역시 동구 초량동 597-27 하나빌리지,129.0369887,35.11371393
영도구,벨리타,숙박업(생활),폐업,202405,202602,부산광역시 영도구 와치로 54 (청학동),부산광역시 영도구 청학동 475-18,129.060584,35.08806195
부산진구,트래블라이트,숙박업(생활),영업,202405,,"부산광역시 부산진구 서면로68번길 52, 7층 (부전동)",부산광역시 부산진구 부전동 242-13,129.0582366,35.15469401
중구,샾 엘레펀트(#elephant),숙박업(생활),영업,202405,,"부산광역시 중구 남포길 31, 5층 (남포동2가)",부산광역시 중구 남포동2가 12-3,129.0321352,35.09859454
수영구,브리타니 광안,숙박업(생활),영업,202405,,"부산광역시 수영구 광안해변로344번길 17-5, 마린리치 5층 (민락동)",부산광역시 수영구 민락동 110-42 마린리치 5층,129.1310297,35.15518199
해운대구,스테이 SD,숙박업(생활),영업,202405,,"부산광역시 해운대구 송정중앙로6번길 126, 3~5층 (송정동)",부산광역시 해운대구 송정동 313-12,129.1981329,35.17872709
동구,마란트4호텔,숙박업(생활),영업,202405,,"부산광역시 동구 중앙대로180번길 16-8, 2~6층, 지하1층~1층 일부 (초량동)","부산광역시 동구 초량동 1213-5 2~6층, 지하1층~1층 일부",129.0402301,35.11239901
동구,마란트2호텔,숙박업(생활),영업,202405,,"부산광역시 동구 중앙대로180번길 16-8, 12~15층, 지하1층~1층 일부 (초량동)","부산광역시 동구 초량동 1213-5 12~15층, 지하1층~1층 일부",129.0402301,35.11239901
동구,마란트3호텔,숙박업(생활),영업,202405,,"부산광역시 동구 중앙대로180번길 16-8, 16~20층, 지하1층~1층 일부 (초량동)","부산광역시 동구 초량동 1213-5 16~20층, 지하1층~1층 일부",129.0402301,35.11239901
부산진구,리조트인더시티,숙박업 기타,영업,202405,,"부산광역시 부산진구 중앙대로680번길 23, 4층 (부전동)",부산광역시 부산진구 부전동 198-3 4층 전체,129.0605632,35.15360174
수영구,스테이 너울,숙박업(생활),영업,202405,,"부산광역시 수영구 민락수변로17번길 9, 4층 (민락동)",부산광역시 수영구 민락동 181-176,129.1244888,35.15447483
해운대구,더플레이스34,숙박업(생활),영업,202404,,"부산광역시 해운대구 구남로21번길 6, 1306호 (중동)",부산광역시 해운대구 중동 1381-5,129.1607989,35.16227696
기장군,오데이즈 오시리아 레지던스,숙박업(생활),영업,202404,,"부산광역시 기장군 기장읍 동부산관광7로 17, 오시리아 스위첸 마티에 101~104동 33개호",부산광역시 기장군 기장읍 시랑리 736 오시리아 스위첸 마티에,129.2142575,35.18902891
해운대구,에이원위드해운대,숙박업(생활),영업,202404,,"부산광역시 해운대구 구남로21번길 6, 6층 공용부분 일부호 (중동)",부산광역시 해운대구 중동 1381-5,129.1607989,35.16227696
해운대구,호텔롯데 L7해운대,관광호텔,영업,202404,,부산광역시 해운대구 해운대로570번길 55 (우동),부산광역시 해운대구 우동 626-2,129.1601162,35.16033535
부산진구,플레이리움,숙박업 기타,영업,202403,,"부산광역시 부산진구 서전로10번길 33, 4층 (부전동)",부산광역시 부산진구 부전동 168-141 4층 전체,129.0599666,35.15639435
수영구,보다스테이 6호점(캠핑),숙박업(생활),영업,202403,,"부산광역시 수영구 민락로19번길 21, 4층 (민락동)",부산광역시 수영구 민락동 173-15,129.1215672,35.15633195
수영구,로하 풀빌라,숙박업(생활),영업,202403,,"부산광역시 수영구 민락수변로 105, 바다산책프라자 6층 (민락동)",부산광역시 수영구 민락동 110-48 바다산책프라자,129.1320741,35.15473437
수영구,스테이레이지모닝(Stay Lazy Morning),숙박업(생활),영업,202402,,"부산광역시 수영구 광안해변로 235, 6층 (민락동)",부산광역시 수영구 민락동 179-3,129.1197474,35.15475895
수영구,온유지스테이,숙박업(생활),영업,202402,,"부산광역시 수영구 광안해변로 235, 8~9층 (민락동)",부산광역시 수영구 민락동 179-3,129.1197474,35.15475895
해운대구,호텔 마리쏠,일반호텔,영업,202402,,"부산광역시 해운대구 구남로 37, 해운대르와지르호텔 (중동)",부산광역시 해운대구 중동 1392-166 해운대르와지르호텔,129.1613792,35.1610335
기장군,문베이,숙박업(생활),영업,202402,,부산광역시 기장군 일광읍 기장해안로 1322,부산광역시 기장군 일광읍 삼성리 115-46,129.2334149,35.26173254
해운대구,라비앙즈,숙박업(생활),영업,202402,,"부산광역시 해운대구 구남로21번길 6, 3204호 (중동)",부산광역시 해운대구 중동 1381-5,129.1607989,35.16227696
기장군,흘로 부산(Hlow Busan),숙박업(생활),영업,202402,,부산광역시 기장군 기장읍 대변3길 11,부산광역시 기장군 기장읍 대변리 266,129.2314009,35.22317272
수영구,루미나 더 광안,숙박업(생활),영업,202402,,"부산광역시 수영구 광남로142번길 9, 2층 (광안동)",부산광역시 수영구 광안동 191-14,129.1178391,35.15390357
중구,덕성민박,숙박업(생활),영업,202401,,"부산광역시 중구 동광길 71-1, 1~3층 (동광동5가)",부산광역시 중구 동광동5가 27-29,129.0348371,35.10596374
해운대구,센텀시티호텔,일반호텔,영업,202401,,"부산광역시 해운대구 센텀3로 20, 벡스코 비지니스호텔 (우동)",부산광역시 해운대구 우동 1505 벡스코 비지니스호텔,129.1329128,35.16780174
해운대구,해운대센텀호텔,숙박업(생활),영업,202401,,"부산광역시 해운대구 센텀3로 20, 벡스코 비지니스호텔 (우동)",부산광역시 해운대구 우동 1505 벡스코 비지니스호텔,129.1329128,35.16780174
강서구,헤르몬 호텔,관광호텔,영업,202401,,"부산광역시 강서구 과학산단2로10번길 23, 헤르몬호텔 지하1~7층 (지사동)",부산광역시 강서구 지사동 1197-4,128.8322564,35.15009748
수영구,부산 하루스위트광안리풀빌라 펜션,숙박업(생활),영업,202401,,"부산광역시 수영구 광안해변로344번길 17-22, 나경크리스탈 타워 10층 (민락동)",부산광역시 수영구 민락동 110-28 나경크리스탈 타워,129.1319768,35.15503573
해운대구,로미스테이,숙박업(생활),영업,202401,,"부산광역시 해운대구 해운대해변로298번길 29, 해운대푸르지오시티 1층 108호 (중동)",부산광역시 해운대구 중동 1123 해운대푸르지오시티,129.1668175,35.16109798
중구,호텔그라운드27,일반호텔,영업,202312,,"부산광역시 중구 광복로 91, 3~7층 (광복동1가)",부산광역시 중구 광복동1가 27,129.0348062,35.09875161
수영구,모이지게스트하우스(MoiJi Guest House),숙박업(생활),영업,202312,,"부산광역시 수영구 광안해변로294번길 26, 4~5층 (민락동)",부산광역시 수영구 민락동 181-125,129.1260101,35.15523585
동구,정이든 스테이,숙박업(생활),영업,202312,,"부산광역시 동구 범곡로28번길 7, 지하1층 (범일동)",부산광역시 동구 범일동 65,129.0556336,35.14065284
기장군,헤이든 풀빌라,숙박업(생활),영업,202312,,"부산광역시 기장군 일광읍 문오성길 22, 1,2,3층",부산광역시 기장군 일광읍 동백리 449,129.2566662,35.28256975
서구,어반스테이 부산송도해변,일반호텔,영업,202312,,부산광역시 서구 송도해변로 97 (암남동),부산광역시 서구 암남동 234,129.0176111,35.07715392
해운대구,호텔 이루아,일반호텔,영업,202312,,"부산광역시 해운대구 해운대해변로298번길 29, 해운대푸르지오시티 근생B동 117호 (중동)",부산광역시 해운대구 중동 1123 해운대푸르지오시티,129.1668175,35.16109798
기장군,카이브 기장일광점,숙박업(생활),영업,202311,,"부산광역시 기장군 일광읍 삼성3길 7, 3,4층",부산광역시 기장군 일광읍 삼성리 115-49,129.2335339,35.26229214
영도구,영도 엘스테이,숙박업(생활),영업,202311,,부산광역시 영도구 동삼오션로 58 (동삼동),부산광역시 영도구 동삼동 1180,129.0833054,35.06913555
부산진구,프롬에이치 레포잉호텔 부산서면,숙박업(생활),폐업,202311,202411,"부산광역시 부산진구 중앙대로 752, 서면역 트루엘 센트럴 3~20층 (부전동)",부산광역시 부산진구 부전동 129-1 서면역 트루엘 센트럴,129.0609097,35.15931608
해운대구,패밀리 하우스(Family house 710),숙박업(생활),영업,202311,,"부산광역시 해운대구 중동1로19번길 7, 3층 (중동)",부산광역시 해운대구 중동 1379-4,129.1621883,35.16358472
해운대구,더솔리드,숙박업(생활),영업,202311,,"부산광역시 해운대구 구남로21번길 6, 705호 (중동)",부산광역시 해운대구 중동 1381-5,129.1607989,35.16227696
수영구,해피앤러브,숙박업(생활),영업,202310,,"부산광역시 수영구 민락본동로11번길 66, 4~6층 (민락동)",부산광역시 수영구 민락동 35-4,129.1251065,35.15700129
해운대구,와이컬렉션 해운대비치,숙박업(생활),영업,202310,,"부산광역시 해운대구 해운대해변로298번길 25, 영무 파라드 호텔 104호 (중동)",부산광역시 해운대구 중동 1124-8 영무 파라드 호텔,129.1665414,35.16094159
해운대구,보다스테이 5호점(송정),숙박업(생활),영업,202310,,"부산광역시 해운대구 송정광어골로 29, 수정빌딩 4층 (송정동)",부산광역시 해운대구 송정동 313-10 수정빌딩,129.1979103,35.17847241
해운대구,빌라 드 버틀러,숙박업(생활),영업,202310,,부산광역시 해운대구 중동1로19번길 7 (중동),부산광역시 해운대구 중동 1379-4,129.1621883,35.16358472
중구,오실라 남포,숙박업(생활),폐업,202310,202412,부산광역시 중구 중구로5번길 14 (남포동6가),부산광역시 중구 남포동6가 99,129.0265334,35.09826326
수영구,이집풀빌라,숙박업(생활),영업,202310,,"부산광역시 수영구 민락수변로 125, 골든뷰 8층 (민락동)",부산광역시 수영구 민락동 110-87 골든뷰,129.1340572,35.15526712
수영구,그레이193호텔,숙박업(생활),영업,202309,,"부산광역시 수영구 광안해변로278번길 42, 오션브릿지 B동 4층 (민락동)",부산광역시 수영구 민락동 181-154 오션브릿지,129.12452,35.15396447
해운대구,센텀비즈니스호텔,일반호텔,영업,202309,,"부산광역시 해운대구 센텀1로 17, 센텀프리미어호텔 (우동)",부산광역시 해운대구 우동 1521 센텀프리미어호텔,129.1315947,35.16693706
수영구,까사밀락(Casa millac),숙박업(생활),영업,202309,,"부산광역시 수영구 민락본동로11번길 5, 3~4층 (민락동)",부산광역시 수영구 민락동 130-2,129.1282589,35.1578672
서구,이터널블루(Eternal Blue),숙박업(생활),영업,202309,,"부산광역시 서구 송도해변로 27, 4층 (암남동)",부산광역시 서구 암남동 615-4,129.0171649,35.07160928
해운대구,보나투게더,숙박업(생활),영업,202309,,"부산광역시 해운대구 구남로21번길 6, 1911호 (중동)",부산광역시 해운대구 중동 1381-5,129.1607989,35.16227696
해운대구,더블유레지던스호텔해운대,숙박업(생활),영업,202309,,"부산광역시 해운대구 해운대로 620, 해운대 라뮤에뜨 (우동)",부산광역시 해운대구 우동 539-10 해운대 라뮤에뜨,129.1584916,35.1629774
기장군,뉴시즈 오시리아 레지던스,숙박업(생활),영업,202309,,"부산광역시 기장군 기장읍 동부산관광7로 17, 오시리아 스위첸 마티에 101~104동 86개호",부산광역시 기장군 기장읍 시랑리 736 오시리아 스위첸 마티에,129.2142575,35.18902891
부산진구,젬스테이,숙박업(생활),영업,202309,,"부산광역시 부산진구 중앙대로 752, 서면역 트루엘 센트럴 2~20층 일부호 (부전동)",부산광역시 부산진구 부전동 129-1 서면역 트루엘 센트럴,129.0609097,35.15931608
동구,오소소(OSOSO) 부산역,일반호텔,영업,202309,,"부산광역시 동구 부산진성공원로 9-1, 금환타워 6~9층 (범일동)",부산광역시 동구 범일동 606,129.0606597,35.13748451
중구,래디언트 남포,숙박업(생활),영업,202309,,부산광역시 중구 중구로5번길 14 (남포동6가),부산광역시 중구 남포동6가 99,129.0265334,35.09826326
해운대구,스텔라,관광호텔,영업,202309,,"부산광역시 해운대구 송정광어골로 64, 스텔라빌딩 3,4층 (송정동)",부산광역시 해운대구 송정동 441-9 스텔라빌딩,129.1958971,35.17583833
해운대구,더쿨리스트호텔,관광호텔,영업,202309,,부산광역시 해운대구 송정광어골로 11 (송정동),부산광역시 해운대구 송정동 312-1,129.1987455,35.17988377
기장군,아크로오시리아,숙박업(생활),폐업,202309,202309,"부산광역시 기장군 기장읍 동부산관광7로 17, 오시리아 스위첸 마티에 101~104동 2~26층 30개호",부산광역시 기장군 기장읍 시랑리 736 오시리아 스위첸 마티에,129.2142575,35.18902891
해운대구,센텀프리미어호텔,일반호텔,영업,202308,,"부산광역시 해운대구 센텀1로 17, 센텀프리미어호텔 (우동)",부산광역시 해운대구 우동 1521 센텀프리미어호텔,129.1315947,35.16693706
수영구,보다스테이 1호점,숙박업(생활),영업,202308,,"부산광역시 수영구 민락수변로 125, 골든뷰 10층 (민락동)",부산광역시 수영구 민락동 110-87 골든뷰,129.1340572,35.15526712
수영구,감성온도광안,숙박업(생활),영업,202308,,"부산광역시 수영구 광안해변로344번길 17-5, 마린리치 7층 (민락동)",부산광역시 수영구 민락동 110-42 마린리치,129.1310297,35.15518199
중구,코티스 앰버서더 그라운드,숙박업(생활),영업,202308,,부산광역시 중구 중구로5번길 14 (남포동6가),부산광역시 중구 남포동6가 99,129.0265334,35.09826326
기장군,이제 부산,관광호텔,영업,202308,,"부산광역시 기장군 기장읍 연화길 70, 1~8층",부산광역시 기장군 기장읍 연화리 111-1,129.2267455,35.21977642
강서구,에어스카이 관광호텔,관광호텔,영업,202308,,"부산광역시 강서구 유통단지1로57번길 2, 에어스카이 관광호텔 (대저2동)",부산광역시 강서구 대저2동 3148-9 에어스카이 관광호텔,128.9542679,35.16675176
수영구,머물다가 광안 수변공원점,숙박업(생활),영업,202308,,"부산광역시 수영구 민락수변로 105, 바다산책프라자 5층 (민락동)",부산광역시 수영구 민락동 110-48 바다산책프라자,129.1320741,35.15473437
서구,윈덤그랜드부산,관광호텔,영업,202307,,"부산광역시 서구 등대로 27, 힐스테이트이진베이시티아파트 호텔동 7~27층 (암남동)",부산광역시 서구 암남동 123-15,129.0235974,35.07812717
수영구,STAY고우담광안점,숙박업(생활),영업,202307,,"부산광역시 수영구 남천바다로 13, 2층 (광안동)",부산광역시 수영구 광안동 188-4,129.1123068,35.14981179
기장군,빌라쥬드 아난티 빌라동,휴양콘도미니엄업,영업,202307,,"부산광역시 기장군 기장읍 기장해안로 267-17, 스프링하우스맨션, 풀하우스맨션, 매너하우스 1-3층",부산광역시 기장군 기장읍 시랑리 732,129.2200127,35.20210076
기장군,빌라쥬드 아난티 클리퍼,휴양콘도미니엄업,영업,202307,,"부산광역시 기장군 기장읍 기장해안로 267-7, A,B,C,D동 지하1-지상12층",부산광역시 기장군 기장읍 시랑리 733,129.2217984,35.19875968
기장군,아난티 앳 부산 빌라쥬,관광호텔,영업,202307,,"부산광역시 기장군 기장읍 기장해안로 267-17, 아난티 앳 부산 1-12층",부산광역시 기장군 기장읍 시랑리 732,129.2200127,35.20210076
수영구,보다스테이,숙박업(생활),영업,202307,,"부산광역시 수영구 민락로13번길 21, 금샘빌딩 3,4층 (민락동)",부산광역시 수영구 민락동 175-19 금샘빌딩,129.1215861,35.1561703
해운대구,보다스테이 해운대,숙박업(생활),영업,202306,,"부산광역시 해운대구 해운대해변로209번가길 11, 9층 (우동)",부산광역시 해운대구 우동 647-7,129.1551752,35.15983113
해운대구,프로모텔(PRO모텔),숙박업 기타,영업,202306,,부산광역시 해운대구 중동1로 44-2 (중동),부산광역시 해운대구 중동 1394-350,129.1633443,35.16165089
수영구,언플랜드88,숙박업(생활),영업,202306,,"부산광역시 수영구 남천바다로33번길 47, 마린빌딩 7,8층 (광안동)",부산광역시 수영구 광안동 199-6 마린빌딩,129.115311,35.1504937
수영구,광안어썸,숙박업(생활),영업,202306,,"부산광역시 수영구 광안해변로 249, 249타워 6층 (민락동)",부산광역시 수영구 민락동 178-13 249타워,129.1211643,35.15515991
해운대구,센텀컨벤션호텔,일반호텔,영업,202306,,"부산광역시 해운대구 센텀3로 20, 벡스코 비지니스호텔 (우동)",부산광역시 해운대구 우동 1505 벡스코 비지니스호텔,129.1329128,35.16780174
수영구,스테이웨이인,숙박업(생활),영업,202306,,"부산광역시 수영구 민락수변로 125, 골든뷰 7층 (민락동)",부산광역시 수영구 민락동 110-87 골든뷰,129.1340572,35.15526712
해운대구,stov(스토브),숙박업(생활),영업,202306,,"부산광역시 해운대구 송정중앙로6번길 76, 1층 (송정동)",부산광역시 해운대구 송정동 159-16,129.1994878,35.18069948
부산진구,(주)웰리빙 아카이브 범천,숙박업(생활),영업,202306,,"부산광역시 부산진구 자유평화로 15, 4~20층 일부호 (범천동)",부산광역시 부산진구 범천동 839-412,129.0615264,35.14160104
해운대구,스테이온 풀빌라,숙박업 기타,영업,202306,,"부산광역시 해운대구 달맞이길62번길 53, 보림마리나센타 6층 (중동)",부산광역시 해운대구 중동 1010 보림마리나센타,129.1729135,35.15759021
영도구,경호펜션,여관업,영업,202305,,"부산광역시 영도구 절영로36번길 2, 3층 (대교동1가)",부산광역시 영도구 대교동1가 112,129.0390853,35.09148483
수영구,와바모텔,일반호텔,영업,202305,,"부산광역시 수영구 무학로9번길 89, 1~5층 (광안동)",부산광역시 수영구 광안동 89-7,129.1155192,35.16574449
수영구,투유모텔,일반호텔,영업,202305,,"부산광역시 수영구 무학로9번길 85, 1~5층 (광안동)",부산광역시 수영구 광안동 89-27,129.1154969,35.16563904
수영구,효이스테이 더 광안,숙박업(생활),영업,202305,,"부산광역시 수영구 광남로94번길 16, 광안 오션뷰 더테라스 3~20층 303호 등 39객실호 (광안동)",부산광역시 수영구 광안동 201-1 광안 오션뷰 더테라스,129.1153061,35.1499905
부산진구,유림장여관,여관업,영업,202305,,"부산광역시 부산진구 서면문화로 49-3, 1-3층 (부전동)",부산광역시 부산진구 부전동 405-16,129.0550568,35.16126089
동구,브라운스위트부산,숙박업(생활),영업,202305,,"부산광역시 동구 충장대로 160, 협성마리나G7 A,B동 일부호 (초량동)",부산광역시 동구 초량동 1185-64 협성마리나G7,129.0439542,35.11493537
수영구,안온맨션 광안,숙박업(생활),영업,202304,,"부산광역시 수영구 광안로 67, 4층 (민락동)",부산광역시 수영구 민락동 179-13,129.1194908,35.15455899
기장군,에이치에비뉴 기장일광점,관광호텔,영업,202304,,"부산광역시 기장군 일광읍 해송4로 3, 지하1층~지상15층층",부산광역시 기장군 일광읍 삼성리 890-6,129.2308853,35.26566735
수영구,광안리해담,숙박업(생활),영업,202304,,"부산광역시 수영구 광안해변로344번길 17-5, 마린리치 9층 901호 (민락동)",부산광역시 수영구 민락동 110-42 마린리치,129.1310297,35.15518199
부산진구,카라트호텔,관광호텔,영업,202304,,"부산광역시 부산진구 성지로153번길 8, 지하1~8층 (초읍동)",부산광역시 부산진구 초읍동 291-10,129.0476892,35.18143254
수영구,아라가온,숙박업(생활),영업,202304,,"부산광역시 수영구 광안해변로 193, 6층 (광안동)",부산광역시 수영구 광안동 197-18,129.1167386,35.15166435
사상구,연화장,여관업,영업,202304,,"부산광역시 사상구 사상로224번길 1-6, 1,2,3층 (괘법동)",부산광역시 사상구 괘법동 271-14,128.9835578,35.16536029
기장군,오실라,숙박업(생활),영업,202304,,"부산광역시 기장군 기장읍 동부산관광7로 17, 오시리아 스위첸 마티에 101~104동 53개호",부산광역시 기장군 기장읍 시랑리 736 오시리아 스위첸 마티에,129.2142575,35.18902891
수영구,"여기,광안(Here, Gwangan)",숙박업(생활),영업,202304,,"부산광역시 수영구 광안로61번길 12, 2층 (민락동)",부산광역시 수영구 민락동 179-5,129.11947,35.15472572
동구,부킹더베이,숙박업(생활),영업,202303,,"부산광역시 동구 충장대로 160, 협성마리나G7 A, B동 일부호 (초량동)",부산광역시 동구 초량동 1185-64 협성마리나G7,129.0439542,35.11493537
해운대구,솔스테이 풀빌라&료칸,일반호텔,영업,202303,,부산광역시 해운대구 송정중앙로6번길 66 (송정동),부산광역시 해운대구 송정동 158-9,129.1997592,35.18111674
해운대구,동백호텔(해운대점),일반호텔,영업,202303,,"부산광역시 해운대구 구남로8번길 17, 지엠타워 3~7층 (우동)",부산광역시 해운대구 우동 540-8 지엠타워,129.1584102,35.16245754
해운대구,소유 by 해운대,숙박업(생활),폐업,202303,202502,"부산광역시 해운대구 구남로21번길 6, 엘본더스테이 (중동)",부산광역시 해운대구 중동 1381-5,129.1607989,35.16227696
해운대구,반월풀빌라,숙박업 기타,영업,202303,,부산광역시 해운대구 달맞이길62번길 67 (중동),부산광역시 해운대구 중동 996-6,129.1738189,35.15687103
해운대구,엘모멘토 해운대,숙박업(생활),영업,202303,,"부산광역시 해운대구 구남로21번길 6, 엘본더스테이 (중동)",부산광역시 해운대구 중동 1381-5,129.1607989,35.16227696
해운대구,해운대 Lamer Stay,숙박업(생활),영업,202303,,"부산광역시 해운대구 구남로21번길 6, 엘본더스테이 (중동)",부산광역시 해운대구 중동 1381-5,129.1607989,35.16227696
남구,호텔 위드,숙박업 기타,영업,202303,,부산광역시 남구 유엔평화로4번길 12 (대연동),부산광역시 남구 대연동 1746-16 모텔한스빌,129.0911586,35.13464558
해운대구,더퍼스트 오션 송정,숙박업(생활),영업,202303,,"부산광역시 해운대구 송정중앙로36번길 48, 15층 (송정동)",부산광역시 해운대구 송정동 329-2,129.2019527,35.18132784
해운대구,더퍼스트 오션 송정,일반호텔,영업,202303,,"부산광역시 해운대구 송정중앙로36번길 48, 15층 (송정동)",부산광역시 해운대구 송정동 329-2,129.2019527,35.18132784
중구,(주)커넥트호텔부산,일반호텔,영업,202303,,부산광역시 중구 대교로 115-1 (중앙동6가),부산광역시 중구 중앙동6가 3-2,129.0373852,35.1004423
기장군,메르벨르B,숙박업(생활),영업,202302,,"부산광역시 기장군 일광읍 장곡길 83-12, 1,2,3,4층",부산광역시 기장군 일광읍 문중리 180-28,129.2488961,35.30400908
기장군,메르벨르A,숙박업(생활),영업,202302,,"부산광역시 기장군 일광읍 장곡길 83-10, B1,1,2,3,4층",부산광역시 기장군 일광읍 문중리 180-34,129.2490638,35.30413255
사상구,은성,일반호텔,영업,202302,,"부산광역시 사상구 사상로 17, 1~3층 (주례동)",부산광역시 사상구 주례동 693-19,128.9980751,35.15099812
해운대구,호텔위드,숙박업(생활),폐업,202302,202409,"부산광역시 해운대구 해운대해변로298번길 29, 해운대푸르지오시티 B동 905호 (중동)",부산광역시 해운대구 중동 1123 해운대푸르지오시티,129.1668175,35.16109798
해운대구,코티스 앰버서더,숙박업(생활),영업,202302,,"부산광역시 해운대구 구남로21번길 6, 엘본더스테이 (중동)",부산광역시 해운대구 중동 1381-5,129.1607989,35.16227696
해운대구,이루아 호텔,숙박업 기타,폐업,202302,202312,"부산광역시 해운대구 해운대해변로298번길 29, 해운대푸르지오시티 (중동)",부산광역시 해운대구 중동 1123 해운대푸르지오시티,129.1668175,35.16109798
수영구,지상낙원,숙박업(생활),영업,202302,,"부산광역시 수영구 광안로 67, 6층 (민락동)",부산광역시 수영구 민락동 179-13,129.1194908,35.15455899
해운대구,벡스코 센텀호텔,일반호텔,영업,202302,,"부산광역시 해운대구 센텀3로 20, 벡스코 비지니스호텔 (우동)",부산광역시 해운대구 우동 1505 벡스코 비지니스호텔,129.1329128,35.16780174
해운대구,호텔 해운대엘리시아,일반호텔,영업,202301,,"부산광역시 해운대구 구남로 49, 엘리시아 5,9,13층 (중동)",부산광역시 해운대구 중동 1392-26 엘리시아,129.1621772,35.1601635
부산진구,서면역센트럴호텔,숙박업(생활),폐업,202301,202408,"부산광역시 부산진구 중앙대로 752, 서면역 트루엘 센트럴 6-20층 일부호 (부전동)",부산광역시 부산진구 부전동 129-1 서면역 트루엘 센트럴,129.0609097,35.15931608
수영구,부산 광안리 키즈 풀빌라 펜션 더광안,숙박업(생활),영업,202301,,"부산광역시 수영구 민락수변로 13, 7층 (민락동)",부산광역시 수영구 민락동 181-141,129.1241348,35.15472163
수영구,부산 광안 능놀스테이 풀빌라 펜션,숙박업(생활),영업,202301,,"부산광역시 수영구 민락수변로 13, 3,6층 (민락동)",부산광역시 수영구 민락동 181-141,129.1241348,35.15472163
해운대구,THE 카이브,숙박업(생활),영업,202301,,"부산광역시 해운대구 송정광어골로 55, 하얀집 (송정동)",부산광역시 해운대구 송정동 437-3 하얀집,129.1964181,35.1763967
기장군,씨앤트리,숙박업(생활),영업,202301,,"부산광역시 기장군 일광읍 일광로 808, 3,4층 201,301,302호",부산광역시 기장군 일광읍 문동리 4,129.2614454,35.31283966
해운대구,송정맨션 풀빌라 부산송정1호점,숙박업(생활),영업,202301,,"부산광역시 해운대구 송정구덕포길 150-3, 1~4층 (송정동)",부산광역시 해운대구 송정동 836,129.1971566,35.16900637
해운대구,미니먼트,숙박업(생활),영업,202301,,부산광역시 해운대구 송정중앙로9번길 78-2 (송정동),부산광역시 해운대구 송정동 182-20,129.2041006,35.186547
해운대구,씨엘드메르,숙박업(생활),폐업,202212,202509,"부산광역시 해운대구 해운대해변로298번길 29, 해운대푸르지오시티 (중동)",부산광역시 해운대구 중동 1123 해운대푸르지오시티,129.1668175,35.16109798
부산진구,STAY 고우담,숙박업 기타,영업,202212,,"부산광역시 부산진구 전포대로223번길 10, 3~5층 (전포동)",부산광역시 부산진구 전포동 671-12,129.0646107,35.15659779
해운대구,루메드 풀빌라,숙박업(생활),영업,202212,,"부산광역시 해운대구 송정중앙로 47, 송정 오베이로 풀빌라 (송정동)",부산광역시 해운대구 송정동 281-1,129.2055699,35.18176804
해운대구,라임스위트,숙박업(생활),영업,202212,,"부산광역시 해운대구 중동1로19번길 5, 3, 4층 (중동)",부산광역시 해운대구 중동 1379-9,129.1620607,35.16355266
중구,풀빌라 가온,숙박업(생활),영업,202212,,"부산광역시 중구 구덕로 26, 5,6,7층 (남포동2가)","부산광역시 중구 남포동2가 32-2 5,6,7층",129.0329006,35.09798146
해운대구,에피큐리언 레지던스,숙박업 기타,영업,202212,,"부산광역시 해운대구 해운대로570번길 29-1, 오피스텔리오 9, 10층 (우동)",부산광역시 해운대구 우동 644-9 오피스텔리오,129.1573795,35.16050459
부산진구,선셋스테이,숙박업(생활),영업,202212,,부산광역시 부산진구 부전로95번길 42 (부전동),부산광역시 부산진구 부전동 423-7,129.0528352,35.15895443
기장군,와이컬렉션 by UH FLAT 오시리아,숙박업(생활),영업,202212,,"부산광역시 기장군 기장읍 동부산관광7로 17, 오시리아 스위첸 마티에 101~104동 99개호",부산광역시 기장군 기장읍 시랑리 736 오시리아 스위첸 마티에,129.2142575,35.18902891
동구,스테이G7,숙박업(생활),폐업,202212,202506,"부산광역시 동구 충장대로 160, 협성마리나G7 A,B동 일부호 (초량동)",부산광역시 동구 초량동 1185-64 협성마리나G7,129.0439542,35.11493537
중구,어반스테이 부티크 남포BIFF,숙박업(생활),영업,202211,,부산광역시 중구 구덕로 52-1 (남포동5가),부산광역시 중구 남포동5가 5-1,129.0299975,35.09844737
연제구,어반스테이더시티연산 코지하우스,숙박업(생활),영업,202211,,"부산광역시 연제구 중앙대로 1116-8, 2,4~10,12,13,15,20~23층 일부호 (연산동)","부산광역시 연제구 연산동 726-12 2,4~10,12,13,15,20~23층 일부호",129.0820397,35.18705876
수영구,제피르 광안리오션뷰풀빌라,숙박업(생활),영업,202211,,"부산광역시 수영구 광안해변로 249, 249타워 8층 (민락동)",부산광역시 수영구 민락동 178-13 249타워,129.1211643,35.15515991
해운대구,송정스카이 펜트하우스,숙박업(생활),영업,202210,,"부산광역시 해운대구 송정광어골로 19, 씨엔씨빌딩 8층 (송정동)",부산광역시 해운대구 송정동 312-10 씨엔씨빌딩,129.198392,35.17935072
해운대구,EL호텔,일반호텔,영업,202210,,"부산광역시 해운대구 중동1로 46, 해운대온천 (중동)",부산광역시 해운대구 중동 1394-352 해운대온천,129.1634013,35.16149222
해운대구,물고기미포펜션,숙박업(생활),영업,202210,,부산광역시 해운대구 달맞이길62번가길 43 (중동),부산광역시 해운대구 중동 1021-3,129.1722209,35.15828523
강서구,스카이호텔,일반호텔,영업,202210,,부산광역시 강서구 신호일로217번길 15 (신호동),부산광역시 강서구 신호동 213-3,128.880706,35.08660813
해운대구,오션마켓스테이(Ocean Market Stay),숙박업(생활),영업,202210,,부산광역시 해운대구 구남로41번길 17 (중동),부산광역시 해운대구 중동 1393-88,129.1619607,35.1613339
중구,커넥트오션,일반호텔,영업,202210,,부산광역시 중구 대교로 115-1 (중앙동6가),부산광역시 중구 중앙동6가 3-2,129.0373852,35.1004423
기장군,머무름N오시리아,숙박업(생활),폐업,202209,202402,"부산광역시 기장군 기장읍 동부산관광7로 17, 오시리아 스위첸 마티에 1~4동 2~26층 36호",부산광역시 기장군 기장읍 시랑리 736 오시리아 스위첸 마티에,129.2142575,35.18902891
수영구,빌라 드 버틀러 광안,숙박업(생활),영업,202209,,"부산광역시 수영구 민락수변로17번길 35, 7층 (민락동)",부산광역시 수영구 민락동 181-130,129.1258929,35.15482842
해운대구,퍼스트호텔,관광호텔,폐업,202209,202408,"부산광역시 해운대구 달맞이길62번길 38, 삼환미포씨랜드 4층 (중동)",부산광역시 해운대구 중동 957-2 삼환미포씨랜드,129.1711885,35.15849067
북구,티티호텔 구포,관광호텔,영업,202209,,부산광역시 북구 낙동대로 1684 (구포동),부산광역시 북구 구포동 1060-262,128.9958398,35.20499413
수영구,안리감성 스테이,숙박업(생활),영업,202209,,"부산광역시 수영구 민락수변로 13-1, 정원비치 7층 (민락동)",부산광역시 수영구 민락동 181-143 정원비치,129.1241683,35.15462201
동구,골드스톤호텔,관광호텔,영업,202209,,부산광역시 동구 중앙대로179번길 9 (초량동),부산광역시 동구 초량동 611,129.0380176,35.11352864
해운대구,아라뷰스테이,숙박업(생활),영업,202208,,"부산광역시 해운대구 송정광어골로 47, 3층 (송정동)",부산광역시 해운대구 송정동 437-1,129.1969086,35.17701206
해운대구,고홍집,숙박업(생활),영업,202208,,부산광역시 해운대구 송정구덕포길 174 (송정동),부산광역시 해운대구 송정동 855,129.1969377,35.16808077
금정구,디웰 호텔,일반호텔,영업,202207,,"부산광역시 금정구 중앙대로1929번길 8-16, 그랜드모텔 (구서동)",부산광역시 금정구 구서동 175-17 그랜드모텔,129.0908691,35.25724794
수영구,커들스테이,숙박업(생활),영업,202207,,"부산광역시 수영구 광안해변로 364-9, 3,4층 (민락동)",부산광역시 수영구 민락동 110-70,129.1327269,35.15553944
수영구,머무르다-고즈넋,숙박업(생활),영업,202207,,"부산광역시 수영구 광안해변로 193, 3층 (광안동)",부산광역시 수영구 광안동 197-18,129.1167386,35.15166435
해운대구,명월가,일반호텔,영업,202207,,"부산광역시 해운대구 중동1로 4, 동춘빌딩 5층 (우동)",부산광역시 해운대구 우동 602-3 동춘빌딩,129.1602633,35.16401557
해운대구,센텀스위트호텔,일반호텔,영업,202207,,"부산광역시 해운대구 센텀1로 17, 센텀프리미어호텔 203호 (우동)",부산광역시 해운대구 우동 1521 센텀프리미어호텔,129.1315947,35.16693706
기장군,하운드호텔 정관,일반호텔,영업,202207,,부산광역시 기장군 정관읍 산단1로 98-11,부산광역시 기장군 정관읍 달산리 1049-2,129.180634,35.3162276
기장군,더클럽호텔(기장연화리점),관광호텔,영업,202207,,"부산광역시 기장군 기장읍 연화길 78, 지하1층~지상11층",부산광역시 기장군 기장읍 대변리 279,129.2270628,35.22055911
부산진구,탭아파트먼트,숙박업 기타,영업,202206,,"부산광역시 부산진구 새싹로14번길 5-9, 1~3층 (부전동)",부산광역시 부산진구 부전동 396-9,129.0579491,35.15965719
기장군,스테이오,숙박업(생활),폐업,202206,202411,"부산광역시 기장군 기장읍 동부산관광7로 17, 오시리아 스위첸 마티에 1-4동 2-26층 34호",부산광역시 기장군 기장읍 시랑리 736 오시리아 스위첸 마티에,129.2142575,35.18902891
영도구,시프트도어 하리 레지던스,숙박업(생활),영업,202206,,부산광역시 영도구 동삼오션로 58 (동삼동),부산광역시 영도구 동삼동 1175,129.0833054,35.06913555
영도구,시타딘커넥트호텔 하리 부산,일반호텔,영업,202206,,부산광역시 영도구 동삼오션로 58 (동삼동),부산광역시 영도구 동삼동 1175,129.0833054,35.06913555
중구,안녕스테이 부산남포점,일반호텔,영업,202206,,"부산광역시 중구 광복로6번길 9, 2,3층 (부평동2가)","부산광역시 중구 부평동2가 37-6 2,3층",129.0257965,35.09874933
기장군,마티에 오시리아,숙박업(생활),영업,202206,,"부산광역시 기장군 기장읍 동부산관광7로 17, 오시리아 스위첸 마티에 105동 1-24층 200호",부산광역시 기장군 기장읍 시랑리 736 오시리아 스위첸 마티에,129.2142575,35.18902891
기장군,오시리아 위더스오션,숙박업(생활),폐업,202205,202310,"부산광역시 기장군 기장읍 동부산관광7로 17, 오시리아 스위첸 마티에 101~104동 3~26층 29개호",부산광역시 기장군 기장읍 시랑리 736 오시리아 스위첸 마티에,129.2142575,35.18902891
해운대구,센텀빅토리아호텔,일반호텔,영업,202205,,"부산광역시 해운대구 센텀3로 20, 벡스코 비지니스호텔 1603호 (우동)",부산광역시 해운대구 우동 1505 벡스코 비지니스호텔,129.1329128,35.16780174
영도구,디자이너스 스테이 부산,일반호텔,영업,202205,,부산광역시 영도구 남항서로 115 (남항동1가),부산광역시 영도구 남항동1가 13-2,129.0368677,35.09069999
기장군,르컬렉티브 부산기장,숙박업(생활),영업,202205,,"부산광역시 기장군 기장읍 동부산관광7로 17, 오시리아 스위첸 마티에 101~104동 61개호",부산광역시 기장군 기장읍 시랑리 736 오시리아 스위첸 마티에,129.2142575,35.18902891
연제구,어반스테이 부산시청,숙박업(생활),영업,202205,,"부산광역시 연제구 중앙대로 1116-8, 4층~23층 일부호 (연산동)",부산광역시 연제구 연산동 726-12,129.0820397,35.18705876
해운대구,스테이모어 빌리지,숙박업(생활),영업,202205,,부산광역시 해운대구 송정광어골로 90 (송정동),부산광역시 해운대구 송정동 445-4,129.1962975,35.17355637
기장군,엘모멘토 오시리아,숙박업(생활),영업,202205,,"부산광역시 기장군 기장읍 동부산관광7로 17, 오시리아 스위첸 마티에 101~104동 51개호",부산광역시 기장군 기장읍 시랑리 736 오시리아 스위첸 마티에,129.2142575,35.18902891
해운대구,온더비치,숙박업(생활),영업,202204,,"부산광역시 해운대구 해운대해변로298번길 29, 해운대푸르지오시티 A동 2203호 (중동)",부산광역시 해운대구 중동 1123 해운대푸르지오시티,129.1668175,35.16109798
해운대구,주식회사 인천그레이스호텔,일반호텔,영업,202204,,부산광역시 해운대구 해운대해변로221번길 22 (우동),부산광역시 해운대구 우동 645-8,129.1565575,35.16030806
강서구,더웨스턴부산,관광호텔,영업,202204,,부산광역시 강서구 화전산단4로25번길 53 (화전동),부산광역시 강서구 화전동 555-19,128.882493,35.11163267
해운대구,바이브,숙박업(생활),영업,202204,,"부산광역시 해운대구 송정광어골로 71, 4~6층 (송정동)",부산광역시 해운대구 송정동 443-2,129.1965313,35.17513984
부산진구,서면 휴안,숙박업(생활),영업,202204,,"부산광역시 부산진구 서면문화로 23, MJ빌딩 13층 (부전동)",부산광역시 부산진구 부전동 474-2 MJ빌딩,129.0561259,35.15927689
해운대구,월하정인,숙박업(생활),영업,202204,,부산광역시 해운대구 송정중앙로15번길 6 (송정동),부산광역시 해운대구 송정동 199-12,129.2026892,35.18342225
해운대구,온더비치,일반호텔,영업,202204,,"부산광역시 해운대구 해운대해변로298번길 29, 해운대푸르지오시티 A동 2203호 (중동)",부산광역시 해운대구 중동 1123 해운대푸르지오시티,129.1668175,35.16109798
기장군,베스트루이스해밀턴호텔 오션테라스,관광호텔,영업,202203,,부산광역시 기장군 기장읍 연화1길 27,부산광역시 기장군 기장읍 연화리 376-4,129.2223376,35.21381767
해운대구,오이,숙박업(생활),영업,202203,,"부산광역시 해운대구 중동1로 34, 3층 (중동)",부산광역시 해운대구 중동 1394-160 중동근생,129.1628594,35.16244771
해운대구,W레지던스호텔,일반호텔,영업,202203,,부산광역시 해운대구 센텀3로 20 (우동),부산광역시 해운대구 우동 1505 벡스코 비지니스호텔,129.1329128,35.16780174
해운대구,PLAGE(플라쥬),숙박업(생활),영업,202203,,"부산광역시 해운대구 송정중앙로9번길 24-9, 2층 (송정동)",부산광역시 해운대구 송정동 191-16,129.2030354,35.18432279
부산진구,호텔 하이든(HOTEL HAYDN),일반호텔,영업,202203,,"부산광역시 부산진구 서면문화로 23, MJ빌딩 7~12층 (부전동)",부산광역시 부산진구 부전동 474-2 MJ빌딩,129.0561259,35.15927689
동구,시티호텔,관광호텔,영업,202203,,"부산광역시 동구 중앙대로 294, 시티호텔 지하1층~지상15층 (초량동)",부산광역시 동구 초량동 1163-2 시티호텔,129.0441959,35.1227526
수영구,스튜디오202스테이,숙박업(생활),영업,202203,,"부산광역시 수영구 남천바다로33번길 35, 601~605호 (광안동)",부산광역시 수영구 광안동 202-18,129.1148973,35.14996081
해운대구,센텀프리머스호텔,일반호텔,폐업,202203,202502,"부산광역시 해운대구 센텀1로 17, 센텀프리미어호텔 (우동)",부산광역시 해운대구 우동 1521 센텀프리미어호텔,129.1315947,35.16693706
중구,아몬드호텔(남포동),일반호텔,영업,202203,,"부산광역시 중구 자갈치해안로 57-2, 3,4,5층 (남포동4가)",부산광역시 중구 남포동4가 30-4,129.0314601,35.09716489
중구,아몬드호텔(남포동),일반호텔,영업,202203,,"부산광역시 중구 자갈치해안로 57-1, 3,4,5층 (남포동4가)",부산광역시 중구 남포동4가 30-3,129.031368,35.09715798
중구,아몬드호텔(남포동),일반호텔,영업,202203,,"부산광역시 중구 자갈치해안로 57, 3,4,5층 (남포동4가)",부산광역시 중구 남포동4가 30,129.0312752,35.09715105
서구,그랩 디 오션 송도,일반호텔,영업,202202,,부산광역시 서구 송도해변로 97 (암남동),부산광역시 서구 암남동 234,129.0176111,35.07715392
수영구,첫번째 모던,숙박업(생활),영업,202202,,"부산광역시 수영구 남천바다로33번길 35, 5층 501~505호 (광안동)",부산광역시 수영구 광안동 202-18,129.1148973,35.14996081
해운대구,엘시티레지던스 와이컬렉션,숙박업(생활),영업,202202,,"부산광역시 해운대구 달맞이길 30, 레지던스동 2701호 (중동, 엘시티)",부산광역시 해운대구 중동 1829 엘시티,129.1687865,35.16055677
연제구,부산시티호텔,관광호텔,영업,202202,,"부산광역시 연제구 신촌로 19, 4~13층 (연산동)",부산광역시 연제구 연산동 1356-12,129.0762821,35.18267021
해운대구,해운대라비드아틀란호텔,일반호텔,폐업,202202,202303,"부산광역시 해운대구 구남로 37, 라비드아틀란호텔 708호 (중동)",부산광역시 해운대구 중동 1392-166 해운대르와지르호텔,129.1613792,35.1610335
수영구,플로트하우스,숙박업(생활),영업,202202,,"부산광역시 수영구 민락수변로 9-1, 6층 (민락동)",부산광역시 수영구 민락동 181-137,129.124066,35.15492253
수영구,광안 스테이모먼트 감성숙소,숙박업(생활),영업,202201,,"부산광역시 수영구 광안해변로 193, 4~5층 (광안동)",부산광역시 수영구 광안동 197-18,129.1167386,35.15166435
수영구,누리다,숙박업(생활),영업,202201,,"부산광역시 수영구 광안해변로 282, 3~5층 (민락동)",부산광역시 수영구 민락동 181-1,129.1245901,35.15582274
해운대구,해운대 블루스토리호텔,일반호텔,영업,202201,,"부산광역시 해운대구 해운대해변로237번길 11, 403호 (우동)",부산광역시 해운대구 우동 645-2,129.157574,35.15990113
기장군,기장 일광 더뮤즈호텔 앤 레지던스,숙박업(생활),영업,202112,,"부산광역시 기장군 일광읍 해송3로 4, 1~11층",부산광역시 기장군 일광읍 삼성리 890-3,129.2305988,35.26574569
수영구,리벤시아 풀빌라,숙박업(생활),영업,202112,,"부산광역시 수영구 광안해변로 195, 4~7층 (광안동)",부산광역시 수영구 광안동 197-19,129.1168116,35.15174455
사하구,휴앤호텔,숙박업(생활),영업,202111,,"부산광역시 사하구 하신번영로300번길 100-12, 6층 (하단동)",부산광역시 사하구 하단동 515-21,128.9644208,35.10717327
중구,그리핀베이,숙박업(생활),영업,202111,,부산광역시 중구 자갈치로59번길 6 (남포동4가),부산광역시 중구 남포동4가 7,129.030893,35.0978536
사하구,하운드호텔(하단),일반호텔,영업,202111,,"부산광역시 사하구 낙동남로1405번길 17-1, 하운드호텔 (하단동)",부산광역시 사하구 하단동 514-11,128.9650752,35.10725526
사하구,WOW,숙박업(생활),영업,202111,,"부산광역시 사하구 하신번영로300번길 100, 6층 (하단동)",부산광역시 사하구 하단동 515-12,128.964467,35.10778278
해운대구,쿠무다 레스메종,숙박업(생활),영업,202111,,"부산광역시 해운대구 송정광어골로 41, 5-8층 (송정동)",부산광역시 해운대구 송정동 436-4,129.197184,35.17742916
해운대구,라비드아틀란호텔Ⅱ,일반호텔,영업,202110,,"부산광역시 해운대구 구남로 37, 3층 312호 (중동)",부산광역시 해운대구 중동 1392-166 해운대르와지르호텔,129.1613792,35.1610335
해운대구,휴가,숙박업(생활),영업,202110,,부산광역시 해운대구 송정구덕포길 164 (송정동),부산광역시 해운대구 송정동 840,129.1970494,35.1685482
기장군,주식회사 케니스테이부산기장,일반호텔,영업,202110,,부산광역시 기장군 기장읍 차성남로51번길 26,부산광역시 기장군 기장읍 대라리 775-4,129.2158071,35.24261046
영도구,호텔아델라1,일반호텔,영업,202110,,부산광역시 영도구 태종로 45 (대교동1가),부산광역시 영도구 대교동1가 40,129.0373069,35.09381053
해운대구,펜톤나인 송정해수욕장 송정3호점,숙박업(생활),영업,202110,,"부산광역시 해운대구 송정광어골로 21, 2~4층 (송정동)",부산광역시 해운대구 송정동 312-9,129.1982317,35.17910649
해운대구,네버 엔딩 웨이브,숙박업(생활),영업,202109,,부산광역시 해운대구 송정중앙로6번길 82 (송정동),부산광역시 해운대구 송정동 159-8,129.1993104,35.18045289
해운대구,라비드아틀란호텔,일반호텔,폐업,202109,202201,부산광역시 해운대구 구남로 37 (중동),부산광역시 해운대구 중동 1392-166,129.1613792,35.1610335
중구,그리핀베이,숙박업(생활),폐업,202109,202111,부산광역시 중구 자갈치로59번길 6 (남포동4가),부산광역시 중구 남포동4가 7,129.030893,35.0978536
해운대구,그랜드오션,일반호텔,폐업,202109,202504,"부산광역시 해운대구 구남로 49, 엘리시아 5,6,7층 (중동)",부산광역시 해운대구 중동 1392-26 엘리시아,129.1621772,35.1601635
영도구,호텔아델라,일반호텔,영업,202109,,부산광역시 영도구 태종로 45 (대교동1가),부산광역시 영도구 대교동1가 40 밸류호텔부산,129.0373069,35.09381053
영도구,아일랜드호텔부산,일반호텔,폐업,202109,202504,부산광역시 영도구 태종로 45 (대교동1가),부산광역시 영도구 대교동1가 40,129.0373069,35.09381053
영도구,그랜드베른호텔,관광호텔,영업,202109,,부산광역시 영도구 해양로 38 (청학동),부산광역시 영도구 청학동 321-12,129.0594802,35.09785868
중구,굿올데이즈호텔,관광호텔,영업,202108,,부산광역시 중구 중앙대로41번길 5 (중앙동1가),부산광역시 중구 중앙동1가 22-2,129.0358847,35.10111306
부산진구,포르투나 더 원,숙박업(생활),영업,202108,,부산광역시 부산진구 복지로13번길 10 (개금동),부산광역시 부산진구 개금동 523-38,129.0208884,35.15185477
해운대구,하운드 송정,숙박업(생활),영업,202108,,부산광역시 해운대구 송정중앙로36번길 56 (송정동),부산광역시 해운대구 송정동 325-1,129.201413,35.18119002
해운대구,마레마레 송정(폴마레),숙박업(생활),영업,202107,,"부산광역시 해운대구 송정중앙로6번길 86, 4-8층 (송정동)",부산광역시 해운대구 송정동 159-9,129.1992312,35.18032341
기장군,빌라드연화,숙박업(생활),영업,202107,,"부산광역시 기장군 기장읍 연화1길 21, 3,4층",부산광역시 기장군 기장읍 연화리 377,129.2220487,35.21347149
해운대구,호텔블루캐슬,숙박업(생활),폐업,202107,202410,부산광역시 해운대구 송정중앙로36번길 70 (송정동),부산광역시 해운대구 송정동 323-8,129.2011106,35.18102929
해운대구,카이브2,일반호텔,영업,202106,,"부산광역시 해운대구 송정광어골로 55, 하얀집 (송정동)",부산광역시 해운대구 송정동 437-3 하얀집,129.1964181,35.1763967
중구,빌리호텔,일반호텔,영업,202106,,부산광역시 중구 보수대로106번길 5 (보수동3가),부산광역시 중구 보수동3가 5-21,129.0216488,35.10515132
동구,르컬렉티브 부산역,숙박업(생활),영업,202106,,"부산광역시 동구 충장대로 160, A,B동 일부호 (초량동)",부산광역시 동구 초량동 1185-65,129.0436256,35.11423081
수영구,엘모멘토 광안,숙박업(생활),영업,202105,,"부산광역시 수영구 광남로94번길 16, 광안 지웰에스테이트 더 테라스 3~20층 302호 등 64객실호 (광안동)",부산광역시 수영구 광안동 201-1 광안 지웰에스테이트 더 테라스,129.1153061,35.1499905
영도구,노스하버호텔부산,일반호텔,영업,202105,,부산광역시 영도구 태종로 45 (대교동1가),부산광역시 영도구 대교동1가 40,129.0373069,35.09381053
수영구,제이스테이 펜트하우스,숙박업(생활),영업,202105,,"부산광역시 수영구 광안해변로 179, 5층 (광안동)",부산광역시 수영구 광안동 200-4,129.1157665,35.15059728
수영구,디옴므,숙박업(생활),영업,202104,,"부산광역시 수영구 광안해변로278번길 42, 오션브릿지 A~B동 3층 A301,B301호 (민락동)",부산광역시 수영구 민락동 181-154 오션브릿지,129.12452,35.15396447
해운대구,펜톤나인 해변열차 송정2호점,숙박업(생활),영업,202104,,부산광역시 해운대구 송정중앙로6번길 94 (송정동),부산광역시 해운대구 송정동 159-12,129.1990181,35.18001451
수영구,위더스오션,숙박업(생활),영업,202104,,"부산광역시 수영구 광남로94번길 16, 광안 오션뷰 더테라스 3~20층 301호 등 50객실호 (광안동)",부산광역시 수영구 광안동 201-1 광안 오션뷰 더테라스,129.1153061,35.1499905
해운대구,해운대 센트럴호텔,일반호텔,영업,202104,,부산광역시 해운대구 해운대해변로298번길 33 (중동),부산광역시 해운대구 중동 1137-4,129.1672062,35.16094595
강서구,신라스테이 서부산,관광호텔,영업,202103,,"부산광역시 강서구 명지국제7로 38, 신라스테이 서부산점 (명지동)",부산광역시 강서구 명지동 3595-1 신라스테이 서부산점,128.9053124,35.09669194
해운대구,벨리아(BELLIA),숙박업(생활),영업,202103,,"부산광역시 해운대구 해운대해변로298번길 29, 해운대푸르지오시티 (중동)",부산광역시 해운대구 중동 1123 해운대푸르지오시티,129.1668175,35.16109798
동구,마리나레지던스호텔,숙박업(생활),영업,202103,,"부산광역시 동구 대영로243번길 73-5, 조이팰리스 2~7층 (초량동)",부산광역시 동구 초량동 503-5 조이팰리스,129.0388734,35.11553286
수영구,주식회사이너플랜,숙박업(생활),영업,202102,,"부산광역시 수영구 남천바다로33번길 35, 401~405,701~705,801~805호 4,7,8층 (광안동)",부산광역시 수영구 광안동 202-18,129.1148973,35.14996081
수영구,광안273,숙박업(생활),영업,202102,,"부산광역시 수영구 광안해변로 273, 2~4층 (민락동)",부산광역시 수영구 민락동 176-14,129.1235608,35.15591895
해운대구,알로,숙박업(생활),영업,202101,,"부산광역시 해운대구 해운대로 620, 해운대 라뮤에뜨 417호 (우동)",부산광역시 해운대구 우동 539-10 해운대 라뮤에뜨,129.1584916,35.1629774
해운대구,하운드 해운대 시그니처 호텔,일반호텔,영업,202101,,부산광역시 해운대구 해운대로594번길 15 (우동),부산광역시 해운대구 우동 637-9,129.1567861,35.16100841
해운대구,하운드 해운대 가든&테라스 호텔,일반호텔,영업,202101,,부산광역시 해운대구 구남로12번길 55 (우동),부산광역시 해운대구 우동 637-13,129.1570602,35.16114926
중구,수민,숙박업(생활),영업,202101,,부산광역시 중구 동광길 178 (대창동2가),부산광역시 중구 대창동2가 30-7,129.0370878,35.11028553
수영구,주식회사 그랜드 테라스,숙박업(생활),폐업,202101,202305,"부산광역시 수영구 광남로94번길 16, 광안 지웰에스테이트 더 테라스 3~20층(일부)층 303호 등 53객실호 (광안동)",부산광역시 수영구 광안동 201-1 광안 지웰에스테이트 더 테라스,129.1153061,35.1499905
중구,라운지26호텔,일반호텔,영업,202012,,"부산광역시 중구 자갈치로47번길 5-13, LOUNGE 26 호텔 (남포동5가)",부산광역시 중구 남포동5가 86-2 LOUNGE 26 호텔,129.0287843,35.09736004
부산진구,루나스카이돔,숙박업(생활),영업,202012,,"부산광역시 부산진구 새싹로 22-1, 라이프빌리지 11층12층 (부전동)",부산광역시 부산진구 부전동 396-14 라이프빌리지,129.0576921,35.15986754
강서구,베스트루이스해밀턴호텔,관광호텔,영업,202012,,"부산광역시 강서구 범방3로29번길 6, 베스트 루이스 해밀턴호텔 범방점 (범방동)",부산광역시 강서구 범방동 1899-5 베스트 루이스 해밀턴호텔 범방점,128.8787883,35.14688112
부산진구,어반스테이 서면,숙박업(생활),영업,202010,,"부산광역시 부산진구 중앙대로 752, 서면역 트루엘 센트럴 (부전동)",부산광역시 부산진구 부전동 129-1 서면역 트루엘 센트럴,129.0609097,35.15931608
수영구,레지던스 다온채,관광호텔,폐업,202010,202312,"부산광역시 수영구 광안해변로307번길 15, 다온채 지하1,지상7~11층 (민락동)",부산광역시 수영구 민락동 34-1 다온채,129.1264902,35.15771475
영도구,(주)비지비 미디호텔 영도점,일반호텔,폐업,202010,202110,부산광역시 영도구 태종로 45 (대교동1가),부산광역시 영도구 대교동1가 40,129.0373069,35.09381053
기장군,하운드기장일광,관광호텔,영업,202010,,부산광역시 기장군 일광읍 해송3로 2,부산광역시 기장군 일광읍 삼성리 890-4,129.2305155,35.2655332
수영구,보다스테이 더펜트,숙박업(생활),영업,202010,,"부산광역시 수영구 광안해변로 161, 씨 타워 4~12층 (광안동)",부산광역시 수영구 광안동 201-9 씨 타워,129.1148035,35.14921555
수영구,더웨이브온,숙박업(생활),영업,202009,,"부산광역시 수영구 민락수변로 9, 3,4층 (민락동)",부산광역시 수영구 민락동 181-135,129.1240323,35.15502349
강서구,씨엘오션호텔,관광호텔,영업,202009,,부산광역시 강서구 명지국제6로34번길 22 (명지동),부산광역시 강서구 명지동 3592-9,128.9020678,35.09069954
기장군,테라시아 펜션(부산펜션),숙박업(생활),영업,202009,,부산광역시 기장군 일광읍 기장해안로 1309-4,부산광역시 기장군 일광읍 삼성리 714-8,129.2331811,35.26081309
사하구,레이어스호텔,관광호텔,영업,202009,,"부산광역시 사하구 낙동남로 1395, 레이어스호텔 (하단동)",부산광역시 사하구 하단동 525-4,128.9643568,35.10671319
북구,본호텔,일반호텔,영업,202009,,"부산광역시 북구 낙동대로 1746-8, 바르도호텔 (구포동)",부산광역시 북구 구포동 365-2 바르도호텔,129.0000443,35.20897997
중구,플래티넘호텔,일반호텔,영업,202009,,"부산광역시 중구 광복로 50, 한일은행 6-9층 (창선동1가)",부산광역시 중구 창선동1가 40-1 한일은행,129.030485,35.099101
해운대구,(주)조선호텔앤리조트 그랜드조선부산,관광호텔,영업,202009,,"부산광역시 해운대구 해운대해변로 292, 그랜드 조선 부산 (중동)",부산광역시 해운대구 중동 1405-16 그랜드 조선 부산,129.1630965,35.16012142
수영구,더웨이브,숙박업(생활),영업,202008,,"부산광역시 수영구 민락수변로 9, 5~6층 (민락동)",부산광역시 수영구 민락동 181-135,129.1240323,35.15502349
해운대구,유에이치스위트 랜드스케이프 14층,일반호텔,영업,202008,,"부산광역시 해운대구 해운대해변로 271, 씨스타 14층 (중동)",부산광역시 해운대구 중동 1417-2 씨스타,129.1611012,35.15982638
수영구,어반스테이더테라스,숙박업(생활),폐업,202008,202108,"부산광역시 수영구 광남로94번길 16, 광안 지웰에스테이트 더 테라스 3~20(일부)층 (광안동)",부산광역시 수영구 광안동 201-1 광안 지웰에스테이트 더 테라스,129.1153061,35.1499905
수영구,더클럽호텔(광안리점),숙박업(생활),영업,202007,,"부산광역시 수영구 광안해변로278번길 42, 오션브릿지 b동 15층 B1501호 (민락동)",부산광역시 수영구 민락동 181-154 오션브릿지,129.12452,35.15396447
수영구,어반하우스 펜트 1호점,숙박업(생활),영업,202007,,"부산광역시 수영구 민락수변로 5, 성진회센터 9층 901호 (민락동)",부산광역시 수영구 민락동 181-204 성진회센터,129.1238997,35.15531677
동래구,브라운도트 사직야구장점,관광호텔,영업,202007,,부산광역시 동래구 사직북로13번길 11 (사직동),부산광역시 동래구 사직동 91-44,129.0602334,35.196681
중구,브로시스 호텔,관광호텔,영업,202007,,부산광역시 중구 구덕로48번길 4 (남포동4가),부산광역시 중구 남포동4가 5-3,129.0308272,35.09860846
수영구,케렌시아,숙박업(생활),영업,202007,,"부산광역시 수영구 남천바다로33번길 22, 6~13층 (광안동)",부산광역시 수영구 광안동 201-8,129.1147171,35.14932291
해운대구,영무파라드호텔,숙박업(생활),영업,202007,,부산광역시 해운대구 해운대해변로298번길 25 (중동),부산광역시 해운대구 중동 1124-8,129.1665414,35.16094159
부산진구,KT&G상상마당부산스테이,숙박업 기타,영업,202007,,"부산광역시 부산진구 서면로 39, KT&G 상상마당부산 7층 (부전동)",부산광역시 부산진구 부전동 521-1 KT&G 상상마당부산,129.0572993,35.15426096
수영구,호텔 센트럴베이,관광호텔,영업,202007,,"부산광역시 수영구 광안해변로 189, HOTEL CENTRALBAY 5~17층 (광안동)",부산광역시 수영구 광안동 197-2 HOTEL CENTRALBAY,129.1164605,35.15147563
해운대구,팰릭스바이에스티엑스,숙박업(생활),영업,202006,,"부산광역시 해운대구 해운대로 620, 해운대 라뮤에뜨 (우동)",부산광역시 해운대구 우동 539-10 해운대 라뮤에뜨,129.1584916,35.1629774
기장군,타이드어웨이풀빌라,숙박업(생활),영업,202006,,"부산광역시 기장군 기장읍 기장해안로 26, 지하1~지상4층",부산광역시 기장군 기장읍 시랑리 615-5,129.2084929,35.18218526
해운대구,(주)호텔롯데 시그니엘 부산,관광호텔,영업,202006,,"부산광역시 해운대구 달맞이길 30 (중동, 엘시티)",부산광역시 해운대구 중동 1829 엘시티,129.1687865,35.16055677
기장군,연화리330호텔&풀빌라,숙박업(생활),영업,202006,,"부산광역시 기장군 기장읍 기장해안로 460, 1~7(2층제외)층",부산광역시 기장군 기장읍 연화리 330-2,129.2230011,35.21560608
부산진구,아르반호텔,숙박업 기타,영업,202006,,"부산광역시 부산진구 중앙대로691번길 32, 씨엔티빌딩 3층,6~13층 (부전동)","부산광역시 부산진구 부전동 517-60 씨엔티빌딩 3층,6~13층",129.0572428,35.15468905
부산진구,스테이인바이 아르반호텔,숙박업 기타,폐업,202006,202309,"부산광역시 부산진구 중앙대로691번길 32, 3층4층 (부전동)",부산광역시 부산진구 부전동 517-60,129.0572428,35.15468905
해운대구,UH.Suite Harbor Town(유에이치 스위트 하버타운),숙박업(생활),영업,202005,,"부산광역시 해운대구 해운대해변로 257, 하버타운 상가동 403호 (우동)",부산광역시 해운대구 우동 627-1 하버타운,129.1595175,35.15968534
해운대구,송정 스카이 풀,숙박업(생활),영업,202005,,"부산광역시 해운대구 송정광어골로 19, 상림빌딩 3~5층 (송정동)",부산광역시 해운대구 송정동 312-10 상림빌딩,129.198392,35.17935072
해운대구,뉴시즈엘시티레지던스,숙박업(생활),영업,202005,,"부산광역시 해운대구 달맞이길 30 (중동, 엘시티)",부산광역시 해운대구 중동 1829 엘시티,129.1687865,35.16055677
서구,페어필드 바이 메리어트 부산 송도비치호텔,관광호텔,영업,202005,,부산광역시 서구 송도해변로 113 (암남동),부산광역시 서구 암남동 230,129.0192528,35.0777248
해운대구,펜톤나인 더 테라스 송정1호점,숙박업(생활),영업,202005,,부산광역시 해운대구 송정광어골로 15-1 (송정동),부산광역시 해운대구 송정동 312-6,129.1986089,35.17954157
해운대구,송정스케치.K,숙박업(생활),폐업,202005,202504,부산광역시 해운대구 송정중앙로6번길 54 (송정동),부산광역시 해운대구 송정동 158-3,129.200036,35.18154383
해운대구,둥지(펜션),숙박업 기타,폐업,202004,202104,부산광역시 해운대구 송정해변로 28-3 (송정동),부산광역시 해운대구 송정동 297-16,129.2029058,35.1809314
강서구,B&G호텔,관광호텔,영업,202004,,"부산광역시 강서구 명지국제6로1번길 24, 도하마린타워 7, 8, 9층 (명지동)","부산광역시 강서구 명지동 3582-2 도하마린타워 7, 8, 9층",128.9001138,35.09391857
해운대구,유에이치스위트 더 해운대,숙박업(생활),영업,202004,,"부산광역시 해운대구 해운대해변로 271, 씨스타 3층 301~305호 (중동)",부산광역시 해운대구 중동 1417-2 씨스타,129.1611012,35.15982638
사하구,에이치모먼트호텔 하단점,숙박업(생활),영업,202004,,"부산광역시 사하구 낙동남로1423번길 50, 8층 (하단동)",부산광역시 사하구 하단동 511-22,128.9661778,35.10871622
중구,커넥트부산호텔,숙박업(생활),폐업,202004,202307,부산광역시 중구 대교로 115-1 (중앙동6가),부산광역시 중구 중앙동6가 3-2,129.0373852,35.1004423
중구,커넥트부산호텔,일반호텔,폐업,202004,202307,부산광역시 중구 대교로 115-1 (중앙동6가),부산광역시 중구 중앙동6가 3-2,129.0373852,35.1004423
해운대구,엘시티 레지던스,숙박업(생활),영업,202004,,"부산광역시 해운대구 달맞이길 30 (중동, 엘시티)",부산광역시 해운대구 중동 1829 엘시티,129.1687865,35.16055677
수영구,료칸바다다,숙박업(생활),영업,202004,,"부산광역시 수영구 광안해변로278번길 42, 오션브릿지 A동 13~14층 (민락동)",부산광역시 수영구 민락동 181-154 오션브릿지,129.12452,35.15396447
수영구,옐로우라이트하우스,숙박업(생활),영업,202004,,"부산광역시 수영구 광안해변로370번길 9-32, 4층 401호 (민락동)",부산광역시 수영구 민락동 110-54,129.1342689,35.15674719
수영구,브라운도트호텔 민락점,숙박업(생활),폐업,202003,202004,"부산광역시 수영구 광안해변로278번길 42, 오션브릿지 13층 A1302호 (민락동)",부산광역시 수영구 민락동 181-154 오션브릿지,129.12452,35.15396447
부산진구,모과호텔,숙박업(생활),영업,202002,,"부산광역시 부산진구 부전로 99-1, 1-4층 (부전동)",부산광역시 부산진구 부전동 417-25,129.0544962,35.15903609
수영구,머물다가 광안리 풀빌라펜션,숙박업(생활),영업,202002,,"부산광역시 수영구 민락수변로 7, OK타운 7,9층 (민락동)",부산광역시 수영구 민락동 181-86 OK타운,129.1240862,35.15514368
해운대구,호텔 블루스토리해운대,일반호텔,폐업,202002,202504,"부산광역시 해운대구 해운대해변로237번길 11, 1동 3-18층 (우동)",부산광역시 해운대구 우동 645-2,129.157574,35.15990113
사하구,발렌타인호텔,숙박업(생활),폐업,202001,202002,"부산광역시 사하구 낙동남로1423번길 50, 8층 (하단동)",부산광역시 사하구 하단동 511-22,128.9661778,35.10871622
강서구,더브레인호텔,관광호텔,영업,201912,,"부산광역시 강서구 신호일로72번길 58, 신호관광호 (신호동)",부산광역시 강서구 신호동 315-4 신호관광호,128.8721962,35.08178864
동구,호텔26(HOTEL26),일반호텔,영업,201912,,부산광역시 동구 중앙대로209번길 10-15 (초량동),부산광역시 동구 초량동 474,129.0397628,35.1166781
해운대구,온다호텔(ONDA HOTEL),일반호텔,영업,201912,,부산광역시 해운대구 해운대로570번길 43 (우동),부산광역시 해운대구 우동 634-7,129.1588562,35.16025304
해운대구,해운대센텀프라하호텔,일반호텔,폐업,201912,202008,"부산광역시 해운대구 센텀3로 20, 벡스코 비지니스호텔 11층 1118호 (우동)",부산광역시 해운대구 우동 1505 벡스코 비지니스호텔,129.1329128,35.16780174
해운대구,H 게스트하우스,숙박업 기타,폐업,201912,202003,"부산광역시 해운대구 해운대해변로221번길 13, 초가집 A동 (우동)",부산광역시 해운대구 우동 647-1 초가집,129.1559813,35.15980264
중구,마론 호텔,일반호텔,영업,201911,,부산광역시 중구 광복로67번길 12 (광복동2가),부산광역시 중구 광복동2가 2-81,129.0325361,35.09931111
해운대구,야자호텔,숙박업(생활),영업,201911,,"부산광역시 해운대구 해운대로143번길 16-9, 티모텔 6층 (재송동)",부산광역시 해운대구 재송동 1100-8 티모텔,129.1223488,35.18432629
해운대구,해운대오션비치,숙박업(생활),폐업,201911,202308,"부산광역시 해운대구 해운대해변로359번길 27, 승훈빌딩 2층 (중동)",부산광역시 해운대구 중동 1256-4 승훈빌딩,129.1684005,35.1648835
중구,수이호스텔,관광호텔,영업,201911,,부산광역시 중구 중앙대로41번길 3-1 (중앙동1가),부산광역시 중구 중앙동1가 21-12,129.0360025,35.10114128
수영구,라움103,숙박업(생활),영업,201911,,"부산광역시 수영구 민락수변로 103, 6층 (민락동)",부산광역시 수영구 민락동 110-51 밀레니엄프라자,129.1318121,35.15480001
부산진구,유나비지니스,일반호텔,영업,201910,,부산광역시 부산진구 서면로 15-9 (부전동),"부산광역시 부산진구 부전동 533-2 외 533-3, 533-15",129.0573103,35.15199915
강서구,호텔오유,숙박업 기타,영업,201910,,"부산광역시 강서구 명지국제6로 21, 도형건설 10층 (명지동)",부산광역시 강서구 명지동 3589-9 도형건설,128.9017471,35.09220127
기장군,해운대비치골프앤리조트,휴양콘도미니엄업,영업,201910,,"부산광역시 기장군 기장읍 대변로 74, 해운대비치골프앤리조트",부산광역시 기장군 기장읍 대변리 504-3 해운대비치골프앤리조트,,
동구,단테하우스,여관업,영업,201910,,부산광역시 동구 초량로13번길 58 (초량동),부산광역시 동구 초량동 399,129.0389747,35.11663374
사상구,잠101호텔,일반호텔,영업,201910,,"부산광역시 사상구 새벽로223번길 42, 1~10층 (괘법동)",부산광역시 사상구 괘법동 564-14,128.981854,35.16152367
서구,그랩 디 오션 송도,일반호텔,영업,201910,,부산광역시 서구 송도해변로 97 (암남동),부산광역시 서구 암남동 234,129.0176111,35.07715392
해운대구,투헤븐모텔,숙박업 기타,폐업,201910,202209,"부산광역시 해운대구 구남로30번길 9-5, 호텔 투헤븐 (우동)",부산광역시 해운대구 우동 1366-1 호텔 투헤븐,129.1602392,35.16084262
해운대구,깡이하우스,숙박업(생활),폐업,201910,202107,"부산광역시 해운대구 송정중앙로36번길 5, 2~4층 (송정동)",부산광역시 해운대구 송정동 251-2,129.2040735,35.18187368
해운대구,송정스카이 부티크,숙박업(생활),영업,201909,,"부산광역시 해운대구 송정중앙로6번길 118, 3~6층 4호 (송정동)",부산광역시 해운대구 송정동 312-8,129.1983686,35.17904749
중구,로케트하우스,숙박업(생활),영업,201909,,"부산광역시 중구 광복로35번길 32, 2,3층 (신창동3가)",부산광역시 중구 신창동3가 5-5,129.0288582,35.10203175
해운대구,미포오션사이드호텔,숙박업(생활),폐업,201908,202008,"부산광역시 해운대구 달맞이길62번길 28, 미포오션사이드호텔 3층 321,322,323,324호 (중동)",부산광역시 해운대구 중동 957-1 미포오션사이드호텔,129.1706186,35.15886312
수영구,그레이193호텔,관광호텔,영업,201908,,"부산광역시 수영구 광안해변로278번길 42, 오션브릿지 B동 5~6층 (민락동)",부산광역시 수영구 민락동 181-154 오션브릿지,129.12452,35.15396447
해운대구,카이브,숙박업 기타,폐업,201908,202602,"부산광역시 해운대구 송정광어골로 15, 5,6층 (송정동)",부산광역시 해운대구 송정동 312-5,129.1985923,35.17965235
동구,라마다앙코르부산역호텔,일반호텔,영업,201908,,"부산광역시 동구 중앙대로196번길 10, 부산역라마다앙코르호텔 (초량동)",부산광역시 동구 초량동 1204-1 1204-2,129.0403323,35.11425786
기장군,어베인(URBANE pool villa),숙박업(생활),영업,201908,,"부산광역시 기장군 일광읍 일역길 78-1, 3~7층",부산광역시 기장군 일광읍 삼성리 714-2,129.2329705,35.26125201
해운대구,라비드아틀란호텔,일반호텔,폐업,201908,202503,부산광역시 해운대구 구남로 37 (중동),부산광역시 해운대구 중동 1392-8,129.1614671,35.16112007
수영구,루미나 더 마루,숙박업(생활),영업,201907,,"부산광역시 수영구 민락수변로 105, 바다산책프라자 10층 (민락동)",부산광역시 수영구 민락동 110-48 바다산책프라자,129.1320741,35.15473437
북구,브라운도트호텔 덕천점,관광호텔,영업,201907,,부산광역시 북구 금곡대로8번길 20 (덕천동),부산광역시 북구 덕천동 399-17,129.0062896,35.21086371
부산진구,엑스모텔,일반호텔,영업,201907,,"부산광역시 부산진구 신천대로50번길 34, 6층~9층 (부전동)",부산광역시 부산진구 부전동 226-5,129.0600723,35.15231926
해운대구,바다봄,숙박업(생활),영업,201907,,"부산광역시 해운대구 송정해변로 10, 3~5층 (송정동)",부산광역시 해운대구 송정동 288-4 빌딩,129.2047539,35.18097147
해운대구,그림하우스,숙박업(생활),영업,201907,,"부산광역시 해운대구 송정구덕포길 64, 2~4층 (송정동)",부산광역시 해운대구 송정동 793-1,129.1975241,35.17294535
해운대구,카이브,숙박업(생활),영업,201906,,"부산광역시 해운대구 송정광어골로 15, 5~9층층 (송정동)",부산광역시 해운대구 송정동 312-5,129.1985923,35.17965235
동구,대구여관,여관업,영업,201906,,부산광역시 동구 중앙대로221번길 14-5 (초량동),"부산광역시 동구 초량동 388-2 지하1층, 지상1~3층, 4층 일부",129.0398247,35.11730887
동래구,대림장,여관업,영업,201906,,"부산광역시 동래구 차밭골로22번길 8, 1~4층 (온천동)",부산광역시 동래구 온천동 186-65,129.0794046,35.21671937
수영구,오션 더 포인트호텔,관광호텔,영업,201906,,"부산광역시 수영구 광안해변로278번길 42, A동 7~10층 A701,A801,A901,A1001호 (민락동)",부산광역시 수영구 민락동 181-154 오션브릿지,129.12452,35.15396447
남구,아바니 센트럴 부산,관광호텔,영업,201905,,"부산광역시 남구 전포대로 133, 1,3,5,19~35,37층 (문현동)","부산광역시 남구 문현동 1227-2 1,3,5,19~35,37층",129.0654371,35.14827777
서구,송도 숨게스트하우스,숙박업 기타,영업,201905,,부산광역시 서구 충무대로 58-16 (암남동),부산광역시 서구 암남동 228-9,129.0195521,35.0781865
수영구,H7L호스텔,숙박업(생활),영업,201905,,"부산광역시 수영구 광안해변로 179, 7층 (광안동)",부산광역시 수영구 광안동 200-4,129.1157665,35.15059728
해운대구,(주)해운대씨클라우드호텔레지던스,숙박업(생활),영업,201905,,"부산광역시 해운대구 해운대해변로 287, 씨클라우드호텔 616호 (중동)",부산광역시 해운대구 중동 1392-100 씨클라우드호텔,129.1622152,35.16044098
수영구,오션스테이호텔,숙박업(생활),영업,201905,,"부산광역시 수영구 광안해변로278번길 42, 오션브릿지 7층 B701호 (민락동)",부산광역시 수영구 민락동 181-154 오션브릿지,129.12452,35.15396447
해운대구,시점 풀빌라펜션(해운대),숙박업 기타,영업,201904,,"부산광역시 해운대구 달맞이길62번길 53, 보림마리나센타 7층 (중동)",부산광역시 해운대구 중동 1010 보림마리나센타,129.1729135,35.15759021
수영구,오션투헤븐호텔,일반호텔,영업,201904,,"부산광역시 수영구 광안해변로278번길 42, 오션브릿지 A동 5~6층 A501,A601호 (민락동)",부산광역시 수영구 민락동 181-154 오션브릿지,129.12452,35.15396447
동구,마란트1호텔,숙박업(생활),영업,201904,,"부산광역시 동구 중앙대로180번길 16-8, 7-11층, 지하1층~1층 일부 (초량동)","부산광역시 동구 초량동 1213-5 7-11층, 지하1층~1층 일부",129.0402301,35.11239901
해운대구,골든튤립해운대호텔&스위트,숙박업(생활),폐업,201904,202203,부산광역시 해운대구 해운대해변로 322 (중동),부산광역시 해운대구 중동 1153-8,129.1658715,35.16229119
수영구,바뮤호텔,숙박업(생활),영업,201904,,"부산광역시 수영구 민락수변로 15, 1~8층 (민락동)",부산광역시 수영구 민락동 181-145 1~8층,129.1242024,35.15452233
동래구,이브,숙박업(생활),영업,201904,,부산광역시 동래구 차밭골로20번길 60 (온천동),부산광역시 동래구 온천동 189-13,129.0817387,35.2182785
동래구,아담,숙박업(생활),영업,201904,,부산광역시 동래구 차밭골로20번길 62 (온천동),부산광역시 동래구 온천동 189-146,129.0817121,35.21835782
중구,게스트하우스 디어문,숙박업(생활),영업,201903,,"부산광역시 중구 비프광장로 14-2, 3.4층 (남포동6가)",부산광역시 중구 남포동6가 95-1,129.0268946,35.0983661
수영구,에이치에비뉴(H-에비뉴) 광안리해변점,관광호텔,영업,201903,,"부산광역시 수영구 광안해변로278번길 42, 오션브릿지 B동 8~10층 (민락동)",부산광역시 수영구 민락동 181-154 오션브릿지,129.12452,35.15396447
강서구,더포인트호텔,일반호텔,영업,201903,,"부산광역시 강서구 명지국제2로28번길 8, 더프라임 10층 (명지동)",부산광역시 강서구 명지동 3603-2 더프라임10층,128.9080801,35.09340715
동구,BTLM초량(비티엘엠초량),숙박업(생활),폐업,201903,201909,"부산광역시 동구 초량중로 13-2, 3~4층 (초량동)",부산광역시 동구 초량동 1057-6 3~4층,129.0363933,35.11344448
해운대구,에이치 모먼트 펜션 B,숙박업(생활),영업,201903,,부산광역시 해운대구 송정해변로 6-4 (송정동),부산광역시 해운대구 송정동 285-1,129.2052188,35.18134681
해운대구,호텔 인트로,일반호텔,영업,201902,,부산광역시 해운대구 해운대해변로197번길 10-10 (우동),부산광역시 해운대구 우동 762-51,129.1534722,35.15902092
수영구,브라운도트 호텔 수영,숙박업(생활),영업,201902,,부산광역시 수영구 망미번영로52번길 112 (수영동),부산광역시 수영구 수영동 450-5,129.1141312,35.16860541
수영구,허니슬립,숙박업(생활),영업,201901,,"부산광역시 수영구 광남로 158, 1~2층 (민락동)",부산광역시 수영구 민락동 184-36,129.1186029,35.15515956
부산진구,창명 하우스,여관업,영업,201901,,"부산광역시 부산진구 동천로107번길 17, 3층~5층 (부전동)",부산광역시 부산진구 부전동 142-4,129.0612324,35.15813666
영도구,라발스호텔,일반호텔,영업,201901,,부산광역시 영도구 봉래나루로 82 (봉래동1가),부산광역시 영도구 봉래동1가 29,129.0391404,35.09451286
수영구,베스트루이스 해밀턴호텔 광안점,관광호텔,영업,201901,,"부산광역시 수영구 광안해변로 276, 지하1~지상15층 (민락동)",부산광역시 수영구 민락동 181-205,129.1240052,35.15561301
동구,노떼라미아호텔,일반호텔,영업,201901,,"부산광역시 동구 대영로 265, 지하1층,1층일부,3층~15층 (초량동)","부산광역시 동구 초량동 1213-18 1213-14, 지하1층,1층일부,3층~15층",129.0396766,35.11172649
강서구,레전드호텔,일반호텔,영업,201901,,부산광역시 강서구 미음산단5로 48 (미음동),부산광역시 강서구 미음동 1527-1,128.8639411,35.15965759
동구,맥시멈호텔,일반호텔,영업,201901,,"부산광역시 동구 대영로243번길 89, 1층,5~11층 (초량동)","부산광역시 동구 초량동 493 멕시멈빌딩 1층, 5~11층",129.0393216,35.11592988
해운대구,소사이어티에스호텔해운대,관광호텔,영업,201812,,부산광역시 해운대구 구남로12번길 37 (우동),부산광역시 해운대구 우동 637-25,129.1578144,35.1615501
사하구,브라운도트호텔(하단점),관광호텔,영업,201812,,"부산광역시 사하구 낙동남로1423번길 47, 브라운도트관광호텔 (하단동)",부산광역시 사하구 하단동 512-4 브라운도트관광호텔,128.9658323,35.10833387
해운대구,베이몬드호텔,일반호텔,영업,201812,,부산광역시 해운대구 해운대해변로209번가길 27 (우동),부산광역시 해운대구 우동 648-8,129.1567475,35.15954834
강서구,베스티호텔,숙박업 기타,영업,201812,,"부산광역시 강서구 미음산단로 17, 베스티호텔1 (구랑동)",부산광역시 강서구 구랑동 1205-2 베스티호텔1,128.8539747,35.12819604
해운대구,(주)썬클라우드호텔,숙박업(생활),영업,201812,,"부산광역시 해운대구 해운대해변로 287, 씨클라우드 (중동)",부산광역시 해운대구 중동 1392-100 씨클라우드,129.1622152,35.16044098
해운대구,바게트호텔,숙박업(생활),영업,201811,,"부산광역시 해운대구 해운대해변로209번길 13, 4층 (우동)",부산광역시 해운대구 우동 877-2,129.1538481,35.15961481
해운대구,페어필드바이메리어트부산,일반호텔,영업,201811,,부산광역시 해운대구 해운대해변로 314 (중동),부산광역시 해운대구 중동 1400-60,129.1648463,35.1616389
수영구,에프앤비 스테이,숙박업(생활),영업,201811,,"부산광역시 수영구 민락본동로11번길 42, 9층 (민락동)",부산광역시 수영구 민락동 34-4,129.1262873,35.15744705
수영구,광안리 관광숙박,숙박업(생활),영업,201811,,"부산광역시 수영구 수영로464번길 22, 4층 (남천동)",부산광역시 수영구 남천동 28-10,129.111398,35.14694677
부산진구,브라운도트호텔(서면역점),일반호텔,영업,201811,,부산광역시 부산진구 가야대로756번길 16 (부전동),부산광역시 부산진구 부전동 511-1,129.0540192,35.15660547
해운대구,그레이샌즈 풀빌라,숙박업(생활),영업,201811,,"부산광역시 해운대구 송정해변로 30-1, 2~5층 (송정동)",부산광역시 해운대구 송정동 297-18,129.2027539,35.18091119
해운대구,송정 미연,숙박업(생활),영업,201810,,부산광역시 해운대구 송정광어골로 58-1 (송정동),부산광역시 해운대구 송정동 438-11,129.1958229,35.17645258
해운대구,부산 송정 놀다가(GO)풀빌라 펜션,숙박업(생활),영업,201810,,부산광역시 해운대구 송정구덕포길 130 (송정동),부산광역시 해운대구 송정동 809,129.197155,35.17006049
해운대구,포도펜션2,숙박업(생활),폐업,201810,202210,"부산광역시 해운대구 달맞이길62번길 67, 5층 (중동)",부산광역시 해운대구 중동 996-6,129.1738189,35.15687103
강서구,넘버25호텔,일반호텔,영업,201810,,"부산광역시 강서구 명지국제2로28번길 7, 9층 (명지동)",부산광역시 강서구 명지동 3602-2 9층,128.9081645,35.0940017
부산진구,다뉴브호텔,여관업,영업,201810,,부산광역시 부산진구 동천로85번길 13-5 (부전동),부산광역시 부산진구 부전동 168-414,129.0615896,35.15607342
중구,트립메이드,숙박업(생활),영업,201809,,부산광역시 중구 광복로85번길 5-5 (광복동1가),부산광역시 중구 광복동1가 15-5,129.0339622,35.09881169
중구,코코캡슐 게스트하우스,숙박업(생활),폐업,201808,202108,"부산광역시 중구 자갈치로47번길 5-7, 3~5층 (남포동5가)",부산광역시 중구 남포동5가 82-2,129.0290733,35.09742935
부산진구,티티호텔,관광호텔,영업,201808,,부산광역시 부산진구 새싹로 35 (부전동),부산광역시 부산진구 부전동 401-12,129.056476,35.1606445
해운대구,호텔 메리케이 센텀,일반호텔,폐업,201808,202507,부산광역시 해운대구 센텀3로 20 (우동),부산광역시 해운대구 우동 1505,129.1329128,35.16780174
동구,원웨이 게스트하우스,숙박업 기타,영업,201807,,"부산광역시 동구 중앙대로196번길 6-3, 1~5층 (초량동)","부산광역시 동구 초량동 1204-3 1층일부, 2층~5층",129.0401475,35.11413686
동구,워라밸 게스트하우스,숙박업(생활),영업,201807,,"부산광역시 동구 초량중로 11, 2층 (초량동)",부산광역시 동구 초량동 1057-85 2층,129.0362605,35.11316866
해운대구,선트리 호텔,관광호텔,영업,201807,,부산광역시 해운대구 달맞이길 209 (중동),부산광역시 해운대구 중동 1488-7,129.1832107,35.15950379
해운대구,앙스모멍,숙박업(생활),영업,201806,,부산광역시 해운대구 송정중앙로36번길 25 (송정동),부산광역시 해운대구 송정동 291-11,129.2031124,35.18144323
동구,아스티호텔,관광호텔,영업,201806,,"부산광역시 동구 중앙대로214번길 7-8, 지하5층~지상24층 (초량동)",부산광역시 동구 초량동 1201-1,129.0419738,35.1164603
수영구,호텔오션뷰,관광호텔,영업,201806,,"부산광역시 수영구 광안해변로278번길 42, 오션브릿지 B동 13~14층 (민락동)",부산광역시 수영구 민락동 181-154 오션브릿지,129.12452,35.15396447
중구,헤르메스호텔,일반호텔,영업,201805,,부산광역시 중구 보수대로 26 (부평동2가),부산광역시 중구 부평동2가 51-2 외1필지,129.0252292,35.09925027
서구,스타모텔,여관업,폐업,201805,202602,부산광역시 서구 천마로 203-1 (충무동3가),부산광역시 서구 충무동3가 11,129.0218778,35.0937462
강서구,GOOD프라임호텔,숙박업 기타,영업,201805,,"부산광역시 강서구 과학산단2로 12, 7,8층 (지사동)",부산광역시 강서구 지사동 1196-4,128.8309851,35.1498595
해운대구,씨엘드메르,숙박업(생활),폐업,201805,201901,"부산광역시 해운대구 해운대해변로298번길 29, 해운대푸르지오시티 (중동)",부산광역시 해운대구 중동 1123 해운대푸르지오시티,129.1668175,35.16109798
해운대구,씨엘드메르,일반호텔,폐업,201805,201901,"부산광역시 해운대구 해운대해변로298번길 29, 해운대푸르지오시티 (중동)",부산광역시 해운대구 중동 1123 해운대푸르지오시티,129.1668175,35.16109798
수영구,호스텔 휴,숙박업(생활),영업,201805,,"부산광역시 수영구 광남로 132, 호텔휴 6층 (광안동)",부산광역시 수영구 광안동 194-8 호텔휴,129.1170718,35.15318994
부산진구,사우스반데코 호텔,관광호텔,영업,201805,,부산광역시 부산진구 서면로 6 (부전동),부산광역시 부산진구 부전동 534-3,129.0582012,35.15103844
해운대구,휘겔리 스위트,일반호텔,영업,201805,,"부산광역시 해운대구 달맞이길62번가길 37, 6층 (중동)",부산광역시 해운대구 중동 1026,129.1719097,35.15846122
해운대구,해운대네이티브게스트하우스,숙박업 기타,폐업,201805,202103,부산광역시 해운대구 해운대해변로351번길 16-5 (중동),부산광역시 해운대구 중동 1267-22,129.1679721,35.16442286
해운대구,플레아드블랑(PLEA DE BLANC),숙박업(생활),영업,201805,,"부산광역시 해운대구 해운대해변로298번길 29, 해운대푸르지오시티 (중동)",부산광역시 해운대구 중동 1123 해운대푸르지오시티,129.1668175,35.16109798
해운대구,플레아드블랑(PLEA DE BLANC),일반호텔,영업,201805,,"부산광역시 해운대구 해운대해변로298번길 29, 해운대푸르지오시티 (중동)",부산광역시 해운대구 중동 1123 해운대푸르지오시티,129.1668175,35.16109798
중구,헤르메스,일반호텔,폐업,201804,201805,부산광역시 중구 보수대로 26 (부평동2가),부산광역시 중구 부평동2가 51-2 외 1필지,129.0252292,35.09925027
연제구,포시즌,숙박업(생활),영업,201804,,"부산광역시 연제구 월드컵대로 152, CMC빌딩 3,4,8~15층 (연산동)",부산광역시 연제구 연산동 1127-7 CMC빌딩,129.0798794,35.18697791
부산진구,시티호텔 지앤지,일반호텔,영업,201804,,부산광역시 부산진구 부전로20번길 36 (부전동),부산광역시 부산진구 부전동 521-17 외 1필지(521-26),129.0568762,35.15366641
해운대구,K게스트하우스 해운대1호점,일반호텔,폐업,201804,202209,"부산광역시 해운대구 구남로8번길 17, 지엠타워 3,4층 (우동)",부산광역시 해운대구 우동 540-8 지엠타워,129.1584102,35.16245754
중구,하운드 호텔(Hound Hotel),일반호텔,영업,201804,,부산광역시 중구 보수대로 24 (부평동2가),부산광역시 중구 부평동2가 51-3,129.0253253,35.09910551
부산진구,부산서면브라운도트호텔(Busan Seomyeon Brown-dot Hotel),일반호텔,영업,201803,,부산광역시 부산진구 황령대로7번길 20-11 (범천동),부산광역시 부산진구 범천동 858-52,129.0605939,35.14847654
영도구,밸류호텔부산,일반호텔,폐업,201803,202207,"부산광역시 영도구 태종로 45, 밸류호텔부산 (대교동1가)",부산광역시 영도구 대교동1가 40 밸류호텔부산,129.0373069,35.09381053
강서구,브라운도트 호텔,숙박업 기타,영업,201802,,부산광역시 강서구 신호일로72번길 33 (신호동),부산광역시 강서구 신호동 317-2,128.8707267,35.08333584
해운대구,호텔라온,관광호텔,영업,201802,,부산광역시 해운대구 송정광어골로 39 (송정동),부산광역시 해운대구 송정동 436-1,129.1973326,35.17766854
해운대구,문탠모텔,일반호텔,폐업,201802,202212,"부산광역시 해운대구 중동1로 44-2, 5~7층 (중동)",부산광역시 해운대구 중동 1394-350 5~7층,129.1633443,35.16165089
금정구,브라운도트호텔 구서역점,일반호텔,영업,201802,,부산광역시 금정구 중앙대로 1833 (구서동),부산광역시 금정구 구서동 85-7,129.091864,35.24793623
수영구,더블루호스텔,숙박업(생활),폐업,201802,201907,"부산광역시 수영구 광안해변로370번길 7, 해수월드 6층 (민락동)",부산광역시 수영구 민락동 110-14 해수월드,129.133556,35.15587435
수영구,누리호스텔,숙박업(생활),영업,201801,,"부산광역시 수영구 남천바다로33번길 86, 7층 (광안동)",부산광역시 수영구 광안동 197-34,129.1165911,35.15174813
수영구,마레파티하우스,숙박업(생활),영업,201712,,"부산광역시 수영구 민락수변로7번길 20, 2,7층 (민락동)",부산광역시 수영구 민락동 181-150,129.1248064,35.15530288
해운대구,더크립24,숙박업(생활),영업,201712,,"부산광역시 해운대구 해운대해변로359번길 27, 승훈빌딩 3~4층층 (중동)",부산광역시 해운대구 중동 1256-4 승훈빌딩 3~4층,129.1684005,35.1648835
해운대구,더크립56,숙박업(생활),폐업,201712,202606,"부산광역시 해운대구 해운대해변로359번길 27, 승훈빌딩 5~6층 (중동)",부산광역시 해운대구 중동 1256-4 승훈빌딩 5~6층,129.1684005,35.1648835
중구,넘버25시그니처호텔 대청점,관광호텔,영업,201712,,부산광역시 중구 대청로 107 (대청동2가),부산광역시 중구 대청동2가 7-1,129.0316853,35.10311908
해운대구,브라운도트호텔 송정점,관광호텔,영업,201712,,부산광역시 해운대구 송정광어골로 30 (송정동),부산광역시 해운대구 송정동 422-13,129.1972349,35.17878941
수영구,레드하우스,숙박업(생활),영업,201712,,"부산광역시 수영구 민락본동로11번길 79, 1-2층 (민락동)",부산광역시 수영구 민락동 182-4,129.1245814,35.15653596
해운대구,마마 게스트하우스 해운대점,숙박업 기타,영업,201712,,"부산광역시 해운대구 중동1로 40, 2층 (중동)",부산광역시 해운대구 중동 1394-228 2층,129.1632387,35.16202553
해운대구,센텀프리미어호텔,일반호텔,폐업,201711,202206,부산광역시 해운대구 센텀1로 17 (우동),부산광역시 해운대구 우동 1521 센텀프리미어호텔,129.1315947,35.16693706
해운대구,갱이하우스,숙박업(생활),영업,201711,,"부산광역시 해운대구 해운대해변로359번길 27, 7층 (중동)",부산광역시 해운대구 중동 1256-4 7층,129.1684005,35.1648835
부산진구,미호재 서면점,숙박업(생활),영업,201711,,부산광역시 부산진구 서전로10번길 22-7 (부전동),부산광역시 부산진구 부전동 156-50,129.0598627,35.15696047
해운대구,펀웨이브(FUNWAVE)게스트하우스,숙박업 기타,영업,201710,,"부산광역시 해운대구 중동1로 11-1, 3층 (우동)",부산광역시 해운대구 우동 601-15,129.1612748,35.16382409
해운대구,욜로미니(yolo mini),숙박업 기타,폐업,201710,202301,부산광역시 해운대구 송정중앙로36번길 5 (송정동),부산광역시 해운대구 송정동 251-2,129.2040735,35.18187368
수영구,딥슬립호스텔,숙박업(생활),폐업,201710,201909,"부산광역시 수영구 수영로 663, 2층 (광안동)",부산광역시 수영구 광안동 1078-4,129.1143108,35.16499172
수영구,(주)우리모두브라보 호텔1,관광호텔,영업,201710,,"부산광역시 수영구 광안해변로 203, 4~10층 (광안동)",부산광역시 수영구 광안동 196-3,129.1173761,35.15250082
수영구,광안리가,숙박업(생활),영업,201710,,"부산광역시 수영구 광안해변로 247-1, 5~8층 (민락동)",부산광역시 수영구 민락동 178-15,129.1209824,35.15509189
해운대구,마린케이풀빌라,숙박업(생활),영업,201709,,부산광역시 해운대구 송정광어골로 3 (송정동),부산광역시 해운대구 송정동 159-5,129.1992022,35.18061131
동구,온팍스 레지던스,숙박업(생활),폐업,201709,202408,"부산광역시 동구 중앙대로196번길 16-12, 3층 (초량동)",부산광역시 동구 초량동 1203-14,129.0405251,35.1131878
동구,브라운도트호텔(부산역),일반호텔,영업,201709,,"부산광역시 동구 중앙대로209번길 27, 브라운도트호텔 (초량동)",부산광역시 동구 초량동 444-3 브라운도트호텔,129.0384454,35.11629696
수영구,타임모텔,여관업,영업,201709,,"부산광역시 수영구 수영로 708-1, 2~4층 (광안동)",부산광역시 수영구 광안동 50-16,129.1169457,35.16765437
수영구,호텔프리마베라 in Busan,숙박업(생활),영업,201709,,"부산광역시 수영구 광안해변로278번길 42, 오션브릿지 A동 11,12층 (민락동)",부산광역시 수영구 민락동 181-154 오션브릿지,129.12452,35.15396447
해운대구,송정 해수락,숙박업(생활),영업,201709,,부산광역시 해운대구 송정해변로 8-17 (송정동),부산광역시 해운대구 송정동 265,129.2043509,35.18148817
수영구,No25호스텔,숙박업(생활),영업,201709,,"부산광역시 수영구 광안해변로284번길 16, 1~2층 (민락동)",부산광역시 수영구 민락동 181-177,129.1248464,35.15520248
연제구,더킹호텔,관광호텔,영업,201709,,"부산광역시 연제구 과정로 161, 2~10층 (연산동)",부산광역시 연제구 연산동 417-3,129.1068383,35.18591159
중구,호텔 모모,일반호텔,영업,201709,,"부산광역시 중구 용미길9번길 6-9, 2~8층 (남포동1가)",부산광역시 중구 남포동1가 35-1 2~8층,129.0354598,35.09673269
중구,골든 하우스,숙박업(생활),폐업,201709,201712,"부산광역시 중구 흑교로17번길 18, 5~9층 (부평동4가)",부산광역시 중구 부평동4가 24-16 5~9층,129.0233648,35.10115794
수영구,뉴시즈 광안 호텔,관광호텔,영업,201708,,"부산광역시 수영구 민락본동로 12-4, 2~9층 (민락동)",부산광역시 수영구 민락동 121-8,129.1287056,35.15764385
중구,비엔비 펜션(BnB),숙박업 기타,영업,201708,,부산광역시 중구 대청로126번길 34 (동광동2가),부산광역시 중구 동광동2가 11-46,129.0343315,35.10000645
중구,스탠포드호텔 부산,관광호텔,영업,201708,,"부산광역시 중구 구덕로 53, 2~15층 (남포동5가)",부산광역시 중구 남포동5가 56-1,129.0299208,35.0979169
사상구,M타이모텔,여관업,영업,201708,,"부산광역시 사상구 광장로81번길 51, 2~4층 (괘법동)",부산광역시 사상구 괘법동 272-22 2~4층,128.9841636,35.16464945
수영구,에이치에비뉴(H-AVENUE)광안리점,관광호텔,영업,201708,,"부산광역시 수영구 민락수변로 29, 11~12층 (민락동)",부산광역시 수영구 민락동 181-223,129.1247215,35.15328369
중구,호텔콘트,일반호텔,영업,201708,,부산광역시 중구 용두산길 12 (대청동2가),부산광역시 중구 대청동2가 30-17 1~8층,129.0314107,35.10187009
수영구,브라운도트호텔,관광호텔,폐업,201708,201709,"부산광역시 수영구 광안해변로278번길 42, A동 11,12,14층 (민락동)",부산광역시 수영구 민락동 181-154,129.12452,35.15396447
중구,케이 친구(K친구),숙박업(생활),폐업,201707,202304,부산광역시 중구 광복로49번길 38 (대청동2가),부산광역시 중구 대청동2가 23-3,129.0304783,35.10257526
해운대구,오게스트앤미니호텔,숙박업 기타,영업,201707,,"부산광역시 해운대구 구남로8번길 11, 2~3층 (우동)",부산광역시 해운대구 우동 540-12 2~3층,129.1585953,35.16262206
해운대구,카이브 부산송정3호점,숙박업(생활),영업,201707,,부산광역시 해운대구 송정광어골로 67 (송정동),부산광역시 해운대구 송정동 442-5,129.1964908,35.17542892
부산진구,엘라,숙박업(생활),영업,201707,,"부산광역시 부산진구 전포대로223번길 10-1, 2층 (전포동)",부산광역시 부산진구 전포동 671-11,129.0646096,35.15671847
중구,(주)센트럴파크호텔 부산,일반호텔,영업,201707,,부산광역시 중구 해관로 20 (중앙동1가),부산광역시 중구 중앙동1가 22-7,129.0359501,35.10050078
수영구,몰디브호텔,숙박업(생활),영업,201707,,"부산광역시 수영구 광남로 29, 3층 (남천동)",부산광역시 수영구 남천동 27-23,129.1106362,35.1455359
해운대구,(주)블루비치호텔,일반호텔,폐업,201707,202405,부산광역시 해운대구 청사포로128번길 40 (중동),부산광역시 해운대구 중동 598,129.1907437,35.16029374
해운대구,라마다 앙코르 해운대 호텔,일반호텔,영업,201707,,부산광역시 해운대구 구남로 9 (우동),부산광역시 해운대구 우동 603-19,129.1596081,35.16329804
수영구,안리하우스 광안,숙박업(생활),영업,201707,,"부산광역시 수영구 민락수변로 13, 2층 (민락동)",부산광역시 수영구 민락동 181-141,129.1241348,35.15472163
기장군,아난티 앳 부산 코브 호텔,관광호텔,영업,201706,,"부산광역시 기장군 기장읍 기장해안로 268-32, 2층~10층",부산광역시 기장군 기장읍 시랑리 704-1,129.2283654,35.19785566
수영구,커플라운지 호스텔,숙박업(생활),폐업,201706,202102,"부산광역시 수영구 광안해변로 237, 6~8층 601,701,801호 (민락동)",부산광역시 수영구 민락동 179-11 테마타워,129.1199279,35.15473545
수영구,보나트리호텔(BONA TREE HOTEL),관광호텔,영업,201706,,"부산광역시 수영구 광안해변로284번길 3, 지하1~지상8층 (민락동)",부산광역시 수영구 민락동 181-90,129.1250482,35.15566084
해운대구,에스스테이,숙박업(생활),영업,201706,,부산광역시 해운대구 송정중앙로36번길 42 (송정동),부산광역시 해운대구 송정동 329-1,129.2021087,35.18141287
해운대구,아크블루호텔(ARK BLUE HOTEL),숙박업(생활),영업,201706,,"부산광역시 해운대구 해운대해변로209번가길 25, 2,9층 (우동)",부산광역시 해운대구 우동 648-9,129.1565552,35.15959575
중구,24게스트하우스 남포역,숙박업(생활),폐업,201706,202011,부산광역시 중구 구덕로 9-1 (남포동1가),부산광역시 중구 남포동1가 22-3,129.0345677,35.09757852
해운대구,스테이하우스,숙박업 기타,폐업,201706,201906,"부산광역시 해운대구 구남로21번길 11-14, 1~2층 (우동)",부산광역시 해운대구 우동 548-37 1~2층,129.1604217,35.16281972
동구,싱글싱글,숙박업(생활),영업,201706,,"부산광역시 동구 초량중로 18-1, 1-4층 (초량동)",부산광역시 동구 초량동 597-8,129.0368113,35.11369871
수영구,루크하우스,숙박업(생활),영업,201706,,"부산광역시 수영구 남천바다로 31-1, 7~8층 (광안동, AK빌딩)",부산광역시 수영구 광안동 203-18,129.1140304,35.14874159
해운대구,아크블루 호텔,일반호텔,영업,201705,,부산광역시 해운대구 해운대해변로209번가길 25 (우동),부산광역시 해운대구 우동 648-9,129.1565552,35.15959575
기장군,아난티펜트하우스해운대,숙박업(생활),영업,201705,,"부산광역시 기장군 기장읍 기장해안로 268-31, 지하3~지상10층",부산광역시 기장군 기장읍 시랑리 704 지하3층~지상10층,129.2286577,35.19958999
부산진구,케이 서면점,숙박업 기타,영업,201704,,"부산광역시 부산진구 신천대로62번길 44, 4층~5층 (부전동)",부산광역시 부산진구 부전동 232-16 4층~5층,129.0585784,35.15269917
중구,하루애 호텔,여관업,영업,201704,,부산광역시 중구 부평2길 20-8 (부평동1가),부산광역시 중구 부평동1가 30-19 외 1필지,129.0268718,35.10022716
수영구,브라운도트 호텔,관광호텔,영업,201704,,부산광역시 수영구 남천바다로33번길 31 (광안동),부산광역시 수영구 광안동 202-4,129.1147895,35.14981569
해운대구,신라스테이 해운대,관광호텔,영업,201704,,"부산광역시 해운대구 해운대로570번길 46, 2~15층 (우동)",부산광역시 해운대구 우동 626-9,129.1597113,35.16044262
중구,책앤아웃 호스텔,관광호텔,영업,201703,,부산광역시 중구 초량중로 8-1 (영주동),부산광역시 중구 영주동 20-10,129.0363547,35.11280811
동구,엘레펀트하우스(Elephant House),숙박업(생활),폐업,201703,201808,"부산광역시 동구 초량중로 13-2 (초량동, 3층,4층)","부산광역시 동구 초량동 1057-6 3층,4층",129.0363933,35.11344448
남구,송백빌,숙박업(생활),폐업,201703,201808,부산광역시 남구 유엔평화로3번길 37 (대연동),부산광역시 남구 대연동 1729-7,129.0940511,35.13476919
사상구,버튼호텔 사상점,일반호텔,영업,201703,,부산광역시 사상구 사상로211번길 22-4 (괘법동),부산광역시 사상구 괘법동 526-25,128.9826657,35.16407972
동구,소호스텔,숙박업(생활),영업,201703,,"부산광역시 동구 중앙대로226번길 3-2 (초량동, 4-6층, 7층 일부)","부산광역시 동구 초량동 1197-6 4-6층, 7층일부",129.0416497,35.11707354
동래구,대성관온천호텔,여관업,영업,201702,,"부산광역시 동래구 금강로124번길 19, 4~7층 (온천동)",부산광역시 동래구 온천동 215-1,129.0811306,35.21958644
해운대구,비타민송,숙박업(생활),폐업,201702,201909,"부산광역시 해운대구 송정중앙로36번길 56, 1~2층 (송정동)",부산광역시 해운대구 송정동 325-1 1~2층,129.201413,35.18119002
수영구,온더베이 스테이,숙박업(생활),영업,201702,,"부산광역시 수영구 광안로62번길 1, 3~4층 (광안동)",부산광역시 수영구 광안동 192-1,129.1187136,35.1545545
중구,(주)아이에이치엠 호텔포레 프리미어 남포지점,일반호텔,영업,201702,,부산광역시 중구 구덕로 54-1 (남포동5가),부산광역시 중구 남포동5가 8-1,129.0297112,35.09838211
북구,편한게스트하우스,숙박업 기타,폐업,201702,201811,"부산광역시 북구 만덕대로 84 (덕천동, 4층 일부)",부산광역시 북구 덕천동 387-7,129.0140808,35.21204917
부산진구,시크릿,여관업,폐업,201702,201707,부산광역시 부산진구 서면로 16 (부전동),부산광역시 부산진구 부전동 534-1,129.0581845,35.15201697
동래구,대성관호텔,여관업,폐업,201702,201702,"부산광역시 동래구 금강로124번길 19, 4~7층 (온천동)",부산광역시 동래구 온천동 215-1,129.0811306,35.21958644
수영구,HY리얼티,숙박업 기타,영업,201702,,"부산광역시 수영구 광안해변로290번길 6, 2,7층 (민락동)",부산광역시 수영구 민락동 181-91,129.1252307,35.15583724
기장군,더원호텔,여관업,영업,201701,,"부산광역시 기장군 정관읍 산단2로 31-4, 1~3층",부산광역시 기장군 정관읍 달산리 1049-13,129.1843219,35.31643914
동구,디노호텔,일반호텔,영업,201701,,부산광역시 동구 초량로13번길 73 (초량동),부산광역시 동구 초량동 509,129.0388241,35.11584144
해운대구,이너피스,숙박업(생활),영업,201701,,부산광역시 해운대구 송정광어골로82번길 16 (송정동),부산광역시 해운대구 송정동 444-9,129.195758,35.17423788
중구,24 게스트하우스 자갈치,숙박업(생활),폐업,201701,202202,부산광역시 중구 구덕로 87-1 (남포동6가),부산광역시 중구 남포동6가 113-1,129.026403,35.09681495
수영구,스테이히얼(stay here),숙박업(생활),영업,201701,,"부산광역시 수영구 광안해변로295번길 4-11, 2~4층 (민락동)",부산광역시 수영구 민락동 181-52,129.1260318,35.15712406
중구,반달호텔,관광호텔,영업,201701,,부산광역시 중구 해관로 79-1 (중앙동4가),부산광역시 중구 중앙동4가 52-8,129.035185,35.10607561
수영구,하운드호텔,관광호텔,영업,201701,,"부산광역시 수영구 남천바다로33번길 12, 지상 1~8층 (광안동)",부산광역시 수영구 광안동 204-5,129.1145069,35.14890811
부산진구,아르반호텔,일반호텔,폐업,201612,202009,"부산광역시 부산진구 중앙대로691번길 32, 4층 (부전동)",부산광역시 부산진구 부전동 517-60,129.0572428,35.15468905
수영구,호텔 마린뷰,숙박업(생활),영업,201612,,"부산광역시 수영구 광안해변로278번길 42, B동 11~12층 (민락동)",부산광역시 수영구 민락동 181-154,129.12452,35.15396447
중구,케이게스트하우스 남포,숙박업(생활),영업,201612,,부산광역시 중구 남포길 40-2 (남포동2가),부산광역시 중구 남포동2가 36-22,129.0330498,35.09801922
동구,르이데아호텔,일반호텔,영업,201611,,부산광역시 동구 중앙대로180번길 16-10 (초량동),부산광역시 동구 초량동 1213-9,129.040108,35.11212728
중구,소유호텔,일반호텔,영업,201611,,"부산광역시 중구 대청로126번길 23 (동광동2가, 동남빌딩)",부산광역시 중구 동광동2가 16-5,129.0343144,35.10084716
해운대구,송정 카라반 펜션,숙박업(생활),영업,201611,,부산광역시 해운대구 송정중앙로6번길 180 (송정동),부산광역시 해운대구 송정동 437-7,129.1967732,35.17663469
중구,더로컬,숙박업 기타,폐업,201611,202103,부산광역시 중구 중구로44번길 19-1 (신창동1가),부산광역시 중구 신창동1가 32-3,129.0299767,35.10191655
동구,케이게스트하우스부산역(K-GuestHouse Busan Station),숙박업(생활),폐업,201611,202101,"부산광역시 동구 중앙대로236번길 7-5, 2,3층 (초량동)","부산광역시 동구 초량동 1194-9 2,3층",129.0423463,35.11806316
부산진구,부산 트레블 타이,숙박업(생활),폐업,201611,202306,부산광역시 부산진구 서면로68번길 52 (부전동),부산광역시 부산진구 부전동 242-13,129.0582366,35.15469401
남구,하운드호텔 대연점,일반호텔,영업,201611,,부산광역시 남구 유엔평화로4번길 34 (대연동),부산광역시 남구 대연동 1751-16,129.0899445,35.13458593
부산진구,24게스트하우스 서면점,여관업,폐업,201610,202605,"부산광역시 부산진구 신천대로62번길 46, 3~4층 (부전동)",부산광역시 부산진구 부전동 232-15,129.0585794,35.15281769
기장군,브라운도트호텔,관광호텔,영업,201610,,"부산광역시 기장군 정관읍 산단1로 98-31, 1~8층",부산광역시 기장군 정관읍 달산리 1049-5,129.1817089,35.3160871
중구,이지스테이(EZSTAY),숙박업(생활),영업,201610,,부산광역시 중구 광복로67번길 30-13 (광복동2가),부산광역시 중구 광복동3가 5-51,129.0314963,35.09979493
해운대구,25th호스텔,숙박업(생활),폐업,201610,202104,"부산광역시 해운대구 송정광어골로 29, 3층 (송정동)",부산광역시 해운대구 송정동 313-10,129.1979103,35.17847241
수영구,어반하우스,숙박업(생활),영업,201610,,"부산광역시 수영구 민락수변로7번길 16, 6층 (민락동)",부산광역시 수영구 민락동 181-149,129.1245618,35.15524901
수영구,B612호스텔(B612 Hostel),숙박업(생활),폐업,201610,202204,"부산광역시 수영구 광안해변로 179, 6층 (광안동)",부산광역시 수영구 광안동 200-4,129.1157665,35.15059728
사상구,프리미엄아바호텔,여관업,영업,201609,,"부산광역시 사상구 새벽로223번길 26, 1~9층 (괘법동)",부산광역시 사상구 괘법동 559-4,128.9828259,35.16147302
해운대구,스테이안,숙박업(생활),영업,201609,,부산광역시 해운대구 해운대로 107 (재송동),부산광역시 해운대구 재송동 1071-27,129.1212664,35.18764702
동구,(주)브라운도트호텔범일,일반호텔,영업,201608,,부산광역시 동구 중앙대로 528 (범일동),부산광역시 동구 범일동 62-741,129.0569594,35.14026682
해운대구,에이치 모먼트 펜션 A,숙박업 기타,영업,201607,,"부산광역시 해운대구 송정해변로 4, 3~5층 (송정동)",부산광역시 해운대구 송정동 288-1 3~5층,129.2053326,35.18127599
연제구,포시즌게스트하우스,숙박업(생활),폐업,201607,201908,"부산광역시 연제구 월드컵대로 152, 15층 (연산동)",부산광역시 연제구 연산동 1127-7 15층,129.0798794,35.18697791
해운대구,송정아토 호스텔,숙박업(생활),영업,201607,,"부산광역시 해운대구 송정강변로 23, 2~4층 (송정동)",부산광역시 해운대구 송정동 195-3,129.2053677,35.1835731
동래구,라세느모텔,여관업,폐업,201607,202012,부산광역시 동래구 차밭골로20번길 48 (온천동),부산광역시 동래구 온천동 186-5,129.0813533,35.21780246
기장군,호텔라움,여관업,영업,201607,,부산광역시 기장군 정관읍 산단1로 98-17,부산광역시 기장군 정관읍 달산리 1049-3,129.18097,35.31609873
해운대구,스테이모어호스텔,숙박업(생활),폐업,201607,202410,부산광역시 해운대구 송정광어골로 88 (송정동),부산광역시 해운대구 송정동 445-5,129.1962949,35.17373407
중구,지엔비 호텔,일반호텔,영업,201607,,부산광역시 중구 흑교로 19 (부평동3가),부산광역시 중구 부평동3가 40-5,129.0248159,35.10124365
해운대구,제이게스트하우스,숙박업 기타,폐업,201607,201805,"부산광역시 해운대구 해운대로570번길 37-1, 2~4층 (우동)",부산광역시 해운대구 우동 634-15 2~4층,129.1580972,35.16038399
사상구,소르젠떼비지니스호텔,관광호텔,영업,201607,,"부산광역시 사상구 광장로81번길 55, 1~8층 (괘법동)",부산광역시 사상구 괘법동 272-26,128.9839882,35.16487193
중구,엠유,일반호텔,영업,201607,,부산광역시 중구 대청로126번길 36 (동광동2가),부산광역시 중구 동광동2가 11-6,129.0342431,35.09990943
남구,르이데아호텔,일반호텔,영업,201607,,부산광역시 남구 유엔평화로 35 (대연동),부산광역시 남구 대연동 889-4,129.0924201,35.13190202
부산진구,주안,숙박업(생활),영업,201607,,"부산광역시 부산진구 범일로131번길 61, 2~4층 (범천동)",부산광역시 부산진구 범천동 881-60,129.0585479,35.14399576
사하구,J(제이)  모텔,여관업,폐업,201606,202011,부산광역시 사하구 사하로 201-3 (괴정동),부산광역시 사하구 괴정동 970-27,128.9927458,35.09948574
중구,게스트하우스 시나몬트리,숙박업 기타,폐업,201606,202312,"부산광역시 중구 용미길9번길 6, 2~4층 (남포동1가)",부산광역시 중구 남포동1가 36-1,129.0354247,35.09684277
해운대구,소노문 해운대,관광호텔,영업,201606,,"부산광역시 해운대구 해운대해변로237번길 12 (우동, 1층(일부), 3~18층,20층)","부산광역시 해운대구 우동 629-3 1층(일부),3~18층,20층",129.1579596,35.15992191
해운대구,부띠크 엘리시아,일반호텔,영업,201606,,"부산광역시 해운대구 구남로 49, 엘리시아 (중동)",부산광역시 해운대구 중동 1392-26 엘리시아,129.1621772,35.1601635
해운대구,할매온천힐링센터,숙박업 기타,영업,201605,,"부산광역시 해운대구 중동2로10번길 7, 2층 (일부)호 (중동)",부산광역시 해운대구 중동 1373-10 2층(일부),129.1648761,35.1632085
사상구,루이스호텔,일반호텔,영업,201605,,부산광역시 사상구 사상로211번길 14-6 (괘법동),부산광역시 사상구 괘법동 526-50,128.9829805,35.16406125
사상구,루이스호텔,일반호텔,영업,201605,,부산광역시 사상구 사상로211번길 14-8 (괘법동),부산광역시 사상구 괘법동 526-49,128.98289,35.16417548
수영구,블루아트게스트하우스,숙박업 기타,폐업,201605,201704,"부산광역시 수영구 민락본동로11번길 21, 2층 (민락동)",부산광역시 수영구 민락동 140-5,129.1273803,35.15759862
해운대구,캔버스(CANVAS),숙박업(생활),영업,201605,,부산광역시 해운대구 해운대해변로197번길 13 (우동),부산광역시 해운대구 우동 762-2,129.152663,35.1591496
해운대구,더 베이 게스트하우스,숙박업 기타,폐업,201604,202011,"부산광역시 해운대구 구남로41번길 19-1, 2~3층 (중동)",부산광역시 해운대구 중동 1394-245 2~3층,129.1620302,35.1614508
수영구,켄트호텔 광안리,숙박업(생활),영업,201604,,"부산광역시 수영구 광안해변로 229, 5~14층 (광안동)",부산광역시 수영구 광안동 192-7 외2필지,129.1191403,35.15423427
부산진구,더블린 호텔,여관업,영업,201604,,부산광역시 부산진구 가야대로784번길 56-12 (부전동),부산광역시 부산진구 부전동 519-21,129.0566051,35.15508315
해운대구,아이엠 레지던스,숙박업 기타,폐업,201604,202112,"부산광역시 해운대구 구남로8번길 31, 1층, 5~7층 (우동)","부산광역시 해운대구 우동 638-4 1층, 5~7층",129.1578243,35.16213064
수영구,라메르 광안 스테이,숙박업(생활),영업,201603,,"부산광역시 수영구 남천바다로33번길 15, 1~6층 (광안동)",부산광역시 수영구 광안동 203-4,129.1143267,35.14919297
해운대구,해운대 펜트하우스,숙박업(생활),영업,201603,,"부산광역시 해운대구 중동1로 17, 8층 (중동)",부산광역시 해운대구 중동 1394-15 8층,129.1618632,35.1635247
중구,호텔 토브,관광호텔,영업,201602,,부산광역시 중구 백산길 15 (동광동3가),부산광역시 중구 동광동3가 14,129.0346643,35.10153711
연제구,시애틀비호텔,관광호텔,영업,201601,,"부산광역시 연제구 거제천로154번길 42, 시애틀비 호텔 1~10층 (연산동)",부산광역시 연제구 연산동 1255-4 시애틀비 호텔,129.0789021,35.1863018
기장군,기장호텔,여관업,영업,201601,,부산광역시 기장군 기장읍 차성남로 57,부산광역시 기장군 기장읍 대라리 126-8 9호,129.2144745,35.24139662
해운대구,토요코인 부산 해운대Ⅱ,관광호텔,영업,201601,,부산광역시 해운대구 해운대해변로237번길 5 (우동),부산광역시 해운대구 우동 648-2,129.1573807,35.159539
동구,온정스테이,숙박업 기타,영업,201601,,"부산광역시 동구 중앙대로196번길 16-12, 5층 (초량동)",부산광역시 동구 초량동 1203-14 5층,129.0405251,35.1131878
중구,부산게스트하우스 숨 가로수길점,숙박업 기타,폐업,201601,202107,부산광역시 중구 해관로 36 (중앙동2가),부산광역시 중구 중앙동2가 15-4,129.035884,35.10202027
동구,미호재 부산역점,숙박업(생활),영업,201601,,"부산광역시 동구 중앙대로214번길 3-4, 삼보빌딩 3층일부 4,5층 (초량동)",부산광역시 동구 초량동 1200-8 삼보빌딩,129.0412801,35.11638729
해운대구,모네의 여름,숙박업(생활),영업,201512,,부산광역시 해운대구 송정광어골로 65 (송정동),부산광역시 해운대구 송정동 442-4,129.1964599,35.17560676
해운대구,하루가테라스해운대,숙박업(생활),영업,201512,,"부산광역시 해운대구 해운대로594번가길 47, 5층 (우동, 엘리시아부설주차장)",부산광역시 해운대구 우동 635-9 엘리시아부설주차장 5층,129.1589956,35.16064433
해운대구,에스씨 헬싱키 호텔(SC HELSINKI HOTEL),일반호텔,폐업,201512,202112,부산광역시 해운대구 구남로12번길 32 (우동),부산광역시 해운대구 우동 638-3,129.1579395,35.16198345
부산진구,아르반호텔,일반호텔,폐업,201512,202006,"부산광역시 부산진구 중앙대로691번길 32, 씨엔티빌딩 3층,8~13층 층 301,801,901,1001,1101,1201,130호 (부전동)","부산광역시 부산진구 부전동 517-60 씨엔티빌딩 3층,8~13층",129.0572428,35.15468905
해운대구,베니키아호텔 해운대,관광호텔,영업,201511,,"부산광역시 해운대구 해운대해변로 317, 4~19층 (중동)",부산광역시 해운대구 중동 1398-23 4~19층,129.1648254,35.16226
해운대구,부산송정,숙박업(생활),영업,201511,,부산광역시 해운대구 송정중앙로39번길 3 (송정동),부산광역시 해운대구 송정동 203-13,129.2045537,35.1823701
부산진구,티알티호텔(TRT HOTEL),관광호텔,영업,201511,,"부산광역시 부산진구 부전로 33-1, 3~7층 (부전동)",부산광역시 부산진구 부전동 526-18 3~7층,129.055817,35.15322838
동구,민트 파라다이스,숙박업(생활),폐업,201510,202306,부산광역시 동구 대영로239번길 20 (초량동),부산광역시 동구 초량동 604-1,129.0372839,35.11306348
동구,파밀리에 게스트하우스,숙박업(생활),폐업,201510,201511,"부산광역시 동구 중앙대로214번길 3-4, 4,5층 (초량동)","부산광역시 동구 초량동 1200-8 4,5층",129.0412801,35.11638729
동구,베스트인시티호텔,관광호텔,폐업,201510,202212,부산광역시 동구 고관로 7 (초량동),부산광역시 동구 초량동 48-1,129.0414658,35.12033238
중구,제이모텔,여관업,영업,201510,,부산광역시 중구 남포길 12-2 (남포동5가),부산광역시 중구 남포동5가 6-3,129.0301004,35.0986821
해운대구,비치스테이,숙박업 기타,영업,201510,,"부산광역시 해운대구 구남로41번길 46, 2~5층 (중동)",부산광역시 해운대구 중동 1394-2 2~5층,129.1630445,35.16214444
중구,폭시호텔,여관업,영업,201510,,부산광역시 중구 중앙대로41번길 24 (동광동3가),부산광역시 중구 동광동3가 47-4,129.0337943,35.10094473
중구,게스트하우스 나우,숙박업(생활),폐업,201510,201803,부산광역시 중구 흑교로71번길 20 (보수동3가),부산광역시 중구 보수동3가 29-3,129.0220863,35.10479562
사상구,크라운별장,숙박업 기타,영업,201510,,"부산광역시 사상구 사상로243번길 9, 2~3층 (괘법동)",부산광역시 사상구 괘법동 524-4 2~3층,,
중구,하늘섬 게스트하우스,숙박업 기타,폐업,201509,202203,부산광역시 중구 광복로97번길 14 (동광동1가),부산광역시 중구 동광동1가 6-7,129.0354176,35.09986094
수영구,광안숲,숙박업 기타,영업,201509,,"부산광역시 수영구 광남로 106, 3층 (광안동)",부산광역시 수영구 광안동 199-12,129.1155436,35.15122382
서구,99.9 호텔,여관업,영업,201509,,부산광역시 서구 송도해변로 205 (암남동),부산광역시 서구 암남동 171-16 외2필지,129.021982,35.07941229
해운대구,J.SUN 호스텔,숙박업(생활),영업,201509,,"부산광역시 해운대구 우동1로20번길 5, 1,2층 (우동)",부산광역시 해운대구 우동 532-25,129.1570103,35.16384603
해운대구,베스트웨스턴 해운대호텔,일반호텔,영업,201509,,"부산광역시 해운대구 구남로 42, 2층일부,3~15층 (중동)",부산광역시 해운대구 중동 1391-42,129.1611624,35.16045539
해운대구,송정 알리바바,숙박업(생활),영업,201509,,"부산광역시 해운대구 송정중앙로36번길 21, 1~5층 (송정동)",부산광역시 해운대구 송정동 291-2,129.2033739,35.1814739
해운대구,전망좋은 모텔,여관업,폐업,201509,202004,"부산광역시 해운대구 달맞이길62번길 23, 3,5,6층 (중동)","부산광역시 해운대구 중동 957-9 3, 5, 6층",129.1703699,35.15924281
수영구,헤븐리펜트하우스,숙박업 기타,영업,201508,,"부산광역시 수영구 민락수변로 13-1, 10층 (민락동)",부산광역시 수영구 민락동 181-143,129.1241683,35.15462201
해운대구,썬앤문 게스트하우스,숙박업(생활),폐업,201508,201802,"부산광역시 해운대구 달맞이길 193, 2층 (중동)",부산광역시 해운대구 중동 1489-4 2층,129.1824926,35.15851932
중구,미니호텔메이 남포,여관업,영업,201508,,부산광역시 중구 구덕로34번길 4 (남포동2가),부산광역시 중구 남포동2가 25-10,129.0322984,35.09829654
수영구,광안리오션프론트,숙박업 기타,영업,201508,,"부산광역시 수영구 광안해변로 247, 6층 (민락동)",부산광역시 수영구 민락동 178-19,129.120842,35.1550344
해운대구,더휴해운대,숙박업(생활),영업,201508,,"부산광역시 해운대구 중동1로 22, 2~3층 (중동)",부산광역시 해운대구 중동 1394-37 2~3층,129.1618456,35.16310135
수영구,샤토드메종,숙박업 기타,폐업,201508,201701,"부산광역시 수영구 망미번영로70번길 16, 1층 (수영동)",부산광역시 수영구 수영동 466-2,129.1109978,35.17275573
해운대구,일로와 스테이,숙박업(생활),영업,201507,,부산광역시 해운대구 달맞이길62번가길 31 (중동),부산광역시 해운대구 중동 964,129.171614,35.1586543
해운대구,시타딘해운대호텔,숙박업(생활),폐업,201507,202006,"부산광역시 해운대구 해운대로 620, 4~42층 (우동)",부산광역시 해운대구 우동 539-10 4~42층,129.1584916,35.1629774
수영구,플라야(PLAYA),숙박업 기타,영업,201507,,"부산광역시 수영구 광안해변로 191, 4~5층 (광안동)",부산광역시 수영구 광안동 197-16,129.1166653,35.15156849
수영구,벡스코호스텔,숙박업 기타,영업,201507,,"부산광역시 수영구 광안해변로284번길 43, 2~3층 (민락동)",부산광역시 수영구 민락동 181-212,129.1256032,35.15403692
동래구,신라원텔,숙박업(생활),폐업,201507,201806,부산광역시 동래구 금강로106번길 30 (온천동),부산광역시 동래구 온천동 189-31,129.0808958,35.21817641
해운대구,호텔 더 마크 해운대(Hotel The Mark Haeundae),숙박업(생활),영업,201507,,부산광역시 해운대구 해운대해변로298번길 29 (중동),부산광역시 해운대구 중동 1123,129.1668175,35.16109798
해운대구,호텔 더 마크 해운대(Hotel The Mark Haeundae),일반호텔,영업,201507,,부산광역시 해운대구 해운대해변로298번길 29 (중동),부산광역시 해운대구 중동 1123,129.1668175,35.16109798
사하구,휴 모텔,여관업,영업,201507,,부산광역시 사하구 낙동대로224번길 1-2 (괴정동),부산광역시 사하구 괴정동 975-12,128.9920171,35.10031562
해운대구,부산관광호스텔,숙박업(생활),폐업,201507,202103,부산광역시 해운대구 송정중앙로33번길 15 (송정동),부산광역시 해운대구 송정동 201-3,129.2043766,35.18310066
중구,WA(와)호텔,일반호텔,영업,201506,,부산광역시 중구 광복로97번안길 5 (광복동1가),부산광역시 중구 광복동1가 33,129.0349873,35.09905238
해운대구,송정 오셔너스,숙박업(생활),영업,201506,,"부산광역시 해운대구 송정광어골로 47, 6~9층 (송정동)",부산광역시 해운대구 송정동 437-1,129.1969086,35.17701206
해운대구,해리움 호텔,일반호텔,영업,201506,,부산광역시 해운대구 해운대해변로197번길 10-9 (우동),부산광역시 해운대구 우동 762-45,129.1533201,35.15930729
해운대구,프롬게스트하우스,숙박업 기타,폐업,201506,201905,"부산광역시 해운대구 송정광어골로 15-1, 3,4층 (송정동)",부산광역시 해운대구 송정동 312-6,129.1986089,35.17954157
수영구,문베이호텔,관광호텔,영업,201505,,"부산광역시 수영구 남천바다로33번길 51, 1~9층 (광안동)",부산광역시 수영구 광안동 199-5,129.1154344,35.15065827
중구,스테이 가온,숙박업 기타,영업,201505,,"부산광역시 중구 중앙대로 24, 7층 701호 (중앙동6가, 주경빌딩)",부산광역시 중구 중앙동6가 70-1 주경빌딩 701호,129.0369286,35.09968874
해운대구,해운대타이,숙박업(생활),폐업,201505,201810,"부산광역시 해운대구 구남로 19, 2층 (우동)",부산광역시 해운대구 우동 618-17,129.1602609,35.16232905
부산진구,주식회사 부산비즈니스호텔,관광호텔,영업,201505,,부산광역시 부산진구 부전로 67 (부전동),부산광역시 부산진구 부전동 512-4,129.0545283,35.15611224
중구,테라게스트하우스2,숙박업 기타,폐업,201504,202212,부산광역시 중구 자갈치로48번길 3 (남포동5가),부산광역시 중구 남포동5가 104-1,129.0298681,35.09698336
해운대구,호텔 씨엘드메르 해운대,숙박업(생활),폐업,201504,201805,부산광역시 해운대구 해운대해변로298번길 29 (중동),부산광역시 해운대구 중동 1123,129.1668175,35.16109798
해운대구,호텔 씨엘드 메르 해운대,일반호텔,폐업,201504,201805,"부산광역시 해운대구 해운대해변로298번길 29 (중동, 중동 대우푸르지오시티)",부산광역시 해운대구 중동 1123,129.1668175,35.16109798
수영구,투헤븐호텔(2HEAVEN HOTEL),관광호텔,영업,201504,,"부산광역시 수영구 남천바다로33번길 25, 1~4층 (광안동)",부산광역시 수영구 광안동 202-8,129.1145706,35.14951146
해운대구,이코노미 해운대,숙박업 기타,영업,201503,,"부산광역시 해운대구 구남로12번길 11, 3~4층 (우동)",부산광역시 해운대구 우동 541-11 3~4층,129.1590808,35.16227693
수영구,제이스테이,숙박업 기타,영업,201503,,"부산광역시 수영구 남천바다로 31-1, 4~6층 (광안동)",부산광역시 수영구 광안동 203-18,129.1140304,35.14874159
부산진구,더클럽호텔,일반호텔,영업,201503,,부산광역시 부산진구 중앙대로691번길 46 (부전동),부산광역시 부산진구 부전동 520-3 외 2필지,129.0564328,35.15484126
해운대구,올라호텔,관광호텔,영업,201503,,부산광역시 해운대구 송정광어골로 49 (송정동),부산광역시 해운대구 송정동 437-9,129.1968208,35.17686567
동구,아몬드호텔,일반호텔,영업,201502,,부산광역시 동구 중앙대로196번길 12-5 (초량동),부산광역시 동구 초량동 1203-3,129.0406518,35.11376385
부산진구,아리아호텔,일반호텔,영업,201502,,부산광역시 부산진구 중앙대로680번가길 56-8 (부전동),부산광역시 부산진구 부전동 168-348,129.0612227,35.15602057
연제구,호텔M(목화호텔),숙박업 기타,폐업,201501,201912,부산광역시 연제구 중앙대로 1125 (연산동),부산광역시 연제구 연산동 1124-3 B동,129.0804646,35.18799357
중구,스테이웰호텔,일반호텔,영업,201501,,부산광역시 중구 구덕로 22 (남포동2가),부산광역시 중구 남포동2가 37,129.0333917,35.0979359
해운대구,(주)SJ관광개발 이비스 버젯 앰배서더 해운대,관광호텔,폐업,201412,202403,부산광역시 해운대구 해운대해변로209번길 8 (우동),부산광역시 해운대구 우동 651-1,129.1544888,35.15907844
수영구,게스트하우스 어반,숙박업 기타,영업,201412,,"부산광역시 수영구 광안해변로295번길 4-7, 2~4층 (민락동)",부산광역시 수영구 민락동 181-68,129.1259107,35.15702712
중구,크라운하버호텔 부산,일반호텔,폐업,201412,202603,부산광역시 중구 중앙대로 114 (중앙동4가),부산광역시 중구 중앙동4가 83-1,129.0368192,35.10755383
연제구,호텔MU,숙박업 기타,영업,201412,,부산광역시 연제구 중앙대로1120번길 25 (연산동),부산광역시 연제구 연산동 677-17,129.0827621,35.18784013
강서구,호텔더원,여관업,영업,201411,,부산광역시 강서구 신호일로72번길 41 (신호동),부산광역시 강서구 신호동 317-5,128.8709589,35.08288172
부산진구,라온호텔,여관업,영업,201410,,"부산광역시 부산진구 서면로 25, 10층 1002호 (부전동, 서면삼한골들뷰)",부산광역시 부산진구 부전동 522-4 서면삼한골든뷰 10층 1002호,129.0572823,35.15294902
중구,꼬모쉐 부산 남포점,여관업,영업,201410,,부산광역시 중구 광복로85번길 12 (광복동1가),부산광역시 중구 광복동1가 5-2,129.0345226,35.0993719
동구,팝콘호텔,일반호텔,영업,201410,,"부산광역시 동구 중앙대로180번길 6-7, 1,3,4,5,6층 (초량동)",부산광역시 동구 초량동 1212-17,129.0394975,35.11269373
부산진구,솔라리아 니시테츠 호텔 부산,일반호텔,영업,201410,,부산광역시 부산진구 서면로 20 (부전동),부산광역시 부산진구 부전동 233-16,129.058177,35.15232245
해운대구,하이부산게스트하우스,숙박업 기타,폐업,201410,201910,"부산광역시 해운대구 해운대해변로221번길 13, A동 3층 (우동)",부산광역시 해운대구 우동 647-1 A동,129.1559813,35.15980264
동구,웰컴부산,숙박업 기타,영업,201410,,부산광역시 동구 중앙대로 243-14 (초량동),부산광역시 동구 초량동 172-2,129.0414886,35.11933628
해운대구,아이엠 레지던스,숙박업(생활),폐업,201409,202112,"부산광역시 해운대구 구남로8번길 31, 2~4층 (우동)",부산광역시 해운대구 우동 638-4 2~4층,129.1578243,35.16213064
부산진구,홈호텔,일반호텔,영업,201409,,부산광역시 부산진구 동천로85번길 10 (부전동),부산광역시 부산진구 부전동 168-323,129.061713,35.15646017
수영구,예스게스트하우스,숙박업 기타,폐업,201409,201811,"부산광역시 수영구 민락수변로 15, 3~4층 (민락동)",부산광역시 수영구 민락동 181-145,129.1242024,35.15452233
강서구,에어포트호텔,숙박업 기타,영업,201409,,부산광역시 강서구 유통단지1로65번길 15 (대저2동),부산광역시 강서구 대저2동 3148-4,128.9545371,35.16567141
해운대구,베니키아 해운대호텔 마리안느,관광호텔,영업,201409,,부산광역시 해운대구 해운대해변로 310 (중동),부산광역시 해운대구 중동 1400-24,129.1646479,35.16142348
금정구,(주)덴바스타호텔 구서점,관광호텔,영업,201408,,부산광역시 금정구 금정로 242 (구서동),부산광역시 금정구 구서동 420-40,129.0920165,35.24482084
부산진구,G7모텔,여관업,영업,201408,,"부산광역시 부산진구 황령대로17번길 21 (범천동, 1~8층)",부산광역시 부산진구 범천동 858-19 1~8층,129.0608914,35.14901899
해운대구,엘솔게스트하우스,숙박업 기타,폐업,201407,201808,부산광역시 해운대구 달맞이길 20 (중동),부산광역시 해운대구 중동 1147-12,129.1669604,35.16200012
부산진구,하루호텔,일반호텔,영업,201407,,"부산광역시 부산진구 동천로85번길 17, 1~10층 (부전동)",부산광역시 부산진구 부전동 168-347 1~10층,129.0612266,35.15619235
부산진구,어반그루브 호텔(서면점),여관업,영업,201407,,"부산광역시 부산진구 황령대로17번길 18 (범천동, 오즈모텔)",부산광역시 부산진구 범천동 859-5 오즈모텔,129.0614007,35.14883865
중구,팝콘게스트하우스,숙박업 기타,폐업,201407,202202,부산광역시 중구 자갈치로47번길 6-1 (남포동5가),부산광역시 중구 남포동5가 53-1,129.0295367,35.09776117
수영구,안리고택 1호점,숙박업(생활),영업,201407,,"부산광역시 수영구 광안해변로 249, 249타워 9층 (민락동)",부산광역시 수영구 민락동 178-13 249타워,129.1211643,35.15515991
해운대구,썸데이인해운대,숙박업(생활),폐업,201407,201908,부산광역시 해운대구 구남로21번길 17 (우동),부산광역시 해운대구 우동 612-3,129.1607729,35.16271437
해운대구,브라운 도트 해운대점,관광호텔,영업,201407,,부산광역시 해운대구 구남로24번길 16 (우동),부산광역시 해운대구 우동 542-28,129.1593336,35.16160813
해운대구,아이엠하우스펜션,숙박업(생활),영업,201407,,부산광역시 해운대구 구남로12번길 39 (우동),부산광역시 해운대구 우동 637-4,129.1577076,35.16156282
해운대구,유에이치 스위트 씨스타 4F,일반호텔,영업,201406,,"부산광역시 해운대구 해운대해변로 271, 4층 (중동)",부산광역시 해운대구 중동 1417-2,129.1611012,35.15982638
해운대구,대명누리호텔,일반호텔,폐업,201406,201408,"부산광역시 해운대구 해운대해변로 271, 14층 (중동)",부산광역시 해운대구 중동 1417-2,129.1611012,35.15982638
해운대구,스테이세븐 센텀 비지니스 호스텔,숙박업(생활),폐업,201406,202003,"부산광역시 해운대구 센텀2로 25, 14층 (우동, 센텀드림월드)",부산광역시 해운대구 우동 1510,129.1329547,35.16694255
해운대구,송정 네이티브,숙박업 기타,폐업,201406,202109,부산광역시 해운대구 송정중앙로27번길 16 (송정동),부산광역시 해운대구 송정동 201-5,129.2041542,35.18324681
동래구,큐브모텔,여관업,영업,201406,,부산광역시 동래구 차밭골로20번길 55 (온천동),부산광역시 동래구 온천동 189-63,129.0813558,35.21825711
수영구,더뷰호스텔,숙박업 기타,영업,201406,,"부산광역시 수영구 남천바다로33번길 47, 5,9층 (광안동, 마린빌딩)",부산광역시 수영구 광안동 199-6,129.115311,35.1504937
중구,더 하운드 호텔,일반호텔,영업,201405,,부산광역시 중구 대청로126번길 9 (동광동3가),부산광역시 중구 동광동3가 31-1 외 1필지,129.0339509,35.10206209
서구,9월 모텔,여관업,영업,201405,,부산광역시 서구 충무대로276번길 15 (충무동1가),부산광역시 서구 충무동1가 23-7,129.0251714,35.09515094
동구,호텔 야자,일반호텔,폐업,201405,201410,부산광역시 동구 중앙대로180번길 6-7 (초량동),부산광역시 동구 초량동 1212-17,129.0394975,35.11269373
