행정구,기준연월,업종대분류,현지인 소비액(만원),외지인 소비액(만원),외국인 소비액(만원)
강서구,202301,쇼핑업,17538,1200000,46708
강서구,202301,숙박업,4101,44735,4231
강서구,202301,식음료업,0,1000000,3265
강서구,202301,여가서비스업,6005,78259,21
강서구,202301,여행업,0,749,0
강서구,202301,운송업,1566,3540000,2896
강서구,202301,의료웰니스업,3751,39032,703
강서구,202302,쇼핑업,13035,1020000,37193
강서구,202302,숙박업,5262,44969,7428
강서구,202302,식음료업,0,972058,4130
강서구,202302,여가서비스업,3631,71370,99
강서구,202302,여행업,0,3454,76
강서구,202302,운송업,8452,3890000,2079
강서구,202302,의료웰니스업,2487,32316,486
강서구,202303,쇼핑업,20492,1130000,66375
강서구,202303,숙박업,3329,36561,11948
강서구,202303,식음료업,0,1060000,6414
강서구,202303,여가서비스업,5156,98461,145
강서구,202303,여행업,0,240,0
강서구,202303,운송업,3521,4160000,3207
강서구,202303,의료웰니스업,2784,39485,745
강서구,202304,쇼핑업,24737,1120000,92397
강서구,202304,숙박업,5582,36475,16438
강서구,202304,식음료업,0,1070000,7468
강서구,202304,여가서비스업,4988,102897,246
강서구,202304,여행업,0,2384,17
강서구,202304,운송업,4251,3700000,4271
강서구,202304,의료웰니스업,2727,33835,1500
강서구,202305,쇼핑업,23608,1160000,102080
강서구,202305,숙박업,3187,37398,14569
강서구,202305,식음료업,0,1120000,8465
강서구,202305,여가서비스업,8608,104560,153
강서구,202305,여행업,0,292,0
강서구,202305,운송업,2572,3640000,3492
강서구,202305,의료웰니스업,1929,37512,1501
강서구,202306,쇼핑업,26821,1160000,129958
강서구,202306,숙박업,3844,35363,13527
강서구,202306,식음료업,0,1060000,8590
강서구,202306,여가서비스업,7762,112777,201
강서구,202306,여행업,0,761,125
강서구,202306,운송업,4508,3480000,3530
강서구,202306,의료웰니스업,1311,36456,1479
강서구,202307,쇼핑업,21655,1240000,125529
강서구,202307,숙박업,5016,40591,14190
강서구,202307,식음료업,0,1140000,8643
강서구,202307,여가서비스업,8159,101523,1035
강서구,202307,여행업,0,68,99
강서구,202307,운송업,8524,3590000,3154
강서구,202307,의료웰니스업,2024,33389,2648
강서구,202308,쇼핑업,18574,1280000,119130
강서구,202308,숙박업,5889,44079,14763
강서구,202308,식음료업,0,1150000,8276
강서구,202308,여가서비스업,9697,102392,227
강서구,202308,여행업,359,2635,0
강서구,202308,운송업,9260,4040000,3739
강서구,202308,의료웰니스업,1314,34269,1484
강서구,202309,쇼핑업,29660,1360000,138997
강서구,202309,숙박업,3082,36187,16789
강서구,202309,식음료업,0,1080000,8620
강서구,202309,여가서비스업,6108,107044,165
강서구,202309,여행업,0,2233,0
강서구,202309,운송업,3669,4000000,3380
강서구,202309,의료웰니스업,1773,35182,1481
강서구,202310,쇼핑업,39706,1290000,172101
강서구,202310,숙박업,2709,42806,22101
강서구,202310,식음료업,0,1110000,10984
강서구,202310,여가서비스업,7135,120738,393
강서구,202310,여행업,0,0,0
강서구,202310,운송업,6748,4020000,3921
강서구,202310,의료웰니스업,2297,36411,1865
강서구,202311,쇼핑업,31591,1200000,157751
강서구,202311,숙박업,3499,37124,17322
강서구,202311,식음료업,0,1020000,9922
강서구,202311,여가서비스업,6173,100565,351
강서구,202311,여행업,0,0,208
강서구,202311,운송업,4097,4080000,2500
강서구,202311,의료웰니스업,2811,35927,917
강서구,202312,쇼핑업,25970,1340000,114971
강서구,202312,숙박업,5554,39638,13915
강서구,202312,식음료업,0,1180000,8291
강서구,202312,여가서비스업,8953,94144,245
강서구,202312,여행업,0,0,100
강서구,202312,운송업,7061,4060000,2199
강서구,202312,의료웰니스업,2751,41167,1220
강서구,202401,쇼핑업,17031,1270000,114960
강서구,202401,숙박업,4260,38632,13811
강서구,202401,식음료업,0,1060000,7900
강서구,202401,여가서비스업,6322,80809,424
강서구,202401,여행업,0,0,72
강서구,202401,운송업,7438,3790000,1990
강서구,202401,의료웰니스업,3185,38103,1133
강서구,202402,쇼핑업,19803,1390000,101876
강서구,202402,숙박업,3627,30184,15723
강서구,202402,식음료업,0,1030000,7819
강서구,202402,여가서비스업,6264,79621,484
강서구,202402,여행업,0,66,240
강서구,202402,운송업,4437,3520000,2872
강서구,202402,의료웰니스업,2394,34358,1069
강서구,202403,쇼핑업,25822,1460000,137288
강서구,202403,숙박업,5971,39836,20019
강서구,202403,식음료업,0,1170000,11348
강서구,202403,여가서비스업,7171,97439,370
강서구,202403,여행업,0,2335,85
강서구,202403,운송업,6848,4210000,2765
강서구,202403,의료웰니스업,2876,43283,1666
강서구,202404,쇼핑업,28101,1410000,147964
강서구,202404,숙박업,4290,31925,22949
강서구,202404,식음료업,0,1100000,14302
강서구,202404,여가서비스업,7339,102745,584
강서구,202404,여행업,0,819,131
강서구,202404,운송업,6304,4070000,3543
강서구,202404,의료웰니스업,2177,37147,1656
강서구,202405,쇼핑업,27188,1510000,151311
강서구,202405,숙박업,4650,39019,16116
강서구,202405,식음료업,0,1220000,12949
강서구,202405,여가서비스업,8107,116313,880
강서구,202405,여행업,0,280,311
강서구,202405,운송업,11029,4300000,2875
강서구,202405,의료웰니스업,1939,36488,2856
강서구,202406,쇼핑업,26732,1480000,163979
강서구,202406,숙박업,6024,34993,18891
강서구,202406,식음료업,0,1140000,12460
강서구,202406,여가서비스업,7385,106437,536
강서구,202406,여행업,0,393,103
강서구,202406,운송업,10130,3990000,3960
강서구,202406,의료웰니스업,1833,37572,1962
강서구,202407,쇼핑업,23783,1470000,147862
강서구,202407,숙박업,7248,44268,18758
강서구,202407,식음료업,0,1150000,11538
강서구,202407,여가서비스업,7408,95767,637
강서구,202407,여행업,0,3589,142
강서구,202407,운송업,8201,4430000,2923
강서구,202407,의료웰니스업,1864,37268,1763
강서구,202408,쇼핑업,20130,1510000,149508
강서구,202408,숙박업,4900,50182,16108
강서구,202408,식음료업,0,1210000,10713
강서구,202408,여가서비스업,7862,105116,628
강서구,202408,여행업,0,218,0
강서구,202408,운송업,7430,4110000,3010
강서구,202408,의료웰니스업,2291,37986,1876
강서구,202409,쇼핑업,23199,1500000,162282
강서구,202409,숙박업,3484,32801,16204
강서구,202409,식음료업,0,1120000,10605
강서구,202409,여가서비스업,6867,100127,369
강서구,202409,여행업,0,1861,0
강서구,202409,운송업,12388,4120000,2500
강서구,202409,의료웰니스업,2073,33994,1966
강서구,202410,쇼핑업,35677,1520000,191205
강서구,202410,숙박업,3542,36463,18941
강서구,202410,식음료업,0,1140000,14999
강서구,202410,여가서비스업,5227,107844,1657
강서구,202410,여행업,0,1237,629
강서구,202410,운송업,12628,4760000,3439
강서구,202410,의료웰니스업,2178,35909,3805
강서구,202411,쇼핑업,29511,1500000,191686
강서구,202411,숙박업,3057,34917,19483
강서구,202411,식음료업,0,1090000,13589
강서구,202411,여가서비스업,5081,98434,351
강서구,202411,여행업,0,200,49
강서구,202411,운송업,9604,4670000,2955
강서구,202411,의료웰니스업,2906,37531,3302
강서구,202412,쇼핑업,35761,1530000,161849
강서구,202412,숙박업,4728,38665,17070
강서구,202412,식음료업,0,1160000,12226
강서구,202412,여가서비스업,7309,90718,365
강서구,202412,여행업,0,2063,129
강서구,202412,운송업,9832,4950000,2649
강서구,202412,의료웰니스업,3317,37909,2141
강서구,202501,쇼핑업,29325,1600000,134498
강서구,202501,숙박업,4486,45014,12783
강서구,202501,식음료업,0,1140000,8116
강서구,202501,여가서비스업,4977,78488,579
강서구,202501,여행업,0,505,0
강서구,202501,운송업,6130,3620000,1902
강서구,202501,의료웰니스업,3239,39621,1280
강서구,202502,쇼핑업,21942,1340000,138626
강서구,202502,숙박업,3183,37975,13947
강서구,202502,식음료업,0,1000000,9333
강서구,202502,여가서비스업,2959,69855,243
강서구,202502,여행업,0,2994,306
강서구,202502,운송업,9668,3780000,2351
강서구,202502,의료웰니스업,2319,36303,1089
강서구,202503,쇼핑업,19235,1490000,190862
강서구,202503,숙박업,5131,44438,18466
강서구,202503,식음료업,0,1160000,13116
강서구,202503,여가서비스업,4058,80394,437
강서구,202503,여행업,0,2843,16
강서구,202503,운송업,5569,4080000,3018
강서구,202503,의료웰니스업,3008,37979,1840
강서구,202504,쇼핑업,27972,1440000,214580
강서구,202504,숙박업,16423,33245,13092
강서구,202504,식음료업,0,1110000,14903
강서구,202504,여가서비스업,4242,86249,676
강서구,202504,여행업,1526,4001,0
강서구,202504,운송업,6397,3830000,3737
강서구,202504,의료웰니스업,2623,37714,3507
강서구,202505,쇼핑업,25761,1570000,235982
강서구,202505,숙박업,4219,38519,13771
강서구,202505,식음료업,0,1270000,14173
강서구,202505,여가서비스업,6467,97541,512
강서구,202505,여행업,0,13321,0
강서구,202505,운송업,6999,4010000,3621
강서구,202505,의료웰니스업,2356,40997,2260
강서구,202506,쇼핑업,21805,1460000,223455
강서구,202506,숙박업,4650,27613,16849
강서구,202506,식음료업,0,1140000,11725
강서구,202506,여가서비스업,4507,93082,1130
강서구,202506,여행업,4995,513,10
강서구,202506,운송업,5804,3680000,3288
강서구,202506,의료웰니스업,2155,35350,2895
강서구,202507,쇼핑업,19741,1570000,128144
강서구,202507,숙박업,9131,37481,14823
강서구,202507,식음료업,0,1260000,14802
강서구,202507,여가서비스업,6720,80329,756
강서구,202507,여행업,0,16188,167
강서구,202507,운송업,5460,3960000,3640
강서구,202507,의료웰니스업,1354,41003,2765
강서구,202508,쇼핑업,21852,1620000,143507
강서구,202508,숙박업,3875,40117,13236
강서구,202508,식음료업,0,1310000,14191
강서구,202508,여가서비스업,4121,92071,746
강서구,202508,여행업,0,3799,10
강서구,202508,운송업,5890,3680000,3500
강서구,202508,의료웰니스업,1972,41440,2586
강서구,202509,쇼핑업,17939,1510000,174291
강서구,202509,숙박업,2934,30205,22658
강서구,202509,식음료업,0,1130000,15064
강서구,202509,여가서비스업,2402,75121,430
강서구,202509,여행업,0,3434,74
강서구,202509,운송업,5274,4080000,4493
강서구,202509,의료웰니스업,2081,38567,2425
강서구,202510,쇼핑업,33657,1780000,149556
강서구,202510,숙박업,3175,39519,16928
강서구,202510,식음료업,0,1320000,16003
강서구,202510,여가서비스업,2590,97610,441
강서구,202510,여행업,0,4221,338
강서구,202510,운송업,5789,4140000,4011
강서구,202510,의료웰니스업,2173,40711,4706
강서구,202511,쇼핑업,35801,1620000,176298
강서구,202511,숙박업,5427,32979,17524
강서구,202511,식음료업,0,1190000,13096
강서구,202511,여가서비스업,2796,86084,378
강서구,202511,여행업,0,5396,38
강서구,202511,운송업,7179,4780000,3714
강서구,202511,의료웰니스업,3295,44693,2480
강서구,202512,쇼핑업,31115,1680000,137275
강서구,202512,숙박업,2780,32364,13725
강서구,202512,식음료업,0,1320000,11481
강서구,202512,여가서비스업,3404,66560,563
강서구,202512,여행업,0,4394,121
강서구,202512,운송업,6986,5430000,3145
강서구,202512,의료웰니스업,3155,47168,3012
강서구,202601,쇼핑업,24010,1710000,117127
강서구,202601,숙박업,5252,32438,15541
강서구,202601,식음료업,0,1330000,13989
강서구,202601,여가서비스업,2754,65393,354
강서구,202601,여행업,0,5833,52
강서구,202601,운송업,7661,4990000,2296
강서구,202601,의료웰니스업,3659,46037,2013
강서구,202602,쇼핑업,19517,1620000,130294
강서구,202602,숙박업,4340,27789,10675
강서구,202602,식음료업,0,1210000,9864
강서구,202602,여가서비스업,2548,72982,440
강서구,202602,여행업,0,3580,64
강서구,202602,운송업,6836,4500000,2497
강서구,202602,의료웰니스업,3330,39870,1412
강서구,202603,쇼핑업,33614,1670000,220562
강서구,202603,숙박업,3485,29371,25008
강서구,202603,식음료업,0,1240000,22712
강서구,202603,여가서비스업,3930,75841,893
강서구,202603,여행업,0,965,15
강서구,202603,운송업,18198,6450000,4286
강서구,202603,의료웰니스업,2623,49664,2684
강서구,202604,쇼핑업,33678,1570000,239948
강서구,202604,숙박업,3041,32337,26844
강서구,202604,식음료업,0,1230000,25064
강서구,202604,여가서비스업,2385,76300,649
강서구,202604,여행업,802,4368,11
강서구,202604,운송업,6263,5440000,5787
강서구,202604,의료웰니스업,2936,45336,3215
강서구,202605,쇼핑업,38056,1610000,278706
강서구,202605,숙박업,5051,35387,21842
강서구,202605,식음료업,0,1400000,28116
강서구,202605,여가서비스업,4654,97005,1672
강서구,202605,여행업,3315,4863,198
강서구,202605,운송업,8512,5150000,5104
강서구,202605,의료웰니스업,1993,49043,3152
강서구,202606,쇼핑업,24865,1440000,289400
강서구,202606,숙박업,2417,33999,30417
강서구,202606,식음료업,0,1200000,25705
강서구,202606,여가서비스업,3608,81600,1503
강서구,202606,여행업,0,5886,673
강서구,202606,운송업,11971,5510000,4972
강서구,202606,의료웰니스업,2344,44360,3735
금정구,202301,쇼핑업,88702,861323,9771
금정구,202301,숙박업,3757,10235,84
금정구,202301,식음료업,0,987830,5299
금정구,202301,여가서비스업,13425,114645,1105
금정구,202301,여행업,1014,6307,0
금정구,202301,운송업,0,367870,468
금정구,202301,의료웰니스업,6557,83413,1771
금정구,202302,쇼핑업,91196,716381,9574
금정구,202302,숙박업,2959,10867,189
금정구,202302,식음료업,0,936527,5245
금정구,202302,여가서비스업,10552,115762,1174
금정구,202302,여행업,0,14774,0
금정구,202302,운송업,0,318957,599
금정구,202302,의료웰니스업,5698,75720,1247
금정구,202303,쇼핑업,126567,903509,15717
금정구,202303,숙박업,2951,11226,316
금정구,202303,식음료업,0,1090000,9859
금정구,202303,여가서비스업,12383,163194,962
금정구,202303,여행업,2457,8180,0
금정구,202303,운송업,183,363414,988
금정구,202303,의료웰니스업,5735,96218,2149
금정구,202304,쇼핑업,113573,851071,15069
금정구,202304,숙박업,3279,10767,276
금정구,202304,식음료업,0,1080000,10058
금정구,202304,여가서비스업,14668,157992,1340
금정구,202304,여행업,0,12921,0
금정구,202304,운송업,0,330937,878
금정구,202304,의료웰니스업,8131,86089,1167
금정구,202305,쇼핑업,125865,875586,16435
금정구,202305,숙박업,3652,12099,372
금정구,202305,식음료업,0,1160000,10690
금정구,202305,여가서비스업,13254,171721,1542
금정구,202305,여행업,0,12030,12
금정구,202305,운송업,0,337059,1236
금정구,202305,의료웰니스업,10581,88733,2030
금정구,202306,쇼핑업,102200,792307,16752
금정구,202306,숙박업,2867,11727,210
금정구,202306,식음료업,0,1070000,10315
금정구,202306,여가서비스업,17553,170662,1712
금정구,202306,여행업,2035,0,0
금정구,202306,운송업,0,334302,1009
금정구,202306,의료웰니스업,5790,91059,1953
금정구,202307,쇼핑업,109419,790479,16389
금정구,202307,숙박업,3616,13376,726
금정구,202307,식음료업,0,1040000,7844
금정구,202307,여가서비스업,19170,161838,1495
금정구,202307,여행업,0,3714,0
금정구,202307,운송업,0,343049,1054
금정구,202307,의료웰니스업,8503,81000,1751
금정구,202308,쇼핑업,83225,768206,17690
금정구,202308,숙박업,4245,11999,559
금정구,202308,식음료업,0,1060000,7497
금정구,202308,여가서비스업,14441,157837,1142
금정구,202308,여행업,247,593,0
금정구,202308,운송업,0,348547,844
금정구,202308,의료웰니스업,8520,82526,1677
금정구,202309,쇼핑업,105355,902729,20167
금정구,202309,숙박업,3999,9894,108
금정구,202309,식음료업,0,1080000,11987
금정구,202309,여가서비스업,12252,153878,1263
금정구,202309,여행업,546,13788,92
금정구,202309,운송업,0,358015,1047
금정구,202309,의료웰니스업,6829,90277,2004
금정구,202310,쇼핑업,124462,868641,21584
금정구,202310,숙박업,3579,9748,542
금정구,202310,식음료업,0,1120000,15485
금정구,202310,여가서비스업,10952,156858,1672
금정구,202310,여행업,2503,6226,0
금정구,202310,운송업,165,343913,1490
금정구,202310,의료웰니스업,9017,85722,2261
금정구,202311,쇼핑업,125417,819879,23028
금정구,202311,숙박업,3135,11679,618
금정구,202311,식음료업,0,1010000,14655
금정구,202311,여가서비스업,12736,128458,1676
금정구,202311,여행업,0,3917,0
금정구,202311,운송업,344,335695,1419
금정구,202311,의료웰니스업,9765,82882,2576
금정구,202312,쇼핑업,116249,841909,14850
금정구,202312,숙박업,4322,10674,206
금정구,202312,식음료업,0,1110000,11731
금정구,202312,여가서비스업,9268,111049,2241
금정구,202312,여행업,521,8430,0
금정구,202312,운송업,0,357116,969
금정구,202312,의료웰니스업,19909,103671,1634
금정구,202401,쇼핑업,82070,762709,8821
금정구,202401,숙박업,2916,10689,122
금정구,202401,식음료업,0,929690,7255
금정구,202401,여가서비스업,9673,96346,755
금정구,202401,여행업,3544,11029,0
금정구,202401,운송업,499,302756,839
금정구,202401,의료웰니스업,23266,87113,1466
금정구,202402,쇼핑업,83243,741776,10235
금정구,202402,숙박업,2670,10522,145
금정구,202402,식음료업,0,953560,5693
금정구,202402,여가서비스업,10670,102491,728
금정구,202402,여행업,1147,11239,0
금정구,202402,운송업,35,292382,756
금정구,202402,의료웰니스업,7672,81744,979
금정구,202403,쇼핑업,121708,885651,19653
금정구,202403,숙박업,2545,13701,299
금정구,202403,식음료업,0,1140000,12254
금정구,202403,여가서비스업,11853,147158,1800
금정구,202403,여행업,0,10208,0
금정구,202403,운송업,0,325386,1131
금정구,202403,의료웰니스업,8528,98611,1341
금정구,202404,쇼핑업,108621,805989,18444
금정구,202404,숙박업,2735,11529,226
금정구,202404,식음료업,0,1050000,13495
금정구,202404,여가서비스업,10797,124868,660
금정구,202404,여행업,0,8989,0
금정구,202404,운송업,279,314747,1435
금정구,202404,의료웰니스업,6601,77428,1829
금정구,202405,쇼핑업,108235,847170,17834
금정구,202405,숙박업,3127,12786,219
금정구,202405,식음료업,0,1240000,15956
금정구,202405,여가서비스업,16785,168862,2141
금정구,202405,여행업,0,13723,0
금정구,202405,운송업,451,351900,1427
금정구,202405,의료웰니스업,8003,82894,1939
금정구,202406,쇼핑업,96328,778431,16406
금정구,202406,숙박업,2721,10235,211
금정구,202406,식음료업,0,1090000,12199
금정구,202406,여가서비스업,16383,155629,1836
금정구,202406,여행업,58,2275,0
금정구,202406,운송업,0,322332,1314
금정구,202406,의료웰니스업,6967,90837,2338
금정구,202407,쇼핑업,89822,752939,15135
금정구,202407,숙박업,3473,10409,255
금정구,202407,식음료업,0,1010000,10980
금정구,202407,여가서비스업,15185,144116,2076
금정구,202407,여행업,146,8284,0
금정구,202407,운송업,278,338970,1546
금정구,202407,의료웰니스업,10661,86464,2898
금정구,202408,쇼핑업,79683,781602,17157
금정구,202408,숙박업,3801,13438,910
금정구,202408,식음료업,0,1060000,10545
금정구,202408,여가서비스업,14515,163519,2478
금정구,202408,여행업,114,8851,0
금정구,202408,운송업,0,349357,1364
금정구,202408,의료웰니스업,7433,85209,1554
금정구,202409,쇼핑업,87288,886219,24652
금정구,202409,숙박업,3002,12156,199
금정구,202409,식음료업,0,1060000,16628
금정구,202409,여가서비스업,14224,152095,2393
금정구,202409,여행업,0,3375,192
금정구,202409,운송업,0,317142,1371
금정구,202409,의료웰니스업,6372,84958,1742
금정구,202410,쇼핑업,107060,874890,25248
금정구,202410,숙박업,3337,10987,472
금정구,202410,식음료업,0,1080000,22190
금정구,202410,여가서비스업,16955,154526,2712
금정구,202410,여행업,952,6894,200
금정구,202410,운송업,283,301846,1822
금정구,202410,의료웰니스업,9055,78822,2236
금정구,202411,쇼핑업,120149,867031,22283
금정구,202411,숙박업,2735,11723,460
금정구,202411,식음료업,0,1060000,19234
금정구,202411,여가서비스업,16304,139590,2463
금정구,202411,여행업,0,15048,11
금정구,202411,운송업,0,346283,1619
금정구,202411,의료웰니스업,9884,81383,1961
금정구,202412,쇼핑업,102481,818821,20218
금정구,202412,숙박업,2798,10031,447
금정구,202412,식음료업,0,1080000,17213
금정구,202412,여가서비스업,14000,113979,1911
금정구,202412,여행업,720,7188,0
금정구,202412,운송업,732,338991,1311
금정구,202412,의료웰니스업,11701,87541,2829
금정구,202501,쇼핑업,82235,832676,12196
금정구,202501,숙박업,3348,8390,513
금정구,202501,식음료업,0,1010000,8475
금정구,202501,여가서비스업,9125,105727,1464
금정구,202501,여행업,0,6674,0
금정구,202501,운송업,301,328169,950
금정구,202501,의료웰니스업,12610,71944,1883
금정구,202502,쇼핑업,74571,672167,10800
금정구,202502,숙박업,3768,7625,153
금정구,202502,식음료업,0,849216,7885
금정구,202502,여가서비스업,9485,86694,1522
금정구,202502,여행업,0,6147,0
금정구,202502,운송업,0,306363,1023
금정구,202502,의료웰니스업,11749,72007,2990
금정구,202503,쇼핑업,114750,887180,20065
금정구,202503,숙박업,3510,9573,272
금정구,202503,식음료업,0,1090000,15977
금정구,202503,여가서비스업,15507,133065,2580
금정구,202503,여행업,0,12086,275
금정구,202503,운송업,281,351086,1679
금정구,202503,의료웰니스업,10120,80057,2471
금정구,202504,쇼핑업,98157,806904,21515
금정구,202504,숙박업,4289,9303,140
금정구,202504,식음료업,0,1030000,18847
금정구,202504,여가서비스업,10666,131248,2311
금정구,202504,여행업,0,4203,15
금정구,202504,운송업,0,321168,1706
금정구,202504,의료웰니스업,8232,69744,1873
금정구,202505,쇼핑업,110442,898849,21380
금정구,202505,숙박업,3406,10611,489
금정구,202505,식음료업,0,1200000,19703
금정구,202505,여가서비스업,16187,143287,2182
금정구,202505,여행업,390,3843,0
금정구,202505,운송업,0,341306,1604
금정구,202505,의료웰니스업,11418,81040,2538
금정구,202506,쇼핑업,89865,752262,19664
금정구,202506,숙박업,3056,8933,369
금정구,202506,식음료업,0,1010000,18377
금정구,202506,여가서비스업,10977,128606,2005
금정구,202506,여행업,0,3996,0
금정구,202506,운송업,274,313841,1843
금정구,202506,의료웰니스업,9572,78259,3081
금정구,202507,쇼핑업,104620,742299,17362
금정구,202507,숙박업,3065,10274,1044
금정구,202507,식음료업,0,1030000,14171
금정구,202507,여가서비스업,13405,134689,1488
금정구,202507,여행업,1821,10210,0
금정구,202507,운송업,285,358391,1886
금정구,202507,의료웰니스업,9849,78451,2213
금정구,202508,쇼핑업,84481,727434,18668
금정구,202508,숙박업,3563,9413,558
금정구,202508,식음료업,0,1060000,12665
금정구,202508,여가서비스업,13645,138261,1613
금정구,202508,여행업,0,2344,44
금정구,202508,운송업,0,364143,1575
금정구,202508,의료웰니스업,9416,77914,2228
금정구,202509,쇼핑업,86495,822009,25116
금정구,202509,숙박업,2710,15472,220
금정구,202509,식음료업,0,1010000,20646
금정구,202509,여가서비스업,13499,143126,2001
금정구,202509,여행업,0,5619,109
금정구,202509,운송업,439,329506,1942
금정구,202509,의료웰니스업,7731,71533,3125
금정구,202510,쇼핑업,108108,893523,28241
금정구,202510,숙박업,3909,17302,372
금정구,202510,식음료업,0,1180000,22556
금정구,202510,여가서비스업,16265,164322,1640
금정구,202510,여행업,0,8970,35
금정구,202510,운송업,348,357920,2299
금정구,202510,의료웰니스업,12181,84286,4159
금정구,202511,쇼핑업,115869,864334,24553
금정구,202511,숙박업,2475,10504,356
금정구,202511,식음료업,0,1090000,23675
금정구,202511,여가서비스업,10666,143254,2305
금정구,202511,여행업,0,13598,12
금정구,202511,운송업,426,365339,1800
금정구,202511,의료웰니스업,13005,78530,3827
금정구,202512,쇼핑업,102724,813821,23256
금정구,202512,숙박업,3730,12152,867
금정구,202512,식음료업,0,1130000,19541
금정구,202512,여가서비스업,13005,122315,2137
금정구,202512,여행업,53,22700,0
금정구,202512,운송업,292,370918,1648
금정구,202512,의료웰니스업,9857,80553,3155
금정구,202601,쇼핑업,90237,787621,13032
금정구,202601,숙박업,4332,9767,218
금정구,202601,식음료업,0,1040000,11046
금정구,202601,여가서비스업,8583,106369,1588
금정구,202601,여행업,1760,4488,17
금정구,202601,운송업,0,354582,1231
금정구,202601,의료웰니스업,9509,78734,1850
금정구,202602,쇼핑업,78039,760415,12779
금정구,202602,숙박업,3626,9600,345
금정구,202602,식음료업,0,1050000,10675
금정구,202602,여가서비스업,9969,115451,1011
금정구,202602,여행업,941,5728,0
금정구,202602,운송업,0,322043,1333
금정구,202602,의료웰니스업,9767,72449,1823
금정구,202603,쇼핑업,119180,917699,28131
금정구,202603,숙박업,2864,11696,350
금정구,202603,식음료업,0,1140000,26367
금정구,202603,여가서비스업,13063,144666,3449
금정구,202603,여행업,16,4754,9
금정구,202603,운송업,0,373662,2176
금정구,202603,의료웰니스업,8161,87564,3635
금정구,202604,쇼핑업,109493,839769,26748
금정구,202604,숙박업,3338,8462,355
금정구,202604,식음료업,0,1080000,30099
금정구,202604,여가서비스업,16331,159598,3382
금정구,202604,여행업,0,1701,0
금정구,202604,운송업,453,359678,2743
금정구,202604,의료웰니스업,9146,70582,2709
금정구,202605,쇼핑업,116605,925316,30418
금정구,202605,숙박업,3032,14004,564
금정구,202605,식음료업,0,1270000,25470
금정구,202605,여가서비스업,14081,173042,4438
금정구,202605,여행업,0,3895,0
금정구,202605,운송업,0,398889,2770
금정구,202605,의료웰니스업,11434,83760,4218
금정구,202606,쇼핑업,94641,786169,28057
금정구,202606,숙박업,3484,7642,307
금정구,202606,식음료업,0,1040000,22846
금정구,202606,여가서비스업,13493,162604,2689
금정구,202606,여행업,26,1339,7
금정구,202606,운송업,0,375507,3065
금정구,202606,의료웰니스업,6281,82973,4154
기장군,202301,쇼핑업,17950,4320000,120754
기장군,202301,숙박업,9812,379874,8163
기장군,202301,식음료업,0,1780000,7940
기장군,202301,여가서비스업,21164,293051,2738
기장군,202301,여행업,126,39,0
기장군,202301,운송업,247,766026,887
기장군,202301,의료웰니스업,2340,38454,722
기장군,202302,쇼핑업,13365,3790000,114476
기장군,202302,숙박업,8260,313356,3995
기장군,202302,식음료업,0,1580000,7244
기장군,202302,여가서비스업,19883,355326,3385
기장군,202302,여행업,376,110,0
기장군,202302,운송업,108,666539,759
기장군,202302,의료웰니스업,2031,33747,734
기장군,202303,쇼핑업,17404,4400000,184434
기장군,202303,숙박업,8717,271830,14098
기장군,202303,식음료업,0,1670000,11899
기장군,202303,여가서비스업,22834,386148,5207
기장군,202303,여행업,45,57,11
기장군,202303,운송업,0,711649,1143
기장군,202303,의료웰니스업,1904,38887,2287
기장군,202304,쇼핑업,16085,4440000,272921
기장군,202304,숙박업,7647,304592,16993
기장군,202304,식음료업,0,1800000,17039
기장군,202304,여가서비스업,25119,402585,8443
기장군,202304,여행업,192,132,0
기장군,202304,운송업,29,683174,1578
기장군,202304,의료웰니스업,2279,32352,1381
기장군,202305,쇼핑업,13415,4340000,253663
기장군,202305,숙박업,11468,379606,16604
기장군,202305,식음료업,0,1910000,15688
기장군,202305,여가서비스업,25998,417054,7470
기장군,202305,여행업,300,544,0
기장군,202305,운송업,0,709764,1635
기장군,202305,의료웰니스업,2671,35588,1230
기장군,202306,쇼핑업,18345,3720000,295537
기장군,202306,숙박업,8150,345336,28899
기장군,202306,식음료업,0,1710000,18393
기장군,202306,여가서비스업,25293,419676,9518
기장군,202306,여행업,110,378,14
기장군,202306,운송업,0,656180,1672
기장군,202306,의료웰니스업,1511,37396,2595
기장군,202307,쇼핑업,19596,3720000,274364
기장군,202307,숙박업,12389,509451,13903
기장군,202307,식음료업,0,1900000,17129
기장군,202307,여가서비스업,25212,363241,11682
기장군,202307,여행업,375,30,0
기장군,202307,운송업,0,703840,1850
기장군,202307,의료웰니스업,1882,35401,6212
기장군,202308,쇼핑업,14173,3630000,255817
기장군,202308,숙박업,15358,694720,12534
기장군,202308,식음료업,0,2110000,14954
기장군,202308,여가서비스업,24899,391864,10880
기장군,202308,여행업,18,123,0
기장군,202308,운송업,200,811967,1546
기장군,202308,의료웰니스업,2012,36471,580
기장군,202309,쇼핑업,15725,4460000,332081
기장군,202309,숙박업,11078,484916,30335
기장군,202309,식음료업,0,1860000,16414
기장군,202309,여가서비스업,22921,446048,6735
기장군,202309,여행업,139,123,0
기장군,202309,운송업,287,875694,1628
기장군,202309,의료웰니스업,2741,40473,965
기장군,202310,쇼핑업,28291,5530000,401957
기장군,202310,숙박업,14753,487646,31611
기장군,202310,식음료업,0,1850000,25153
기장군,202310,여가서비스업,24001,478031,8990
기장군,202310,여행업,118,50,0
기장군,202310,운송업,45,837399,2029
기장군,202310,의료웰니스업,3065,39449,956
기장군,202311,쇼핑업,23301,4670000,339277
기장군,202311,숙박업,9166,325839,15379
기장군,202311,식음료업,0,1500000,18806
기장군,202311,여가서비스업,17135,334941,7629
기장군,202311,여행업,47,384,0
기장군,202311,운송업,92,777472,1929
기장군,202311,의료웰니스업,1977,36045,2425
기장군,202312,쇼핑업,18011,5240000,303043
기장군,202312,숙박업,16021,612679,10830
기장군,202312,식음료업,0,1980000,17198
기장군,202312,여가서비스업,23213,328532,6637
기장군,202312,여행업,204,194,14
기장군,202312,운송업,0,811953,1356
기장군,202312,의료웰니스업,2703,40211,1103
기장군,202401,쇼핑업,15842,3660000,193334
기장군,202401,숙박업,10324,396794,5515
기장군,202401,식음료업,0,1740000,13417
기장군,202401,여가서비스업,16694,246676,4533
기장군,202401,여행업,88,36,0
기장군,202401,운송업,649,725265,1037
기장군,202401,의료웰니스업,3920,33250,1315
기장군,202402,쇼핑업,19639,4290000,286324
기장군,202402,숙박업,11063,420722,7228
기장군,202402,식음료업,0,1730000,14874
기장군,202402,여가서비스업,17624,272645,4590
기장군,202402,여행업,95,225,0
기장군,202402,운송업,138,706878,1076
기장군,202402,의료웰니스업,2098,32130,406
기장군,202403,쇼핑업,13743,4630000,366387
기장군,202403,숙박업,9224,330441,8669
기장군,202403,식음료업,0,1800000,19018
기장군,202403,여가서비스업,20463,348275,7292
기장군,202403,여행업,86,170,0
기장군,202403,운송업,35,792728,1508
기장군,202403,의료웰니스업,2958,38704,908
기장군,202404,쇼핑업,19272,4100000,443297
기장군,202404,숙박업,8477,328500,20130
기장군,202404,식음료업,0,1690000,26516
기장군,202404,여가서비스업,21545,352620,9237
기장군,202404,여행업,39,42,0
기장군,202404,운송업,167,712704,2145
기장군,202404,의료웰니스업,3235,34033,2375
기장군,202405,쇼핑업,20991,4440000,418402
기장군,202405,숙박업,14456,469067,10131
기장군,202405,식음료업,0,2020000,25328
기장군,202405,여가서비스업,24769,443865,10245
기장군,202405,여행업,79,143,48
기장군,202405,운송업,0,824762,1910
기장군,202405,의료웰니스업,2102,38443,2606
기장군,202406,쇼핑업,18379,3800000,481494
기장군,202406,숙박업,11632,414361,14817
기장군,202406,식음료업,0,1820000,26271
기장군,202406,여가서비스업,24735,401929,11780
기장군,202406,여행업,73,1655,62
기장군,202406,운송업,54,769907,1696
기장군,202406,의료웰니스업,3093,38534,2005
기장군,202407,쇼핑업,14232,3330000,435587
기장군,202407,숙박업,10887,496125,13615
기장군,202407,식음료업,0,1870000,22635
기장군,202407,여가서비스업,21130,313951,14075
기장군,202407,여행업,66,2346,12
기장군,202407,운송업,55,866541,1795
기장군,202407,의료웰니스업,2416,47054,1469
기장군,202408,쇼핑업,22358,3460000,470326
기장군,202408,숙박업,16082,604548,12635
기장군,202408,식음료업,0,2240000,25978
기장군,202408,여가서비스업,21384,324586,13601
기장군,202408,여행업,189,67,26
기장군,202408,운송업,162,927153,1913
기장군,202408,의료웰니스업,1544,49332,2894
기장군,202409,쇼핑업,14997,5870000,457425
기장군,202409,숙박업,9118,354616,11449
기장군,202409,식음료업,0,1960000,25622
기장군,202409,여가서비스업,21273,381081,9699
기장군,202409,여행업,95,414,7
기장군,202409,운송업,221,831733,1640
기장군,202409,의료웰니스업,1617,56693,4800
기장군,202410,쇼핑업,18591,5450000,612578
기장군,202410,숙박업,8903,310544,15193
기장군,202410,식음료업,0,1790000,37271
기장군,202410,여가서비스업,23516,404182,12307
기장군,202410,여행업,120,155,39
기장군,202410,운송업,429,809852,2185
기장군,202410,의료웰니스업,1724,51642,1949
기장군,202411,쇼핑업,13765,5390000,518554
기장군,202411,숙박업,11445,316160,13071
기장군,202411,식음료업,0,1650000,26885
기장군,202411,여가서비스업,18407,347467,8254
기장군,202411,여행업,0,244,0
기장군,202411,운송업,52,801755,1988
기장군,202411,의료웰니스업,2365,52191,1712
기장군,202412,쇼핑업,22750,5520000,557059
기장군,202412,숙박업,15724,459422,11335
기장군,202412,식음료업,0,1910000,25596
기장군,202412,여가서비스업,20523,300969,9488
기장군,202412,여행업,100,147,0
기장군,202412,운송업,460,877846,1703
기장군,202412,의료웰니스업,2754,65139,2189
기장군,202501,쇼핑업,22290,4940000,455918
기장군,202501,숙박업,8766,354372,4646
기장군,202501,식음료업,0,1980000,20705
기장군,202501,여가서비스업,15664,215797,5280
기장군,202501,여행업,130,176,0
기장군,202501,운송업,0,842902,950
기장군,202501,의료웰니스업,3096,58916,2022
기장군,202502,쇼핑업,13771,3500000,415950
기장군,202502,숙박업,16560,291308,3288
기장군,202502,식음료업,0,1540000,16766
기장군,202502,여가서비스업,12721,236559,4908
기장군,202502,여행업,37,0,0
기장군,202502,운송업,0,819231,871
기장군,202502,의료웰니스업,3280,48244,1448
기장군,202503,쇼핑업,13030,4660000,627495
기장군,202503,숙박업,9274,335787,4847
기장군,202503,식음료업,0,1830000,24871
기장군,202503,여가서비스업,17233,301653,7514
기장군,202503,여행업,82,703,58
기장군,202503,운송업,550,832531,1148
기장군,202503,의료웰니스업,2612,65766,2742
기장군,202504,쇼핑업,14629,3970000,717902
기장군,202504,숙박업,11931,282292,5837
기장군,202504,식음료업,0,1680000,35852
기장군,202504,여가서비스업,24607,362719,12795
기장군,202504,여행업,121,153,0
기장군,202504,운송업,217,780705,2060
기장군,202504,의료웰니스업,2786,56140,4977
기장군,202505,쇼핑업,17943,5080000,745411
기장군,202505,숙박업,9955,401347,5180
기장군,202505,식음료업,0,2150000,33871
기장군,202505,여가서비스업,27238,429528,10306
기장군,202505,여행업,62,92,0
기장군,202505,운송업,57,828530,1569
기장군,202505,의료웰니스업,3731,58745,2361
기장군,202506,쇼핑업,13102,4260000,688674
기장군,202506,숙박업,7317,363103,6029
기장군,202506,식음료업,0,1760000,35374
기장군,202506,여가서비스업,20961,326347,13029
기장군,202506,여행업,0,0,0
기장군,202506,운송업,710,754634,1791
기장군,202506,의료웰니스업,1826,65804,4622
기장군,202507,쇼핑업,13484,3750000,756024
기장군,202507,숙박업,16171,461084,11884
기장군,202507,식음료업,0,1930000,37996
기장군,202507,여가서비스업,22855,295788,17276
기장군,202507,여행업,0,0,0
기장군,202507,운송업,153,858737,1888
기장군,202507,의료웰니스업,1890,51592,5389
기장군,202508,쇼핑업,18788,4190000,829401
기장군,202508,숙박업,12195,606776,7572
기장군,202508,식음료업,0,2310000,35642
기장군,202508,여가서비스업,15985,273672,17118
기장군,202508,여행업,0,585,0
기장군,202508,운송업,0,889244,1611
기장군,202508,의료웰니스업,2122,63256,1846
기장군,202509,쇼핑업,15955,4650000,765744
기장군,202509,숙박업,11868,316973,3488
기장군,202509,식음료업,0,1640000,32575
기장군,202509,여가서비스업,18188,332663,10230
기장군,202509,여행업,0,341,0
기장군,202509,운송업,75,802463,1858
기장군,202509,의료웰니스업,1993,52587,2109
기장군,202510,쇼핑업,19493,6900000,919842
기장군,202510,숙박업,10184,390787,10563
기장군,202510,식음료업,0,2220000,42018
기장군,202510,여가서비스업,22821,430742,13385
기장군,202510,여행업,0,205,30
기장군,202510,운송업,530,910505,2043
기장군,202510,의료웰니스업,2824,62206,2504
기장군,202511,쇼핑업,12571,6270000,895105
기장군,202511,숙박업,16414,330254,11026
기장군,202511,식음료업,0,1800000,38952
기장군,202511,여가서비스업,20234,366649,10120
기장군,202511,여행업,0,0,0
기장군,202511,운송업,0,910560,2092
기장군,202511,의료웰니스업,3350,63453,3433
기장군,202512,쇼핑업,21758,5440000,766863
기장군,202512,숙박업,13646,460268,5105
기장군,202512,식음료업,0,1930000,38658
기장군,202512,여가서비스업,14239,292733,10114
기장군,202512,여행업,0,2659,66
기장군,202512,운송업,85,914318,2068
기장군,202512,의료웰니스업,4499,72752,2336
기장군,202601,쇼핑업,35645,4840000,616039
기장군,202601,숙박업,11474,349681,3695
기장군,202601,식음료업,0,1970000,29426
기장군,202601,여가서비스업,9756,204703,5450
기장군,202601,여행업,0,1072,137
기장군,202601,운송업,0,848889,1300
기장군,202601,의료웰니스업,5809,58162,1797
기장군,202602,쇼핑업,17235,5250000,885968
기장군,202602,숙박업,14301,361534,2821
기장군,202602,식음료업,0,2000000,32002
기장군,202602,여가서비스업,14958,268982,9256
기장군,202602,여행업,0,2818,0
기장군,202602,운송업,0,778979,1435
기장군,202602,의료웰니스업,8379,64004,1701
기장군,202603,쇼핑업,16522,4970000,1181688
기장군,202603,숙박업,7335,290729,7697
기장군,202603,식음료업,0,1780000,48916
기장군,202603,여가서비스업,18712,337514,12545
기장군,202603,여행업,0,1920,0
기장군,202603,운송업,80,849916,2106
기장군,202603,의료웰니스업,4838,57953,1869
기장군,202604,쇼핑업,18948,4760000,1496005
기장군,202604,숙박업,7301,268961,10878
기장군,202604,식음료업,0,1770000,63101
기장군,202604,여가서비스업,23228,365584,18339
기장군,202604,여행업,1605,1369,0
기장군,202604,운송업,58,959024,3653
기장군,202604,의료웰니스업,3728,52712,3095
기장군,202605,쇼핑업,23894,5930000,1651938
기장군,202605,숙박업,10580,452753,11174
기장군,202605,식음료업,0,2390000,68955
기장군,202605,여가서비스업,19401,423532,19599
기장군,202605,여행업,0,0,0
기장군,202605,운송업,53,1090000,3189
기장군,202605,의료웰니스업,4888,61517,3848
기장군,202606,쇼핑업,19724,4040000,1732785
기장군,202606,숙박업,12864,345119,14544
기장군,202606,식음료업,0,1770000,74283
기장군,202606,여가서비스업,22108,369765,19544
기장군,202606,여행업,0,0,0
기장군,202606,운송업,357,1060000,3104
기장군,202606,의료웰니스업,4013,59178,3078
남구,202301,쇼핑업,12838,776832,8960
남구,202301,숙박업,7110,32745,1748
남구,202301,식음료업,0,914982,9655
남구,202301,여가서비스업,3866,69560,894
남구,202301,여행업,0,5314,0
남구,202301,운송업,0,1210000,1356
남구,202301,의료웰니스업,5268,72808,50649
남구,202302,쇼핑업,11849,615280,7718
남구,202302,숙박업,4894,58801,2178
남구,202302,식음료업,0,875618,8648
남구,202302,여가서비스업,2697,73199,901
남구,202302,여행업,0,7178,0
남구,202302,운송업,0,1080000,1423
남구,202302,의료웰니스업,3139,63581,42960
남구,202303,쇼핑업,16001,750190,13637
남구,202303,숙박업,4543,48586,4477
남구,202303,식음료업,0,1010000,17327
남구,202303,여가서비스업,2748,93466,800
남구,202303,여행업,432,4749,0
남구,202303,운송업,0,1220000,2154
남구,202303,의료웰니스업,3966,81695,89941
남구,202304,쇼핑업,15433,726101,13929
남구,202304,숙박업,6021,46365,10573
남구,202304,식음료업,0,994067,22525
남구,202304,여가서비스업,3331,95960,1266
남구,202304,여행업,45,1377,0
남구,202304,운송업,0,1180000,2058
남구,202304,의료웰니스업,4189,80438,115215
남구,202305,쇼핑업,11013,778459,12043
남구,202305,숙박업,8832,61064,7554
남구,202305,식음료업,0,1080000,19713
남구,202305,여가서비스업,4624,102147,938
남구,202305,여행업,0,2860,0
남구,202305,운송업,0,1110000,2075
남구,202305,의료웰니스업,6491,79704,97713
남구,202306,쇼핑업,12498,760055,15145
남구,202306,숙박업,24419,53380,6186
남구,202306,식음료업,0,975040,21189
남구,202306,여가서비스업,5515,95244,2251
남구,202306,여행업,245,3174,0
남구,202306,운송업,0,1070000,2332
남구,202306,의료웰니스업,16462,95745,101317
남구,202307,쇼핑업,13863,790618,13351
남구,202307,숙박업,9338,39229,8645
남구,202307,식음료업,0,992914,19484
남구,202307,여가서비스업,5081,89429,794
남구,202307,여행업,0,7206,0
남구,202307,운송업,0,1070000,2076
남구,202307,의료웰니스업,3975,76550,127258
남구,202308,쇼핑업,8199,778610,12525
남구,202308,숙박업,8263,57335,7043
남구,202308,식음료업,0,1000000,16686
남구,202308,여가서비스업,5340,88830,757
남구,202308,여행업,0,3416,87
남구,202308,운송업,0,1230000,2093
남구,202308,의료웰니스업,3710,80823,144881
남구,202309,쇼핑업,8426,892411,15197
남구,202309,숙박업,6981,66618,9027
남구,202309,식음료업,0,1010000,18437
남구,202309,여가서비스업,2459,97730,707
남구,202309,여행업,0,12005,0
남구,202309,운송업,386,1240000,2382
남구,202309,의료웰니스업,3617,83978,144012
남구,202310,쇼핑업,15176,723859,22274
남구,202310,숙박업,18899,121481,8133
남구,202310,식음료업,0,1010000,35496
남구,202310,여가서비스업,3315,107251,1233
남구,202310,여행업,0,1322,0
남구,202310,운송업,0,1210000,3238
남구,202310,의료웰니스업,5038,79548,169284
남구,202311,쇼핑업,16775,714899,18770
남구,202311,숙박업,11400,101717,7774
남구,202311,식음료업,0,937459,25417
남구,202311,여가서비스업,3323,93638,1078
남구,202311,여행업,0,349,0
남구,202311,운송업,59,1230000,2714
남구,202311,의료웰니스업,6044,76986,167096
남구,202312,쇼핑업,11175,742859,13729
남구,202312,숙박업,15517,78559,6045
남구,202312,식음료업,0,1050000,18768
남구,202312,여가서비스업,5751,89390,1205
남구,202312,여행업,0,2236,0
남구,202312,운송업,0,1190000,1740
남구,202312,의료웰니스업,20579,93491,155410
남구,202401,쇼핑업,12740,732849,10184
남구,202401,숙박업,8008,59735,4088
남구,202401,식음료업,0,894698,15466
남구,202401,여가서비스업,3193,72127,1073
남구,202401,여행업,1237,3588,0
남구,202401,운송업,0,1140000,1563
남구,202401,의료웰니스업,4683,71730,147116
남구,202402,쇼핑업,11685,707698,10463
남구,202402,숙박업,5115,45282,3849
남구,202402,식음료업,0,897048,11078
남구,202402,여가서비스업,3900,77572,917
남구,202402,여행업,34,3051,26
남구,202402,운송업,0,1110000,1216
남구,202402,의료웰니스업,4354,83816,156780
남구,202403,쇼핑업,11847,752150,18169
남구,202403,숙박업,24497,119946,6904
남구,202403,식음료업,0,1040000,27184
남구,202403,여가서비스업,4163,93933,1735
남구,202403,여행업,245,4721,48
남구,202403,운송업,276,1230000,2420
남구,202403,의료웰니스업,5390,95233,273875
남구,202404,쇼핑업,10803,681717,17194
남구,202404,숙박업,8682,94023,8244
남구,202404,식음료업,0,976267,31972
남구,202404,여가서비스업,4094,92151,1442
남구,202404,여행업,851,3690,58
남구,202404,운송업,64,1180000,3015
남구,202404,의료웰니스업,4518,84616,166854
남구,202405,쇼핑업,15115,747508,20383
남구,202405,숙박업,4673,103534,9787
남구,202405,식음료업,0,1070000,27102
남구,202405,여가서비스업,4299,105011,1541
남구,202405,여행업,0,4074,60
남구,202405,운송업,0,1200000,3110
남구,202405,의료웰니스업,14933,88765,119963
남구,202406,쇼핑업,9135,784635,22102
남구,202406,숙박업,5587,79069,7037
남구,202406,식음료업,0,1000000,32056
남구,202406,여가서비스업,4568,97616,1850
남구,202406,여행업,0,4540,76
남구,202406,운송업,0,1100000,2764
남구,202406,의료웰니스업,9421,88442,131286
남구,202407,쇼핑업,9450,773489,17675
남구,202407,숙박업,4450,55730,10787
남구,202407,식음료업,0,972734,23102
남구,202407,여가서비스업,4824,92996,1814
남구,202407,여행업,0,4353,173
남구,202407,운송업,0,1190000,2760
남구,202407,의료웰니스업,3680,90212,129558
남구,202408,쇼핑업,10835,840457,21096
남구,202408,숙박업,4191,75054,10004
남구,202408,식음료업,0,1030000,25265
남구,202408,여가서비스업,4489,88286,1520
남구,202408,여행업,0,6370,149
남구,202408,운송업,0,1180000,2851
남구,202408,의료웰니스업,2848,89879,85458
남구,202409,쇼핑업,10196,871811,27436
남구,202409,숙박업,10157,90194,6818
남구,202409,식음료업,0,986763,29318
남구,202409,여가서비스업,3528,97587,1485
남구,202409,여행업,0,2833,12
남구,202409,운송업,0,1020000,2657
남구,202409,의료웰니스업,4162,82759,99782
남구,202410,쇼핑업,15137,770321,24145
남구,202410,숙박업,3317,128929,11065
남구,202410,식음료업,0,1030000,45600
남구,202410,여가서비스업,3446,101945,1665
남구,202410,여행업,0,2881,310
남구,202410,운송업,0,1060000,3400
남구,202410,의료웰니스업,4624,75356,150323
남구,202411,쇼핑업,12335,788586,22855
남구,202411,숙박업,4640,110285,9777
남구,202411,식음료업,0,997824,25326
남구,202411,여가서비스업,2922,90248,1641
남구,202411,여행업,290,6616,8
남구,202411,운송업,0,1130000,2822
남구,202411,의료웰니스업,7410,85026,151490
남구,202412,쇼핑업,12273,761780,19922
남구,202412,숙박업,8596,86885,6680
남구,202412,식음료업,0,1060000,19352
남구,202412,여가서비스업,4566,82636,1290
남구,202412,여행업,2036,865,28
남구,202412,운송업,0,1140000,2327
남구,202412,의료웰니스업,24652,101444,110368
남구,202501,쇼핑업,11017,869830,14401
남구,202501,숙박업,4268,74654,3678
남구,202501,식음료업,0,986530,12161
남구,202501,여가서비스업,3476,74612,1160
남구,202501,여행업,0,7667,0
남구,202501,운송업,0,1070000,1930
남구,202501,의료웰니스업,4409,84560,95841
남구,202502,쇼핑업,9202,662564,15099
남구,202502,숙박업,2600,76608,2256
남구,202502,식음료업,0,861057,10620
남구,202502,여가서비스업,2128,64580,1010
남구,202502,여행업,1277,3919,0
남구,202502,운송업,0,1100000,1946
남구,202502,의료웰니스업,3760,75735,106710
남구,202503,쇼핑업,9464,841597,26993
남구,202503,숙박업,8007,97830,9575
남구,202503,식음료업,0,1050000,21847
남구,202503,여가서비스업,2347,87349,1342
남구,202503,여행업,0,2811,48
남구,202503,운송업,92,1080000,2904
남구,202503,의료웰니스업,4497,79934,145898
남구,202504,쇼핑업,10027,752686,23176
남구,202504,숙박업,6024,68401,7659
남구,202504,식음료업,0,985579,27841
남구,202504,여가서비스업,6624,81468,1421
남구,202504,여행업,0,890,36
남구,202504,운송업,91,1140000,3365
남구,202504,의료웰니스업,3315,88087,151501
남구,202505,쇼핑업,10529,836684,26321
남구,202505,숙박업,5513,110980,8004
남구,202505,식음료업,0,1150000,26883
남구,202505,여가서비스업,4476,93553,1385
남구,202505,여행업,0,3428,30
남구,202505,운송업,62,1120000,3068
남구,202505,의료웰니스업,15051,118835,107711
남구,202506,쇼핑업,10185,798388,21827
남구,202506,숙박업,3024,46102,6312
남구,202506,식음료업,0,965175,34935
남구,202506,여가서비스업,2390,91774,1696
남구,202506,여행업,0,3966,31
남구,202506,운송업,50,1040000,2765
남구,202506,의료웰니스업,9113,92397,110548
남구,202507,쇼핑업,10532,867583,20446
남구,202507,숙박업,3998,81314,3774
남구,202507,식음료업,0,1040000,20213
남구,202507,여가서비스업,3193,81565,1643
남구,202507,여행업,0,2749,15
남구,202507,운송업,633,1200000,3267
남구,202507,의료웰니스업,3469,87014,147309
남구,202508,쇼핑업,8901,862069,20506
남구,202508,숙박업,5104,55380,7700
남구,202508,식음료업,0,1060000,21184
남구,202508,여가서비스업,1357,83669,1392
남구,202508,여행업,0,8039,68
남구,202508,운송업,0,1090000,3290
남구,202508,의료웰니스업,3849,91028,86549
남구,202509,쇼핑업,9857,880668,32239
남구,202509,숙박업,5768,62195,9126
남구,202509,식음료업,0,1010000,27355
남구,202509,여가서비스업,917,76336,1736
남구,202509,여행업,0,6007,73
남구,202509,운송업,136,1110000,3086
남구,202509,의료웰니스업,2981,83983,72807
남구,202510,쇼핑업,14018,901932,29254
남구,202510,숙박업,3665,121732,11453
남구,202510,식음료업,0,1140000,40673
남구,202510,여가서비스업,1547,99829,1536
남구,202510,여행업,0,586,15
남구,202510,운송업,267,1070000,3379
남구,202510,의료웰니스업,6061,82893,80616
남구,202511,쇼핑업,13662,807633,33212
남구,202511,숙박업,27793,124853,13346
남구,202511,식음료업,0,1040000,30976
남구,202511,여가서비스업,886,81839,1095
남구,202511,여행업,0,7757,36
남구,202511,운송업,34,1200000,3234
남구,202511,의료웰니스업,5035,139779,96257
남구,202512,쇼핑업,14466,764221,26228
남구,202512,숙박업,10586,136954,9258
남구,202512,식음료업,0,1110000,22876
남구,202512,여가서비스업,1385,77463,1401
남구,202512,여행업,0,1324,17
남구,202512,운송업,0,1260000,2591
남구,202512,의료웰니스업,24967,313821,109043
남구,202601,쇼핑업,11583,865712,27316
남구,202601,숙박업,10917,145064,7474
남구,202601,식음료업,0,1060000,15169
남구,202601,여가서비스업,1252,64071,1338
남구,202601,여행업,0,3189,0
남구,202601,운송업,0,1240000,1978
남구,202601,의료웰니스업,4881,76784,104555
남구,202602,쇼핑업,6509,783312,19724
남구,202602,숙박업,2729,92669,6993
남구,202602,식음료업,0,1020000,14404
남구,202602,여가서비스업,895,72100,1191
남구,202602,여행업,1005,1157,4
남구,202602,운송업,0,1150000,2101
남구,202602,의료웰니스업,6145,73176,104498
남구,202603,쇼핑업,14996,798005,33403
남구,202603,숙박업,13390,159149,16299
남구,202603,식음료업,0,1100000,34508
남구,202603,여가서비스업,1031,84822,1971
남구,202603,여행업,2010,3436,0
남구,202603,운송업,0,1450000,3671
남구,202603,의료웰니스업,4811,80250,176771
남구,202604,쇼핑업,13611,849255,39206
남구,202604,숙박업,15782,139088,13079
남구,202604,식음료업,0,1080000,46944
남구,202604,여가서비스업,671,78616,3669
남구,202604,여행업,0,2258,46
남구,202604,운송업,80,1460000,4443
남구,202604,의료웰니스업,4066,77426,178543
남구,202605,쇼핑업,14706,842100,40431
남구,202605,숙박업,13747,154380,15438
남구,202605,식음료업,0,1200000,46002
남구,202605,여가서비스업,952,85252,2946
남구,202605,여행업,1336,7819,0
남구,202605,운송업,1213,1450000,4704
남구,202605,의료웰니스업,20349,108288,156647
남구,202606,쇼핑업,10713,765582,40725
남구,202606,숙박업,14190,146896,9849
남구,202606,식음료업,0,1020000,61651
남구,202606,여가서비스업,950,84488,2746
남구,202606,여행업,0,3364,60
남구,202606,운송업,0,1480000,4874
남구,202606,의료웰니스업,15291,104351,153285
동구,202301,쇼핑업,21824,1030000,68382
동구,202301,숙박업,2491,54649,12019
동구,202301,식음료업,0,855477,10501
동구,202301,여가서비스업,3,51622,175
동구,202301,여행업,0,25714,0
동구,202301,운송업,308,650692,847
동구,202301,의료웰니스업,0,40035,1566
동구,202302,쇼핑업,18715,926636,93122
동구,202302,숙박업,2397,55971,13410
동구,202302,식음료업,0,870769,12464
동구,202302,여가서비스업,0,76452,32
동구,202302,여행업,362,30697,0
동구,202302,운송업,71,598643,1259
동구,202302,의료웰니스업,0,36035,2785
동구,202303,쇼핑업,23163,969101,180764
동구,202303,숙박업,2413,55008,38979
동구,202303,식음료업,0,913921,33025
동구,202303,여가서비스업,188,90546,271
동구,202303,여행업,98,25916,0
동구,202303,운송업,138,630761,3244
동구,202303,의료웰니스업,0,50095,2657
동구,202304,쇼핑업,30746,978098,218263
동구,202304,숙박업,2294,67030,46984
동구,202304,식음료업,0,898987,29945
동구,202304,여가서비스업,149,110288,1129
동구,202304,여행업,2,16219,0
동구,202304,운송업,123,620801,3944
동구,202304,의료웰니스업,0,38898,4153
동구,202305,쇼핑업,27387,1090000,155764
동구,202305,숙박업,2241,74336,38365
동구,202305,식음료업,0,953917,27297
동구,202305,여가서비스업,0,104396,145
동구,202305,여행업,663,32739,149
동구,202305,운송업,75,653578,4027
동구,202305,의료웰니스업,0,45126,4014
동구,202306,쇼핑업,32385,991657,221884
동구,202306,숙박업,2112,69762,34735
동구,202306,식음료업,0,900566,25890
동구,202306,여가서비스업,131,101287,563
동구,202306,여행업,1175,27696,1553
동구,202306,운송업,608,631889,3176
동구,202306,의료웰니스업,0,43954,4530
동구,202307,쇼핑업,27184,1040000,241830
동구,202307,숙박업,2489,76899,35849
동구,202307,식음료업,0,966165,28037
동구,202307,여가서비스업,267,69596,677
동구,202307,여행업,34,35464,0
동구,202307,운송업,60,620828,1882
동구,202307,의료웰니스업,0,42936,2181
동구,202308,쇼핑업,20563,1150000,225675
동구,202308,숙박업,3045,88789,38566
동구,202308,식음료업,0,1020000,21492
동구,202308,여가서비스업,0,78816,986
동구,202308,여행업,0,18576,0
동구,202308,운송업,146,635876,2501
동구,202308,의료웰니스업,0,37846,1836
동구,202309,쇼핑업,22922,1020000,176816
동구,202309,숙박업,3649,59973,38033
동구,202309,식음료업,0,883400,31177
동구,202309,여가서비스업,467,107153,491
동구,202309,여행업,636,26457,13
동구,202309,운송업,463,658511,2616
동구,202309,의료웰니스업,0,44172,3531
동구,202310,쇼핑업,28419,1060000,217776
동구,202310,숙박업,2400,75307,60322
동구,202310,식음료업,0,959670,39936
동구,202310,여가서비스업,99,123995,860
동구,202310,여행업,11,45067,0
동구,202310,운송업,242,670490,2868
동구,202310,의료웰니스업,0,51295,2321
동구,202311,쇼핑업,23669,1010000,155219
동구,202311,숙박업,2134,70636,52096
동구,202311,식음료업,0,890669,38979
동구,202311,여가서비스업,4,103467,458
동구,202311,여행업,27,33462,0
동구,202311,운송업,201,671739,2683
동구,202311,의료웰니스업,0,42006,2503
동구,202312,쇼핑업,33863,1120000,105947
동구,202312,숙박업,2935,66587,42206
동구,202312,식음료업,0,1020000,26623
동구,202312,여가서비스업,0,76729,187
동구,202312,여행업,22,27105,0
동구,202312,운송업,206,692648,2582
동구,202312,의료웰니스업,0,42198,6107
동구,202401,쇼핑업,16395,1010000,82110
동구,202401,숙박업,3226,50794,21666
동구,202401,식음료업,0,922388,16966
동구,202401,여가서비스업,720,55477,237
동구,202401,여행업,0,52216,0
동구,202401,운송업,0,638574,1859
동구,202401,의료웰니스업,0,42634,1238
동구,202402,쇼핑업,17691,1050000,105852
동구,202402,숙박업,2694,49482,24556
동구,202402,식음료업,0,885885,17885
동구,202402,여가서비스업,105,79260,418
동구,202402,여행업,7,29623,0
동구,202402,운송업,45,627448,1919
동구,202402,의료웰니스업,0,47240,1945
동구,202403,쇼핑업,30282,1040000,177360
동구,202403,숙박업,5116,49453,43750
동구,202403,식음료업,0,941889,32663
동구,202403,여가서비스업,187,98562,417
동구,202403,여행업,30,44965,41
동구,202403,운송업,31,667300,2496
동구,202403,의료웰니스업,0,48343,188453
동구,202404,쇼핑업,28900,986650,139135
동구,202404,숙박업,3599,45508,47609
동구,202404,식음료업,0,872495,36963
동구,202404,여가서비스업,104,100776,793
동구,202404,여행업,0,42425,124
동구,202404,운송업,632,648482,3083
동구,202404,의료웰니스업,0,47753,277585
동구,202405,쇼핑업,24618,1110000,108335
동구,202405,숙박업,2559,56467,51337
동구,202405,식음료업,0,970747,40859
동구,202405,여가서비스업,180,100174,596
동구,202405,여행업,107,34939,0
동구,202405,운송업,0,671428,3221
동구,202405,의료웰니스업,0,52209,10398
동구,202406,쇼핑업,26599,992084,117837
동구,202406,숙박업,2649,55365,38992
동구,202406,식음료업,0,973627,45911
동구,202406,여가서비스업,247,91943,594
동구,202406,여행업,2832,30207,28
동구,202406,운송업,33,663440,3669
동구,202406,의료웰니스업,0,51495,11409
동구,202407,쇼핑업,6220,805479,132916
동구,202407,숙박업,2882,53747,34685
동구,202407,식음료업,0,978459,39362
동구,202407,여가서비스업,11,69089,534
동구,202407,여행업,58,77289,239
동구,202407,운송업,85,716394,3761
동구,202407,의료웰니스업,0,54619,9540
동구,202408,쇼핑업,1021,883582,159431
동구,202408,숙박업,2709,70703,46862
동구,202408,식음료업,0,1080000,44665
동구,202408,여가서비스업,143,88835,561
동구,202408,여행업,126,39627,0
동구,202408,운송업,0,764708,4621
동구,202408,의료웰니스업,0,52191,12436
동구,202409,쇼핑업,49092,1360000,107794
동구,202409,숙박업,2466,56079,37653
동구,202409,식음료업,0,921032,42342
동구,202409,여가서비스업,312,100805,737
동구,202409,여행업,697,55249,0
동구,202409,운송업,9,678766,3452
동구,202409,의료웰니스업,0,60144,9981
동구,202410,쇼핑업,36484,1230000,106110
동구,202410,숙박업,2873,65902,62932
동구,202410,식음료업,0,974906,51038
동구,202410,여가서비스업,17,111084,848
동구,202410,여행업,0,50670,87
동구,202410,운송업,358,658949,3982
동구,202410,의료웰니스업,0,61627,16409
동구,202411,쇼핑업,38118,1150000,149463
동구,202411,숙박업,3627,53421,49344
동구,202411,식음료업,0,941324,44096
동구,202411,여가서비스업,205,102045,418
동구,202411,여행업,30,42392,0
동구,202411,운송업,0,645183,5219
동구,202411,의료웰니스업,0,56061,10659
동구,202412,쇼핑업,33970,1170000,121590
동구,202412,숙박업,2871,59849,41864
동구,202412,식음료업,0,1000000,35147
동구,202412,여가서비스업,8,79845,642
동구,202412,여행업,102,43377,0
동구,202412,운송업,0,689653,3028
동구,202412,의료웰니스업,0,58908,11591
동구,202501,쇼핑업,29384,1120000,81454
동구,202501,숙박업,2772,52552,32107
동구,202501,식음료업,0,927782,28117
동구,202501,여가서비스업,0,56415,820
동구,202501,여행업,22,27896,0
동구,202501,운송업,30,665989,2532
동구,202501,의료웰니스업,0,58851,7752
동구,202502,쇼핑업,23376,1030000,68526
동구,202502,숙박업,3128,54262,24042
동구,202502,식음료업,0,889813,24539
동구,202502,여가서비스업,4,56248,578
동구,202502,여행업,0,38402,48
동구,202502,운송업,322,637199,1852
동구,202502,의료웰니스업,0,70862,10278
동구,202503,쇼핑업,30790,1040000,85508
동구,202503,숙박업,5501,42129,41407
동구,202503,식음료업,0,956334,58451
동구,202503,여가서비스업,2,79026,544
동구,202503,여행업,307,21961,0
동구,202503,운송업,0,689546,3565
동구,202503,의료웰니스업,0,62466,20115
동구,202504,쇼핑업,28803,1040000,83741
동구,202504,숙박업,1965,59792,56220
동구,202504,식음료업,0,913107,50404
동구,202504,여가서비스업,54,94820,1276
동구,202504,여행업,0,22126,87
동구,202504,운송업,46,651232,4210
동구,202504,의료웰니스업,0,64567,12170
동구,202505,쇼핑업,32895,1190000,89067
동구,202505,숙박업,2734,65837,56831
동구,202505,식음료업,0,1070000,56632
동구,202505,여가서비스업,4,103638,1183
동구,202505,여행업,20,28742,313
동구,202505,운송업,1,697111,3290
동구,202505,의료웰니스업,0,58581,13340
동구,202506,쇼핑업,26714,1020000,86885
동구,202506,숙박업,2040,49785,37364
동구,202506,식음료업,0,963989,48326
동구,202506,여가서비스업,172,96075,1266
동구,202506,여행업,7,19012,0
동구,202506,운송업,119,640618,3060
동구,202506,의료웰니스업,0,57053,131939
동구,202507,쇼핑업,24916,1040000,111056
동구,202507,숙박업,2809,63300,39620
동구,202507,식음료업,0,1050000,53488
동구,202507,여가서비스업,12,79593,790
동구,202507,여행업,17,26856,44
동구,202507,운송업,0,714209,3174
동구,202507,의료웰니스업,0,74602,191273
동구,202508,쇼핑업,23024,1120000,111083
동구,202508,숙박업,2011,75311,43481
동구,202508,식음료업,0,1150000,58709
동구,202508,여가서비스업,4,79527,926
동구,202508,여행업,582,46025,0
동구,202508,운송업,77,682137,4429
동구,202508,의료웰니스업,0,68049,17199
동구,202509,쇼핑업,31069,1020000,77259
동구,202509,숙박업,1914,71417,44184
동구,202509,식음료업,0,986831,53175
동구,202509,여가서비스업,337,76254,609
동구,202509,여행업,505,36967,140
동구,202509,운송업,0,632430,3753
동구,202509,의료웰니스업,0,63441,12722
동구,202510,쇼핑업,36048,1160000,104275
동구,202510,숙박업,2700,70252,68223
동구,202510,식음료업,0,1120000,63142
동구,202510,여가서비스업,47,109915,1118
동구,202510,여행업,348,43263,129
동구,202510,운송업,20,687915,4365
동구,202510,의료웰니스업,0,81515,14501
동구,202511,쇼핑업,33892,1170000,93697
동구,202511,숙박업,1665,86481,55242
동구,202511,식음료업,0,1050000,66600
동구,202511,여가서비스업,258,98479,1561
동구,202511,여행업,558,39943,0
동구,202511,운송업,145,660271,4194
동구,202511,의료웰니스업,0,83586,18515
동구,202512,쇼핑업,33521,1110000,119436
동구,202512,숙박업,2139,63741,53802
동구,202512,식음료업,0,1110000,57088
동구,202512,여가서비스업,6,62957,752
동구,202512,여행업,13,39038,376
동구,202512,운송업,51,758349,3446
동구,202512,의료웰니스업,0,78593,17243
동구,202601,쇼핑업,28403,1140000,104841
동구,202601,숙박업,1760,57015,37136
동구,202601,식음료업,0,1080000,47579
동구,202601,여가서비스업,26,46380,896
동구,202601,여행업,0,27434,119
동구,202601,운송업,69,810624,2228
동구,202601,의료웰니스업,0,99829,13776
동구,202602,쇼핑업,26614,1060000,85228
동구,202602,숙박업,1636,55517,35945
동구,202602,식음료업,0,1020000,49198
동구,202602,여가서비스업,286,84700,219
동구,202602,여행업,214,15304,0
동구,202602,운송업,0,712809,2721
동구,202602,의료웰니스업,0,87513,17068
동구,202603,쇼핑업,32691,1020000,108235
동구,202603,숙박업,4986,60482,50121
동구,202603,식음료업,0,1070000,69358
동구,202603,여가서비스업,502,133971,863
동구,202603,여행업,348,33535,0
동구,202603,운송업,24,807642,4508
동구,202603,의료웰니스업,0,95371,17206
동구,202604,쇼핑업,26632,1050000,97583
동구,202604,숙박업,1175,60423,44889
동구,202604,식음료업,0,1030000,80317
동구,202604,여가서비스업,931,150808,931
동구,202604,여행업,0,25893,3
동구,202604,운송업,547,874301,4847
동구,202604,의료웰니스업,0,81729,28578
동구,202605,쇼핑업,34989,1200000,104293
동구,202605,숙박업,1435,58929,50221
동구,202605,식음료업,0,1170000,86566
동구,202605,여가서비스업,1041,177839,1895
동구,202605,여행업,67,30365,480
동구,202605,운송업,0,993531,6795
동구,202605,의료웰니스업,0,95783,28511
동구,202606,쇼핑업,32315,1040000,83674
동구,202606,숙박업,1900,48660,41686
동구,202606,식음료업,0,1060000,94073
동구,202606,여가서비스업,734,99846,1416
동구,202606,여행업,1649,19462,861
동구,202606,운송업,753,995044,4791
동구,202606,의료웰니스업,0,88581,17533
동래구,202301,쇼핑업,111431,1450000,8609
동래구,202301,숙박업,29227,145109,593
동래구,202301,식음료업,0,1540000,3797
동래구,202301,여가서비스업,5562,87757,291
동래구,202301,여행업,1263,179,0
동래구,202301,운송업,0,405382,682
동래구,202301,의료웰니스업,5324,107789,4303
동래구,202302,쇼핑업,95454,1090000,5859
동래구,202302,숙박업,23816,121710,729
동래구,202302,식음료업,0,1380000,3587
동래구,202302,여가서비스업,3363,70198,183
동래구,202302,여행업,0,694,191
동래구,202302,운송업,1111,482378,728
동래구,202302,의료웰니스업,5657,102707,4514
동래구,202303,쇼핑업,103873,1360000,7366
동래구,202303,숙박업,24526,103294,900
동래구,202303,식음료업,0,1520000,6732
동래구,202303,여가서비스업,3475,81024,284
동래구,202303,여행업,370,1217,0
동래구,202303,운송업,0,531835,1212
동래구,202303,의료웰니스업,5331,116969,14157
동래구,202304,쇼핑업,107174,1220000,8169
동래구,202304,숙박업,21378,120663,1558
동래구,202304,식음료업,0,1540000,5830
동래구,202304,여가서비스업,4763,79350,536
동래구,202304,여행업,24,2234,0
동래구,202304,운송업,106,559871,1242
동래구,202304,의료웰니스업,4231,112045,17051
동래구,202305,쇼핑업,124152,1340000,10137
동래구,202305,숙박업,20707,125751,2513
동래구,202305,식음료업,0,1600000,7148
동래구,202305,여가서비스업,5626,84265,528
동래구,202305,여행업,559,4182,0
동래구,202305,운송업,93,603664,1387
동래구,202305,의료웰니스업,5153,108781,15920
동래구,202306,쇼핑업,95378,1340000,9072
동래구,202306,숙박업,29119,103312,2496
동래구,202306,식음료업,0,1540000,5404
동래구,202306,여가서비스업,8203,86845,772
동래구,202306,여행업,422,4877,0
동래구,202306,운송업,161,462033,1512
동래구,202306,의료웰니스업,5846,125360,16491
동래구,202307,쇼핑업,112756,1300000,8659
동래구,202307,숙박업,70985,197334,1433
동래구,202307,식음료업,0,1630000,5181
동래구,202307,여가서비스업,7403,96259,577
동래구,202307,여행업,1012,4763,0
동래구,202307,운송업,0,443078,1233
동래구,202307,의료웰니스업,6638,139054,12778
동래구,202308,쇼핑업,90126,1330000,10101
동래구,202308,숙박업,18930,107722,1669
동래구,202308,식음료업,0,1630000,5268
동래구,202308,여가서비스업,7727,96988,325
동래구,202308,여행업,889,4351,0
동래구,202308,운송업,552,507367,1665
동래구,202308,의료웰니스업,4376,109654,12479
동래구,202309,쇼핑업,83932,1510000,8740
동래구,202309,숙박업,23690,102436,1789
동래구,202309,식음료업,0,1570000,9785
동래구,202309,여가서비스업,6390,89330,435
동래구,202309,여행업,0,1803,0
동래구,202309,운송업,1691,460567,1357
동래구,202309,의료웰니스업,4193,118545,4360
동래구,202310,쇼핑업,136179,1390000,15929
동래구,202310,숙박업,24336,119678,2437
동래구,202310,식음료업,0,1550000,7739
동래구,202310,여가서비스업,7295,87426,531
동래구,202310,여행업,2677,9839,58
동래구,202310,운송업,353,455096,1902
동래구,202310,의료웰니스업,4428,124661,4438
동래구,202311,쇼핑업,168411,1230000,11996
동래구,202311,숙박업,20301,107985,1915
동래구,202311,식음료업,0,1420000,7790
동래구,202311,여가서비스업,6687,79368,653
동래구,202311,여행업,0,2950,0
동래구,202311,운송업,359,518402,1781
동래구,202311,의료웰니스업,4185,106841,3760
동래구,202312,쇼핑업,137392,1370000,8565
동래구,202312,숙박업,33388,147109,909
동래구,202312,식음료업,0,1740000,5175
동래구,202312,여가서비스업,10493,96256,187
동래구,202312,여행업,1471,2981,160
동래구,202312,운송업,372,572728,1047
동래구,202312,의료웰니스업,5541,128763,2366
동래구,202401,쇼핑업,90002,1420000,6418
동래구,202401,숙박업,28801,140278,784
동래구,202401,식음료업,0,1480000,4359
동래구,202401,여가서비스업,9419,79450,301
동래구,202401,여행업,0,2679,0
동래구,202401,운송업,851,627003,1108
동래구,202401,의료웰니스업,5228,103992,3192
동래구,202402,쇼핑업,106037,1230000,7149
동래구,202402,숙박업,26526,126026,583
동래구,202402,식음료업,0,1490000,3812
동래구,202402,여가서비스업,9232,86894,233
동래구,202402,여행업,1255,4696,0
동래구,202402,운송업,1414,525091,878
동래구,202402,의료웰니스업,4155,122263,3445
동래구,202403,쇼핑업,112325,1400000,8487
동래구,202403,숙박업,22332,108901,1023
동래구,202403,식음료업,0,1640000,6979
동래구,202403,여가서비스업,9810,94791,494
동래구,202403,여행업,691,4331,0
동래구,202403,운송업,238,519506,1353
동래구,202403,의료웰니스업,5038,123446,3759
동래구,202404,쇼핑업,105880,1190000,12819
동래구,202404,숙박업,24529,107717,2363
동래구,202404,식음료업,0,1580000,8781
동래구,202404,여가서비스업,8254,84533,595
동래구,202404,여행업,2401,3674,187
동래구,202404,운송업,226,526464,1976
동래구,202404,의료웰니스업,4399,114983,8347
동래구,202405,쇼핑업,115851,1350000,11175
동래구,202405,숙박업,30836,106192,1740
동래구,202405,식음료업,0,1760000,7558
동래구,202405,여가서비스업,8539,86523,536
동래구,202405,여행업,3451,7486,0
동래구,202405,운송업,620,566432,2210
동래구,202405,의료웰니스업,4529,132087,5845
동래구,202406,쇼핑업,123922,1410000,13221
동래구,202406,숙박업,32228,95761,2033
동래구,202406,식음료업,0,1690000,8883
동래구,202406,여가서비스업,7066,86381,509
동래구,202406,여행업,0,1680,0
동래구,202406,운송업,229,487084,1783
동래구,202406,의료웰니스업,5145,120027,4216
동래구,202407,쇼핑업,94106,1290000,12595
동래구,202407,숙박업,23862,96519,1903
동래구,202407,식음료업,0,1630000,6839
동래구,202407,여가서비스업,7509,91414,640
동래구,202407,여행업,0,3538,29
동래구,202407,운송업,504,524953,1777
동래구,202407,의료웰니스업,4055,115860,4179
동래구,202408,쇼핑업,93303,1420000,11918
동래구,202408,숙박업,29316,107823,1607
동래구,202408,식음료업,0,1690000,6970
동래구,202408,여가서비스업,7156,91932,356
동래구,202408,여행업,1884,2255,0
동래구,202408,운송업,124,561926,1909
동래구,202408,의료웰니스업,5143,118806,3836
동래구,202409,쇼핑업,116174,1410000,11108
동래구,202409,숙박업,44916,120321,1182
동래구,202409,식음료업,0,1700000,7487
동래구,202409,여가서비스업,6562,86649,409
동래구,202409,여행업,582,5014,0
동래구,202409,운송업,10,548290,1678
동래구,202409,의료웰니스업,4790,118362,4969
동래구,202410,쇼핑업,138109,1290000,12862
동래구,202410,숙박업,28292,105577,1589
동래구,202410,식음료업,0,1530000,8633
동래구,202410,여가서비스업,6463,76534,465
동래구,202410,여행업,669,4040,0
동래구,202410,운송업,237,472919,2245
동래구,202410,의료웰니스업,4209,118757,7738
동래구,202411,쇼핑업,137375,1250000,14348
동래구,202411,숙박업,29887,101368,1511
동래구,202411,식음료업,0,1540000,8046
동래구,202411,여가서비스업,6702,79510,786
동래구,202411,여행업,3420,2382,0
동래구,202411,운송업,362,476380,2458
동래구,202411,의료웰니스업,5392,124711,7181
동래구,202412,쇼핑업,123957,1330000,9968
동래구,202412,숙박업,41217,152738,469
동래구,202412,식음료업,0,1740000,7247
동래구,202412,여가서비스업,6904,82166,334
동래구,202412,여행업,0,4015,0
동래구,202412,운송업,706,543093,1390
동래구,202412,의료웰니스업,8039,137232,4135
동래구,202501,쇼핑업,116584,1620000,9084
동래구,202501,숙박업,35561,146213,620
동래구,202501,식음료업,0,1620000,5895
동래구,202501,여가서비스업,5573,97109,184
동래구,202501,여행업,100,9401,0
동래구,202501,운송업,140,504527,972
동래구,202501,의료웰니스업,7340,123914,3677
동래구,202502,쇼핑업,98206,1070000,8461
동래구,202502,숙박업,32872,113562,315
동래구,202502,식음료업,0,1360000,5581
동래구,202502,여가서비스업,4774,79739,551
동래구,202502,여행업,4572,9291,148
동래구,202502,운송업,34,507087,1029
동래구,202502,의료웰니스업,6583,107282,4416
동래구,202503,쇼핑업,108375,1460000,15517
동래구,202503,숙박업,30761,117282,737
동래구,202503,식음료업,0,1610000,7983
동래구,202503,여가서비스업,6032,87520,1122
동래구,202503,여행업,0,4472,0
동래구,202503,운송업,158,531627,1858
동래구,202503,의료웰니스업,5705,139336,6291
동래구,202504,쇼핑업,105250,1340000,18586
동래구,202504,숙박업,30735,88093,1886
동래구,202504,식음료업,0,1560000,11748
동래구,202504,여가서비스업,5407,85354,910
동래구,202504,여행업,3053,11270,0
동래구,202504,운송업,435,580826,1932
동래구,202504,의료웰니스업,4374,111397,5767
동래구,202505,쇼핑업,132012,1680000,22112
동래구,202505,숙박업,25078,116103,2073
동래구,202505,식음료업,0,1820000,8349
동래구,202505,여가서비스업,7921,102399,839
동래구,202505,여행업,1882,8636,0
동래구,202505,운송업,20,611895,1961
동래구,202505,의료웰니스업,4505,129001,3290
동래구,202506,쇼핑업,135208,1540000,17643
동래구,202506,숙박업,25671,91782,1582
동래구,202506,식음료업,0,1600000,8461
동래구,202506,여가서비스업,7791,104715,753
동래구,202506,여행업,1998,2895,468
동래구,202506,운송업,137,562299,2022
동래구,202506,의료웰니스업,4347,123249,4238
동래구,202507,쇼핑업,129089,1480000,19325
동래구,202507,숙박업,38181,98741,1729
동래구,202507,식음료업,0,1760000,10390
동래구,202507,여가서비스업,6699,95199,775
동래구,202507,여행업,3628,8212,468
동래구,202507,운송업,256,633496,2022
동래구,202507,의료웰니스업,5077,129617,5866
동래구,202508,쇼핑업,116273,1520000,20787
동래구,202508,숙박업,26669,110200,2422
동래구,202508,식음료업,0,1830000,8053
동래구,202508,여가서비스업,6077,92390,564
동래구,202508,여행업,1734,13895,0
동래구,202508,운송업,285,646008,1923
동래구,202508,의료웰니스업,4718,137054,4609
동래구,202509,쇼핑업,115820,1430000,16510
동래구,202509,숙박업,32998,97181,1276
동래구,202509,식음료업,0,1570000,8002
동래구,202509,여가서비스업,4371,94067,486
동래구,202509,여행업,3034,3676,28
동래구,202509,운송업,641,556031,2218
동래구,202509,의료웰니스업,4461,123475,4265
동래구,202510,쇼핑업,147115,1520000,18332
동래구,202510,숙박업,30780,132837,688
동래구,202510,식음료업,0,1880000,9799
동래구,202510,여가서비스업,5642,88873,651
동래구,202510,여행업,1583,2290,17
동래구,202510,운송업,720,577966,2507
동래구,202510,의료웰니스업,5913,127715,6207
동래구,202511,쇼핑업,157503,1330000,24993
동래구,202511,숙박업,35460,119561,385
동래구,202511,식음료업,0,1620000,9705
동래구,202511,여가서비스업,4920,78645,890
동래구,202511,여행업,5635,12133,0
동래구,202511,운송업,103,580317,2210
동래구,202511,의료웰니스업,5313,133132,5909
동래구,202512,쇼핑업,133821,1360000,16015
동래구,202512,숙박업,36494,132263,160
동래구,202512,식음료업,0,1860000,8484
동래구,202512,여가서비스업,6090,84053,922
동래구,202512,여행업,3190,1616,0
동래구,202512,운송업,77,522924,2082
동래구,202512,의료웰니스업,6276,141818,4621
동래구,202601,쇼핑업,112369,1380000,11219
동래구,202601,숙박업,51127,175253,245
동래구,202601,식음료업,0,1760000,7500
동래구,202601,여가서비스업,4117,79941,193
동래구,202601,여행업,3699,4064,0
동래구,202601,운송업,71,514759,1362
동래구,202601,의료웰니스업,6059,133833,5243
동래구,202602,쇼핑업,120969,1350000,9549
동래구,202602,숙박업,33505,143075,82
동래구,202602,식음료업,0,1720000,7042
동래구,202602,여가서비스업,4362,89096,248
동래구,202602,여행업,3215,769,0
동래구,202602,운송업,430,448583,1283
동래구,202602,의료웰니스업,5894,125936,3651
동래구,202603,쇼핑업,135858,1390000,17641
동래구,202603,숙박업,24483,90389,509
동래구,202603,식음료업,0,1680000,11720
동래구,202603,여가서비스업,4792,80367,464
동래구,202603,여행업,4936,7007,0
동래구,202603,운송업,162,468243,4251
동래구,202603,의료웰니스업,6258,153127,8113
동래구,202604,쇼핑업,124322,1360000,31707
동래구,202604,숙박업,19468,74281,1231
동래구,202604,식음료업,0,1710000,14719
동래구,202604,여가서비스업,4055,79570,942
동래구,202604,여행업,4012,5014,198
동래구,202604,운송업,263,449087,2961
동래구,202604,의료웰니스업,4901,153862,11116
동래구,202605,쇼핑업,155800,1460000,31302
동래구,202605,숙박업,38987,152500,638
동래구,202605,식음료업,0,2010000,14963
동래구,202605,여가서비스업,4333,102986,910
동래구,202605,여행업,5892,6609,140
동래구,202605,운송업,106,524828,4905
동래구,202605,의료웰니스업,6373,150123,10791
동래구,202606,쇼핑업,142178,1410000,34424
동래구,202606,숙박업,25896,88686,1337
동래구,202606,식음료업,0,1740000,22439
동래구,202606,여가서비스업,2967,88774,1620
동래구,202606,여행업,5884,14614,12
동래구,202606,운송업,85,548201,3647
동래구,202606,의료웰니스업,4653,137953,13120
부산진구,202301,쇼핑업,621231,3560000,198961
부산진구,202301,숙박업,16655,145508,16889
부산진구,202301,식음료업,0,3490000,34628
부산진구,202301,여가서비스업,13277,198296,455754
부산진구,202301,여행업,3717,21255,0
부산진구,202301,운송업,0,273969,854
부산진구,202301,의료웰니스업,0,311507,16893
부산진구,202302,쇼핑업,570249,3130000,144205
부산진구,202302,숙박업,33028,166363,12804
부산진구,202302,식음료업,0,3250000,32921
부산진구,202302,여가서비스업,6273,168691,265568
부산진구,202302,여행업,4560,36009,0
부산진구,202302,운송업,189,241770,769
부산진구,202302,의료웰니스업,0,311847,16986
부산진구,202303,쇼핑업,637667,3390000,309899
부산진구,202303,숙박업,16771,135504,35028
부산진구,202303,식음료업,0,3360000,67842
부산진구,202303,여가서비스업,8228,168188,643158
부산진구,202303,여행업,3915,16741,6
부산진구,202303,운송업,589,265149,1967
부산진구,202303,의료웰니스업,0,368033,34656
부산진구,202304,쇼핑업,652313,3370000,408979
부산진구,202304,숙박업,18896,142969,47962
부산진구,202304,식음료업,0,3340000,79326
부산진구,202304,여가서비스업,7325,170880,508857
부산진구,202304,여행업,4093,24747,0
부산진구,202304,운송업,345,254465,2281
부산진구,202304,의료웰니스업,0,314273,32608
부산진구,202305,쇼핑업,684201,3520000,457253
부산진구,202305,숙박업,19017,147532,43521
부산진구,202305,식음료업,0,3530000,88882
부산진구,202305,여가서비스업,12507,184508,522272
부산진구,202305,여행업,4296,20749,0
부산진구,202305,운송업,73,289333,2484
부산진구,202305,의료웰니스업,0,343905,37611
부산진구,202306,쇼핑업,604408,3230000,387809
부산진구,202306,숙박업,18379,190789,42070
부산진구,202306,식음료업,0,3390000,79133
부산진구,202306,여가서비스업,14951,187745,542299
부산진구,202306,여행업,9151,28094,20
부산진구,202306,운송업,139,324341,2527
부산진구,202306,의료웰니스업,0,357644,38841
부산진구,202307,쇼핑업,640036,3540000,354418
부산진구,202307,숙박업,19396,188124,38306
부산진구,202307,식음료업,0,3630000,77238
부산진구,202307,여가서비스업,13567,193456,455145
부산진구,202307,여행업,2308,29656,0
부산진구,202307,운송업,68,354746,1900
부산진구,202307,의료웰니스업,0,356682,31010
부산진구,202308,쇼핑업,507672,3220000,387234
부산진구,202308,숙박업,19636,194238,41615
부산진구,202308,식음료업,0,3570000,82657
부산진구,202308,여가서비스업,12858,189053,444155
부산진구,202308,여행업,2576,20967,0
부산진구,202308,운송업,34,355549,2213
부산진구,202308,의료웰니스업,0,354847,34964
부산진구,202309,쇼핑업,624347,3640000,409880
부산진구,202309,숙박업,17265,147478,35928
부산진구,202309,식음료업,0,3380000,89580
부산진구,202309,여가서비스업,8814,173734,595191
부산진구,202309,여행업,2564,22784,2
부산진구,202309,운송업,113,341075,2369
부산진구,202309,의료웰니스업,0,351351,42308
부산진구,202310,쇼핑업,669247,3530000,620247
부산진구,202310,숙박업,15591,135532,52302
부산진구,202310,식음료업,0,3430000,126587
부산진구,202310,여가서비스업,6659,169137,670482
부산진구,202310,여행업,3389,42697,0
부산진구,202310,운송업,314,343942,3761
부산진구,202310,의료웰니스업,0,340465,49964
부산진구,202311,쇼핑업,787707,3690000,634159
부산진구,202311,숙박업,16389,144343,40894
부산진구,202311,식음료업,0,3120000,118287
부산진구,202311,여가서비스업,6787,148086,699648
부산진구,202311,여행업,10249,39846,0
부산진구,202311,운송업,40,316663,3138
부산진구,202311,의료웰니스업,0,322232,63539
부산진구,202312,쇼핑업,737083,3790000,395609
부산진구,202312,숙박업,21296,190819,27871
부산진구,202312,식음료업,0,3900000,79169
부산진구,202312,여가서비스업,16266,211820,678343
부산진구,202312,여행업,6263,39529,0
부산진구,202312,운송업,0,337731,2149
부산진구,202312,의료웰니스업,0,373465,53217
부산진구,202401,쇼핑업,549609,3200000,282494
부산진구,202401,숙박업,13207,128304,17514
부산진구,202401,식음료업,0,3310000,59516
부산진구,202401,여가서비스업,8697,188536,620212
부산진구,202401,여행업,2291,50282,0
부산진구,202401,운송업,73,282951,1528
부산진구,202401,의료웰니스업,0,324582,42125
부산진구,202402,쇼핑업,573933,3220000,332912
부산진구,202402,숙박업,27569,163567,21349
부산진구,202402,식음료업,0,3350000,68422
부산진구,202402,여가서비스업,11051,203772,749328
부산진구,202402,여행업,2426,18284,0
부산진구,202402,운송업,210,314492,1243
부산진구,202402,의료웰니스업,0,327526,36793
부산진구,202403,쇼핑업,628086,3510000,485359
부산진구,202403,숙박업,17027,158244,42666
부산진구,202403,식음료업,0,3540000,111825
부산진구,202403,여가서비스업,11044,193519,722335
부산진구,202403,여행업,4350,33836,0
부산진구,202403,운송업,42,340069,2292
부산진구,202403,의료웰니스업,0,390385,71654
부산진구,202404,쇼핑업,641447,3200000,553265
부산진구,202404,숙박업,13970,118488,45532
부산진구,202404,식음료업,0,3210000,129989
부산진구,202404,여가서비스업,9678,166473,740369
부산진구,202404,여행업,1938,29481,5
부산진구,202404,운송업,476,323466,2772
부산진구,202404,의료웰니스업,0,333202,84445
부산진구,202405,쇼핑업,666723,3560000,664286
부산진구,202405,숙박업,14233,161738,47556
부산진구,202405,식음료업,0,3630000,144467
부산진구,202405,여가서비스업,10823,193018,592241
부산진구,202405,여행업,4895,31616,0
부산진구,202405,운송업,163,351007,2959
부산진구,202405,의료웰니스업,0,382261,101877
부산진구,202406,쇼핑업,491585,2980000,791128
부산진구,202406,숙박업,16460,170545,33090
부산진구,202406,식음료업,0,3470000,147663
부산진구,202406,여가서비스업,11058,192013,574002
부산진구,202406,여행업,3358,26589,0
부산진구,202406,운송업,726,333577,3517
부산진구,202406,의료웰니스업,0,366108,113933
부산진구,202407,쇼핑업,479296,2930000,493171
부산진구,202407,숙박업,14711,180387,35419
부산진구,202407,식음료업,0,3470000,121976
부산진구,202407,여가서비스업,9573,190964,781346
부산진구,202407,여행업,1688,28256,0
부산진구,202407,운송업,81,318113,3027
부산진구,202407,의료웰니스업,0,360346,110399
부산진구,202408,쇼핑업,521770,2950000,620289
부산진구,202408,숙박업,12151,195525,46189
부산진구,202408,식음료업,0,3700000,150321
부산진구,202408,여가서비스업,11355,222309,686296
부산진구,202408,여행업,2167,35247,181
부산진구,202408,운송업,486,371114,4141
부산진구,202408,의료웰니스업,0,371859,121816
부산진구,202409,쇼핑업,493157,3280000,631011
부산진구,202409,숙박업,15928,132587,32327
부산진구,202409,식음료업,0,3300000,164084
부산진구,202409,여가서비스업,8743,201235,791474
부산진구,202409,여행업,4243,67833,0
부산진구,202409,운송업,217,349050,3814
부산진구,202409,의료웰니스업,0,359073,156809
부산진구,202410,쇼핑업,513219,3190000,683579
부산진구,202410,숙박업,14412,130191,39922
부산진구,202410,식음료업,0,3350000,176601
부산진구,202410,여가서비스업,5481,183326,780540
부산진구,202410,여행업,3851,47792,44
부산진구,202410,운송업,119,308974,4082
부산진구,202410,의료웰니스업,0,341231,217928
부산진구,202411,쇼핑업,612253,3360000,640217
부산진구,202411,숙박업,36165,124955,30978
부산진구,202411,식음료업,0,3370000,147939
부산진구,202411,여가서비스업,5731,160737,673216
부산진구,202411,여행업,4591,36345,0
부산진구,202411,운송업,2138,298547,3555
부산진구,202411,의료웰니스업,0,339657,228187
부산진구,202412,쇼핑업,598371,3310000,650710
부산진구,202412,숙박업,18746,160388,28170
부산진구,202412,식음료업,0,3790000,131502
부산진구,202412,여가서비스업,10029,204854,638338
부산진구,202412,여행업,8530,44762,0
부산진구,202412,운송업,338,316528,2814
부산진구,202412,의료웰니스업,0,366614,261131
부산진구,202501,쇼핑업,480452,3260000,532716
부산진구,202501,숙박업,19642,122663,18817
부산진구,202501,식음료업,0,3510000,103327
부산진구,202501,여가서비스업,7929,202933,668441
부산진구,202501,여행업,2569,42818,0
부산진구,202501,운송업,105,311342,1921
부산진구,202501,의료웰니스업,0,352914,194432
부산진구,202502,쇼핑업,410164,2720000,437280
부산진구,202502,숙박업,24975,160808,16102
부산진구,202502,식음료업,0,3100000,88672
부산진구,202502,여가서비스업,5114,172181,606023
부산진구,202502,여행업,3313,53099,0
부산진구,202502,운송업,472,296096,1714
부산진구,202502,의료웰니스업,0,349040,193234
부산진구,202503,쇼핑업,455819,3100000,883281
부산진구,202503,숙박업,10259,111924,29366
부산진구,202503,식음료업,0,3420000,184875
부산진구,202503,여가서비스업,5029,189014,730553
부산진구,202503,여행업,2504,45758,0
부산진구,202503,운송업,5,332815,3509
부산진구,202503,의료웰니스업,0,406448,305650
부산진구,202504,쇼핑업,475011,2890000,783726
부산진구,202504,숙박업,15033,131349,34944
부산진구,202504,식음료업,0,3150000,200648
부산진구,202504,여가서비스업,5685,159593,746328
부산진구,202504,여행업,5115,38662,0
부산진구,202504,운송업,76,307484,3878
부산진구,202504,의료웰니스업,0,362783,361233
부산진구,202505,쇼핑업,518443,3290000,802650
부산진구,202505,숙박업,16232,121787,26090
부산진구,202505,식음료업,0,3740000,219849
부산진구,202505,여가서비스업,8617,215311,615546
부산진구,202505,여행업,4734,25930,14
부산진구,202505,운송업,354,307826,4051
부산진구,202505,의료웰니스업,0,385349,402427
부산진구,202506,쇼핑업,486494,2900000,772843
부산진구,202506,숙박업,15524,126423,21710
부산진구,202506,식음료업,0,3310000,193176
부산진구,202506,여가서비스업,7110,198095,733601
부산진구,202506,여행업,3662,28862,2
부산진구,202506,운송업,84,295852,3896
부산진구,202506,의료웰니스업,0,376344,366918
부산진구,202507,쇼핑업,528734,3050000,773793
부산진구,202507,숙박업,14658,169348,28323
부산진구,202507,식음료업,0,3590000,191087
부산진구,202507,여가서비스업,7975,205756,642907
부산진구,202507,여행업,3076,32150,6
부산진구,202507,운송업,377,355521,5055
부산진구,202507,의료웰니스업,0,426472,314397
부산진구,202508,쇼핑업,496497,3200000,836871
부산진구,202508,숙박업,15559,157396,31827
부산진구,202508,식음료업,0,3960000,218429
부산진구,202508,여가서비스업,6377,237832,1386164
부산진구,202508,여행업,1579,48635,0
부산진구,202508,운송업,837,360169,4358
부산진구,202508,의료웰니스업,0,444008,301542
부산진구,202509,쇼핑업,510181,3340000,874676
부산진구,202509,숙박업,14033,139902,24449
부산진구,202509,식음료업,0,3420000,239241
부산진구,202509,여가서비스업,4988,178937,689433
부산진구,202509,여행업,4418,39036,0
부산진구,202509,운송업,366,316725,4180
부산진구,202509,의료웰니스업,0,400795,449486
부산진구,202510,쇼핑업,593118,3780000,884491
부산진구,202510,숙박업,11318,150104,30178
부산진구,202510,식음료업,0,3990000,248698
부산진구,202510,여가서비스업,6072,227947,631092
부산진구,202510,여행업,534,34031,0
부산진구,202510,운송업,389,327680,4650
부산진구,202510,의료웰니스업,0,395488,379718
부산진구,202511,쇼핑업,687523,3920000,1114858
부산진구,202511,숙박업,18707,154513,26102
부산진구,202511,식음료업,0,3660000,268756
부산진구,202511,여가서비스업,4068,179437,824445
부산진구,202511,여행업,3700,48214,0
부산진구,202511,운송업,427,333302,3959
부산진구,202511,의료웰니스업,0,387593,490202
부산진구,202512,쇼핑업,640662,3790000,834435
부산진구,202512,숙박업,35304,171990,22626
부산진구,202512,식음료업,0,4180000,220786
부산진구,202512,여가서비스업,6800,211358,810551
부산진구,202512,여행업,7228,37949,22
부산진구,202512,운송업,305,378556,3478
부산진구,202512,의료웰니스업,0,424403,558282
부산진구,202601,쇼핑업,569309,3640000,674578
부산진구,202601,숙박업,23807,139416,19219
부산진구,202601,식음료업,0,4050000,174119
부산진구,202601,여가서비스업,4962,207685,784087
부산진구,202601,여행업,3807,28937,0
부산진구,202601,운송업,26,357560,3396
부산진구,202601,의료웰니스업,0,400668,254598
부산진구,202602,쇼핑업,559251,3730000,787397
부산진구,202602,숙박업,26569,192651,19291
부산진구,202602,식음료업,0,3780000,197043
부산진구,202602,여가서비스업,5931,208381,763935
부산진구,202602,여행업,4899,38214,0
부산진구,202602,운송업,373,329501,4092
부산진구,202602,의료웰니스업,0,375970,257616
부산진구,202603,쇼핑업,556250,3350000,1116171
부산진구,202603,숙박업,17995,136549,28929
부산진구,202603,식음료업,0,3680000,323508
부산진구,202603,여가서비스업,7499,192575,686620
부산진구,202603,여행업,5830,46276,87
부산진구,202603,운송업,42,436170,7633
부산진구,202603,의료웰니스업,0,428201,479448
부산진구,202604,쇼핑업,543024,3340000,1371193
부산진구,202604,숙박업,13423,117819,33404
부산진구,202604,식음료업,0,3570000,364097
부산진구,202604,여가서비스업,4318,179239,892175
부산진구,202604,여행업,8807,37410,274
부산진구,202604,운송업,964,458423,8719
부산진구,202604,의료웰니스업,0,380945,520044
부산진구,202605,쇼핑업,605638,3750000,1688277
부산진구,202605,숙박업,13628,167891,33013
부산진구,202605,식음료업,0,4240000,421663
부산진구,202605,여가서비스업,7787,231487,862825
부산진구,202605,여행업,7964,22412,163
부산진구,202605,운송업,37,478685,7725
부산진구,202605,의료웰니스업,0,431898,543175
부산진구,202606,쇼핑업,511542,3250000,1874182
부산진구,202606,숙박업,13073,101556,35551
부산진구,202606,식음료업,0,3640000,412286
부산진구,202606,여가서비스업,4593,185827,969458
부산진구,202606,여행업,4852,28705,160
부산진구,202606,운송업,293,455674,8217
부산진구,202606,의료웰니스업,0,404609,662553
북구,202301,쇼핑업,41147,7400000,5491
북구,202301,숙박업,8893,22236,173
북구,202301,식음료업,0,737032,1759
북구,202301,여가서비스업,6198,44016,136
북구,202301,여행업,748,2301,0
북구,202301,운송업,167,561219,589
북구,202301,의료웰니스업,0,52467,2231
북구,202302,쇼핑업,34019,5560000,4897
북구,202302,숙박업,6771,23545,352
북구,202302,식음료업,0,652214,1430
북구,202302,여가서비스업,4773,35510,160
북구,202302,여행업,0,282,0
북구,202302,운송업,105,479847,730
북구,202302,의료웰니스업,0,51021,1286
북구,202303,쇼핑업,59011,7290000,7204
북구,202303,숙박업,7669,22185,2130
북구,202303,식음료업,0,693909,2086
북구,202303,여가서비스업,6695,34845,167
북구,202303,여행업,0,0,0
북구,202303,운송업,392,516761,1262
북구,202303,의료웰니스업,0,53457,2353
북구,202304,쇼핑업,63283,6650000,8927
북구,202304,숙박업,8670,24903,2910
북구,202304,식음료업,0,697693,3099
북구,202304,여가서비스업,7310,35643,100
북구,202304,여행업,0,363,0
북구,202304,운송업,321,513412,1450
북구,202304,의료웰니스업,0,54888,2259
북구,202305,쇼핑업,53816,6860000,9036
북구,202305,숙박업,8281,21159,2330
북구,202305,식음료업,0,751032,2969
북구,202305,여가서비스업,7866,42263,182
북구,202305,여행업,0,854,0
북구,202305,운송업,147,499386,1449
북구,202305,의료웰니스업,0,51640,1661
북구,202306,쇼핑업,43551,6810000,8205
북구,202306,숙박업,7211,18586,1722
북구,202306,식음료업,0,706714,2215
북구,202306,여가서비스업,8601,35522,446
북구,202306,여행업,0,1761,0
북구,202306,운송업,133,478589,1289
북구,202306,의료웰니스업,0,55146,1848
북구,202307,쇼핑업,44060,7400000,7812
북구,202307,숙박업,8054,18098,2214
북구,202307,식음료업,0,743868,2804
북구,202307,여가서비스업,8500,47607,131
북구,202307,여행업,0,2161,255
북구,202307,운송업,120,522967,1167
북구,202307,의료웰니스업,0,52144,3075
북구,202308,쇼핑업,28944,7620000,8919
북구,202308,숙박업,8382,23023,1515
북구,202308,식음료업,0,744761,2278
북구,202308,여가서비스업,7836,43783,108
북구,202308,여행업,0,593,0
북구,202308,운송업,108,583981,1207
북구,202308,의료웰니스업,0,54198,1870
북구,202309,쇼핑업,35596,7980000,8257
북구,202309,숙박업,7192,19317,1338
북구,202309,식음료업,0,728068,2210
북구,202309,여가서비스업,5913,40606,67
북구,202309,여행업,0,761,0
북구,202309,운송업,431,617659,1154
북구,202309,의료웰니스업,0,56541,2091
북구,202310,쇼핑업,70291,7090000,8097
북구,202310,숙박업,7974,17068,1203
북구,202310,식음료업,0,721165,2842
북구,202310,여가서비스업,5911,36702,133
북구,202310,여행업,0,200,0
북구,202310,운송업,195,594912,1524
북구,202310,의료웰니스업,0,58745,3546
북구,202311,쇼핑업,60888,6330000,8836
북구,202311,숙박업,5909,13800,1369
북구,202311,식음료업,0,646705,2721
북구,202311,여가서비스업,5460,38126,667
북구,202311,여행업,0,885,110
북구,202311,운송업,187,533287,1533
북구,202311,의료웰니스업,0,50802,2831
북구,202312,쇼핑업,49432,7050000,7970
북구,202312,숙박업,6442,15675,1548
북구,202312,식음료업,0,809471,2835
북구,202312,여가서비스업,9316,48635,79
북구,202312,여행업,0,4949,0
북구,202312,운송업,71,527465,924
북구,202312,의료웰니스업,0,62509,1702
북구,202401,쇼핑업,32873,6890000,7218
북구,202401,숙박업,7555,13327,972
북구,202401,식음료업,0,689426,2316
북구,202401,여가서비스업,5691,37179,179
북구,202401,여행업,0,927,0
북구,202401,운송업,200,480747,656
북구,202401,의료웰니스업,0,50496,4542
북구,202402,쇼핑업,32786,6920000,12427
북구,202402,숙박업,5428,15665,329
북구,202402,식음료업,0,694412,1738
북구,202402,여가서비스업,6131,46146,48
북구,202402,여행업,853,1506,0
북구,202402,운송업,279,485423,906
북구,202402,의료웰니스업,0,52173,973
북구,202403,쇼핑업,48887,7630000,9641
북구,202403,숙박업,6164,17782,716
북구,202403,식음료업,0,737543,2332
북구,202403,여가서비스업,7767,43653,104
북구,202403,여행업,0,0,0
북구,202403,운송업,69,536579,1177
북구,202403,의료웰니스업,0,53974,2640
북구,202404,쇼핑업,48293,6660000,8806
북구,202404,숙박업,6037,13654,702
북구,202404,식음료업,0,682558,2207
북구,202404,여가서비스업,7421,52299,64
북구,202404,여행업,0,0,0
북구,202404,운송업,182,504845,1434
북구,202404,의료웰니스업,0,43949,5115
북구,202405,쇼핑업,48000,7270000,10399
북구,202405,숙박업,6306,13397,510
북구,202405,식음료업,0,769519,3121
북구,202405,여가서비스업,6761,44425,199
북구,202405,여행업,0,581,0
북구,202405,운송업,119,530620,1695
북구,202405,의료웰니스업,0,52391,2728
북구,202406,쇼핑업,44465,7060000,8988
북구,202406,숙박업,6457,13811,524
북구,202406,식음료업,0,710507,3084
북구,202406,여가서비스업,6637,38143,377
북구,202406,여행업,0,0,0
북구,202406,운송업,46,494795,1825
북구,202406,의료웰니스업,0,55438,3205
북구,202407,쇼핑업,31399,7140000,9129
북구,202407,숙박업,7453,14823,968
북구,202407,식음료업,0,707036,3053
북구,202407,여가서비스업,6269,38659,114
북구,202407,여행업,3964,1956,0
북구,202407,운송업,273,510429,1542
북구,202407,의료웰니스업,0,59291,3820
북구,202408,쇼핑업,24814,7830000,10136
북구,202408,숙박업,6776,16249,665
북구,202408,식음료업,0,733664,2590
북구,202408,여가서비스업,5275,44584,276
북구,202408,여행업,3056,0,0
북구,202408,운송업,2,519564,1418
북구,202408,의료웰니스업,0,49321,2612
북구,202409,쇼핑업,18782,7530000,9627
북구,202409,숙박업,6310,14608,578
북구,202409,식음료업,0,734209,2844
북구,202409,여가서비스업,7889,44974,331
북구,202409,여행업,3068,1910,0
북구,202409,운송업,204,483600,1728
북구,202409,의료웰니스업,0,53481,2093
북구,202410,쇼핑업,40094,7590000,11633
북구,202410,숙박업,6535,17515,1114
북구,202410,식음료업,0,716160,3265
북구,202410,여가서비스업,5140,39022,309
북구,202410,여행업,0,1499,0
북구,202410,운송업,209,470616,2404
북구,202410,의료웰니스업,0,48609,2697
북구,202411,쇼핑업,42224,6650000,17317
북구,202411,숙박업,5270,12516,476
북구,202411,식음료업,0,677417,3140
북구,202411,여가서비스업,4139,40368,119
북구,202411,여행업,0,552,0
북구,202411,운송업,407,497741,1940
북구,202411,의료웰니스업,0,46585,2420
북구,202412,쇼핑업,37805,6970000,17024
북구,202412,숙박업,5598,14848,1078
북구,202412,식음료업,0,763080,3376
북구,202412,여가서비스업,6160,40186,122
북구,202412,여행업,0,1742,0
북구,202412,운송업,0,504844,1731
북구,202412,의료웰니스업,0,60438,2826
북구,202501,쇼핑업,22761,8030000,17508
북구,202501,숙박업,5648,12034,1855
북구,202501,식음료업,0,733481,2993
북구,202501,여가서비스업,3476,43672,222
북구,202501,여행업,0,0,0
북구,202501,운송업,220,485954,979
북구,202501,의료웰니스업,0,50830,1782
북구,202502,쇼핑업,22044,6520000,13614
북구,202502,숙박업,4874,11897,1310
북구,202502,식음료업,0,608602,1716
북구,202502,여가서비스업,3183,33655,185
북구,202502,여행업,0,2127,0
북구,202502,운송업,71,429704,1196
북구,202502,의료웰니스업,0,47613,3808
북구,202503,쇼핑업,29323,7580000,17797
북구,202503,숙박업,6841,15381,886
북구,202503,식음료업,0,729372,2570
북구,202503,여가서비스업,6392,47132,127
북구,202503,여행업,4098,0,0
북구,202503,운송업,76,487768,1719
북구,202503,의료웰니스업,0,54724,1715
북구,202504,쇼핑업,27721,6930000,20262
북구,202504,숙박업,5330,12206,1271
북구,202504,식음료업,0,671714,3569
북구,202504,여가서비스업,5177,31736,384
북구,202504,여행업,0,0,0
북구,202504,운송업,0,500534,2092
북구,202504,의료웰니스업,0,51874,2597
북구,202505,쇼핑업,32701,7800000,21723
북구,202505,숙박업,5949,18658,1458
북구,202505,식음료업,0,819883,4067
북구,202505,여가서비스업,5760,35762,315
북구,202505,여행업,0,0,0
북구,202505,운송업,391,511767,2160
북구,202505,의료웰니스업,0,55057,4380
북구,202506,쇼핑업,22638,7270000,20541
북구,202506,숙박업,5350,11854,769
북구,202506,식음료업,0,687599,4210
북구,202506,여가서비스업,4580,31862,192
북구,202506,여행업,1342,1095,0
북구,202506,운송업,94,471121,2140
북구,202506,의료웰니스업,0,48051,2314
북구,202507,쇼핑업,22851,7850000,18715
북구,202507,숙박업,6097,15826,842
북구,202507,식음료업,0,729239,3879
북구,202507,여가서비스업,4407,36303,524
북구,202507,여행업,0,0,0
북구,202507,운송업,119,543714,2055
북구,202507,의료웰니스업,0,53583,6343
북구,202508,쇼핑업,17146,8010000,20113
북구,202508,숙박업,6870,16090,456
북구,202508,식음료업,0,757337,3154
북구,202508,여가서비스업,4917,41548,166
북구,202508,여행업,0,1182,0
북구,202508,운송업,103,534465,1973
북구,202508,의료웰니스업,0,54972,1497
북구,202509,쇼핑업,17612,7480000,20506
북구,202509,숙박업,5495,17745,496
북구,202509,식음료업,0,677747,3115
북구,202509,여가서비스업,5139,37681,568
북구,202509,여행업,0,0,0
북구,202509,운송업,34,509336,2116
북구,202509,의료웰니스업,0,55636,4217
북구,202510,쇼핑업,40041,8760000,22587
북구,202510,숙박업,7160,39110,674
북구,202510,식음료업,0,852462,4198
북구,202510,여가서비스업,6951,47068,656
북구,202510,여행업,0,5132,0
북구,202510,운송업,364,559726,2310
북구,202510,의료웰니스업,0,54309,3623
북구,202511,쇼핑업,42551,7800000,22304
북구,202511,숙박업,9186,14510,335
북구,202511,식음료업,0,729369,3593
북구,202511,여가서비스업,6451,33632,322
북구,202511,여행업,0,3433,0
북구,202511,운송업,287,576114,2322
북구,202511,의료웰니스업,0,54249,7550
북구,202512,쇼핑업,31350,7800000,19814
북구,202512,숙박업,5181,13845,712
북구,202512,식음료업,0,799917,3854
북구,202512,여가서비스업,6985,34150,750
북구,202512,여행업,0,244,0
북구,202512,운송업,0,577780,1563
북구,202512,의료웰니스업,0,57265,10051
북구,202601,쇼핑업,26028,8490000,15972
북구,202601,숙박업,5971,11622,146
북구,202601,식음료업,0,761648,3573
북구,202601,여가서비스업,4873,36492,362
북구,202601,여행업,0,1159,0
북구,202601,운송업,160,561317,1438
북구,202601,의료웰니스업,0,49292,4268
북구,202602,쇼핑업,22577,8160000,17227
북구,202602,숙박업,6525,11643,481
북구,202602,식음료업,0,741297,2602
북구,202602,여가서비스업,6866,42691,186
북구,202602,여행업,0,320,0
북구,202602,운송업,0,496334,1241
북구,202602,의료웰니스업,0,50915,2016
북구,202603,쇼핑업,32898,8950000,25881
북구,202603,숙박업,5189,11315,511
북구,202603,식음료업,0,727253,5222
북구,202603,여가서비스업,10686,36774,2093
북구,202603,여행업,0,536,0
북구,202603,운송업,0,640207,2711
북구,202603,의료웰니스업,0,50783,3771
북구,202604,쇼핑업,27567,8300000,28369
북구,202604,숙박업,4568,16981,562
북구,202604,식음료업,0,751757,6183
북구,202604,여가서비스업,8630,31356,578
북구,202604,여행업,0,1358,0
북구,202604,운송업,308,641278,3381
북구,202604,의료웰니스업,0,52426,3718
북구,202605,쇼핑업,34884,8620000,28682
북구,202605,숙박업,5302,20179,1007
북구,202605,식음료업,0,909056,6195
북구,202605,여가서비스업,6449,46170,1537
북구,202605,여행업,0,1709,0
북구,202605,운송업,53,633638,3177
북구,202605,의료웰니스업,0,58691,6932
북구,202606,쇼핑업,23636,8370000,29754
북구,202606,숙박업,4274,13523,1842
북구,202606,식음료업,0,758510,6878
북구,202606,여가서비스업,5588,41913,259
북구,202606,여행업,0,1047,0
북구,202606,운송업,0,602508,4044
북구,202606,의료웰니스업,0,53433,6049
사상구,202301,쇼핑업,7614,1240000,161247
사상구,202301,숙박업,5619,23467,1946
사상구,202301,식음료업,0,900189,3403
사상구,202301,여가서비스업,4088,61303,93
사상구,202301,여행업,0,27,0
사상구,202301,운송업,1064,1600000,788
사상구,202301,의료웰니스업,1266,47990,751
사상구,202302,쇼핑업,4647,893219,147585
사상구,202302,숙박업,4775,21826,2697
사상구,202302,식음료업,0,843800,3895
사상구,202302,여가서비스업,2115,49784,98
사상구,202302,여행업,0,0,0
사상구,202302,운송업,224,1350000,731
사상구,202302,의료웰니스업,1033,45372,575
사상구,202303,쇼핑업,8425,1120000,196544
사상구,202303,숙박업,5959,29157,3466
사상구,202303,식음료업,0,967388,8806
사상구,202303,여가서비스업,2399,56211,118
사상구,202303,여행업,0,129,0
사상구,202303,운송업,556,1400000,1836
사상구,202303,의료웰니스업,1478,65605,1026
사상구,202304,쇼핑업,8397,1060000,203571
사상구,202304,숙박업,5068,28842,3398
사상구,202304,식음료업,0,962872,9781
사상구,202304,여가서비스업,2324,56827,122
사상구,202304,여행업,0,87,0
사상구,202304,운송업,467,1360000,2157
사상구,202304,의료웰니스업,1182,45455,1121
사상구,202305,쇼핑업,7473,1140000,198058
사상구,202305,숙박업,6112,28189,4106
사상구,202305,식음료업,0,995131,10242
사상구,202305,여가서비스업,3940,60535,131
사상구,202305,여행업,0,1323,0
사상구,202305,운송업,229,1290000,1768
사상구,202305,의료웰니스업,1643,54351,1047
사상구,202306,쇼핑업,10192,1050000,199966
사상구,202306,숙박업,5026,26936,3276
사상구,202306,식음료업,0,923480,8419
사상구,202306,여가서비스업,4387,65139,142
사상구,202306,여행업,0,632,0
사상구,202306,운송업,543,1220000,1788
사상구,202306,의료웰니스업,1057,54021,1355
사상구,202307,쇼핑업,8151,1160000,210971
사상구,202307,숙박업,5289,31282,2754
사상구,202307,식음료업,0,940583,4284
사상구,202307,여가서비스업,4558,58717,111
사상구,202307,여행업,0,2585,0
사상구,202307,운송업,607,1380000,2540
사상구,202307,의료웰니스업,1106,55295,968
사상구,202308,쇼핑업,7784,1200000,212328
사상구,202308,숙박업,4769,30669,3276
사상구,202308,식음료업,0,959648,5986
사상구,202308,여가서비스업,3838,54324,117
사상구,202308,여행업,0,331,139
사상구,202308,운송업,323,1520000,2067
사상구,202308,의료웰니스업,998,46507,744
사상구,202309,쇼핑업,9300,1450000,232378
사상구,202309,숙박업,4660,24324,3771
사상구,202309,식음료업,0,964429,9554
사상구,202309,여가서비스업,2461,61847,165
사상구,202309,여행업,0,351,0
사상구,202309,운송업,285,1610000,2594
사상구,202309,의료웰니스업,821,56374,661
사상구,202310,쇼핑업,9779,1110000,241268
사상구,202310,숙박업,4859,25595,4119
사상구,202310,식음료업,0,975633,12070
사상구,202310,여가서비스업,2518,59178,193
사상구,202310,여행업,0,267,192
사상구,202310,운송업,344,1520000,3042
사상구,202310,의료웰니스업,979,54941,1073
사상구,202311,쇼핑업,7952,1070000,219901
사상구,202311,숙박업,3785,23894,3034
사상구,202311,식음료업,0,928817,11867
사상구,202311,여가서비스업,2572,58107,240
사상구,202311,여행업,0,601,0
사상구,202311,운송업,367,1390000,2579
사상구,202311,의료웰니스업,960,50058,970
사상구,202312,쇼핑업,7513,1140000,211061
사상구,202312,숙박업,5386,29598,3283
사상구,202312,식음료업,0,1090000,10029
사상구,202312,여가서비스업,4315,66198,171
사상구,202312,여행업,0,0,0
사상구,202312,운송업,1009,1400000,1980
사상구,202312,의료웰니스업,1299,53783,484
사상구,202401,쇼핑업,8227,1200000,178679
사상구,202401,숙박업,4809,24234,2386
사상구,202401,식음료업,0,905249,4070
사상구,202401,여가서비스업,2640,56311,93
사상구,202401,여행업,0,156,0
사상구,202401,운송업,223,1430000,1484
사상구,202401,의료웰니스업,1190,49697,670
사상구,202402,쇼핑업,5643,1170000,164431
사상구,202402,숙박업,4529,27725,1722
사상구,202402,식음료업,0,892982,3684
사상구,202402,여가서비스업,2992,59115,191
사상구,202402,여행업,27,502,0
사상구,202402,운송업,186,1390000,1671
사상구,202402,의료웰니스업,2311,48033,392
사상구,202403,쇼핑업,6733,1210000,225228
사상구,202403,숙박업,5713,26640,3976
사상구,202403,식음료업,0,1010000,12149
사상구,202403,여가서비스업,3926,66965,535
사상구,202403,여행업,0,273,0
사상구,202403,운송업,238,1410000,2234
사상구,202403,의료웰니스업,1219,60738,872
사상구,202404,쇼핑업,5315,1060000,225849
사상구,202404,숙박업,4358,22064,2657
사상구,202404,식음료업,0,957303,12876
사상구,202404,여가서비스업,3146,63145,468
사상구,202404,여행업,0,1427,0
사상구,202404,운송업,261,1300000,2921
사상구,202404,의료웰니스업,1236,49961,1327
사상구,202405,쇼핑업,10169,1160000,225465
사상구,202405,숙박업,5472,27314,2894
사상구,202405,식음료업,0,1060000,12635
사상구,202405,여가서비스업,3701,66486,408
사상구,202405,여행업,0,547,60
사상구,202405,운송업,990,1430000,3355
사상구,202405,의료웰니스업,1266,57706,1495
사상구,202406,쇼핑업,6941,1060000,235240
사상구,202406,숙박업,5137,25614,2043
사상구,202406,식음료업,0,972491,10761
사상구,202406,여가서비스업,2601,61488,199
사상구,202406,여행업,148,230,0
사상구,202406,운송업,607,1400000,2994
사상구,202406,의료웰니스업,1494,49407,1410
사상구,202407,쇼핑업,6561,1120000,239586
사상구,202407,숙박업,6144,27077,2501
사상구,202407,식음료업,0,966903,5065
사상구,202407,여가서비스업,3031,60574,234
사상구,202407,여행업,233,242,0
사상구,202407,운송업,580,1480000,2958
사상구,202407,의료웰니스업,1020,50035,886
사상구,202408,쇼핑업,6536,1240000,260597
사상구,202408,숙박업,7206,24712,1489
사상구,202408,식음료업,0,963294,6496
사상구,202408,여가서비스업,2956,59728,295
사상구,202408,여행업,0,95,0
사상구,202408,운송업,576,1620000,3119
사상구,202408,의료웰니스업,1308,55590,806
사상구,202409,쇼핑업,7004,1300000,291019
사상구,202409,숙박업,5433,19441,1423
사상구,202409,식음료업,0,932250,13871
사상구,202409,여가서비스업,3182,60440,450
사상구,202409,여행업,0,312,0
사상구,202409,운송업,306,1510000,2936
사상구,202409,의료웰니스업,1382,50562,1452
사상구,202410,쇼핑업,10753,1060000,296267
사상구,202410,숙박업,5119,28053,2430
사상구,202410,식음료업,0,960512,15786
사상구,202410,여가서비스업,2786,66462,239
사상구,202410,여행업,0,1643,0
사상구,202410,운송업,715,1420000,3778
사상구,202410,의료웰니스업,1498,46739,1421
사상구,202411,쇼핑업,7888,1120000,283541
사상구,202411,숙박업,4355,22201,1575
사상구,202411,식음료업,0,936069,15539
사상구,202411,여가서비스업,1483,46820,600
사상구,202411,여행업,17,77,0
사상구,202411,운송업,888,1340000,3819
사상구,202411,의료웰니스업,1742,51884,1412
사상구,202412,쇼핑업,5986,1110000,308290
사상구,202412,숙박업,4842,22995,1343
사상구,202412,식음료업,0,1040000,12592
사상구,202412,여가서비스업,2694,56290,146
사상구,202412,여행업,0,0,0
사상구,202412,운송업,271,1330000,2904
사상구,202412,의료웰니스업,1757,51794,953
사상구,202501,쇼핑업,4471,1370000,245024
사상구,202501,숙박업,4406,23805,1598
사상구,202501,식음료업,0,926673,5230
사상구,202501,여가서비스업,2080,58933,113
사상구,202501,여행업,17,218,0
사상구,202501,운송업,379,1310000,1821
사상구,202501,의료웰니스업,1797,53053,566
사상구,202502,쇼핑업,7202,921303,213515
사상구,202502,숙박업,5272,18959,2260
사상구,202502,식음료업,0,813636,4527
사상구,202502,여가서비스업,1723,52796,239
사상구,202502,여행업,0,56,0
사상구,202502,운송업,177,1260000,2383
사상구,202502,의료웰니스업,1304,47298,463
사상구,202503,쇼핑업,4852,1160000,319248
사상구,202503,숙박업,4638,22585,2694
사상구,202503,식음료업,0,963304,17917
사상구,202503,여가서비스업,1693,58635,134
사상구,202503,여행업,0,100,0
사상구,202503,운송업,581,1340000,3296
사상구,202503,의료웰니스업,1407,59286,1070
사상구,202504,쇼핑업,7112,1020000,331990
사상구,202504,숙박업,3907,21778,2333
사상구,202504,식음료업,0,952326,18182
사상구,202504,여가서비스업,1887,55131,222
사상구,202504,여행업,0,92,0
사상구,202504,운송업,498,1210000,3733
사상구,202504,의료웰니스업,1473,50048,1242
사상구,202505,쇼핑업,7034,1150000,324495
사상구,202505,숙박업,5123,25054,3300
사상구,202505,식음료업,0,1050000,18018
사상구,202505,여가서비스업,2446,55339,564
사상구,202505,여행업,0,35,0
사상구,202505,운송업,793,1320000,3584
사상구,202505,의료웰니스업,1661,47693,1583
사상구,202506,쇼핑업,8510,1040000,315605
사상구,202506,숙박업,3501,21827,2231
사상구,202506,식음료업,0,874428,15260
사상구,202506,여가서비스업,1431,55745,417
사상구,202506,여행업,0,900,0
사상구,202506,운송업,378,1230000,3352
사상구,202506,의료웰니스업,1369,48773,1327
사상구,202507,쇼핑업,7267,1160000,323151
사상구,202507,숙박업,3671,21358,1434
사상구,202507,식음료업,0,912790,7972
사상구,202507,여가서비스업,2739,58360,197
사상구,202507,여행업,0,25,0
사상구,202507,운송업,525,1370000,3627
사상구,202507,의료웰니스업,1211,50357,1695
사상구,202508,쇼핑업,7687,1160000,288271
사상구,202508,숙박업,6491,27153,2081
사상구,202508,식음료업,0,971252,8790
사상구,202508,여가서비스업,3209,63112,402
사상구,202508,여행업,0,172,0
사상구,202508,운송업,467,1380000,3738
사상구,202508,의료웰니스업,1103,49408,1543
사상구,202509,쇼핑업,6266,1200000,353872
사상구,202509,숙박업,4912,19579,2762
사상구,202509,식음료업,0,936889,19494
사상구,202509,여가서비스업,1593,54626,546
사상구,202509,여행업,0,3264,0
사상구,202509,운송업,814,1290000,3683
사상구,202509,의료웰니스업,1111,50229,1554
사상구,202510,쇼핑업,8188,1210000,374688
사상구,202510,숙박업,5052,31729,4485
사상구,202510,식음료업,0,1050000,21831
사상구,202510,여가서비스업,2586,62617,548
사상구,202510,여행업,0,81,0
사상구,202510,운송업,305,1280000,4325
사상구,202510,의료웰니스업,1555,52479,1786
사상구,202511,쇼핑업,8195,1110000,372227
사상구,202511,숙박업,3991,28112,2926
사상구,202511,식음료업,0,965648,21640
사상구,202511,여가서비스업,1585,52378,463
사상구,202511,여행업,0,1063,0
사상구,202511,운송업,253,1290000,3701
사상구,202511,의료웰니스업,1637,50134,1881
사상구,202512,쇼핑업,6271,1110000,397472
사상구,202512,숙박업,3679,27431,3002
사상구,202512,식음료업,0,1060000,18735
사상구,202512,여가서비스업,3413,58815,572
사상구,202512,여행업,0,0,0
사상구,202512,운송업,342,1390000,2977
사상구,202512,의료웰니스업,1690,57677,1729
사상구,202601,쇼핑업,4670,1210000,304639
사상구,202601,숙박업,3326,25901,1884
사상구,202601,식음료업,0,986986,7802
사상구,202601,여가서비스업,1997,56400,199
사상구,202601,여행업,10,29,0
사상구,202601,운송업,488,1390000,2651
사상구,202601,의료웰니스업,2206,40745,828
사상구,202602,쇼핑업,5820,1210000,269590
사상구,202602,숙박업,3302,23338,1490
사상구,202602,식음료업,0,927580,7907
사상구,202602,여가서비스업,2639,57169,212
사상구,202602,여행업,0,88,0
사상구,202602,운송업,314,1260000,2571
사상구,202602,의료웰니스업,3214,46862,574
사상구,202603,쇼핑업,5869,1130000,436244
사상구,202603,숙박업,4077,26101,4478
사상구,202603,식음료업,0,1010000,36892
사상구,202603,여가서비스업,2939,63586,1144
사상구,202603,여행업,0,1267,0
사상구,202603,운송업,428,1620000,4008
사상구,202603,의료웰니스업,2099,66173,2142
사상구,202604,쇼핑업,6479,1060000,435730
사상구,202604,숙박업,4889,27953,2569
사상구,202604,식음료업,0,984217,40092
사상구,202604,여가서비스업,1302,49272,835
사상구,202604,여행업,0,1825,0
사상구,202604,운송업,391,1640000,4217
사상구,202604,의료웰니스업,1611,51266,2361
사상구,202605,쇼핑업,6475,1120000,455878
사상구,202605,숙박업,4310,26055,2920
사상구,202605,식음료업,0,1100000,40181
사상구,202605,여가서비스업,2864,66750,681
사상구,202605,여행업,0,2187,0
사상구,202605,운송업,560,1580000,4959
사상구,202605,의료웰니스업,1686,56495,2325
사상구,202606,쇼핑업,7818,1010000,452229
사상구,202606,숙박업,3575,22413,4106
사상구,202606,식음료업,0,948328,34675
사상구,202606,여가서비스업,1466,55066,1047
사상구,202606,여행업,0,2318,0
사상구,202606,운송업,329,1520000,5437
사상구,202606,의료웰니스업,1634,54339,2363
사하구,202301,쇼핑업,10120,705014,6191
사하구,202301,숙박업,5832,12726,63
사하구,202301,식음료업,0,756351,3193
사하구,202301,여가서비스업,4087,46937,485
사하구,202301,여행업,0,0,0
사하구,202301,운송업,174,585273,559
사하구,202301,의료웰니스업,0,49243,1689
사하구,202302,쇼핑업,6327,576777,6783
사하구,202302,숙박업,5332,12289,13
사하구,202302,식음료업,0,697844,3617
사하구,202302,여가서비스업,2455,38607,287
사하구,202302,여행업,0,0,0
사하구,202302,운송업,289,541131,936
사하구,202302,의료웰니스업,0,47963,820
사하구,202303,쇼핑업,9371,692715,16100
사하구,202303,숙박업,6189,12253,116
사하구,202303,식음료업,0,778371,6661
사하구,202303,여가서비스업,3522,37261,505
사하구,202303,여행업,0,0,0
사하구,202303,운송업,244,576678,1405
사하구,202303,의료웰니스업,0,55694,1377
사하구,202304,쇼핑업,14378,660692,26503
사하구,202304,숙박업,5343,10715,52
사하구,202304,식음료업,0,765801,10601
사하구,202304,여가서비스업,2684,36322,961
사하구,202304,여행업,0,0,0
사하구,202304,운송업,176,540698,1707
사하구,202304,의료웰니스업,0,55437,1372
사하구,202305,쇼핑업,16416,667258,23744
사하구,202305,숙박업,5135,16153,243
사하구,202305,식음료업,0,842050,11121
사하구,202305,여가서비스업,3837,41280,931
사하구,202305,여행업,0,1477,0
사하구,202305,운송업,0,560583,1466
사하구,202305,의료웰니스업,0,59035,3331
사하구,202306,쇼핑업,11472,637676,25280
사하구,202306,숙박업,5789,13416,246
사하구,202306,식음료업,0,785163,10652
사하구,202306,여가서비스업,5515,44583,807
사하구,202306,여행업,1125,0,0
사하구,202306,운송업,313,516333,1658
사하구,202306,의료웰니스업,0,58369,2827
사하구,202307,쇼핑업,8124,641333,24125
사하구,202307,숙박업,6122,12336,89
사하구,202307,식음료업,0,815032,9634
사하구,202307,여가서비스업,4989,39157,795
사하구,202307,여행업,0,1860,0
사하구,202307,운송업,666,528896,1291
사하구,202307,의료웰니스업,0,53362,2535
사하구,202308,쇼핑업,7695,646903,20750
사하구,202308,숙박업,5627,12851,17
사하구,202308,식음료업,0,810655,10625
사하구,202308,여가서비스업,5362,37327,852
사하구,202308,여행업,0,464,0
사하구,202308,운송업,925,593718,1255
사하구,202308,의료웰니스업,0,53162,1750
사하구,202309,쇼핑업,14639,719527,24522
사하구,202309,숙박업,5294,15683,124
사하구,202309,식음료업,0,819972,12093
사하구,202309,여가서비스업,3031,44055,717
사하구,202309,여행업,0,0,0
사하구,202309,운송업,185,637102,1533
사하구,202309,의료웰니스업,0,56031,2125
사하구,202310,쇼핑업,24431,669303,35707
사하구,202310,숙박업,4963,10659,149
사하구,202310,식음료업,0,803485,17777
사하구,202310,여가서비스업,3228,40089,1113
사하구,202310,여행업,0,0,0
사하구,202310,운송업,660,571382,2034
사하구,202310,의료웰니스업,0,62784,3366
사하구,202311,쇼핑업,14267,611259,24815
사하구,202311,숙박업,4286,11063,91
사하구,202311,식음료업,0,714277,10879
사하구,202311,여가서비스업,2602,39283,814
사하구,202311,여행업,0,689,0
사하구,202311,운송업,285,584783,1566
사하구,202311,의료웰니스업,0,57761,1766
사하구,202312,쇼핑업,11714,670342,16455
사하구,202312,숙박업,4653,13137,22
사하구,202312,식음료업,0,844648,9864
사하구,202312,여가서비스업,9912,50826,667
사하구,202312,여행업,0,1863,0
사하구,202312,운송업,319,587898,1220
사하구,202312,의료웰니스업,0,63644,1354
사하구,202401,쇼핑업,10675,596089,12289
사하구,202401,숙박업,4086,10996,0
사하구,202401,식음료업,0,709468,17827
사하구,202401,여가서비스업,5594,40901,586
사하구,202401,여행업,504,3136,0
사하구,202401,운송업,473,574809,980
사하구,202401,의료웰니스업,0,52737,1769
사하구,202402,쇼핑업,11684,664442,13698
사하구,202402,숙박업,5392,12880,0
사하구,202402,식음료업,0,737883,19113
사하구,202402,여가서비스업,6535,41492,639
사하구,202402,여행업,0,501,0
사하구,202402,운송업,487,556074,934
사하구,202402,의료웰니스업,0,64781,2224
사하구,202403,쇼핑업,9529,673889,30697
사하구,202403,숙박업,4696,15335,49
사하구,202403,식음료업,0,814736,30347
사하구,202403,여가서비스업,7392,49764,821
사하구,202403,여행업,358,2232,0
사하구,202403,운송업,169,594636,1505
사하구,202403,의료웰니스업,0,61320,2215
사하구,202404,쇼핑업,14809,632649,43982
사하구,202404,숙박업,5113,15704,74
사하구,202404,식음료업,0,765597,34852
사하구,202404,여가서비스업,6382,38574,1315
사하구,202404,여행업,1592,4606,0
사하구,202404,운송업,327,572056,1843
사하구,202404,의료웰니스업,0,53862,1741
사하구,202405,쇼핑업,17390,684775,42185
사하구,202405,숙박업,6544,17991,83
사하구,202405,식음료업,0,881995,36936
사하구,202405,여가서비스업,6268,44843,2264
사하구,202405,여행업,0,1721,0
사하구,202405,운송업,232,783676,2022
사하구,202405,의료웰니스업,0,65260,2542
사하구,202406,쇼핑업,10805,649712,38325
사하구,202406,숙박업,6851,16476,172
사하구,202406,식음료업,0,803094,33497
사하구,202406,여가서비스업,6393,50803,1735
사하구,202406,여행업,0,4551,0
사하구,202406,운송업,0,708165,2113
사하구,202406,의료웰니스업,4,66191,3160
사하구,202407,쇼핑업,8971,626284,34052
사하구,202407,숙박업,5481,13178,108
사하구,202407,식음료업,0,812773,34292
사하구,202407,여가서비스업,6628,39077,1700
사하구,202407,여행업,141,3475,0
사하구,202407,운송업,0,687189,2261
사하구,202407,의료웰니스업,4,59101,2338
사하구,202408,쇼핑업,8063,654279,36343
사하구,202408,숙박업,4979,15211,107
사하구,202408,식음료업,0,835341,36474
사하구,202408,여가서비스업,7051,46068,1649
사하구,202408,여행업,3973,4670,0
사하구,202408,운송업,557,736986,2222
사하구,202408,의료웰니스업,0,52003,4406
사하구,202409,쇼핑업,9811,672619,38191
사하구,202409,숙박업,5448,10864,76
사하구,202409,식음료업,0,810110,35749
사하구,202409,여가서비스업,7017,46498,1792
사하구,202409,여행업,0,1310,1593
사하구,202409,운송업,420,642671,2550
사하구,202409,의료웰니스업,0,47427,2163
사하구,202410,쇼핑업,17028,640203,56911
사하구,202410,숙박업,4481,13910,302
사하구,202410,식음료업,0,790637,39422
사하구,202410,여가서비스업,3530,41130,2401
사하구,202410,여행업,0,6094,0
사하구,202410,운송업,240,639220,3150
사하구,202410,의료웰니스업,4,59081,3703
사하구,202411,쇼핑업,14130,653989,37352
사하구,202411,숙박업,3996,12988,222
사하구,202411,식음료업,0,784646,30260
사하구,202411,여가서비스업,4092,42376,2350
사하구,202411,여행업,0,3611,0
사하구,202411,운송업,339,616313,2334
사하구,202411,의료웰니스업,4,51732,1993
사하구,202412,쇼핑업,15031,640646,28598
사하구,202412,숙박업,4208,12278,20
사하구,202412,식음료업,0,819760,27430
사하구,202412,여가서비스업,7935,43223,1706
사하구,202412,여행업,0,7057,0
사하구,202412,운송업,562,643421,1868
사하구,202412,의료웰니스업,9,54415,2897
사하구,202501,쇼핑업,13284,682758,19053
사하구,202501,숙박업,3464,10773,6
사하구,202501,식음료업,0,790071,20670
사하구,202501,여가서비스업,5741,45980,1608
사하구,202501,여행업,0,0,0
사하구,202501,운송업,426,583094,1515
사하구,202501,의료웰니스업,0,48908,2077
사하구,202502,쇼핑업,9939,524100,18064
사하구,202502,숙박업,3896,13217,44
사하구,202502,식음료업,0,675146,18614
사하구,202502,여가서비스업,3201,44446,1111
사하구,202502,여행업,0,1394,0
사하구,202502,운송업,0,633014,1487
사하구,202502,의료웰니스업,9,48117,1175
사하구,202503,쇼핑업,15326,681037,39585
사하구,202503,숙박업,4630,10446,184
사하구,202503,식음료업,0,806017,31166
사하구,202503,여가서비스업,3110,50490,1415
사하구,202503,여행업,0,0,0
사하구,202503,운송업,442,679580,2364
사하구,202503,의료웰니스업,0,54965,2733
사하구,202504,쇼핑업,21925,580875,70540
사하구,202504,숙박업,4042,8582,104
사하구,202504,식음료업,0,775037,41327
사하구,202504,여가서비스업,3096,37239,2165
사하구,202504,여행업,0,2237,0
사하구,202504,운송업,502,632425,2875
사하구,202504,의료웰니스업,0,47017,4024
사하구,202505,쇼핑업,23964,636310,51689
사하구,202505,숙박업,5156,9048,215
사하구,202505,식음료업,0,887888,41371
사하구,202505,여가서비스업,5361,45052,1964
사하구,202505,여행업,0,0,64
사하구,202505,운송업,508,675199,2697
사하구,202505,의료웰니스업,0,55936,3592
사하구,202506,쇼핑업,17960,571209,52678
사하구,202506,숙박업,4964,9571,286
사하구,202506,식음료업,0,770066,37950
사하구,202506,여가서비스업,4959,47921,1885
사하구,202506,여행업,0,74,0
사하구,202506,운송업,349,599384,2608
사하구,202506,의료웰니스업,0,51888,2535
사하구,202507,쇼핑업,16053,610385,43257
사하구,202507,숙박업,3662,11870,51
사하구,202507,식음료업,0,825267,38009
사하구,202507,여가서비스업,5111,46499,1635
사하구,202507,여행업,0,393,60
사하구,202507,운송업,141,679478,2740
사하구,202507,의료웰니스업,0,58197,3678
사하구,202508,쇼핑업,17824,595572,45708
사하구,202508,숙박업,4631,12817,105
사하구,202508,식음료업,0,865466,40687
사하구,202508,여가서비스업,4597,52898,1655
사하구,202508,여행업,273,0,12
사하구,202508,운송업,340,649866,2903
사하구,202508,의료웰니스업,0,60624,2578
사하구,202509,쇼핑업,12010,654892,61249
사하구,202509,숙박업,3541,11470,527
사하구,202509,식음료업,0,775925,41275
사하구,202509,여가서비스업,2403,46081,2866
사하구,202509,여행업,0,0,48
사하구,202509,운송업,131,587175,2799
사하구,202509,의료웰니스업,0,64687,3761
사하구,202510,쇼핑업,27130,711767,77658
사하구,202510,숙박업,5202,15415,539
사하구,202510,식음료업,0,943527,49873
사하구,202510,여가서비스업,2833,54839,3290
사하구,202510,여행업,0,3028,6
사하구,202510,운송업,104,599679,2785
사하구,202510,의료웰니스업,0,61056,3623
사하구,202511,쇼핑업,23963,618841,67872
사하구,202511,숙박업,4239,11239,70
사하구,202511,식음료업,0,811855,45615
사하구,202511,여가서비스업,1656,45512,1981
사하구,202511,여행업,0,993,8
사하구,202511,운송업,278,712640,2599
사하구,202511,의료웰니스업,0,60851,4525
사하구,202512,쇼핑업,22712,634356,48020
사하구,202512,숙박업,4467,11396,174
사하구,202512,식음료업,0,871105,33465
사하구,202512,여가서비스업,4460,50172,2219
사하구,202512,여행업,0,0,401
사하구,202512,운송업,63,784631,2176
사하구,202512,의료웰니스업,4,60182,4140
사하구,202601,쇼핑업,13974,613919,36094
사하구,202601,숙박업,5101,11939,55
사하구,202601,식음료업,0,837548,29061
사하구,202601,여가서비스업,2840,42339,1530
사하구,202601,여행업,0,1372,0
사하구,202601,운송업,80,756404,1794
사하구,202601,의료웰니스업,0,59793,2959
사하구,202602,쇼핑업,12206,628655,35783
사하구,202602,숙박업,3948,12129,38
사하구,202602,식음료업,0,826608,28448
사하구,202602,여가서비스업,4279,46863,1489
사하구,202602,여행업,107,0,0
사하구,202602,운송업,117,684479,1704
사하구,202602,의료웰니스업,0,58990,1903
사하구,202603,쇼핑업,30033,651769,77161
사하구,202603,숙박업,4705,13920,260
사하구,202603,식음료업,0,844795,52155
사하구,202603,여가서비스업,4946,48382,3438
사하구,202603,여행업,0,1200,45
사하구,202603,운송업,149,667954,2905
사하구,202603,의료웰니스업,0,61949,3730
사하구,202604,쇼핑업,25225,626493,107518
사하구,202604,숙박업,4168,18251,283
사하구,202604,식음료업,0,796003,65389
사하구,202604,여가서비스업,2831,41491,4381
사하구,202604,여행업,0,0,100
사하구,202604,운송업,518,810450,3923
사하구,202604,의료웰니스업,0,60943,5863
사하구,202605,쇼핑업,27586,639558,115022
사하구,202605,숙박업,4371,14577,839
사하구,202605,식음료업,0,988196,68976
사하구,202605,여가서비스업,3669,45143,6343
사하구,202605,여행업,0,1068,0
사하구,202605,운송업,876,1020000,4212
사하구,202605,의료웰니스업,0,61718,7593
사하구,202606,쇼핑업,19067,592151,98884
사하구,202606,숙박업,4601,20534,243
사하구,202606,식음료업,0,809676,62117
사하구,202606,여가서비스업,2566,41202,5877
사하구,202606,여행업,0,632,0
사하구,202606,운송업,340,1010000,4562
사하구,202606,의료웰니스업,0,57734,7920
서구,202301,쇼핑업,1786,380054,1652
서구,202301,숙박업,1699,32393,17044
서구,202301,식음료업,0,457476,4007
서구,202301,여가서비스업,708,63739,4250
서구,202301,여행업,50,4008,0
서구,202301,운송업,0,171190,338
서구,202301,의료웰니스업,0,29084,9146
서구,202302,쇼핑업,1532,326486,1047
서구,202302,숙박업,901,40244,17975
서구,202302,식음료업,0,447829,3631
서구,202302,여가서비스업,966,77749,3659
서구,202302,여행업,72,284,0
서구,202302,운송업,0,142818,379
서구,202302,의료웰니스업,0,26547,9286
서구,202303,쇼핑업,2681,374314,2588
서구,202303,숙박업,2210,33415,26048
서구,202303,식음료업,0,496672,7611
서구,202303,여가서비스업,937,51220,7402
서구,202303,여행업,104,8340,0
서구,202303,운송업,0,168831,968
서구,202303,의료웰니스업,0,23786,8832
서구,202304,쇼핑업,2762,342584,3078
서구,202304,숙박업,2449,38440,28006
서구,202304,식음료업,0,496667,11039
서구,202304,여가서비스업,925,66531,17028
서구,202304,여행업,50,2031,0
서구,202304,운송업,77,141785,921
서구,202304,의료웰니스업,0,25192,7177
서구,202305,쇼핑업,2337,382191,3416
서구,202305,숙박업,1628,39220,35023
서구,202305,식음료업,0,535045,11083
서구,202305,여가서비스업,1106,72731,16606
서구,202305,여행업,102,5161,0
서구,202305,운송업,0,149274,873
서구,202305,의료웰니스업,0,22606,11793
서구,202306,쇼핑업,2190,388905,3392
서구,202306,숙박업,1798,34361,32607
서구,202306,식음료업,0,505554,11745
서구,202306,여가서비스업,1009,71202,17873
서구,202306,여행업,110,1813,0
서구,202306,운송업,0,141944,950
서구,202306,의료웰니스업,0,24452,10122
서구,202307,쇼핑업,1525,391080,3485
서구,202307,숙박업,2240,41175,25170
서구,202307,식음료업,0,524627,10360
서구,202307,여가서비스업,1020,69374,14807
서구,202307,여행업,18,5914,0
서구,202307,운송업,105,141571,1027
서구,202307,의료웰니스업,0,25107,10280
서구,202308,쇼핑업,1416,420378,3321
서구,202308,숙박업,1971,47386,32533
서구,202308,식음료업,0,557855,10448
서구,202308,여가서비스업,1013,87705,16075
서구,202308,여행업,66,873,0
서구,202308,운송업,128,153531,710
서구,202308,의료웰니스업,0,24104,9959
서구,202309,쇼핑업,1738,427530,3456
서구,202309,숙박업,3809,34955,29764
서구,202309,식음료업,0,477751,12522
서구,202309,여가서비스업,910,66448,15416
서구,202309,여행업,18,2852,0
서구,202309,운송업,0,147398,837
서구,202309,의료웰니스업,0,21176,18091
서구,202310,쇼핑업,3137,400764,4627
서구,202310,숙박업,6297,45134,40266
서구,202310,식음료업,0,500240,16257
서구,202310,여가서비스업,1106,84098,24638
서구,202310,여행업,32,7823,0
서구,202310,운송업,0,160965,1379
서구,202310,의료웰니스업,0,34499,10164
서구,202311,쇼핑업,2865,365320,3870
서구,202311,숙박업,4754,59805,39451
서구,202311,식음료업,0,448490,12369
서구,202311,여가서비스업,1065,53870,15249
서구,202311,여행업,1562,3479,0
서구,202311,운송업,151,182904,1062
서구,202311,의료웰니스업,0,23948,10152
서구,202312,쇼핑업,2661,375538,2943
서구,202312,숙박업,6924,81699,28526
서구,202312,식음료업,0,507626,8734
서구,202312,여가서비스업,951,65696,12199
서구,202312,여행업,90,825,0
서구,202312,운송업,0,188885,691
서구,202312,의료웰니스업,0,26590,7927
서구,202401,쇼핑업,1667,375799,2326
서구,202401,숙박업,3917,65693,25427
서구,202401,식음료업,0,439181,5779
서구,202401,여가서비스업,813,56795,9292
서구,202401,여행업,31,11,0
서구,202401,운송업,0,170481,603
서구,202401,의료웰니스업,0,25555,16437
서구,202402,쇼핑업,745,368447,3073
서구,202402,숙박업,7664,69888,28620
서구,202402,식음료업,0,453918,7169
서구,202402,여가서비스업,891,62756,9826
서구,202402,여행업,41,27,0
서구,202402,운송업,0,162412,504
서구,202402,의료웰니스업,0,20478,10518
서구,202403,쇼핑업,1907,357577,4821
서구,202403,숙박업,4893,59251,29674
서구,202403,식음료업,0,511343,12918
서구,202403,여가서비스업,901,73924,17528
서구,202403,여행업,1033,3782,0
서구,202403,운송업,69,192863,703
서구,202403,의료웰니스업,0,26179,14111
서구,202404,쇼핑업,2716,357643,6162
서구,202404,숙박업,2461,57029,38323
서구,202404,식음료업,0,484724,17589
서구,202404,여가서비스업,1014,55796,23696
서구,202404,여행업,19,1203,0
서구,202404,운송업,0,185395,1190
서구,202404,의료웰니스업,0,23910,20157
서구,202405,쇼핑업,2435,384744,6708
서구,202405,숙박업,2772,60797,39772
서구,202405,식음료업,0,561570,21868
서구,202405,여가서비스업,1461,79455,36550
서구,202405,여행업,1323,1410,0
서구,202405,운송업,166,211642,1335
서구,202405,의료웰니스업,0,25090,10353
서구,202406,쇼핑업,2092,374091,7001
서구,202406,숙박업,2557,62345,41543
서구,202406,식음료업,0,528416,22716
서구,202406,여가서비스업,933,68067,30128
서구,202406,여행업,28,683,0
서구,202406,운송업,0,206505,1201
서구,202406,의료웰니스업,0,28169,10946
서구,202407,쇼핑업,1442,349872,7060
서구,202407,숙박업,3721,66039,33449
서구,202407,식음료업,0,534951,20254
서구,202407,여가서비스업,1218,61407,23208
서구,202407,여행업,69,2598,0
서구,202407,운송업,0,230564,1120
서구,202407,의료웰니스업,0,24685,9203
서구,202408,쇼핑업,1201,361467,6671
서구,202408,숙박업,3734,82515,61347
서구,202408,식음료업,0,585461,24275
서구,202408,여가서비스업,1166,84213,26476
서구,202408,여행업,46,5926,0
서구,202408,운송업,0,272024,1254
서구,202408,의료웰니스업,0,26831,5146
서구,202409,쇼핑업,1493,370155,7089
서구,202409,숙박업,3902,54610,41991
서구,202409,식음료업,0,508122,22114
서구,202409,여가서비스업,820,62133,24075
서구,202409,여행업,5,4380,0
서구,202409,운송업,0,230577,1395
서구,202409,의료웰니스업,0,19292,7842
서구,202410,쇼핑업,2246,369101,8294
서구,202410,숙박업,3188,65463,46936
서구,202410,식음료업,0,525194,31433
서구,202410,여가서비스업,914,61489,33205
서구,202410,여행업,17,2515,0
서구,202410,운송업,0,220899,1426
서구,202410,의료웰니스업,0,39956,18539
서구,202411,쇼핑업,2362,351139,6412
서구,202411,숙박업,5633,71014,35397
서구,202411,식음료업,0,504906,20173
서구,202411,여가서비스업,953,56154,21382
서구,202411,여행업,31,456,0
서구,202411,운송업,0,205647,1451
서구,202411,의료웰니스업,0,20658,8876
서구,202412,쇼핑업,2907,355332,5652
서구,202412,숙박업,6023,77902,26630
서구,202412,식음료업,0,503465,15573
서구,202412,여가서비스업,833,55687,17667
서구,202412,여행업,46,293,0
서구,202412,운송업,0,218525,911
서구,202412,의료웰니스업,0,28745,5324
서구,202501,쇼핑업,1764,354081,4815
서구,202501,숙박업,6092,77816,21469
서구,202501,식음료업,0,466962,12795
서구,202501,여가서비스업,719,63439,12221
서구,202501,여행업,89,9,0
서구,202501,운송업,70,209075,632
서구,202501,의료웰니스업,0,23332,4293
서구,202502,쇼핑업,847,302179,4360
서구,202502,숙박업,5183,53785,33694
서구,202502,식음료업,0,411762,11267
서구,202502,여가서비스업,738,46218,10141
서구,202502,여행업,30,2,0
서구,202502,운송업,0,223009,794
서구,202502,의료웰니스업,0,21769,11337
서구,202503,쇼핑업,1550,359230,8254
서구,202503,숙박업,6369,71823,35678
서구,202503,식음료업,0,488181,19811
서구,202503,여가서비스업,454,44440,19479
서구,202503,여행업,7,573,0
서구,202503,운송업,0,252378,1169
서구,202503,의료웰니스업,0,25329,8743
서구,202504,쇼핑업,3201,357715,10147
서구,202504,숙박업,5951,52492,43933
서구,202504,식음료업,0,477690,31787
서구,202504,여가서비스업,477,49757,36232
서구,202504,여행업,67,668,0
서구,202504,운송업,0,286622,1855
서구,202504,의료웰니스업,1947,24352,15294
서구,202505,쇼핑업,2075,397907,10607
서구,202505,숙박업,5181,90232,35209
서구,202505,식음료업,0,573131,33080
서구,202505,여가서비스업,1301,71133,29680
서구,202505,여행업,236,7,0
서구,202505,운송업,83,296802,1729
서구,202505,의료웰니스업,0,25618,8337
서구,202506,쇼핑업,1805,351139,9704
서구,202506,숙박업,6701,64840,27112
서구,202506,식음료업,0,493076,31923
서구,202506,여가서비스업,1143,55636,29483
서구,202506,여행업,29,2363,0
서구,202506,운송업,0,258442,1640
서구,202506,의료웰니스업,0,24232,9794
서구,202507,쇼핑업,2278,371506,10572
서구,202507,숙박업,5445,82002,35023
서구,202507,식음료업,0,555320,37676
서구,202507,여가서비스업,701,63892,31716
서구,202507,여행업,1032,313,0
서구,202507,운송업,88,299162,1961
서구,202507,의료웰니스업,0,20649,13708
서구,202508,쇼핑업,2235,390404,11429
서구,202508,숙박업,4815,90991,39854
서구,202508,식음료업,0,592566,38334
서구,202508,여가서비스업,1530,82960,34388
서구,202508,여행업,62,2338,0
서구,202508,운송업,0,260819,1850
서구,202508,의료웰니스업,0,25383,8078
서구,202509,쇼핑업,803,376003,12375
서구,202509,숙박업,4533,57810,34672
서구,202509,식음료업,0,483732,32977
서구,202509,여가서비스업,539,45620,31357
서구,202509,여행업,30,3180,0
서구,202509,운송업,0,241913,1743
서구,202509,의료웰니스업,0,19806,19751
서구,202510,쇼핑업,2288,423306,14824
서구,202510,숙박업,6873,106111,51054
서구,202510,식음료업,0,588908,40473
서구,202510,여가서비스업,1056,93173,37688
서구,202510,여행업,77,221,0
서구,202510,운송업,269,132999,1943
서구,202510,의료웰니스업,0,39495,30730
서구,202511,쇼핑업,1498,363586,12937
서구,202511,숙박업,4796,82962,46509
서구,202511,식음료업,0,506267,31159
서구,202511,여가서비스업,732,58661,31453
서구,202511,여행업,2,383,0
서구,202511,운송업,95,144381,1479
서구,202511,의료웰니스업,0,22727,22507
서구,202512,쇼핑업,1582,402325,11042
서구,202512,숙박업,7863,89687,30440
서구,202512,식음료업,0,523566,24616
서구,202512,여가서비스업,401,45979,22295
서구,202512,여행업,31,5,0
서구,202512,운송업,0,150966,1396
서구,202512,의료웰니스업,0,24505,10423
서구,202601,쇼핑업,1883,390744,8347
서구,202601,숙박업,4951,71292,25397
서구,202601,식음료업,0,480587,20047
서구,202601,여가서비스업,405,56211,17223
서구,202601,여행업,45,0,9
서구,202601,운송업,0,126045,1032
서구,202601,의료웰니스업,0,25944,8868
서구,202602,쇼핑업,1616,411784,10179
서구,202602,숙박업,4906,92254,27520
서구,202602,식음료업,0,467655,24637
서구,202602,여가서비스업,476,65767,19210
서구,202602,여행업,65,4,0
서구,202602,운송업,322,122448,1038
서구,202602,의료웰니스업,0,22073,6140
서구,202603,쇼핑업,2182,392092,12912
서구,202603,숙박업,3796,69245,52112
서구,202603,식음료업,0,511064,31746
서구,202603,여가서비스업,312,31578,17219
서구,202603,여행업,74,2910,0
서구,202603,운송업,85,142473,1754
서구,202603,의료웰니스업,0,33137,16022
서구,202604,쇼핑업,2406,379815,20369
서구,202604,숙박업,2836,81372,60510
서구,202604,식음료업,0,529366,58238
서구,202604,여가서비스업,622,61155,57495
서구,202604,여행업,36,3868,0
서구,202604,운송업,0,160599,2384
서구,202604,의료웰니스업,0,51287,25094
서구,202605,쇼핑업,2029,413725,21429
서구,202605,숙박업,5773,84439,76037
서구,202605,식음료업,0,615793,76044
서구,202605,여가서비스업,780,88523,69689
서구,202605,여행업,62,2546,0
서구,202605,운송업,0,168737,2518
서구,202605,의료웰니스업,0,50304,14869
서구,202606,쇼핑업,1441,370068,20038
서구,202606,숙박업,6889,75769,57674
서구,202606,식음료업,0,536835,67937
서구,202606,여가서비스업,1730,61276,63517
서구,202606,여행업,57,1294,0
서구,202606,운송업,48,171192,2129
서구,202606,의료웰니스업,0,39663,16476
수영구,202301,쇼핑업,2972,1100000,6035
수영구,202301,숙박업,4763,54712,4358
수영구,202301,식음료업,0,2120000,21661
수영구,202301,여가서비스업,1334,82236,1768
수영구,202301,여행업,0,0,0
수영구,202301,운송업,193,273779,756
수영구,202301,의료웰니스업,211,87357,2976
수영구,202302,쇼핑업,4909,839408,4035
수영구,202302,숙박업,4324,53634,2882
수영구,202302,식음료업,0,2120000,17912
수영구,202302,여가서비스업,994,82969,1179
수영구,202302,여행업,0,5595,0
수영구,202302,운송업,127,253753,821
수영구,202302,의료웰니스업,90,81712,2713
수영구,202303,쇼핑업,2466,937001,9759
수영구,202303,숙박업,4636,48788,8516
수영구,202303,식음료업,0,2060000,42638
수영구,202303,여가서비스업,1226,90900,2388
수영구,202303,여행업,0,59,0
수영구,202303,운송업,0,276032,1540
수영구,202303,의료웰니스업,85,98034,4342
수영구,202304,쇼핑업,5569,882935,12224
수영구,202304,숙박업,7560,56297,11506
수영구,202304,식음료업,0,2120000,62614
수영구,202304,여가서비스업,1207,91106,2515
수영구,202304,여행업,0,123,0
수영구,202304,운송업,212,253931,1509
수영구,202304,의료웰니스업,78,88462,4840
수영구,202305,쇼핑업,5428,942380,13081
수영구,202305,숙박업,6641,71041,11191
수영구,202305,식음료업,0,2220000,60636
수영구,202305,여가서비스업,1116,97291,2185
수영구,202305,여행업,0,119,0
수영구,202305,운송업,117,283905,1832
수영구,202305,의료웰니스업,119,103128,4171
수영구,202306,쇼핑업,4875,992435,12141
수영구,202306,숙박업,5800,68090,12168
수영구,202306,식음료업,0,2230000,63185
수영구,202306,여가서비스업,1067,105570,2622
수영구,202306,여행업,0,144,0
수영구,202306,운송업,323,253455,1911
수영구,202306,의료웰니스업,56,105497,6771
수영구,202307,쇼핑업,2739,946927,10844
수영구,202307,숙박업,6487,77459,9785
수영구,202307,식음료업,0,2470000,54236
수영구,202307,여가서비스업,957,123754,1912
수영구,202307,여행업,0,0,0
수영구,202307,운송업,235,275603,1686
수영구,202307,의료웰니스업,56,106929,4203
수영구,202308,쇼핑업,3698,1010000,11145
수영구,202308,숙박업,7723,87458,8770
수영구,202308,식음료업,0,2670000,49311
수영구,202308,여가서비스업,1151,130193,2204
수영구,202308,여행업,0,0,0
수영구,202308,운송업,0,286773,1575
수영구,202308,의료웰니스업,30,107156,5825
수영구,202309,쇼핑업,2216,1010000,13625
수영구,202309,숙박업,4362,57280,18106
수영구,202309,식음료업,0,2220000,64805
수영구,202309,여가서비스업,820,109014,1853
수영구,202309,여행업,0,446,0
수영구,202309,운송업,400,277960,1946
수영구,202309,의료웰니스업,37,102694,6879
수영구,202310,쇼핑업,6929,924808,17159
수영구,202310,숙박업,6470,70372,21071
수영구,202310,식음료업,0,2310000,93185
수영구,202310,여가서비스업,1309,118571,2589
수영구,202310,여행업,0,677,0
수영구,202310,운송업,60,297034,2513
수영구,202310,의료웰니스업,29,94129,7670
수영구,202311,쇼핑업,4667,827492,12469
수영구,202311,숙박업,3592,67034,13806
수영구,202311,식음료업,0,2020000,65036
수영구,202311,여가서비스업,660,105393,1690
수영구,202311,여행업,0,0,0
수영구,202311,운송업,388,271151,1828
수영구,202311,의료웰니스업,110,101661,6043
수영구,202312,쇼핑업,7444,980938,10222
수영구,202312,숙박업,4741,72944,11005
수영구,202312,식음료업,0,2530000,45939
수영구,202312,여가서비스업,1385,124572,1537
수영구,202312,여행업,0,989,0
수영구,202312,운송업,372,273740,1426
수영구,202312,의료웰니스업,291,112663,4863
수영구,202401,쇼핑업,5210,1020000,9267
수영구,202401,숙박업,5713,59139,4523
수영구,202401,식음료업,0,2110000,36548
수영구,202401,여가서비스업,612,117517,1130
수영구,202401,여행업,0,0,0
수영구,202401,운송업,0,243159,1193
수영구,202401,의료웰니스업,214,93832,7072
수영구,202402,쇼핑업,3629,979051,8089
수영구,202402,숙박업,7318,60476,4083
수영구,202402,식음료업,0,2150000,37094
수영구,202402,여가서비스업,4848,120261,919
수영구,202402,여행업,0,1004,0
수영구,202402,운송업,135,238892,1133
수영구,202402,의료웰니스업,126,90188,3451
수영구,202403,쇼핑업,4419,966543,14360
수영구,202403,숙박업,5429,50025,10408
수영구,202403,식음료업,0,2250000,67924
수영구,202403,여가서비스업,903,119089,2420
수영구,202403,여행업,0,117,0
수영구,202403,운송업,0,259130,1612
수영구,202403,의료웰니스업,67,107366,4845
수영구,202404,쇼핑업,4754,903275,20397
수영구,202404,숙박업,4659,53001,13014
수영구,202404,식음료업,0,2120000,108763
수영구,202404,여가서비스업,3280,111343,2447
수영구,202404,여행업,0,456,0
수영구,202404,운송업,426,243133,2132
수영구,202404,의료웰니스업,89,90176,7142
수영구,202405,쇼핑업,4531,1040000,22948
수영구,202405,숙박업,5476,67226,17551
수영구,202405,식음료업,0,2450000,118053
수영구,202405,여가서비스업,1280,120025,3740
수영구,202405,여행업,0,0,0
수영구,202405,운송업,0,261319,2269
수영구,202405,의료웰니스업,63,110584,8256
수영구,202406,쇼핑업,3877,650380,20255
수영구,202406,숙박업,8281,78744,12358
수영구,202406,식음료업,0,2360000,104055
수영구,202406,여가서비스업,1099,116015,3472
수영구,202406,여행업,0,0,28
수영구,202406,운송업,0,256524,2416
수영구,202406,의료웰니스업,50,107498,7391
수영구,202407,쇼핑업,4104,662756,17266
수영구,202407,숙박업,7485,68763,15398
수영구,202407,식음료업,0,2440000,89117
수영구,202407,여가서비스업,1522,112439,2909
수영구,202407,여행업,0,1656,46
수영구,202407,운송업,40,267978,3073
수영구,202407,의료웰니스업,12,105695,7422
수영구,202408,쇼핑업,6332,796012,24143
수영구,202408,숙박업,7935,86424,13250
수영구,202408,식음료업,0,2880000,96915
수영구,202408,여가서비스업,1907,136779,2456
수영구,202408,여행업,0,1535,0
수영구,202408,운송업,40,294896,2292
수영구,202408,의료웰니스업,24,115363,5584
수영구,202409,쇼핑업,3503,729127,22644
수영구,202409,숙박업,8705,61672,13477
수영구,202409,식음료업,0,2180000,115402
수영구,202409,여가서비스업,2120,119341,3300
수영구,202409,여행업,0,0,66
수영구,202409,운송업,122,258473,2503
수영구,202409,의료웰니스업,14,103624,6032
수영구,202410,쇼핑업,6393,676285,32415
수영구,202410,숙박업,5966,65450,16920
수영구,202410,식음료업,0,2240000,149218
수영구,202410,여가서비스업,1247,105207,4277
수영구,202410,여행업,0,5414,0
수영구,202410,운송업,139,233157,3075
수영구,202410,의료웰니스업,55,95004,9946
수영구,202411,쇼핑업,6076,705514,21791
수영구,202411,숙박업,6591,53802,9863
수영구,202411,식음료업,0,2220000,102756
수영구,202411,여가서비스업,1439,95740,2808
수영구,202411,여행업,0,2109,0
수영구,202411,운송업,181,232846,2653
수영구,202411,의료웰니스업,126,105637,8160
수영구,202412,쇼핑업,4901,777384,19155
수영구,202412,숙박업,9787,60404,6013
수영구,202412,식음료업,0,2490000,81732
수영구,202412,여가서비스업,3717,121315,2927
수영구,202412,여행업,0,2198,0
수영구,202412,운송업,107,249525,2089
수영구,202412,의료웰니스업,109,104543,7556
수영구,202501,쇼핑업,7122,832927,13720
수영구,202501,숙박업,7681,53946,2672
수영구,202501,식음료업,0,2330000,58649
수영구,202501,여가서비스업,1317,122882,2654
수영구,202501,여행업,0,2540,0
수영구,202501,운송업,424,243766,1315
수영구,202501,의료웰니스업,82,107893,5586
수영구,202502,쇼핑업,3400,652482,10192
수영구,202502,숙박업,6688,54274,2154
수영구,202502,식음료업,0,2020000,49468
수영구,202502,여가서비스업,917,123114,1804
수영구,202502,여행업,2300,2292,0
수영구,202502,운송업,86,228627,1521
수영구,202502,의료웰니스업,64,100098,5472
수영구,202503,쇼핑업,5097,709577,22253
수영구,202503,숙박업,5714,51604,9958
수영구,202503,식음료업,0,2180000,107805
수영구,202503,여가서비스업,1346,114693,3801
수영구,202503,여행업,0,4730,109
수영구,202503,운송업,333,250833,2299
수영구,202503,의료웰니스업,97,102577,8719
수영구,202504,쇼핑업,4494,688361,33093
수영구,202504,숙박업,6228,49495,14560
수영구,202504,식음료업,0,2030000,159890
수영구,202504,여가서비스업,2480,94985,5408
수영구,202504,여행업,0,488,0
수영구,202504,운송업,167,234782,3076
수영구,202504,의료웰니스업,12,95827,10686
수영구,202505,쇼핑업,3984,784047,32419
수영구,202505,숙박업,23512,77112,13960
수영구,202505,식음료업,0,2660000,164866
수영구,202505,여가서비스업,1207,136379,5664
수영구,202505,여행업,0,2825,0
수영구,202505,운송업,311,254292,2812
수영구,202505,의료웰니스업,86,108035,17521
수영구,202506,쇼핑업,4686,690038,35808
수영구,202506,숙박업,3654,55388,13071
수영구,202506,식음료업,0,2250000,145387
수영구,202506,여가서비스업,809,128289,5825
수영구,202506,여행업,0,4688,32
수영구,202506,운송업,0,233274,3097
수영구,202506,의료웰니스업,41,100664,11850
수영구,202507,쇼핑업,2351,727553,29860
수영구,202507,숙박업,4327,75090,13026
수영구,202507,식음료업,0,2680000,146871
수영구,202507,여가서비스업,970,145883,5600
수영구,202507,여행업,0,1632,0
수영구,202507,운송업,203,266927,2951
수영구,202507,의료웰니스업,82,122040,13123
수영구,202508,쇼핑업,3931,814918,30307
수영구,202508,숙박업,8656,72716,12991
수영구,202508,식음료업,0,3150000,147633
수영구,202508,여가서비스업,878,176395,4317
수영구,202508,여행업,0,476,0
수영구,202508,운송업,195,283254,2768
수영구,202508,의료웰니스업,15,138096,10077
수영구,202509,쇼핑업,2631,669228,40065
수영구,202509,숙박업,4585,45784,15434
수영구,202509,식음료업,0,2220000,180010
수영구,202509,여가서비스업,694,113057,5172
수영구,202509,여행업,0,4702,0
수영구,202509,운송업,495,248693,3169
수영구,202509,의료웰니스업,88,117430,14274
수영구,202510,쇼핑업,4649,832731,41924
수영구,202510,숙박업,4046,55995,21198
수영구,202510,식음료업,0,2750000,201568
수영구,202510,여가서비스업,1030,151368,5963
수영구,202510,여행업,0,2763,0
수영구,202510,운송업,248,264810,3270
수영구,202510,의료웰니스업,181,115097,12945
수영구,202511,쇼핑업,5549,750011,42375
수영구,202511,숙박업,5067,57852,14602
수영구,202511,식음료업,0,2390000,170988
수영구,202511,여가서비스업,1038,122239,5341
수영구,202511,여행업,0,5715,0
수영구,202511,운송업,252,246947,3316
수영구,202511,의료웰니스업,35,116216,12485
수영구,202512,쇼핑업,8119,767663,35794
수영구,202512,숙박업,4072,48585,6670
수영구,202512,식음료업,0,2640000,137006
수영구,202512,여가서비스업,1952,132261,4195
수영구,202512,여행업,0,5958,0
수영구,202512,운송업,78,252805,2399
수영구,202512,의료웰니스업,159,120147,13842
수영구,202601,쇼핑업,5245,745980,25614
수영구,202601,숙박업,5551,47218,4397
수영구,202601,식음료업,0,2560000,101233
수영구,202601,여가서비스업,2084,136877,3784
수영구,202601,여행업,160,8805,0
수영구,202601,운송업,0,259769,1759
수영구,202601,의료웰니스업,171,116234,7876
수영구,202602,쇼핑업,3411,747382,26909
수영구,202602,숙박업,6508,40285,4863
수영구,202602,식음료업,0,2500000,115782
수영구,202602,여가서비스업,1744,136953,3424
수영구,202602,여행업,4364,1286,0
수영구,202602,운송업,782,228516,2452
수영구,202602,의료웰니스업,134,111786,9454
수영구,202603,쇼핑업,3387,660817,53464
수영구,202603,숙박업,4877,46985,16021
수영구,202603,식음료업,0,2310000,217467
수영구,202603,여가서비스업,1361,123539,7928
수영구,202603,여행업,1930,4688,0
수영구,202603,운송업,150,288951,4840
수영구,202603,의료웰니스업,112,116994,13555
수영구,202604,쇼핑업,3683,646381,77327
수영구,202604,숙박업,4579,43047,21022
수영구,202604,식음료업,0,2270000,317759
수영구,202604,여가서비스업,1249,120913,10888
수영구,202604,여행업,0,4508,0
수영구,202604,운송업,119,304119,6808
수영구,202604,의료웰니스업,116,107176,23277
수영구,202605,쇼핑업,4026,767609,98141
수영구,202605,숙박업,8033,55331,19804
수영구,202605,식음료업,0,2900000,364058
수영구,202605,여가서비스업,2036,154732,13126
수영구,202605,여행업,1603,3002,4
수영구,202605,운송업,160,339175,6452
수영구,202605,의료웰니스업,29,132600,34972
수영구,202606,쇼핑업,2603,706226,110299
수영구,202606,숙박업,13586,38570,15064
수영구,202606,식음료업,0,2450000,381665
수영구,202606,여가서비스업,1031,144822,14982
수영구,202606,여행업,3570,1845,0
수영구,202606,운송업,314,320386,6498
수영구,202606,의료웰니스업,102,120277,49349
연제구,202301,쇼핑업,13297,1920000,2750
연제구,202301,숙박업,4491,23239,828
연제구,202301,식음료업,0,1190000,2508
연제구,202301,여가서비스업,3222,55037,280
연제구,202301,여행업,129,0,0
연제구,202301,운송업,219,670580,628
연제구,202301,의료웰니스업,0,83312,785
연제구,202302,쇼핑업,9830,1360000,1739
연제구,202302,숙박업,3788,21249,505
연제구,202302,식음료업,0,1120000,2595
연제구,202302,여가서비스업,1188,53452,124
연제구,202302,여행업,0,2068,0
연제구,202302,운송업,282,577362,461
연제구,202302,의료웰니스업,0,81535,2216
연제구,202303,쇼핑업,10799,1830000,3273
연제구,202303,숙박업,3740,27655,1922
연제구,202303,식음료업,0,1200000,4798
연제구,202303,여가서비스업,1616,51325,331
연제구,202303,여행업,0,853,50
연제구,202303,운송업,185,601654,1205
연제구,202303,의료웰니스업,0,84254,1928
연제구,202304,쇼핑업,9456,1770000,3693
연제구,202304,숙박업,4099,20797,1808
연제구,202304,식음료업,0,1180000,5178
연제구,202304,여가서비스업,1702,54666,275
연제구,202304,여행업,247,2207,0
연제구,202304,운송업,249,597959,832
연제구,202304,의료웰니스업,0,75050,4844
연제구,202305,쇼핑업,9888,1770000,3651
연제구,202305,숙박업,4168,23922,1660
연제구,202305,식음료업,0,1280000,5603
연제구,202305,여가서비스업,2334,62040,115
연제구,202305,여행업,530,5670,0
연제구,202305,운송업,265,603304,1156
연제구,202305,의료웰니스업,0,79852,1415
연제구,202306,쇼핑업,10349,1590000,4423
연제구,202306,숙박업,4549,30292,1203
연제구,202306,식음료업,0,1200000,5581
연제구,202306,여가서비스업,3307,56087,334
연제구,202306,여행업,0,2372,0
연제구,202306,운송업,0,591584,1806
연제구,202306,의료웰니스업,0,88297,2029
연제구,202307,쇼핑업,13464,1840000,4876
연제구,202307,숙박업,5536,33667,1140
연제구,202307,식음료업,0,1270000,5202
연제구,202307,여가서비스업,3523,57320,363
연제구,202307,여행업,0,1948,0
연제구,202307,운송업,108,598934,1151
연제구,202307,의료웰니스업,0,94066,1975
연제구,202308,쇼핑업,8044,1770000,3916
연제구,202308,숙박업,4169,27168,1968
연제구,202308,식음료업,0,1250000,4613
연제구,202308,여가서비스업,3225,61548,198
연제구,202308,여행업,19,2057,0
연제구,202308,운송업,103,656122,1259
연제구,202308,의료웰니스업,0,85810,2018
연제구,202309,쇼핑업,8996,1860000,5134
연제구,202309,숙박업,3697,22296,10390
연제구,202309,식음료업,0,1230000,5428
연제구,202309,여가서비스업,1586,58061,191
연제구,202309,여행업,0,1823,0
연제구,202309,운송업,284,677329,1046
연제구,202309,의료웰니스업,0,91321,1864
연제구,202310,쇼핑업,13873,1640000,4638
연제구,202310,숙박업,3460,24307,4939
연제구,202310,식음료업,0,1200000,6206
연제구,202310,여가서비스업,2000,58495,286
연제구,202310,여행업,0,1506,0
연제구,202310,운송업,85,664476,1425
연제구,202310,의료웰니스업,0,75944,2662
연제구,202311,쇼핑업,10170,1800000,4400
연제구,202311,숙박업,2794,25041,3320
연제구,202311,식음료업,0,1190000,6633
연제구,202311,여가서비스업,1732,47968,331
연제구,202311,여행업,0,1919,0
연제구,202311,운송업,0,622355,1385
연제구,202311,의료웰니스업,0,82330,2062
연제구,202312,쇼핑업,9789,1820000,4415
연제구,202312,숙박업,4425,28391,3365
연제구,202312,식음료업,0,1450000,4557
연제구,202312,여가서비스업,3610,64394,211
연제구,202312,여행업,1014,1623,0
연제구,202312,운송업,268,633772,684
연제구,202312,의료웰니스업,0,101397,1501
연제구,202401,쇼핑업,5546,2040000,5192
연제구,202401,숙박업,2968,19964,6750
연제구,202401,식음료업,0,1230000,3985
연제구,202401,여가서비스업,1965,64102,290
연제구,202401,여행업,0,2670,0
연제구,202401,운송업,0,572147,735
연제구,202401,의료웰니스업,0,79782,791
연제구,202402,쇼핑업,8368,1610000,3252
연제구,202402,숙박업,3419,17147,4765
연제구,202402,식음료업,0,1150000,3726
연제구,202402,여가서비스업,2956,60947,191
연제구,202402,여행업,0,1153,0
연제구,202402,운송업,0,554593,730
연제구,202402,의료웰니스업,0,86294,2013
연제구,202403,쇼핑업,11703,1810000,4770
연제구,202403,숙박업,3690,20682,2878
연제구,202403,식음료업,0,1280000,4532
연제구,202403,여가서비스업,2824,61879,136
연제구,202403,여행업,0,0,0
연제구,202403,운송업,0,611816,984
연제구,202403,의료웰니스업,0,100912,2658
연제구,202404,쇼핑업,11586,1560000,5560
연제구,202404,숙박업,3388,17932,3752
연제구,202404,식음료업,0,1180000,4932
연제구,202404,여가서비스업,2428,55105,302
연제구,202404,여행업,0,3249,0
연제구,202404,운송업,0,656392,1745
연제구,202404,의료웰니스업,0,79500,1884
연제구,202405,쇼핑업,10636,1790000,6220
연제구,202405,숙박업,4382,21381,1880
연제구,202405,식음료업,0,1320000,6311
연제구,202405,여가서비스업,3737,60072,376
연제구,202405,여행업,200,2192,0
연제구,202405,운송업,202,736681,1431
연제구,202405,의료웰니스업,0,96899,2832
연제구,202406,쇼핑업,8855,1750000,6043
연제구,202406,숙박업,3343,17933,272
연제구,202406,식음료업,0,1290000,6667
연제구,202406,여가서비스업,3303,56743,275
연제구,202406,여행업,0,0,0
연제구,202406,운송업,46,720134,1428
연제구,202406,의료웰니스업,0,107760,4353
연제구,202407,쇼핑업,10916,1830000,6029
연제구,202407,숙박업,4507,17331,315
연제구,202407,식음료업,0,1270000,5834
연제구,202407,여가서비스업,2685,56379,658
연제구,202407,여행업,0,5043,0
연제구,202407,운송업,382,715338,1530
연제구,202407,의료웰니스업,0,98012,1968
연제구,202408,쇼핑업,9417,1990000,5987
연제구,202408,숙박업,5189,19763,232
연제구,202408,식음료업,0,1280000,5996
연제구,202408,여가서비스업,3045,56508,438
연제구,202408,여행업,0,4385,0
연제구,202408,운송업,118,774234,1485
연제구,202408,의료웰니스업,0,101602,2979
연제구,202409,쇼핑업,8118,1960000,5706
연제구,202409,숙박업,4814,18553,1020
연제구,202409,식음료업,0,1220000,5716
연제구,202409,여가서비스업,2393,58610,259
연제구,202409,여행업,0,472,0
연제구,202409,운송업,143,736979,1655
연제구,202409,의료웰니스업,0,98845,2590
연제구,202410,쇼핑업,9827,1670000,9340
연제구,202410,숙박업,4041,21308,325
연제구,202410,식음료업,0,1240000,8734
연제구,202410,여가서비스업,2409,59648,451
연제구,202410,여행업,0,2641,0
연제구,202410,운송업,550,741242,2288
연제구,202410,의료웰니스업,0,90607,4326
연제구,202411,쇼핑업,10352,1640000,6404
연제구,202411,숙박업,3936,21373,240
연제구,202411,식음료업,0,1250000,7376
연제구,202411,여가서비스업,1441,55468,163
연제구,202411,여행업,0,7627,0
연제구,202411,운송업,115,678485,1649
연제구,202411,의료웰니스업,0,99190,5159
연제구,202412,쇼핑업,8809,1640000,5866
연제구,202412,숙박업,3586,17944,314
연제구,202412,식음료업,0,1400000,6595
연제구,202412,여가서비스업,4051,55797,453
연제구,202412,여행업,0,4093,0
연제구,202412,운송업,71,699970,1106
연제구,202412,의료웰니스업,0,100995,2829
연제구,202501,쇼핑업,7656,1990000,4241
연제구,202501,숙박업,3821,17183,98
연제구,202501,식음료업,0,1240000,4994
연제구,202501,여가서비스업,2526,50040,453
연제구,202501,여행업,0,3069,28
연제구,202501,운송업,130,660646,1014
연제구,202501,의료웰니스업,0,90720,2013
연제구,202502,쇼핑업,11335,1410000,3460
연제구,202502,숙박업,2936,12995,348
연제구,202502,식음료업,0,1120000,4319
연제구,202502,여가서비스업,1192,44253,408
연제구,202502,여행업,0,1636,0
연제구,202502,운송업,260,640072,1199
연제구,202502,의료웰니스업,0,87419,1493
연제구,202503,쇼핑업,12053,1690000,6094
연제구,202503,숙박업,3355,16237,5737
연제구,202503,식음료업,0,1240000,6366
연제구,202503,여가서비스업,1972,49865,281
연제구,202503,여행업,0,751,0
연제구,202503,운송업,400,708939,1627
연제구,202503,의료웰니스업,0,97365,4919
연제구,202504,쇼핑업,12011,1430000,6677
연제구,202504,숙박업,3233,14977,6695
연제구,202504,식음료업,0,1190000,7918
연제구,202504,여가서비스업,2375,47517,383
연제구,202504,여행업,1414,4298,0
연제구,202504,운송업,152,660492,1779
연제구,202504,의료웰니스업,0,87589,3011
연제구,202505,쇼핑업,13938,1620000,7475
연제구,202505,숙박업,2750,23296,5268
연제구,202505,식음료업,0,1350000,8635
연제구,202505,여가서비스업,2885,53626,374
연제구,202505,여행업,0,2074,0
연제구,202505,운송업,207,680705,1750
연제구,202505,의료웰니스업,0,102647,2963
연제구,202506,쇼핑업,13878,1490000,6847
연제구,202506,숙박업,3334,20425,8155
연제구,202506,식음료업,0,1160000,7757
연제구,202506,여가서비스업,2536,48859,247
연제구,202506,여행업,59,3135,474
연제구,202506,운송업,434,652858,1827
연제구,202506,의료웰니스업,0,92658,4285
연제구,202507,쇼핑업,10007,1760000,8608
연제구,202507,숙박업,3520,19490,2963
연제구,202507,식음료업,0,1280000,8686
연제구,202507,여가서비스업,2045,50932,362
연제구,202507,여행업,0,1339,0
연제구,202507,운송업,622,748607,1778
연제구,202507,의료웰니스업,0,106307,3210
연제구,202508,쇼핑업,9702,1640000,7790
연제구,202508,숙박업,5383,21905,2277
연제구,202508,식음료업,0,1320000,7850
연제구,202508,여가서비스업,685,49472,271
연제구,202508,여행업,1589,1498,0
연제구,202508,운송업,127,698330,1598
연제구,202508,의료웰니스업,0,103435,3854
연제구,202509,쇼핑업,9347,1510000,9081
연제구,202509,숙박업,3166,22599,2331
연제구,202509,식음료업,0,1200000,7133
연제구,202509,여가서비스업,1026,43742,1086
연제구,202509,여행업,2725,3454,90
연제구,202509,운송업,104,677477,1861
연제구,202509,의료웰니스업,0,89489,4313
연제구,202510,쇼핑업,13821,1610000,8081
연제구,202510,숙박업,3944,24950,3031
연제구,202510,식음료업,0,1350000,9478
연제구,202510,여가서비스업,1078,56908,479
연제구,202510,여행업,0,4081,0
연제구,202510,운송업,738,682979,2598
연제구,202510,의료웰니스업,0,104686,3538
연제구,202511,쇼핑업,11472,1450000,12861
연제구,202511,숙박업,3343,19852,3467
연제구,202511,식음료업,0,1300000,9253
연제구,202511,여가서비스업,184,43438,303
연제구,202511,여행업,0,3128,0
연제구,202511,운송업,16,665931,2010
연제구,202511,의료웰니스업,0,96641,2671
연제구,202512,쇼핑업,10479,1490000,10605
연제구,202512,숙박업,2711,19271,5051
연제구,202512,식음료업,0,1470000,7494
연제구,202512,여가서비스업,934,49770,329
연제구,202512,여행업,0,898,0
연제구,202512,운송업,123,702565,1481
연제구,202512,의료웰니스업,0,108124,3822
연제구,202601,쇼핑업,9894,1590000,7719
연제구,202601,숙박업,4838,17314,4199
연제구,202601,식음료업,0,1380000,6474
연제구,202601,여가서비스업,1399,50509,535
연제구,202601,여행업,321,3554,0
연제구,202601,운송업,316,657401,1390
연제구,202601,의료웰니스업,0,89349,2475
연제구,202602,쇼핑업,10982,1440000,5299
연제구,202602,숙박업,3730,25835,3981
연제구,202602,식음료업,0,1260000,6745
연제구,202602,여가서비스업,1303,49123,469
연제구,202602,여행업,739,1899,0
연제구,202602,운송업,0,594774,1261
연제구,202602,의료웰니스업,0,95409,2627
연제구,202603,쇼핑업,12303,1340000,8640
연제구,202603,숙박업,5710,27556,5009
연제구,202603,식음료업,0,1280000,11741
연제구,202603,여가서비스업,1131,44742,859
연제구,202603,여행업,0,4259,0
연제구,202603,운송업,80,681066,2209
연제구,202603,의료웰니스업,0,111439,4085
연제구,202604,쇼핑업,9650,1270000,18438
연제구,202604,숙박업,3631,26780,4999
연제구,202604,식음료업,0,1300000,15001
연제구,202604,여가서비스업,268,45230,725
연제구,202604,여행업,0,5906,98
연제구,202604,운송업,178,661733,2382
연제구,202604,의료웰니스업,0,95583,7304
연제구,202605,쇼핑업,9872,1410000,17983
연제구,202605,숙박업,3928,34977,7836
연제구,202605,식음료업,0,1420000,16509
연제구,202605,여가서비스업,121,49266,757
연제구,202605,여행업,0,2615,19
연제구,202605,운송업,427,725921,2382
연제구,202605,의료웰니스업,0,102026,5271
연제구,202606,쇼핑업,11120,1270000,32377
연제구,202606,숙박업,3756,24164,9779
연제구,202606,식음료업,0,1270000,27943
연제구,202606,여가서비스업,1716,50699,723
연제구,202606,여행업,0,5433,0
연제구,202606,운송업,310,678958,2748
연제구,202606,의료웰니스업,0,97410,5446
영도구,202301,쇼핑업,2948,189344,1185
영도구,202301,숙박업,2415,22973,345
영도구,202301,식음료업,0,433377,3053
영도구,202301,여가서비스업,349,16974,131
영도구,202301,여행업,0,70,22
영도구,202301,운송업,0,76484,368
영도구,202301,의료웰니스업,4117,18291,328
영도구,202302,쇼핑업,3376,151468,2314
영도구,202302,숙박업,1912,31839,526
영도구,202302,식음료업,0,412234,2619
영도구,202302,여가서비스업,497,17444,98
영도구,202302,여행업,0,167,0
영도구,202302,운송업,152,72628,379
영도구,202302,의료웰니스업,7280,13435,596
영도구,202303,쇼핑업,10299,198159,5496
영도구,202303,숙박업,2160,25384,1495
영도구,202303,식음료업,0,436298,5425
영도구,202303,여가서비스업,1185,17562,296
영도구,202303,여행업,0,107,99
영도구,202303,운송업,254,78120,1020
영도구,202303,의료웰니스업,2485,17216,705
영도구,202304,쇼핑업,7515,189393,6521
영도구,202304,숙박업,1792,34690,1726
영도구,202304,식음료업,0,455660,8870
영도구,202304,여가서비스업,1134,19369,601
영도구,202304,여행업,0,822,67
영도구,202304,운송업,261,75256,1091
영도구,202304,의료웰니스업,2009,16404,697
영도구,202305,쇼핑업,7339,192883,6344
영도구,202305,숙박업,2563,37989,2144
영도구,202305,식음료업,0,498379,9010
영도구,202305,여가서비스업,289,18639,352
영도구,202305,여행업,0,514,320
영도구,202305,운송업,810,77749,1151
영도구,202305,의료웰니스업,2351,18700,667
영도구,202306,쇼핑업,7801,194285,7832
영도구,202306,숙박업,2007,24580,1154
영도구,202306,식음료업,0,461782,9676
영도구,202306,여가서비스업,2070,22761,483
영도구,202306,여행업,5,2181,680
영도구,202306,운송업,394,81977,1360
영도구,202306,의료웰니스업,1613,12191,620
영도구,202307,쇼핑업,4936,194756,8420
영도구,202307,숙박업,2992,37766,2625
영도구,202307,식음료업,0,467918,9422
영도구,202307,여가서비스업,153,26221,627
영도구,202307,여행업,0,146,0
영도구,202307,운송업,0,81072,880
영도구,202307,의료웰니스업,2163,13322,877
영도구,202308,쇼핑업,5378,228733,18532
영도구,202308,숙박업,4126,47023,2515
영도구,202308,식음료업,0,517154,9558
영도구,202308,여가서비스업,63,29196,861
영도구,202308,여행업,9,281,0
영도구,202308,운송업,0,89980,913
영도구,202308,의료웰니스업,2044,11798,738
영도구,202309,쇼핑업,4901,239227,24538
영도구,202309,숙박업,3287,27862,940
영도구,202309,식음료업,0,506398,9688
영도구,202309,여가서비스업,293,23949,721
영도구,202309,여행업,0,116,5
영도구,202309,운송업,388,85457,1074
영도구,202309,의료웰니스업,2155,15173,466
영도구,202310,쇼핑업,6819,194340,30451
영도구,202310,숙박업,1994,25564,3182
영도구,202310,식음료업,0,506348,13882
영도구,202310,여가서비스업,1228,25926,961
영도구,202310,여행업,0,272,33
영도구,202310,운송업,57,87529,1734
영도구,202310,의료웰니스업,2397,15051,728
영도구,202311,쇼핑업,6704,167061,17129
영도구,202311,숙박업,2341,19439,2522
영도구,202311,식음료업,0,411814,10266
영도구,202311,여가서비스업,377,24127,727
영도구,202311,여행업,8,1015,5
영도구,202311,운송업,0,77554,1435
영도구,202311,의료웰니스업,3801,14277,946
영도구,202312,쇼핑업,5183,204450,30097
영도구,202312,숙박업,2915,30217,1102
영도구,202312,식음료업,0,489480,9442
영도구,202312,여가서비스업,636,32003,538
영도구,202312,여행업,5,103,0
영도구,202312,운송업,0,83161,917
영도구,202312,의료웰니스업,4457,18642,518
영도구,202401,쇼핑업,5397,171258,58197
영도구,202401,숙박업,2514,18861,1491
영도구,202401,식음료업,0,420988,6327
영도구,202401,여가서비스업,2651,30591,664
영도구,202401,여행업,0,1869,30
영도구,202401,운송업,861,68664,554
영도구,202401,의료웰니스업,3816,15557,634
영도구,202402,쇼핑업,4127,188951,34974
영도구,202402,숙박업,2447,22725,685
영도구,202402,식음료업,0,423678,7564
영도구,202402,여가서비스업,2042,34431,551
영도구,202402,여행업,0,1729,65
영도구,202402,운송업,879,68399,538
영도구,202402,의료웰니스업,3306,16608,355
영도구,202403,쇼핑업,3177,218509,64120
영도구,202403,숙박업,1934,33614,1095
영도구,202403,식음료업,0,483962,12098
영도구,202403,여가서비스업,2180,38573,1057
영도구,202403,여행업,0,146,14
영도구,202403,운송업,952,74176,972
영도구,202403,의료웰니스업,4028,19132,736
영도구,202404,쇼핑업,6439,178557,23588
영도구,202404,숙박업,2155,27524,1678
영도구,202404,식음료업,0,436072,17282
영도구,202404,여가서비스업,1455,32236,1556
영도구,202404,여행업,0,450,0
영도구,202404,운송업,797,76115,1429
영도구,202404,의료웰니스업,3280,13822,2993
영도구,202405,쇼핑업,4987,203437,25271
영도구,202405,숙박업,1314,29434,2801
영도구,202405,식음료업,0,512538,17851
영도구,202405,여가서비스업,1889,44718,1627
영도구,202405,여행업,4,80,0
영도구,202405,운송업,1157,81745,1359
영도구,202405,의료웰니스업,3634,16529,1989
영도구,202406,쇼핑업,3852,209525,23180
영도구,202406,숙박업,1768,25673,3637
영도구,202406,식음료업,0,471708,16816
영도구,202406,여가서비스업,1065,33509,2192
영도구,202406,여행업,0,50,0
영도구,202406,운송업,818,81226,1437
영도구,202406,의료웰니스업,2653,17239,1720
영도구,202407,쇼핑업,3346,200873,16703
영도구,202407,숙박업,2684,25657,2381
영도구,202407,식음료업,0,453444,15384
영도구,202407,여가서비스업,1730,46665,1601
영도구,202407,여행업,0,39,0
영도구,202407,운송업,263,81878,1306
영도구,202407,의료웰니스업,2981,16139,1588
영도구,202408,쇼핑업,3362,207928,37498
영도구,202408,숙박업,2032,29525,1644
영도구,202408,식음료업,0,534749,18511
영도구,202408,여가서비스업,2487,92035,2635
영도구,202408,여행업,0,1534,9
영도구,202408,운송업,173,89801,1476
영도구,202408,의료웰니스업,2248,14894,1512
영도구,202409,쇼핑업,3059,222230,23333
영도구,202409,숙박업,2636,20517,1518
영도구,202409,식음료업,0,455947,16869
영도구,202409,여가서비스업,2517,57104,2401
영도구,202409,여행업,0,1701,0
영도구,202409,운송업,222,76492,1384
영도구,202409,의료웰니스업,2378,16798,2329
영도구,202410,쇼핑업,5333,194967,29673
영도구,202410,숙박업,1844,27960,1377
영도구,202410,식음료업,0,454131,23622
영도구,202410,여가서비스업,1373,43137,3531
영도구,202410,여행업,1596,52,139
영도구,202410,운송업,471,75852,1791
영도구,202410,의료웰니스업,2375,14316,1874
영도구,202411,쇼핑업,5569,186943,46587
영도구,202411,숙박업,2125,35940,8670
영도구,202411,식음료업,0,429310,15314
영도구,202411,여가서비스업,821,35436,2924
영도구,202411,여행업,0,2251,0
영도구,202411,운송업,0,72456,1417
영도구,202411,의료웰니스업,3472,14518,1612
영도구,202412,쇼핑업,4925,216604,37897
영도구,202412,숙박업,1874,31295,49116
영도구,202412,식음료업,0,483268,16395
영도구,202412,여가서비스업,1370,45166,2671
영도구,202412,여행업,0,713,0
영도구,202412,운송업,263,76508,1098
영도구,202412,의료웰니스업,8662,24372,1215
영도구,202501,쇼핑업,3851,207795,38657
영도구,202501,숙박업,2338,26655,3156
영도구,202501,식음료업,0,455377,14169
영도구,202501,여가서비스업,1006,49764,2405
영도구,202501,여행업,0,0,0
영도구,202501,운송업,0,70920,780
영도구,202501,의료웰니스업,4422,24606,1232
영도구,202502,쇼핑업,2296,159981,30986
영도구,202502,숙박업,2090,18443,21943
영도구,202502,식음료업,0,351303,11953
영도구,202502,여가서비스업,847,36177,2155
영도구,202502,여행업,0,0,0
영도구,202502,운송업,197,65401,693
영도구,202502,의료웰니스업,3318,17669,1104
영도구,202503,쇼핑업,3498,196204,19174
영도구,202503,숙박업,2332,29837,11462
영도구,202503,식음료업,0,421397,19225
영도구,202503,여가서비스업,905,36018,3323
영도구,202503,여행업,0,685,640
영도구,202503,운송업,0,72188,1156
영도구,202503,의료웰니스업,3808,20214,2027
영도구,202504,쇼핑업,4615,174538,19612
영도구,202504,숙박업,1386,27354,19363
영도구,202504,식음료업,0,395243,27843
영도구,202504,여가서비스업,1006,35440,4672
영도구,202504,여행업,0,15,82
영도구,202504,운송업,0,68962,1667
영도구,202504,의료웰니스업,3096,15233,2922
영도구,202505,쇼핑업,4021,208874,21946
영도구,202505,숙박업,2118,38960,18718
영도구,202505,식음료업,0,543476,30334
영도구,202505,여가서비스업,880,54304,5881
영도구,202505,여행업,0,18,0
영도구,202505,운송업,98,84787,1758
영도구,202505,의료웰니스업,4204,19963,1908
영도구,202506,쇼핑업,2720,185510,15741
영도구,202506,숙박업,2524,23044,31638
영도구,202506,식음료업,0,440163,28960
영도구,202506,여가서비스업,1124,48174,10614
영도구,202506,여행업,0,15,88
영도구,202506,운송업,0,78370,1449
영도구,202506,의료웰니스업,3203,15783,1685
영도구,202507,쇼핑업,3938,190299,16209
영도구,202507,숙박업,2128,20416,16986
영도구,202507,식음료업,0,465672,31760
영도구,202507,여가서비스업,1676,41712,11742
영도구,202507,여행업,0,1330,0
영도구,202507,운송업,0,92344,1864
영도구,202507,의료웰니스업,1625,16268,2227
영도구,202508,쇼핑업,3193,193826,15980
영도구,202508,숙박업,2531,27910,34094
영도구,202508,식음료업,0,526193,33704
영도구,202508,여가서비스업,1776,48708,13828
영도구,202508,여행업,0,86,17
영도구,202508,운송업,0,96341,1995
영도구,202508,의료웰니스업,3070,19670,1844
영도구,202509,쇼핑업,2026,189936,15461
영도구,202509,숙박업,2234,43387,24365
영도구,202509,식음료업,0,402418,35150
영도구,202509,여가서비스업,914,28635,16938
영도구,202509,여행업,0,109,0
영도구,202509,운송업,171,76285,1641
영도구,202509,의료웰니스업,2289,18183,2945
영도구,202510,쇼핑업,4070,219234,24590
영도구,202510,숙박업,2001,41083,28498
영도구,202510,식음료업,0,556823,41968
영도구,202510,여가서비스업,1074,51779,20117
영도구,202510,여행업,0,30,57
영도구,202510,운송업,730,87909,1832
영도구,202510,의료웰니스업,4093,21775,2172
영도구,202511,쇼핑업,3381,174927,18758
영도구,202511,숙박업,2302,26227,20495
영도구,202511,식음료업,0,427652,34773
영도구,202511,여가서비스업,876,42149,15933
영도구,202511,여행업,0,22,180
영도구,202511,운송업,245,81794,1704
영도구,202511,의료웰니스업,4056,17914,1897
영도구,202512,쇼핑업,4049,178442,14724
영도구,202512,숙박업,1542,19650,27564
영도구,202512,식음료업,0,459896,31062
영도구,202512,여가서비스업,832,38720,12171
영도구,202512,여행업,0,866,0
영도구,202512,운송업,0,83838,1433
영도구,202512,의료웰니스업,4747,19767,1644
영도구,202601,쇼핑업,4482,179901,10648
영도구,202601,숙박업,5282,14619,10022
영도구,202601,식음료업,0,441746,25338
영도구,202601,여가서비스업,1138,43810,15073
영도구,202601,여행업,0,53,0
영도구,202601,운송업,0,73319,1185
영도구,202601,의료웰니스업,5743,25518,1616
영도구,202602,쇼핑업,1600,176614,14988
영도구,202602,숙박업,1802,21032,16168
영도구,202602,식음료업,0,457775,32411
영도구,202602,여가서비스업,600,36540,15641
영도구,202602,여행업,0,0,0
영도구,202602,운송업,214,70019,1251
영도구,202602,의료웰니스업,4864,26158,2030
영도구,202603,쇼핑업,6516,188040,22502
영도구,202603,숙박업,1460,26587,12814
영도구,202603,식음료업,0,437286,50450
영도구,202603,여가서비스업,480,34507,15157
영도구,202603,여행업,0,34,0
영도구,202603,운송업,0,87298,1866
영도구,202603,의료웰니스업,3303,20737,2860
영도구,202604,쇼핑업,2536,159810,29637
영도구,202604,숙박업,1641,19285,32335
영도구,202604,식음료업,0,433969,69775
영도구,202604,여가서비스업,830,35928,23929
영도구,202604,여행업,0,32,0
영도구,202604,운송업,117,102862,2521
영도구,202604,의료웰니스업,4135,20543,3618
영도구,202605,쇼핑업,4826,164893,30704
영도구,202605,숙박업,2042,23204,33862
영도구,202605,식음료업,0,592264,90055
영도구,202605,여가서비스업,915,54588,24741
영도구,202605,여행업,0,1156,12
영도구,202605,운송업,80,96010,2423
영도구,202605,의료웰니스업,3378,18296,4313
영도구,202606,쇼핑업,3295,138026,27847
영도구,202606,숙박업,1512,18586,33496
영도구,202606,식음료업,0,461943,83288
영도구,202606,여가서비스업,669,36662,22191
영도구,202606,여행업,0,0,0
영도구,202606,운송업,0,88177,2672
영도구,202606,의료웰니스업,4193,20913,8581
중구,202301,쇼핑업,43227,1680000,131485
중구,202301,숙박업,1822,65977,12913
중구,202301,식음료업,0,1480000,25893
중구,202301,여가서비스업,1304,60017,210
중구,202301,여행업,0,24368,1
중구,202301,운송업,0,48226,1753
중구,202301,의료웰니스업,0,78184,7374
중구,202302,쇼핑업,37440,1300000,141662
중구,202302,숙박업,1709,66622,10035
중구,202302,식음료업,0,1400000,25658
중구,202302,여가서비스업,614,40404,212
중구,202302,여행업,4,29126,14
중구,202302,운송업,0,49507,1485
중구,202302,의료웰니스업,0,67843,6488
중구,202303,쇼핑업,38467,1370000,322272
중구,202303,숙박업,2803,57547,37813
중구,202303,식음료업,0,1400000,71481
중구,202303,여가서비스업,681,39387,564
중구,202303,여행업,0,22861,15
중구,202303,운송업,0,50227,4017
중구,202303,의료웰니스업,0,89811,13433
중구,202304,쇼핑업,44988,1440000,413212
중구,202304,숙박업,1836,70435,42694
중구,202304,식음료업,0,1470000,81915
중구,202304,여가서비스업,703,41122,591
중구,202304,여행업,0,13766,0
중구,202304,운송업,0,50269,4138
중구,202304,의료웰니스업,0,78285,18484
중구,202305,쇼핑업,49445,1530000,354468
중구,202305,숙박업,2536,83117,50621
중구,202305,식음료업,0,1500000,72309
중구,202305,여가서비스업,1310,55237,858
중구,202305,여행업,0,22590,755
중구,202305,운송업,0,59253,3366
중구,202305,의료웰니스업,0,90289,16079
중구,202306,쇼핑업,46731,1420000,371819
중구,202306,숙박업,3495,65589,45028
중구,202306,식음료업,0,1420000,69976
중구,202306,여가서비스업,1609,57374,748
중구,202306,여행업,0,36693,0
중구,202306,운송업,0,57946,2616
중구,202306,의료웰니스업,0,101794,13574
중구,202307,쇼핑업,38589,1480000,389743
중구,202307,숙박업,2480,87568,45453
중구,202307,식음료업,0,1440000,67720
중구,202307,여가서비스업,1360,62417,752
중구,202307,여행업,0,28276,73
중구,202307,운송업,0,54450,4119
중구,202307,의료웰니스업,0,94682,14655
중구,202308,쇼핑업,41855,1430000,383589
중구,202308,숙박업,2580,89515,47589
중구,202308,식음료업,0,1550000,73455
중구,202308,여가서비스업,1589,58722,659
중구,202308,여행업,0,21237,0
중구,202308,운송업,0,56184,4303
중구,202308,의료웰니스업,0,87489,19441
중구,202309,쇼핑업,31784,1570000,409447
중구,202309,숙박업,2618,68469,45991
중구,202309,식음료업,0,1470000,80024
중구,202309,여가서비스업,1008,44801,991
중구,202309,여행업,0,16851,25
중구,202309,운송업,0,50818,4539
중구,202309,의료웰니스업,0,96909,18455
중구,202310,쇼핑업,45151,1560000,534338
중구,202310,숙박업,2108,62484,61412
중구,202310,식음료업,0,1570000,116101
중구,202310,여가서비스업,823,45569,893
중구,202310,여행업,0,17590,13
중구,202310,운송업,0,51521,4469
중구,202310,의료웰니스업,0,88702,21519
중구,202311,쇼핑업,44951,1520000,424047
중구,202311,숙박업,1348,62125,48687
중구,202311,식음료업,0,1380000,92455
중구,202311,여가서비스업,844,36373,701
중구,202311,여행업,196,34850,0
중구,202311,운송업,0,50224,4251
중구,202311,의료웰니스업,0,92188,26965
중구,202312,쇼핑업,49405,1810000,333097
중구,202312,숙박업,1837,89882,41661
중구,202312,식음료업,0,1900000,80483
중구,202312,여가서비스업,1431,67856,641
중구,202312,여행업,0,24594,0
중구,202312,운송업,0,57771,3300
중구,202312,의료웰니스업,0,111840,16949
중구,202401,쇼핑업,39713,1460000,233514
중구,202401,숙박업,1938,54120,22854
중구,202401,식음료업,0,1520000,53429
중구,202401,여가서비스업,1008,43516,398
중구,202401,여행업,0,33822,0
중구,202401,운송업,0,46648,3014
중구,202401,의료웰니스업,0,84273,19490
중구,202402,쇼핑업,34838,1480000,279292
중구,202402,숙박업,2200,65277,22939
중구,202402,식음료업,0,1510000,58375
중구,202402,여가서비스업,990,49599,445
중구,202402,여행업,58,30295,0
중구,202402,운송업,0,39624,2845
중구,202402,의료웰니스업,0,84349,17215
중구,202403,쇼핑업,41834,1480000,461270
중구,202403,숙박업,2290,65631,47051
중구,202403,식음료업,0,1560000,101902
중구,202403,여가서비스업,1261,50107,853
중구,202403,여행업,0,35828,391
중구,202403,운송업,0,38156,5165
중구,202403,의료웰니스업,0,101216,29263
중구,202404,쇼핑업,40994,1380000,529661
중구,202404,숙박업,1456,61898,49930
중구,202404,식음료업,0,1460000,127708
중구,202404,여가서비스업,823,40259,988
중구,202404,여행업,0,31919,0
중구,202404,운송업,0,39885,5218
중구,202404,의료웰니스업,0,88588,34569
중구,202405,쇼핑업,39772,1530000,516193
중구,202405,숙박업,1793,67651,46528
중구,202405,식음료업,0,1640000,121284
중구,202405,여가서비스업,1075,46463,967
중구,202405,여행업,0,33673,0
중구,202405,운송업,0,41136,3661
중구,202405,의료웰니스업,0,93683,37317
중구,202406,쇼핑업,44016,1530000,546660
중구,202406,숙박업,1537,61825,35901
중구,202406,식음료업,0,1520000,118008
중구,202406,여가서비스업,1195,41205,993
중구,202406,여행업,0,19307,172
중구,202406,운송업,0,42757,4932
중구,202406,의료웰니스업,0,100071,29789
중구,202407,쇼핑업,49137,1450000,480173
중구,202407,숙박업,1200,66931,29944
중구,202407,식음료업,0,1480000,111273
중구,202407,여가서비스업,917,43625,1019
중구,202407,여행업,109,47685,16
중구,202407,운송업,0,44333,5399
중구,202407,의료웰니스업,0,84659,30920
중구,202408,쇼핑업,34432,1520000,595153
중구,202408,숙박업,1196,76470,40946
중구,202408,식음료업,0,1670000,134738
중구,202408,여가서비스업,1020,49749,1110
중구,202408,여행업,57,31043,0
중구,202408,운송업,0,43256,6734
중구,202408,의료웰니스업,0,87197,31256
중구,202409,쇼핑업,45312,1610000,511978
중구,202409,숙박업,2135,53055,37663
중구,202409,식음료업,0,1470000,122287
중구,202409,여가서비스업,1049,46419,1376
중구,202409,여행업,0,31663,112
중구,202409,운송업,0,37889,5046
중구,202409,의료웰니스업,0,84922,29975
중구,202410,쇼핑업,41062,1510000,651606
중구,202410,숙박업,1460,59288,47616
중구,202410,식음료업,0,1560000,168057
중구,202410,여가서비스업,505,40540,1122
중구,202410,여행업,0,33426,0
중구,202410,운송업,0,41113,6624
중구,202410,의료웰니스업,0,92733,33016
중구,202411,쇼핑업,53689,1600000,597237
중구,202411,숙박업,2170,74858,34998
중구,202411,식음료업,0,1510000,126634
중구,202411,여가서비스업,674,36432,1116
중구,202411,여행업,160,40409,0
중구,202411,운송업,0,43818,6173
중구,202411,의료웰니스업,0,86338,31404
중구,202412,쇼핑업,49783,1720000,549948
중구,202412,숙박업,983,60868,23491
중구,202412,식음료업,0,1790000,116608
중구,202412,여가서비스업,963,52010,914
중구,202412,여행업,34,31282,0
중구,202412,운송업,0,49942,5703
중구,202412,의료웰니스업,0,99907,27935
중구,202501,쇼핑업,41429,1660000,380785
중구,202501,숙박업,2591,49908,15572
중구,202501,식음료업,0,1680000,85589
중구,202501,여가서비스업,1064,50401,696
중구,202501,여행업,0,40011,0
중구,202501,운송업,0,46572,5118
중구,202501,의료웰니스업,0,84472,19742
중구,202502,쇼핑업,28232,1310000,369141
중구,202502,숙박업,687,47121,12997
중구,202502,식음료업,0,1400000,70582
중구,202502,여가서비스업,420,34789,548
중구,202502,여행업,46,41965,0
중구,202502,운송업,0,32649,3240
중구,202502,의료웰니스업,0,82348,19697
중구,202503,쇼핑업,41917,1450000,620696
중구,202503,숙박업,2227,51164,24671
중구,202503,식음료업,0,1520000,134394
중구,202503,여가서비스업,466,36051,907
중구,202503,여행업,0,24882,70
중구,202503,운송업,0,29198,5802
중구,202503,의료웰니스업,0,86450,34816
중구,202504,쇼핑업,36191,1310000,740066
중구,202504,숙박업,1336,61464,27175
중구,202504,식음료업,0,1420000,180105
중구,202504,여가서비스업,522,34245,1160
중구,202504,여행업,25,45182,307
중구,202504,운송업,223,30952,5338
중구,202504,의료웰니스업,0,71132,42436
중구,202505,쇼핑업,44443,1590000,672383
중구,202505,숙박업,1274,65608,23765
중구,202505,식음료업,0,1790000,163963
중구,202505,여가서비스업,745,46655,1316
중구,202505,여행업,0,35707,19
중구,202505,운송업,0,35366,4393
중구,202505,의료웰니스업,0,89616,49701
중구,202506,쇼핑업,37360,1400000,618770
중구,202506,숙박업,1358,53403,19565
중구,202506,식음료업,0,1500000,143552
중구,202506,여가서비스업,422,35869,1073
중구,202506,여행업,0,31312,8
중구,202506,운송업,0,30649,4603
중구,202506,의료웰니스업,0,83632,43135
중구,202507,쇼핑업,37392,1420000,598827
중구,202507,숙박업,1458,47305,21027
중구,202507,식음료업,0,1610000,158986
중구,202507,여가서비스업,724,44040,1489
중구,202507,여행업,0,26164,0
중구,202507,운송업,0,35074,6284
중구,202507,의료웰니스업,0,100948,36478
중구,202508,쇼핑업,32245,1500000,670697
중구,202508,숙박업,1370,63675,26110
중구,202508,식음료업,0,1820000,185335
중구,202508,여가서비스업,955,49241,1520
중구,202508,여행업,0,34521,500
중구,202508,운송업,0,37937,5502
중구,202508,의료웰니스업,0,107057,41558
중구,202509,쇼핑업,41079,1450000,688431
중구,202509,숙박업,1494,51736,23337
중구,202509,식음료업,0,1500000,176269
중구,202509,여가서비스업,772,35458,1338
중구,202509,여행업,1876,71556,475
중구,202509,운송업,0,29080,4086
중구,202509,의료웰니스업,0,90652,60593
중구,202510,쇼핑업,51816,1750000,721265
중구,202510,숙박업,1583,65147,23742
중구,202510,식음료업,0,1970000,192357
중구,202510,여가서비스업,907,56603,1258
중구,202510,여행업,0,26478,34
중구,202510,운송업,0,33911,4763
중구,202510,의료웰니스업,0,98773,63369
중구,202511,쇼핑업,53352,1660000,713127
중구,202511,숙박업,1230,67229,15528
중구,202511,식음료업,0,1710000,188075
중구,202511,여가서비스업,670,39280,1137
중구,202511,여행업,0,32333,370
중구,202511,운송업,0,34025,5345
중구,202511,의료웰니스업,0,103837,85554
중구,202512,쇼핑업,46301,1780000,598515
중구,202512,숙박업,2797,57269,13655
중구,202512,식음료업,0,2020000,163001
중구,202512,여가서비스업,804,49764,994
중구,202512,여행업,0,46100,10
중구,202512,운송업,0,39561,4632
중구,202512,의료웰니스업,0,109317,81375
중구,202601,쇼핑업,39670,1600000,460191
중구,202601,숙박업,1859,61710,10508
중구,202601,식음료업,0,1880000,124521
중구,202601,여가서비스업,842,40058,770
중구,202601,여행업,0,55972,34
중구,202601,운송업,0,39657,2529
중구,202601,의료웰니스업,0,95901,54607
중구,202602,쇼핑업,43203,1620000,533477
중구,202602,숙박업,1851,61984,8052
중구,202602,식음료업,0,1790000,142105
중구,202602,여가서비스업,887,49917,746
중구,202602,여행업,0,48579,460
중구,202602,운송업,0,33179,2612
중구,202602,의료웰니스업,0,93351,56117
중구,202603,쇼핑업,34157,1460000,843200
중구,202603,숙박업,2788,71403,20537
중구,202603,식음료업,0,1690000,237322
중구,202603,여가서비스업,1178,45894,1398
중구,202603,여행업,0,67532,310
중구,202603,운송업,0,33482,3863
중구,202603,의료웰니스업,0,106173,110992
중구,202604,쇼핑업,42823,1350000,932405
중구,202604,숙박업,1540,94621,25810
중구,202604,식음료업,0,1690000,291621
중구,202604,여가서비스업,582,35243,1943
중구,202604,여행업,0,51274,1
중구,202604,운송업,0,32160,5960
중구,202604,의료웰니스업,0,91376,159403
중구,202605,쇼핑업,40618,1630000,1038698
중구,202605,숙박업,1404,81140,24707
중구,202605,식음료업,0,2010000,324416
중구,202605,여가서비스업,791,43272,2136
중구,202605,여행업,1496,42806,0
중구,202605,운송업,0,42787,6010
중구,202605,의료웰니스업,0,124315,191089
중구,202606,쇼핑업,35611,1340000,972528
중구,202606,숙박업,1991,83359,26217
중구,202606,식음료업,0,1630000,297501
중구,202606,여가서비스업,607,37630,3143
중구,202606,여행업,0,30273,8
중구,202606,운송업,0,33596,5464
중구,202606,의료웰니스업,0,103739,197386
해운대구,202301,쇼핑업,5060000,9820000,146067
해운대구,202301,숙박업,178286,872540,124267
해운대구,202301,식음료업,0,3130000,65294
해운대구,202301,여가서비스업,34794,237949,141221
해운대구,202301,여행업,0,2198,13
해운대구,202301,운송업,979,624561,2111
해운대구,202301,의료웰니스업,3714,190748,22882
해운대구,202302,쇼핑업,4590000,9300000,138135
해운대구,202302,숙박업,164502,976266,135235
해운대구,202302,식음료업,0,3130000,67948
해운대구,202302,여가서비스업,29281,205485,100272
해운대구,202302,여행업,275,11339,0
해운대구,202302,운송업,1695,577438,1755
해운대구,202302,의료웰니스업,4017,181134,16229
해운대구,202303,쇼핑업,4600000,9170000,363475
해운대구,202303,숙박업,135357,730400,292396
해운대구,202303,식음료업,0,2770000,163082
해운대구,202303,여가서비스업,31707,183919,120309
해운대구,202303,여행업,0,11126,11
해운대구,202303,운송업,0,617752,3683
해운대구,202303,의료웰니스업,4394,215765,26175
해운대구,202304,쇼핑업,4580000,9690000,456226
해운대구,202304,숙박업,98908,824341,368384
해운대구,202304,식음료업,0,3010000,201295
해운대구,202304,여가서비스업,31523,170212,132935
해운대구,202304,여행업,463,11023,569
해운대구,202304,운송업,57,645283,4333
해운대구,202304,의료웰니스업,4960,195426,33088
해운대구,202305,쇼핑업,4540000,9620000,365965
해운대구,202305,숙박업,105285,946718,369188
해운대구,202305,식음료업,0,3290000,194244
해운대구,202305,여가서비스업,42224,202151,84164
해운대구,202305,여행업,226,2563,217
해운대구,202305,운송업,538,667531,4671
해운대구,202305,의료웰니스업,4152,202057,37883
해운대구,202306,쇼핑업,4080000,9090000,395805
해운대구,202306,숙박업,109534,810485,445945
해운대구,202306,식음료업,0,3110000,238158
해운대구,202306,여가서비스업,43915,205806,110237
해운대구,202306,여행업,2760,2255,551
해운대구,202306,운송업,656,690370,5811
해운대구,202306,의료웰니스업,4670,211033,36935
해운대구,202307,쇼핑업,4060000,9190000,374899
해운대구,202307,숙박업,101208,1030000,364952
해운대구,202307,식음료업,0,3490000,201881
해운대구,202307,여가서비스업,43495,242659,147838
해운대구,202307,여행업,108,10162,881
해운대구,202307,운송업,394,712178,4651
해운대구,202307,의료웰니스업,2923,213488,30961
해운대구,202308,쇼핑업,3470000,9600000,345906
해운대구,202308,숙박업,131785,1180000,333677
해운대구,202308,식음료업,0,3890000,182852
해운대구,202308,여가서비스업,45791,258065,143442
해운대구,202308,여행업,3890,19616,964
해운대구,202308,운송업,684,793086,4500
해운대구,202308,의료웰니스업,2758,211436,23500
해운대구,202309,쇼핑업,4000000,9410000,450092
해운대구,202309,숙박업,105765,775864,397429
해운대구,202309,식음료업,0,2930000,228753
해운대구,202309,여가서비스업,29541,185762,130494
해운대구,202309,여행업,911,4354,825
해운대구,202309,운송업,2980,748024,5033
해운대구,202309,의료웰니스업,2700,195340,27235
해운대구,202310,쇼핑업,4560000,9830000,526159
해운대구,202310,숙박업,97167,682159,547912
해운대구,202310,식음료업,0,3090000,339230
해운대구,202310,여가서비스업,26066,178741,224440
해운대구,202310,여행업,4248,3600,236
해운대구,202310,운송업,423,817884,6609
해운대구,202310,의료웰니스업,4422,191847,42629
해운대구,202311,쇼핑업,4320000,9410000,439907
해운대구,202311,숙박업,102999,669510,386860
해운대구,202311,식음료업,0,2670000,261317
해운대구,202311,여가서비스업,23282,163573,131059
해운대구,202311,여행업,3412,12109,69
해운대구,202311,운송업,481,654504,5297
해운대구,202311,의료웰니스업,4629,178252,35358
해운대구,202312,쇼핑업,5030000,11300000,357025
해운대구,202312,숙박업,169158,1050000,196850
해운대구,202312,식음료업,0,3550000,163260
해운대구,202312,여가서비스업,38248,230429,152141
해운대구,202312,여행업,1527,4637,55
해운대구,202312,운송업,841,717326,3995
해운대구,202312,의료웰니스업,8254,230474,27668
해운대구,202401,쇼핑업,4690000,9960000,280814
해운대구,202401,숙박업,201486,790765,140973
해운대구,202401,식음료업,0,2890000,123449
해운대구,202401,여가서비스업,29446,176115,168374
해운대구,202401,여행업,2016,18094,6
해운대구,202401,운송업,549,628279,3360
해운대구,202401,의료웰니스업,8142,189910,23020
해운대구,202402,쇼핑업,4140000,9640000,369962
해운대구,202402,숙박업,175731,853654,145361
해운대구,202402,식음료업,0,2870000,153318
해운대구,202402,여가서비스업,33948,189415,131840
해운대구,202402,여행업,1657,14286,31
해운대구,202402,운송업,500,618501,3318
해운대구,202402,의료웰니스업,6108,183108,25771
해운대구,202403,쇼핑업,4390000,10400000,439146
해운대구,202403,숙박업,109461,717474,265465
해운대구,202403,식음료업,0,2850000,213767
해운대구,202403,여가서비스업,48686,181466,196690
해운대구,202403,여행업,260,16435,57
해운대구,202403,운송업,307,673954,4050
해운대구,202403,의료웰니스업,5025,207721,38783
해운대구,202404,쇼핑업,4440000,9590000,642972
해운대구,202404,숙박업,73515,762275,438879
해운대구,202404,식음료업,0,2690000,367203
해운대구,202404,여가서비스업,26181,164161,188131
해운대구,202404,여행업,15,4213,188
해운대구,202404,운송업,116,675519,6027
해운대구,202404,의료웰니스업,4807,180969,48647
해운대구,202405,쇼핑업,4330000,9970000,713937
해운대구,202405,숙박업,89792,801392,399116
해운대구,202405,식음료업,0,3140000,538646
해운대구,202405,여가서비스업,31976,212984,206906
해운대구,202405,여행업,0,6105,781
해운대구,202405,운송업,1376,738984,6698
해운대구,202405,의료웰니스업,3979,210023,52389
해운대구,202406,쇼핑업,4610000,9530000,751789
해운대구,202406,숙박업,90723,728255,451399
해운대구,202406,식음료업,0,3120000,549814
해운대구,202406,여가서비스업,35474,210983,172642
해운대구,202406,여행업,329,3638,232
해운대구,202406,운송업,185,681090,6928
해운대구,202406,의료웰니스업,4744,213756,53406
해운대구,202407,쇼핑업,4080000,9150000,604818
해운대구,202407,숙박업,106285,843489,465878
해운대구,202407,식음료업,0,3250000,482384
해운대구,202407,여가서비스업,42164,234098,211125
해운대구,202407,여행업,209,8300,380
해운대구,202407,운송업,75,731400,9312
해운대구,202407,의료웰니스업,4155,229981,48259
해운대구,202408,쇼핑업,3720000,9400000,688709
해운대구,202408,숙박업,114877,1020000,527887
해운대구,202408,식음료업,0,3930000,505882
해운대구,202408,여가서비스업,38743,266503,227354
해운대구,202408,여행업,224,9562,1237
해운대구,202408,운송업,657,875945,12561
해운대구,202408,의료웰니스업,3010,230900,45792
해운대구,202409,쇼핑업,3990000,9230000,686422
해운대구,202409,숙박업,84298,716093,410914
해운대구,202409,식음료업,0,2860000,505346
해운대구,202409,여가서비스업,31208,217185,224647
해운대구,202409,여행업,2894,9748,749
해운대구,202409,운송업,265,704917,6690
해운대구,202409,의료웰니스업,3658,203735,55696
해운대구,202410,쇼핑업,4350000,9130000,890676
해운대구,202410,숙박업,123220,704672,581889
해운대구,202410,식음료업,0,2960000,667757
해운대구,202410,여가서비스업,30224,189805,214639
해운대구,202410,여행업,3474,7478,976
해운대구,202410,운송업,528,704769,7922
해운대구,202410,의료웰니스업,3905,215731,62814
해운대구,202411,쇼핑업,4160000,9460000,719211
해운대구,202411,숙박업,103715,757377,490633
해운대구,202411,식음료업,0,2810000,528786
해운대구,202411,여가서비스업,24776,161488,248566
해운대구,202411,여행업,585,7668,357
해운대구,202411,운송업,120,643922,6560
해운대구,202411,의료웰니스업,5086,202739,53468
해운대구,202412,쇼핑업,5040000,10600000,741311
해운대구,202412,숙박업,151861,848808,262471
해운대구,202412,식음료업,0,3170000,422752
해운대구,202412,여가서비스업,33318,191200,214471
해운대구,202412,여행업,153,11690,199
해운대구,202412,운송업,1714,661073,5280
해운대구,202412,의료웰니스업,4277,230234,50309
해운대구,202501,쇼핑업,5100000,10800000,671741
해운대구,202501,숙박업,148190,834165,193796
해운대구,202501,식음료업,0,3120000,285669
해운대구,202501,여가서비스업,25866,194654,107259
해운대구,202501,여행업,1355,12909,194
해운대구,202501,운송업,192,677017,3807
해운대구,202501,의료웰니스업,6362,198943,35187
해운대구,202502,쇼핑업,4100000,8990000,610743
해운대구,202502,숙박업,193535,834659,180577
해운대구,202502,식음료업,0,2690000,271684
해운대구,202502,여가서비스업,18393,179062,145790
해운대구,202502,여행업,0,12770,154
해운대구,202502,운송업,149,625094,3443
해운대구,202502,의료웰니스업,5948,191696,38181
해운대구,202503,쇼핑업,4510000,9530000,997228
해운대구,202503,숙박업,108340,691361,430065
해운대구,202503,식음료업,0,2690000,528793
해운대구,202503,여가서비스업,17417,170797,189796
해운대구,202503,여행업,0,8330,371
해운대구,202503,운송업,660,693152,5711
해운대구,202503,의료웰니스업,6532,201767,63829
해운대구,202504,쇼핑업,3720000,8410000,1176388
해운대구,202504,숙박업,87481,604765,584716
해운대구,202504,식음료업,0,2490000,704618
해운대구,202504,여가서비스업,18335,140195,198748
해운대구,202504,여행업,8761,9857,519
해운대구,202504,운송업,335,747426,6772
해운대구,202504,의료웰니스업,3511,187202,89461
해운대구,202505,쇼핑업,4730000,10500000,1141086
해운대구,202505,숙박업,116686,789730,495345
해운대구,202505,식음료업,0,3370000,662650
해운대구,202505,여가서비스업,26596,198902,212376
해운대구,202505,여행업,11613,12950,410
해운대구,202505,운송업,1268,800471,6736
해운대구,202505,의료웰니스업,4388,223222,83400
해운대구,202506,쇼핑업,4720000,9310000,1093976
해운대구,202506,숙박업,118282,578956,513253
해운대구,202506,식음료업,0,2820000,671450
해운대구,202506,여가서비스업,22582,159991,207515
해운대구,202506,여행업,2957,10051,481
해운대구,202506,운송업,316,702279,6710
해운대구,202506,의료웰니스업,4005,193414,95321
해운대구,202507,쇼핑업,3990000,9610000,1201886
해운대구,202507,숙박업,109862,832607,448330
해운대구,202507,식음료업,0,3440000,612859
해운대구,202507,여가서비스업,24830,206249,315050
해운대구,202507,여행업,712,8452,822
해운대구,202507,운송업,1128,806564,13179
해운대구,202507,의료웰니스업,2967,218712,83112
해운대구,202508,쇼핑업,4020000,9470000,1216837
해운대구,202508,숙박업,107483,1000000,511692
해운대구,202508,식음료업,0,4060000,655522
해운대구,202508,여가서비스업,15792,220087,458684
해운대구,202508,여행업,2781,10100,575
해운대구,202508,운송업,324,878561,13053
해운대구,202508,의료웰니스업,3662,235873,74629
해운대구,202509,쇼핑업,4210000,9050000,1274139
해운대구,202509,숙박업,90286,624924,565992
해운대구,202509,식음료업,0,2730000,713453
해운대구,202509,여가서비스업,13172,136692,209243
해운대구,202509,여행업,0,17288,1101
해운대구,202509,운송업,571,712158,7062
해운대구,202509,의료웰니스업,2857,209757,114366
해운대구,202510,쇼핑업,4270000,10100000,1269296
해운대구,202510,숙박업,99627,819940,589863
해운대구,202510,식음료업,0,3580000,848414
해운대구,202510,여가서비스업,16166,190815,253794
해운대구,202510,여행업,2859,6629,611
해운대구,202510,운송업,365,853592,8057
해운대구,202510,의료웰니스업,3917,214314,106642
해운대구,202511,쇼핑업,5030000,10600000,1267953
해운대구,202511,숙박업,116702,638333,497542
해운대구,202511,식음료업,0,3070000,844441
해운대구,202511,여가서비스업,13398,136185,304467
해운대구,202511,여행업,1169,13258,455
해운대구,202511,운송업,1246,791032,7087
해운대구,202511,의료웰니스업,4270,207782,119909
해운대구,202512,쇼핑업,5000000,11400000,1140956
해운대구,202512,숙박업,217416,875269,303654
해운대구,202512,식음료업,0,3490000,677359
해운대구,202512,여가서비스업,15104,162993,286482
해운대구,202512,여행업,344,13183,525
해운대구,202512,운송업,2277,778226,5625
해운대구,202512,의료웰니스업,4821,222712,172988
해운대구,202601,쇼핑업,5410000,11800000,587940
해운대구,202601,숙박업,185136,719690,234573
해운대구,202601,식음료업,0,3320000,435251
해운대구,202601,여가서비스업,12367,167127,270355
해운대구,202601,여행업,0,13192,304
해운대구,202601,운송업,449,726033,4200
해운대구,202601,의료웰니스업,4036,216805,103549
해운대구,202602,쇼핑업,5380000,11800000,462574
해운대구,202602,숙박업,168269,737840,232879
해운대구,202602,식음료업,0,3190000,499116
해운대구,202602,여가서비스업,16630,169508,135422
해운대구,202602,여행업,8467,8030,700
해운대구,202602,운송업,852,682999,3621
해운대구,202602,의료웰니스업,4198,209224,107966
해운대구,202603,쇼핑업,4040000,10100000,537376
해운대구,202603,숙박업,135240,632153,502424
해운대구,202603,식음료업,0,2790000,843551
해운대구,202603,여가서비스업,14680,148979,224166
해운대구,202603,여행업,2026,44726,274
해운대구,202603,운송업,262,811673,6951
해운대구,202603,의료웰니스업,4229,214028,241084
해운대구,202604,쇼핑업,4050000,9520000,633953
해운대구,202604,숙박업,116604,618123,659070
해운대구,202604,식음료업,0,2780000,1165717
해운대구,202604,여가서비스업,12980,148556,365462
해운대구,202604,여행업,3788,9654,615
해운대구,202604,운송업,214,822912,8645
해운대구,202604,의료웰니스업,3100,197504,296847
해운대구,202605,쇼핑업,5490000,12000000,682171
해운대구,202605,숙박업,124445,826571,697535
해운대구,202605,식음료업,0,3770000,1290927
해운대구,202605,여가서비스업,17797,187609,477928
해운대구,202605,여행업,1993,12785,481
해운대구,202605,운송업,99,787372,9445
해운대구,202605,의료웰니스업,2868,254324,338390
해운대구,202606,쇼핑업,4620000,9550000,753439
해운대구,202606,숙박업,115609,633778,746477
해운대구,202606,식음료업,0,3020000,1297581
해운대구,202606,여가서비스업,11793,147670,371517
해운대구,202606,여행업,0,9989,379
해운대구,202606,운송업,189,741686,10011
해운대구,202606,의료웰니스업,3329,231147,412029
