연월,분석차원,분류,신설법인수,부산전체신설법인수,비중_pct,전월대비증감률_pct,전년동월대비증감률_pct,3개월이동평균,데이터상태,출처파일,검증_주의
202201,부산전체,전체,548,548,100.0,,,,원문월총계,2._2022년_1월중_부산지역_신설법인_현황_조사_보고서.pdf,
202202,부산전체,전체,466,466,100.0,-14.96,,,원문월총계,2._2022년_2월중_부산지역_신설법인_현황_조사_보고서.pdf,2022년 2월은 수산업 1개체가 별도 업종으로 표기되어 업종 상세 CSV에 별도 행으로 보존.
202203,부산전체,전체,572,572,100.0,22.75,,528.67,원문월총계,2._2022년_3월중_부산지역_신설법인_현황_조사_보고서.pdf,
202204,부산전체,전체,622,622,100.0,8.74,,553.33,원문월총계,2._2022년_4월중_부산지역_신설법인_현황_조사_보고서.pdf,
202205,부산전체,전체,597,597,100.0,-4.02,,597.0,원문월총계,2._2022년_5월중_부산지역_신설법인_현황_조사_보고서.pdf,
202206,부산전체,전체,516,516,100.0,-13.57,,578.33,원문월총계,2._2022년_6월_및_상반기_부산지역_신설법인_현황_조사_보고서.pdf,
202207,부산전체,전체,488,488,100.0,-5.43,,533.67,원문월총계,2022년_7월_부산지역_신설법인_현황_조사_보고서.pdf,
202208,부산전체,전체,457,457,100.0,-6.35,,487.0,원문월총계,2._2022년_8월중_부산지역_신설법인_현황_조사_보고서.pdf,
202209,부산전체,전체,381,381,100.0,-16.63,,442.0,원문월총계,2._2022년_9월중_부산지역_신설법인_현황_조사_보고서.pdf,
202210,부산전체,전체,372,372,100.0,-2.36,,403.33,원문월총계,2022년_10월중_부산지역_신설법인_현황_조사_보고서.pdf,
202211,부산전체,전체,346,346,100.0,-6.99,,366.33,원문월총계,2022년_11월중_부산지역_신설법인_현황_조사_보고서.pdf,
202212,부산전체,전체,394,394,100.0,13.87,,370.67,원문월총계,2._2022년_12월_및_2022년_부산지역_신설법인_현황_조사_보고서.pdf,
202301,부산전체,전체,374,374,100.0,-5.08,-31.75,371.33,원문월총계,2._2023년_1월중_부산지역_신설법인_현황_조사_보고서.pdf,
202302,부산전체,전체,399,399,100.0,6.68,-14.38,389.0,원문월총계,2._2023년_2월중_부산지역_신설법인_현황_조사_보고서.pdf,
202303,부산전체,전체,403,403,100.0,1.0,-29.55,392.0,원문월총계,2._2023년_3월중_부산지역_신설법인_현황_조사_보고서.pdf,
202304,부산전체,전체,369,369,100.0,-8.44,-40.68,390.33,원문월총계,2._2023년_4월중_부산지역_신설법인_현황_조사_보고서.pdf,
202305,부산전체,전체,382,382,100.0,3.52,-36.01,384.67,원문월총계,2._2023년_5월중_부산지역_신설법인_현황_조사_보고서.pdf,
202306,부산전체,전체,383,383,100.0,0.26,-25.78,378.0,원문월총계,2._2023년_6월_및_상반기_부산지역_신설법인_현황_조사_보고서.pdf,
202307,부산전체,전체,413,413,100.0,7.83,-15.37,392.67,원문월총계,2023년_7월중_부산지역_신설법인_현황_조사_보고서(업로드용).pdf,
202308,부산전체,전체,355,355,100.0,-14.04,-22.32,383.67,원문월총계,2023년_8월중_부산지역_신설법인_현황_조사_보고서(업로드용).pdf,
202309,부산전체,전체,368,368,100.0,3.66,-3.41,378.67,원문월총계,2023년_9월중_부산지역_신설법인_현황_조사_보고서(업로드용).pdf,
202310,부산전체,전체,339,339,100.0,-7.88,-8.87,354.0,원문월총계,2023년_10월중_부산지역_신설법인_현황_조사_보고서(업로드용).pdf,
202311,부산전체,전체,365,365,100.0,7.67,5.49,357.33,원문월총계,2023년_11월중_부산지역_신설법인_현황_조사_보고서(업로드용).pdf,
202312,부산전체,전체,345,345,100.0,-5.48,-12.44,349.67,원문월총계,2._2023년_12월_및_2023년_부산지역_신설법인_현황_조사_보고서(업로드용).pdf,
202401,부산전체,전체,453,453,100.0,31.3,21.12,387.67,원문월총계,2._2024년_1월중_부산지역_신설법인_현황_조사_보고서_대외용.pdf,
202402,부산전체,전체,327,327,100.0,-27.81,-18.05,375.0,원문월총계,2._2024년_2월중_부산지역_신설법인_현황_조사_보고서_대외용.pdf,
202403,부산전체,전체,366,366,100.0,11.93,-9.18,382.0,원문월총계,2._2024년_3월중_부산지역_신설법인_현황_조사_보고서_대외용.pdf,
202404,부산전체,전체,372,372,100.0,1.64,0.81,355.0,원문월총계,2._2024년_4월중_부산지역_신설법인_현황_조사_보고서_대외용.pdf,
202405,부산전체,전체,360,360,100.0,-3.23,-5.76,366.0,원문월총계,2._2024년_5월중_부산지역_신설법인_현황_조사_보고서_대외용.pdf,
202406,부산전체,전체,317,317,100.0,-11.94,-17.23,349.67,원문월총계,2._2024년_6월중_부산지역_신설법인_현황_조사_보고서_대외용.pdf,
202407,부산전체,전체,397,397,100.0,25.24,-3.87,358.0,원문월총계,2._2024년_7월중_부산지역_신설법인_현황_조사_보고서_대외용.pdf,
202408,부산전체,전체,310,310,100.0,-21.91,-12.68,341.33,원문월총계,2._2024년_8월중_부산지역_신설법인_현황_조사_보고서_대외용.pdf,
202409,부산전체,전체,289,289,100.0,-6.77,-21.47,332.0,원문월총계,2._2024년_9월중_부산지역_신설법인_현황_조사_보고서_대외용.pdf,
202410,부산전체,전체,371,371,100.0,28.37,9.44,323.33,원문월총계,2._2024년_10월중_부산지역_신설법인_현황_조사_보고서_대외용.pdf,
202411,부산전체,전체,369,369,100.0,-0.54,1.1,343.0,원문월총계,2._2024년_11월중_부산지역_신설법인_현황_조사_보고서_대외용.pdf,
202412,부산전체,전체,364,364,100.0,-1.36,5.51,368.0,원문월총계,2._2024년_12월_및_2024년도_부산지역_신설법인_현황_조사_보고서.pdf,
202501,부산전체,전체,354,354,100.0,-2.75,-21.85,362.33,원문월총계,2._2025년_1월중_부산지역_신설법인_현황_조사_보고서.pdf,
202502,부산전체,전체,371,371,100.0,4.8,13.46,363.0,원문월총계,2._2025년_2월중_부산지역_신설법인_현황_조사_보고서.pdf,
202503,부산전체,전체,328,328,100.0,-11.59,-10.38,351.0,원문월총계,2._2025년_3월중_부산지역_신설법인_현황_조사_보고서.pdf,
202504,부산전체,전체,335,335,100.0,2.13,-9.95,344.67,원문월총계,2._2025년_4월중_부산지역_신설법인_현황_조사_보고서.pdf,
202505,부산전체,전체,367,367,100.0,9.55,1.94,343.33,원문월총계,2._2025년_5월중_부산지역_신설법인_현황_조사_보고서.pdf,
202506,부산전체,전체,367,367,100.0,0.0,15.77,356.33,원문월총계,2._2025년_상반기_및_6월_부산지역_신설법인_현황_조사_보고서.pdf,
202507,부산전체,전체,453,453,100.0,23.43,14.11,395.67,원문월총계,2._2025년_7월중_부산지역_신설법인_현황_조사_보고서.pdf,
202508,부산전체,전체,363,363,100.0,-19.87,17.1,394.33,원문월총계,2._2025년_8월중_부산지역_신설법인_현황_조사_보고서.pdf,
202509,부산전체,전체,392,392,100.0,7.99,35.64,402.67,원문월총계,2._2025년_9월중_부산지역_신설법인_현황_조사_보고서.pdf,
202510,부산전체,전체,315,315,100.0,-19.64,-15.09,356.67,원문월총계,2._2025년_10월중_부산지역_신설법인_현황_조사_보고서.pdf,
202511,부산전체,전체,346,346,100.0,9.84,-6.23,351.0,원문월총계,2._2025년_11월중_부산지역_신설법인_현황_조사_보고서_F.pdf,
202512,부산전체,전체,392,392,100.0,13.29,7.69,351.0,원문월총계,2._2025년도_부산지역_신설법인_현황_조사_보고서.pdf,2025년 12월은 월별 구군 자료가 제공되지 않아 구군 집중도는 공란.
202601,부산전체,전체,452,452,100.0,15.31,27.68,396.67,원문월총계,2._2026년_1월중_부산지역_신설법인_현황_조사_보고서.pdf,
202201,업종,제조업,53,548,9.67,,,,원문확인,202201 스캔형 원문 통계표,
202201,업종,건설업,61,548,11.13,,,,원문확인,202201 스캔형 원문 통계표,
202201,업종,유통업,124,548,22.63,,,,원문확인,202201 스캔형 원문 통계표,
202201,업종,운수업,23,548,4.2,,,,원문확인,202201 스캔형 원문 통계표,
202201,업종,정보통신업,38,548,6.93,,,,원문확인,202201 스캔형 원문 통계표,
202201,업종,부동산 및 장비임대업,121,548,22.08,,,,원문확인,202201 스캔형 원문 통계표,
202201,업종,서비스업,124,548,22.63,,,,원문확인,202201 스캔형 원문 통계표,
202201,업종,기타,4,548,0.73,,,,원문확인,202201 스캔형 원문 통계표,
202202,업종,제조업,51,466,10.94,-3.77,,,원문확인,202202 스캔형 원문 통계표,
202202,업종,건설업,56,466,12.02,-8.2,,,원문확인,202202 스캔형 원문 통계표,
202202,업종,유통업,88,466,18.88,-29.03,,,원문확인,202202 스캔형 원문 통계표,
202202,업종,운수업,26,466,5.58,13.04,,,원문확인,202202 스캔형 원문 통계표,
202202,업종,정보통신업,24,466,5.15,-36.84,,,원문확인,202202 스캔형 원문 통계표,
202202,업종,부동산 및 장비임대업,102,466,21.89,-15.7,,,원문확인,202202 스캔형 원문 통계표,
202202,업종,서비스업,112,466,24.03,-9.68,,,원문확인,202202 스캔형 원문 통계표,
202202,업종,기타,6,466,1.29,50.0,,,원문확인,202202 스캔형 원문 통계표,
202202,업종,수산업(별도표기),1,466,0.21,,,,원문확인,2._2022년_2월중_부산지역_신설법인_현황_조사_보고서.pdf,이후 보고서에서 수산업이 별도 업종으로 일관되게 제시되지 않아 단일 보조행으로 유지
202203,업종,제조업,71,572,12.41,39.22,,58.33,원문확인,202203 스캔형 원문 통계표,
202203,업종,건설업,58,572,10.14,3.57,,58.33,원문확인,202203 스캔형 원문 통계표,
202203,업종,유통업,121,572,21.15,37.5,,111.0,원문확인,202203 스캔형 원문 통계표,
202203,업종,운수업,28,572,4.9,7.69,,25.67,원문확인,202203 스캔형 원문 통계표,
202203,업종,정보통신업,28,572,4.9,16.67,,30.0,원문확인,202203 스캔형 원문 통계표,
202203,업종,부동산 및 장비임대업,141,572,24.65,38.24,,121.33,원문확인,202203 스캔형 원문 통계표,
202203,업종,서비스업,114,572,19.93,1.79,,116.67,원문확인,202203 스캔형 원문 통계표,
202203,업종,기타,11,572,1.92,83.33,,7.0,원문확인,202203 스캔형 원문 통계표,
202204,업종,제조업,67,622,10.77,-5.63,,63.0,원문확인,202204 스캔형 원문 통계표,
202204,업종,건설업,54,622,8.68,-6.9,,56.0,원문확인,202204 스캔형 원문 통계표,
202204,업종,유통업,134,622,21.54,10.74,,114.33,원문확인,202204 스캔형 원문 통계표,
202204,업종,운수업,21,622,3.38,-25.0,,25.0,원문확인,202204 스캔형 원문 통계표,
202204,업종,정보통신업,22,622,3.54,-21.43,,24.67,원문확인,202204 스캔형 원문 통계표,
202204,업종,부동산 및 장비임대업,166,622,26.69,17.73,,136.33,원문확인,202204 스캔형 원문 통계표,
202204,업종,서비스업,153,622,24.6,34.21,,126.33,원문확인,202204 스캔형 원문 통계표,
202204,업종,기타,5,622,0.8,-54.55,,7.33,원문확인,202204 스캔형 원문 통계표,
202205,업종,제조업,61,597,10.22,-8.96,,66.33,원문확인,202205 스캔형 원문 통계표,
202205,업종,건설업,66,597,11.06,22.22,,59.33,원문확인,202205 스캔형 원문 통계표,
202205,업종,유통업,140,597,23.45,4.48,,131.67,원문확인,202205 스캔형 원문 통계표,
202205,업종,운수업,18,597,3.02,-14.29,,22.33,원문확인,202205 스캔형 원문 통계표,
202205,업종,정보통신업,26,597,4.36,18.18,,25.33,원문확인,202205 스캔형 원문 통계표,
202205,업종,부동산 및 장비임대업,153,597,25.63,-7.83,,153.33,원문확인,202205 스캔형 원문 통계표,
202205,업종,서비스업,128,597,21.44,-16.34,,131.67,원문확인,202205 스캔형 원문 통계표,
202205,업종,기타,5,597,0.84,0.0,,7.0,원문확인,202205 스캔형 원문 통계표,
202206,업종,제조업,55,516,10.66,-9.84,,61.0,원문확인,202206 스캔형 원문 통계표,
202206,업종,건설업,48,516,9.3,-27.27,,56.0,원문확인,202206 스캔형 원문 통계표,
202206,업종,유통업,128,516,24.81,-8.57,,134.0,원문확인,202206 스캔형 원문 통계표,
202206,업종,운수업,15,516,2.91,-16.67,,18.0,원문확인,202206 스캔형 원문 통계표,
202206,업종,정보통신업,29,516,5.62,11.54,,25.67,원문확인,202206 스캔형 원문 통계표,
202206,업종,부동산 및 장비임대업,117,516,22.67,-23.53,,145.33,원문확인,202206 스캔형 원문 통계표,
202206,업종,서비스업,118,516,22.87,-7.81,,133.0,원문확인,202206 스캔형 원문 통계표,
202206,업종,기타,6,516,1.16,20.0,,5.33,원문확인,202206 스캔형 원문 통계표,
202207,업종,제조업,50,488,10.25,-9.09,,55.33,원문확인,202207 스캔형 원문 통계표,
202207,업종,건설업,40,488,8.2,-16.67,,51.33,원문확인,202207 스캔형 원문 통계표,
202207,업종,유통업,111,488,22.75,-13.28,,126.33,원문확인,202207 스캔형 원문 통계표,
202207,업종,운수업,24,488,4.92,60.0,,19.0,원문확인,202207 스캔형 원문 통계표,
202207,업종,정보통신업,27,488,5.53,-6.9,,27.33,원문확인,202207 스캔형 원문 통계표,
202207,업종,부동산 및 장비임대업,126,488,25.82,7.69,,132.0,원문확인,202207 스캔형 원문 통계표,
202207,업종,서비스업,101,488,20.7,-14.41,,115.67,원문확인,202207 스캔형 원문 통계표,
202207,업종,기타,9,488,1.84,50.0,,6.67,원문확인,202207 스캔형 원문 통계표,
202208,업종,제조업,49,457,10.72,-2.0,,51.33,원문확인,202208 스캔형 원문 통계표,
202208,업종,건설업,47,457,10.28,17.5,,45.0,원문확인,202208 스캔형 원문 통계표,
202208,업종,유통업,117,457,25.6,5.41,,118.67,원문확인,202208 스캔형 원문 통계표,
202208,업종,운수업,21,457,4.6,-12.5,,20.0,원문확인,202208 스캔형 원문 통계표,
202208,업종,정보통신업,39,457,8.53,44.44,,31.67,원문확인,202208 스캔형 원문 통계표,
202208,업종,부동산 및 장비임대업,87,457,19.04,-30.95,,110.0,원문확인,202208 스캔형 원문 통계표,
202208,업종,서비스업,92,457,20.13,-8.91,,103.67,원문확인,202208 스캔형 원문 통계표,
202208,업종,기타,5,457,1.09,-44.44,,6.67,원문확인,202208 스캔형 원문 통계표,
202209,업종,제조업,37,381,9.71,-24.49,,45.33,원문확인,202209 스캔형 원문 통계표,
202209,업종,건설업,33,381,8.66,-29.79,,40.0,원문확인,202209 스캔형 원문 통계표,
202209,업종,유통업,123,381,32.28,5.13,,117.0,원문확인,202209 스캔형 원문 통계표,
202209,업종,운수업,8,381,2.1,-61.9,,17.67,원문확인,202209 스캔형 원문 통계표,
202209,업종,정보통신업,24,381,6.3,-38.46,,30.0,원문확인,202209 스캔형 원문 통계표,
202209,업종,부동산 및 장비임대업,67,381,17.59,-22.99,,93.33,원문확인,202209 스캔형 원문 통계표,
202209,업종,서비스업,82,381,21.52,-10.87,,91.67,원문확인,202209 스캔형 원문 통계표,
202209,업종,기타,7,381,1.84,40.0,,7.0,원문확인,202209 스캔형 원문 통계표,
202210,업종,제조업,38,372,10.22,2.7,,41.33,원문확인,202210 스캔형 원문 통계표,
202210,업종,건설업,42,372,11.29,27.27,,40.67,원문확인,202210 스캔형 원문 통계표,
202210,업종,유통업,99,372,26.61,-19.51,,113.0,원문확인,202210 스캔형 원문 통계표,
202210,업종,운수업,17,372,4.57,112.5,,15.33,원문확인,202210 스캔형 원문 통계표,
202210,업종,정보통신업,19,372,5.11,-20.83,,27.33,원문확인,202210 스캔형 원문 통계표,
202210,업종,부동산 및 장비임대업,66,372,17.74,-1.49,,73.33,원문확인,202210 스캔형 원문 통계표,
202210,업종,서비스업,86,372,23.12,4.88,,86.67,원문확인,202210 스캔형 원문 통계표,
202210,업종,기타,5,372,1.34,-28.57,,5.67,원문확인,202210 스캔형 원문 통계표,
202211,업종,제조업,38,346,10.98,0.0,,37.67,원문확인,2._2022년_12월_및_2022년_부산지역_신설법인_현황_조사_보고서.pdf,
202211,업종,건설업,29,346,8.38,-30.95,,34.67,원문확인,2._2022년_12월_및_2022년_부산지역_신설법인_현황_조사_보고서.pdf,
202211,업종,유통업,84,346,24.28,-15.15,,102.0,원문확인,2._2022년_12월_및_2022년_부산지역_신설법인_현황_조사_보고서.pdf,
202211,업종,운수업,17,346,4.91,0.0,,14.0,원문확인,2._2022년_12월_및_2022년_부산지역_신설법인_현황_조사_보고서.pdf,
202211,업종,정보통신업,29,346,8.38,52.63,,24.0,원문확인,2._2022년_12월_및_2022년_부산지역_신설법인_현황_조사_보고서.pdf,
202211,업종,부동산 및 장비임대업,50,346,14.45,-24.24,,61.0,원문확인,2._2022년_12월_및_2022년_부산지역_신설법인_현황_조사_보고서.pdf,
202211,업종,서비스업,89,346,25.72,3.49,,85.67,원문확인,2._2022년_12월_및_2022년_부산지역_신설법인_현황_조사_보고서.pdf,
202211,업종,기타,10,346,2.89,100.0,,7.33,원문확인,2._2022년_12월_및_2022년_부산지역_신설법인_현황_조사_보고서.pdf,
202212,업종,제조업,59,394,14.97,55.26,,45.0,원문확인,2._2022년_12월_및_2022년_부산지역_신설법인_현황_조사_보고서.pdf,
202212,업종,건설업,22,394,5.58,-24.14,,31.0,원문확인,2._2022년_12월_및_2022년_부산지역_신설법인_현황_조사_보고서.pdf,
202212,업종,유통업,107,394,27.16,27.38,,96.67,원문확인,2._2022년_12월_및_2022년_부산지역_신설법인_현황_조사_보고서.pdf,
202212,업종,운수업,26,394,6.6,52.94,,20.0,원문확인,2._2022년_12월_및_2022년_부산지역_신설법인_현황_조사_보고서.pdf,
202212,업종,정보통신업,19,394,4.82,-34.48,,22.33,원문확인,2._2022년_12월_및_2022년_부산지역_신설법인_현황_조사_보고서.pdf,
202212,업종,부동산 및 장비임대업,50,394,12.69,0.0,,55.33,원문확인,2._2022년_12월_및_2022년_부산지역_신설법인_현황_조사_보고서.pdf,
202212,업종,서비스업,103,394,26.14,15.73,,92.67,원문확인,2._2022년_12월_및_2022년_부산지역_신설법인_현황_조사_보고서.pdf,
202212,업종,기타,8,394,2.03,-20.0,,7.67,원문확인,2._2022년_12월_및_2022년_부산지역_신설법인_현황_조사_보고서.pdf,
202301,업종,제조업,45,374,12.03,-23.73,-15.09,47.33,원문확인,2._2023년_1월중_부산지역_신설법인_현황_조사_보고서.pdf,
202301,업종,건설업,37,374,9.89,68.18,-39.34,29.33,원문확인,2._2023년_1월중_부산지역_신설법인_현황_조사_보고서.pdf,
202301,업종,유통업,102,374,27.27,-4.67,-17.74,97.67,원문확인,2._2023년_1월중_부산지역_신설법인_현황_조사_보고서.pdf,
202301,업종,운수업,19,374,5.08,-26.92,-17.39,20.67,원문확인,2._2023년_1월중_부산지역_신설법인_현황_조사_보고서.pdf,
202301,업종,정보통신업,20,374,5.35,5.26,-47.37,22.67,원문확인,2._2023년_1월중_부산지역_신설법인_현황_조사_보고서.pdf,
202301,업종,부동산 및 장비임대업,44,374,11.76,-12.0,-63.64,48.0,원문확인,2._2023년_1월중_부산지역_신설법인_현황_조사_보고서.pdf,
202301,업종,서비스업,100,374,26.74,-2.91,-19.35,97.33,원문확인,2._2023년_1월중_부산지역_신설법인_현황_조사_보고서.pdf,
202301,업종,기타,7,374,1.87,-12.5,75.0,8.33,원문확인,2._2023년_1월중_부산지역_신설법인_현황_조사_보고서.pdf,
202302,업종,제조업,50,399,12.53,11.11,-1.96,51.33,원문확인,2._2023년_2월중_부산지역_신설법인_현황_조사_보고서.pdf,
202302,업종,건설업,33,399,8.27,-10.81,-41.07,30.67,원문확인,2._2023년_2월중_부산지역_신설법인_현황_조사_보고서.pdf,
202302,업종,유통업,108,399,27.07,5.88,22.73,105.67,원문확인,2._2023년_2월중_부산지역_신설법인_현황_조사_보고서.pdf,
202302,업종,운수업,19,399,4.76,0.0,-26.92,21.33,원문확인,2._2023년_2월중_부산지역_신설법인_현황_조사_보고서.pdf,
202302,업종,정보통신업,24,399,6.02,20.0,0.0,21.0,원문확인,2._2023년_2월중_부산지역_신설법인_현황_조사_보고서.pdf,
202302,업종,부동산 및 장비임대업,69,399,17.29,56.82,-32.35,54.33,원문확인,2._2023년_2월중_부산지역_신설법인_현황_조사_보고서.pdf,
202302,업종,서비스업,94,399,23.56,-6.0,-16.07,99.0,원문확인,2._2023년_2월중_부산지역_신설법인_현황_조사_보고서.pdf,
202302,업종,기타,2,399,0.5,-71.43,-66.67,5.67,원문확인,2._2023년_2월중_부산지역_신설법인_현황_조사_보고서.pdf,
202303,업종,제조업,43,403,10.67,-14.0,-39.44,46.0,원문확인,2._2023년_4월중_부산지역_신설법인_현황_조사_보고서.pdf,
202303,업종,건설업,45,403,11.17,36.36,-22.41,38.33,원문확인,2._2023년_4월중_부산지역_신설법인_현황_조사_보고서.pdf,
202303,업종,유통업,104,403,25.81,-3.7,-14.05,104.67,원문확인,2._2023년_4월중_부산지역_신설법인_현황_조사_보고서.pdf,
202303,업종,운수업,20,403,4.96,5.26,-28.57,19.33,원문확인,2._2023년_4월중_부산지역_신설법인_현황_조사_보고서.pdf,
202303,업종,정보통신업,26,403,6.45,8.33,-7.14,23.33,원문확인,2._2023년_4월중_부산지역_신설법인_현황_조사_보고서.pdf,
202303,업종,부동산 및 장비임대업,57,403,14.14,-17.39,-59.57,56.67,원문확인,2._2023년_4월중_부산지역_신설법인_현황_조사_보고서.pdf,
202303,업종,서비스업,99,403,24.57,5.32,-13.16,97.67,원문확인,2._2023년_4월중_부산지역_신설법인_현황_조사_보고서.pdf,
202303,업종,기타,9,403,2.23,350.0,-18.18,6.0,원문확인,2._2023년_4월중_부산지역_신설법인_현황_조사_보고서.pdf,
202304,업종,제조업,39,369,10.57,-9.3,-41.79,44.0,원문확인,2._2023년_4월중_부산지역_신설법인_현황_조사_보고서.pdf,
202304,업종,건설업,30,369,8.13,-33.33,-44.44,36.0,원문확인,2._2023년_4월중_부산지역_신설법인_현황_조사_보고서.pdf,
202304,업종,유통업,87,369,23.58,-16.35,-35.07,99.67,원문확인,2._2023년_4월중_부산지역_신설법인_현황_조사_보고서.pdf,
202304,업종,운수업,14,369,3.79,-30.0,-33.33,17.67,원문확인,2._2023년_4월중_부산지역_신설법인_현황_조사_보고서.pdf,
202304,업종,정보통신업,27,369,7.32,3.85,22.73,25.67,원문확인,2._2023년_4월중_부산지역_신설법인_현황_조사_보고서.pdf,
202304,업종,부동산 및 장비임대업,62,369,16.8,8.77,-62.65,62.67,원문확인,2._2023년_4월중_부산지역_신설법인_현황_조사_보고서.pdf,
202304,업종,서비스업,105,369,28.46,6.06,-31.37,99.33,원문확인,2._2023년_4월중_부산지역_신설법인_현황_조사_보고서.pdf,
202304,업종,기타,5,369,1.36,-44.44,0.0,5.33,원문확인,2._2023년_4월중_부산지역_신설법인_현황_조사_보고서.pdf,
202305,업종,제조업,50,382,13.09,28.21,-18.03,44.0,원문확인,2._2023년_5월중_부산지역_신설법인_현황_조사_보고서.pdf,
202305,업종,건설업,37,382,9.69,23.33,-43.94,37.33,원문확인,2._2023년_5월중_부산지역_신설법인_현황_조사_보고서.pdf,
202305,업종,유통업,87,382,22.77,0.0,-37.86,92.67,원문확인,2._2023년_5월중_부산지역_신설법인_현황_조사_보고서.pdf,
202305,업종,운수업,13,382,3.4,-7.14,-27.78,15.67,원문확인,2._2023년_5월중_부산지역_신설법인_현황_조사_보고서.pdf,
202305,업종,정보통신업,24,382,6.28,-11.11,-7.69,25.67,원문확인,2._2023년_5월중_부산지역_신설법인_현황_조사_보고서.pdf,
202305,업종,부동산 및 장비임대업,52,382,13.61,-16.13,-66.01,57.0,원문확인,2._2023년_5월중_부산지역_신설법인_현황_조사_보고서.pdf,
202305,업종,서비스업,108,382,28.27,2.86,-15.62,104.0,원문확인,2._2023년_5월중_부산지역_신설법인_현황_조사_보고서.pdf,
202305,업종,기타,11,382,2.88,120.0,120.0,8.33,원문확인,2._2023년_5월중_부산지역_신설법인_현황_조사_보고서.pdf,
202306,업종,제조업,47,383,12.27,-6.0,-14.55,45.33,원문확인,2._2023년_6월_및_상반기_부산지역_신설법인_현황_조사_보고서.pdf,
202306,업종,건설업,34,383,8.88,-8.11,-29.17,33.67,원문확인,2._2023년_6월_및_상반기_부산지역_신설법인_현황_조사_보고서.pdf,
202306,업종,유통업,78,383,20.37,-10.34,-39.06,84.0,원문확인,2._2023년_6월_및_상반기_부산지역_신설법인_현황_조사_보고서.pdf,
202306,업종,운수업,15,383,3.92,15.38,0.0,14.0,원문확인,2._2023년_6월_및_상반기_부산지역_신설법인_현황_조사_보고서.pdf,
202306,업종,정보통신업,21,383,5.48,-12.5,-27.59,24.0,원문확인,2._2023년_6월_및_상반기_부산지역_신설법인_현황_조사_보고서.pdf,
202306,업종,부동산 및 장비임대업,58,383,15.14,11.54,-50.43,57.33,원문확인,2._2023년_6월_및_상반기_부산지역_신설법인_현황_조사_보고서.pdf,
202306,업종,서비스업,122,383,31.85,12.96,3.39,111.67,원문확인,2._2023년_6월_및_상반기_부산지역_신설법인_현황_조사_보고서.pdf,
202306,업종,기타,8,383,2.09,-27.27,33.33,8.0,원문확인,2._2023년_6월_및_상반기_부산지역_신설법인_현황_조사_보고서.pdf,
202307,업종,제조업,54,413,13.08,14.89,8.0,50.33,원문확인,2._2024년_7월중_부산지역_신설법인_현황_조사_보고서_대외용.pdf,
202307,업종,건설업,41,413,9.93,20.59,2.5,37.33,원문확인,2._2024년_7월중_부산지역_신설법인_현황_조사_보고서_대외용.pdf,
202307,업종,유통업,96,413,23.24,23.08,-13.51,87.0,원문확인,2._2024년_7월중_부산지역_신설법인_현황_조사_보고서_대외용.pdf,
202307,업종,운수업,16,413,3.87,6.67,-33.33,14.67,원문확인,2._2024년_7월중_부산지역_신설법인_현황_조사_보고서_대외용.pdf,
202307,업종,정보통신업,20,413,4.84,-4.76,-25.93,21.67,원문확인,2._2024년_7월중_부산지역_신설법인_현황_조사_보고서_대외용.pdf,
202307,업종,부동산 및 장비임대업,67,413,16.22,15.52,-46.83,59.0,원문확인,2._2024년_7월중_부산지역_신설법인_현황_조사_보고서_대외용.pdf,
202307,업종,서비스업,115,413,27.85,-5.74,13.86,115.0,원문확인,2._2024년_7월중_부산지역_신설법인_현황_조사_보고서_대외용.pdf,
202307,업종,기타,4,413,0.97,-50.0,-55.56,7.67,원문확인,2._2024년_7월중_부산지역_신설법인_현황_조사_보고서_대외용.pdf,
202308,업종,제조업,55,355,15.49,1.85,12.24,52.0,원문확인,2._2024년_8월중_부산지역_신설법인_현황_조사_보고서_대외용.pdf,
202308,업종,건설업,32,355,9.01,-21.95,-31.91,35.67,원문확인,2._2024년_8월중_부산지역_신설법인_현황_조사_보고서_대외용.pdf,
202308,업종,유통업,81,355,22.82,-15.62,-30.77,85.0,원문확인,2._2024년_8월중_부산지역_신설법인_현황_조사_보고서_대외용.pdf,
202308,업종,운수업,7,355,1.97,-56.25,-66.67,12.67,원문확인,2._2024년_8월중_부산지역_신설법인_현황_조사_보고서_대외용.pdf,
202308,업종,정보통신업,19,355,5.35,-5.0,-51.28,20.0,원문확인,2._2024년_8월중_부산지역_신설법인_현황_조사_보고서_대외용.pdf,
202308,업종,부동산 및 장비임대업,57,355,16.06,-14.93,-34.48,60.67,원문확인,2._2024년_8월중_부산지역_신설법인_현황_조사_보고서_대외용.pdf,
202308,업종,서비스업,98,355,27.61,-14.78,6.52,111.67,원문확인,2._2024년_8월중_부산지역_신설법인_현황_조사_보고서_대외용.pdf,
202308,업종,기타,6,355,1.69,50.0,20.0,6.0,원문확인,2._2024년_8월중_부산지역_신설법인_현황_조사_보고서_대외용.pdf,
202309,업종,제조업,64,368,17.39,16.36,72.97,57.67,원문확인,2._2024년_9월중_부산지역_신설법인_현황_조사_보고서_대외용.pdf,
202309,업종,건설업,29,368,7.88,-9.38,-12.12,34.0,원문확인,2._2024년_9월중_부산지역_신설법인_현황_조사_보고서_대외용.pdf,
202309,업종,유통업,78,368,21.2,-3.7,-36.59,85.0,원문확인,2._2024년_9월중_부산지역_신설법인_현황_조사_보고서_대외용.pdf,
202309,업종,운수업,13,368,3.53,85.71,62.5,12.0,원문확인,2._2024년_9월중_부산지역_신설법인_현황_조사_보고서_대외용.pdf,
202309,업종,정보통신업,17,368,4.62,-10.53,-29.17,18.67,원문확인,2._2024년_9월중_부산지역_신설법인_현황_조사_보고서_대외용.pdf,
202309,업종,부동산 및 장비임대업,61,368,16.58,7.02,-8.96,61.67,원문확인,2._2024년_9월중_부산지역_신설법인_현황_조사_보고서_대외용.pdf,
202309,업종,서비스업,100,368,27.17,2.04,21.95,104.33,원문확인,2._2024년_9월중_부산지역_신설법인_현황_조사_보고서_대외용.pdf,
202309,업종,기타,6,368,1.63,0.0,-14.29,5.33,원문확인,2._2024년_9월중_부산지역_신설법인_현황_조사_보고서_대외용.pdf,
202310,업종,제조업,46,339,13.57,-28.12,21.05,55.0,원문확인,2._2024년_10월중_부산지역_신설법인_현황_조사_보고서_대외용.pdf,
202310,업종,건설업,27,339,7.96,-6.9,-35.71,29.33,원문확인,2._2024년_10월중_부산지역_신설법인_현황_조사_보고서_대외용.pdf,
202310,업종,유통업,88,339,25.96,12.82,-11.11,82.33,원문확인,2._2024년_10월중_부산지역_신설법인_현황_조사_보고서_대외용.pdf,
202310,업종,운수업,13,339,3.83,0.0,-23.53,11.0,원문확인,2._2024년_10월중_부산지역_신설법인_현황_조사_보고서_대외용.pdf,
202310,업종,정보통신업,21,339,6.19,23.53,10.53,19.0,원문확인,2._2024년_10월중_부산지역_신설법인_현황_조사_보고서_대외용.pdf,
202310,업종,부동산 및 장비임대업,44,339,12.98,-27.87,-33.33,54.0,원문확인,2._2024년_10월중_부산지역_신설법인_현황_조사_보고서_대외용.pdf,
202310,업종,서비스업,96,339,28.32,-4.0,11.63,98.0,원문확인,2._2024년_10월중_부산지역_신설법인_현황_조사_보고서_대외용.pdf,
202310,업종,기타,4,339,1.18,-33.33,-20.0,5.33,원문확인,2._2024년_10월중_부산지역_신설법인_현황_조사_보고서_대외용.pdf,
202311,업종,제조업,56,365,15.34,21.74,47.37,55.33,원문확인,2._2023년_12월_및_2023년_부산지역_신설법인_현황_조사_보고서(업로드용).pdf,
202311,업종,건설업,27,365,7.4,0.0,-6.9,27.67,원문확인,2._2023년_12월_및_2023년_부산지역_신설법인_현황_조사_보고서(업로드용).pdf,
202311,업종,유통업,87,365,23.84,-1.14,3.57,84.33,원문확인,2._2023년_12월_및_2023년_부산지역_신설법인_현황_조사_보고서(업로드용).pdf,
202311,업종,운수업,15,365,4.11,15.38,-11.76,13.67,원문확인,2._2023년_12월_및_2023년_부산지역_신설법인_현황_조사_보고서(업로드용).pdf,
202311,업종,정보통신업,22,365,6.03,4.76,-24.14,20.0,원문확인,2._2023년_12월_및_2023년_부산지역_신설법인_현황_조사_보고서(업로드용).pdf,
202311,업종,부동산 및 장비임대업,54,365,14.79,22.73,8.0,53.0,원문확인,2._2023년_12월_및_2023년_부산지역_신설법인_현황_조사_보고서(업로드용).pdf,
202311,업종,서비스업,99,365,27.12,3.12,11.24,98.33,원문확인,2._2023년_12월_및_2023년_부산지역_신설법인_현황_조사_보고서(업로드용).pdf,
202311,업종,기타,5,365,1.37,25.0,-50.0,5.0,원문확인,2._2023년_12월_및_2023년_부산지역_신설법인_현황_조사_보고서(업로드용).pdf,
202312,업종,제조업,71,345,20.58,26.79,20.34,57.67,원문확인,2._2023년_12월_및_2023년_부산지역_신설법인_현황_조사_보고서(업로드용).pdf,
202312,업종,건설업,25,345,7.25,-7.41,13.64,26.33,원문확인,2._2023년_12월_및_2023년_부산지역_신설법인_현황_조사_보고서(업로드용).pdf,
202312,업종,유통업,80,345,23.19,-8.05,-25.23,85.0,원문확인,2._2023년_12월_및_2023년_부산지역_신설법인_현황_조사_보고서(업로드용).pdf,
202312,업종,운수업,14,345,4.06,-6.67,-46.15,14.0,원문확인,2._2023년_12월_및_2023년_부산지역_신설법인_현황_조사_보고서(업로드용).pdf,
202312,업종,정보통신업,18,345,5.22,-18.18,-5.26,20.33,원문확인,2._2023년_12월_및_2023년_부산지역_신설법인_현황_조사_보고서(업로드용).pdf,
202312,업종,부동산 및 장비임대업,35,345,10.14,-35.19,-30.0,44.33,원문확인,2._2023년_12월_및_2023년_부산지역_신설법인_현황_조사_보고서(업로드용).pdf,
202312,업종,서비스업,95,345,27.54,-4.04,-7.77,96.67,원문확인,2._2023년_12월_및_2023년_부산지역_신설법인_현황_조사_보고서(업로드용).pdf,
202312,업종,기타,7,345,2.03,40.0,-12.5,5.33,원문확인,2._2023년_12월_및_2023년_부산지역_신설법인_현황_조사_보고서(업로드용).pdf,
202401,업종,제조업,77,453,17.0,8.45,71.11,68.0,원문확인,2._2024년_2월중_부산지역_신설법인_현황_조사_보고서_대외용.pdf,
202401,업종,건설업,35,453,7.73,40.0,-5.41,29.0,원문확인,2._2024년_2월중_부산지역_신설법인_현황_조사_보고서_대외용.pdf,
202401,업종,유통업,107,453,23.62,33.75,4.9,91.33,원문확인,2._2024년_2월중_부산지역_신설법인_현황_조사_보고서_대외용.pdf,
202401,업종,운수업,17,453,3.75,21.43,-10.53,15.33,원문확인,2._2024년_2월중_부산지역_신설법인_현황_조사_보고서_대외용.pdf,
202401,업종,정보통신업,24,453,5.3,33.33,20.0,21.33,원문확인,2._2024년_2월중_부산지역_신설법인_현황_조사_보고서_대외용.pdf,
202401,업종,부동산 및 장비임대업,57,453,12.58,62.86,29.55,48.67,원문확인,2._2024년_2월중_부산지역_신설법인_현황_조사_보고서_대외용.pdf,
202401,업종,서비스업,131,453,28.92,37.89,31.0,108.33,원문확인,2._2024년_2월중_부산지역_신설법인_현황_조사_보고서_대외용.pdf,
202401,업종,기타,5,453,1.1,-28.57,-28.57,5.67,원문확인,2._2024년_2월중_부산지역_신설법인_현황_조사_보고서_대외용.pdf,
202402,업종,제조업,45,327,13.76,-41.56,-10.0,64.33,원문확인,2._2024년_2월중_부산지역_신설법인_현황_조사_보고서_대외용.pdf,
202402,업종,건설업,36,327,11.01,2.86,9.09,32.0,원문확인,2._2024년_2월중_부산지역_신설법인_현황_조사_보고서_대외용.pdf,
202402,업종,유통업,65,327,19.88,-39.25,-39.81,84.0,원문확인,2._2024년_2월중_부산지역_신설법인_현황_조사_보고서_대외용.pdf,
202402,업종,운수업,7,327,2.14,-58.82,-63.16,12.67,원문확인,2._2024년_2월중_부산지역_신설법인_현황_조사_보고서_대외용.pdf,
202402,업종,정보통신업,23,327,7.03,-4.17,-4.17,21.67,원문확인,2._2024년_2월중_부산지역_신설법인_현황_조사_보고서_대외용.pdf,
202402,업종,부동산 및 장비임대업,49,327,14.98,-14.04,-28.99,47.0,원문확인,2._2024년_2월중_부산지역_신설법인_현황_조사_보고서_대외용.pdf,
202402,업종,서비스업,96,327,29.36,-26.72,2.13,107.33,원문확인,2._2024년_2월중_부산지역_신설법인_현황_조사_보고서_대외용.pdf,
202402,업종,기타,6,327,1.83,20.0,200.0,6.0,원문확인,2._2024년_2월중_부산지역_신설법인_현황_조사_보고서_대외용.pdf,
202403,업종,제조업,39,366,10.66,-13.33,-9.3,53.67,원문확인,2._2024년_4월중_부산지역_신설법인_현황_조사_보고서_대외용.pdf,
202403,업종,건설업,25,366,6.83,-30.56,-44.44,32.0,원문확인,2._2024년_4월중_부산지역_신설법인_현황_조사_보고서_대외용.pdf,
202403,업종,유통업,98,366,26.78,50.77,-5.77,90.0,원문확인,2._2024년_4월중_부산지역_신설법인_현황_조사_보고서_대외용.pdf,
202403,업종,운수업,13,366,3.55,85.71,-35.0,12.33,원문확인,2._2024년_4월중_부산지역_신설법인_현황_조사_보고서_대외용.pdf,
202403,업종,정보통신업,23,366,6.28,0.0,-11.54,23.33,원문확인,2._2024년_4월중_부산지역_신설법인_현황_조사_보고서_대외용.pdf,
202403,업종,부동산 및 장비임대업,49,366,13.39,0.0,-14.04,51.67,원문확인,2._2024년_4월중_부산지역_신설법인_현황_조사_보고서_대외용.pdf,
202403,업종,서비스업,114,366,31.15,18.75,15.15,113.67,원문확인,2._2024년_4월중_부산지역_신설법인_현황_조사_보고서_대외용.pdf,
202403,업종,기타,5,366,1.37,-16.67,-44.44,5.33,원문확인,2._2024년_4월중_부산지역_신설법인_현황_조사_보고서_대외용.pdf,
202404,업종,제조업,43,372,11.56,10.26,10.26,42.33,원문확인,2._2024년_4월중_부산지역_신설법인_현황_조사_보고서_대외용.pdf,
202404,업종,건설업,32,372,8.6,28.0,6.67,31.0,원문확인,2._2024년_4월중_부산지역_신설법인_현황_조사_보고서_대외용.pdf,
202404,업종,유통업,97,372,26.08,-1.02,11.49,86.67,원문확인,2._2024년_4월중_부산지역_신설법인_현황_조사_보고서_대외용.pdf,
202404,업종,운수업,20,372,5.38,53.85,42.86,13.33,원문확인,2._2024년_4월중_부산지역_신설법인_현황_조사_보고서_대외용.pdf,
202404,업종,정보통신업,20,372,5.38,-13.04,-25.93,22.0,원문확인,2._2024년_4월중_부산지역_신설법인_현황_조사_보고서_대외용.pdf,
202404,업종,부동산 및 장비임대업,48,372,12.9,-2.04,-22.58,48.67,원문확인,2._2024년_4월중_부산지역_신설법인_현황_조사_보고서_대외용.pdf,
202404,업종,서비스업,101,372,27.15,-11.4,-3.81,103.67,원문확인,2._2024년_4월중_부산지역_신설법인_현황_조사_보고서_대외용.pdf,
202404,업종,기타,11,372,2.96,120.0,120.0,7.33,원문확인,2._2024년_4월중_부산지역_신설법인_현황_조사_보고서_대외용.pdf,
202405,업종,제조업,55,360,15.28,27.91,10.0,45.67,원문확인,2._2024년_5월중_부산지역_신설법인_현황_조사_보고서_대외용.pdf,
202405,업종,건설업,34,360,9.44,6.25,-8.11,30.33,원문확인,2._2024년_5월중_부산지역_신설법인_현황_조사_보고서_대외용.pdf,
202405,업종,유통업,99,360,27.5,2.06,13.79,98.0,원문확인,2._2024년_5월중_부산지역_신설법인_현황_조사_보고서_대외용.pdf,
202405,업종,운수업,10,360,2.78,-50.0,-23.08,14.33,원문확인,2._2024년_5월중_부산지역_신설법인_현황_조사_보고서_대외용.pdf,
202405,업종,정보통신업,21,360,5.83,5.0,-12.5,21.33,원문확인,2._2024년_5월중_부산지역_신설법인_현황_조사_보고서_대외용.pdf,
202405,업종,부동산 및 장비임대업,39,360,10.83,-18.75,-25.0,45.33,원문확인,2._2024년_5월중_부산지역_신설법인_현황_조사_보고서_대외용.pdf,
202405,업종,서비스업,91,360,25.28,-9.9,-15.74,102.0,원문확인,2._2024년_5월중_부산지역_신설법인_현황_조사_보고서_대외용.pdf,
202405,업종,기타,11,360,3.06,0.0,0.0,9.0,원문확인,2._2024년_5월중_부산지역_신설법인_현황_조사_보고서_대외용.pdf,
202406,업종,제조업,64,317,20.19,16.36,36.17,54.0,원문확인,2._2024년_7월중_부산지역_신설법인_현황_조사_보고서_대외용.pdf,
202406,업종,건설업,18,317,5.68,-47.06,-47.06,28.0,원문확인,2._2024년_7월중_부산지역_신설법인_현황_조사_보고서_대외용.pdf,
202406,업종,유통업,85,317,26.81,-14.14,8.97,93.67,원문확인,2._2024년_7월중_부산지역_신설법인_현황_조사_보고서_대외용.pdf,
202406,업종,운수업,20,317,6.31,100.0,33.33,16.67,원문확인,2._2024년_7월중_부산지역_신설법인_현황_조사_보고서_대외용.pdf,
202406,업종,정보통신업,12,317,3.79,-42.86,-42.86,17.67,원문확인,2._2024년_7월중_부산지역_신설법인_현황_조사_보고서_대외용.pdf,
202406,업종,부동산 및 장비임대업,41,317,12.93,5.13,-29.31,42.67,원문확인,2._2024년_7월중_부산지역_신설법인_현황_조사_보고서_대외용.pdf,
202406,업종,서비스업,72,317,22.71,-20.88,-40.98,88.0,원문확인,2._2024년_7월중_부산지역_신설법인_현황_조사_보고서_대외용.pdf,
202406,업종,기타,5,317,1.58,-54.55,-37.5,9.0,원문확인,2._2024년_7월중_부산지역_신설법인_현황_조사_보고서_대외용.pdf,
202407,업종,제조업,66,397,16.62,3.12,22.22,61.67,원문확인,2._2024년_7월중_부산지역_신설법인_현황_조사_보고서_대외용.pdf,
202407,업종,건설업,34,397,8.56,88.89,-17.07,28.67,원문확인,2._2024년_7월중_부산지역_신설법인_현황_조사_보고서_대외용.pdf,
202407,업종,유통업,101,397,25.44,18.82,5.21,95.0,원문확인,2._2024년_7월중_부산지역_신설법인_현황_조사_보고서_대외용.pdf,
202407,업종,운수업,12,397,3.02,-40.0,-25.0,14.0,원문확인,2._2024년_7월중_부산지역_신설법인_현황_조사_보고서_대외용.pdf,
202407,업종,정보통신업,29,397,7.3,141.67,45.0,20.67,원문확인,2._2024년_7월중_부산지역_신설법인_현황_조사_보고서_대외용.pdf,
202407,업종,부동산 및 장비임대업,46,397,11.59,12.2,-31.34,42.0,원문확인,2._2024년_7월중_부산지역_신설법인_현황_조사_보고서_대외용.pdf,
202407,업종,서비스업,103,397,25.94,43.06,-10.43,88.67,원문확인,2._2024년_7월중_부산지역_신설법인_현황_조사_보고서_대외용.pdf,
202407,업종,기타,6,397,1.51,20.0,50.0,7.33,원문확인,2._2024년_7월중_부산지역_신설법인_현황_조사_보고서_대외용.pdf,
202408,업종,제조업,42,310,13.55,-36.36,-23.64,57.33,원문확인,2._2024년_8월중_부산지역_신설법인_현황_조사_보고서_대외용.pdf,
202408,업종,건설업,29,310,9.35,-14.71,-9.38,27.0,원문확인,2._2024년_8월중_부산지역_신설법인_현황_조사_보고서_대외용.pdf,
202408,업종,유통업,87,310,28.06,-13.86,7.41,91.0,원문확인,2._2024년_8월중_부산지역_신설법인_현황_조사_보고서_대외용.pdf,
202408,업종,운수업,10,310,3.23,-16.67,42.86,14.0,원문확인,2._2024년_8월중_부산지역_신설법인_현황_조사_보고서_대외용.pdf,
202408,업종,정보통신업,16,310,5.16,-44.83,-15.79,19.0,원문확인,2._2024년_8월중_부산지역_신설법인_현황_조사_보고서_대외용.pdf,
202408,업종,부동산 및 장비임대업,38,310,12.26,-17.39,-33.33,41.67,원문확인,2._2024년_8월중_부산지역_신설법인_현황_조사_보고서_대외용.pdf,
202408,업종,서비스업,82,310,26.45,-20.39,-16.33,85.67,원문확인,2._2024년_8월중_부산지역_신설법인_현황_조사_보고서_대외용.pdf,
202408,업종,기타,6,310,1.94,0.0,0.0,5.67,원문확인,2._2024년_8월중_부산지역_신설법인_현황_조사_보고서_대외용.pdf,
202409,업종,제조업,47,289,16.26,11.9,-26.56,51.67,원문확인,2._2024년_9월중_부산지역_신설법인_현황_조사_보고서_대외용.pdf,
202409,업종,건설업,20,289,6.92,-31.03,-31.03,27.67,원문확인,2._2024년_9월중_부산지역_신설법인_현황_조사_보고서_대외용.pdf,
202409,업종,유통업,79,289,27.34,-9.2,1.28,89.0,원문확인,2._2024년_9월중_부산지역_신설법인_현황_조사_보고서_대외용.pdf,
202409,업종,운수업,10,289,3.46,0.0,-23.08,10.67,원문확인,2._2024년_9월중_부산지역_신설법인_현황_조사_보고서_대외용.pdf,
202409,업종,정보통신업,16,289,5.54,0.0,-5.88,20.33,원문확인,2._2024년_9월중_부산지역_신설법인_현황_조사_보고서_대외용.pdf,
202409,업종,부동산 및 장비임대업,36,289,12.46,-5.26,-40.98,40.0,원문확인,2._2024년_9월중_부산지역_신설법인_현황_조사_보고서_대외용.pdf,
202409,업종,서비스업,72,289,24.91,-12.2,-28.0,85.67,원문확인,2._2024년_9월중_부산지역_신설법인_현황_조사_보고서_대외용.pdf,
202409,업종,기타,9,289,3.11,50.0,50.0,7.0,원문확인,2._2024년_9월중_부산지역_신설법인_현황_조사_보고서_대외용.pdf,
202410,업종,제조업,51,371,13.75,8.51,10.87,46.67,원문확인,2._2024년_10월중_부산지역_신설법인_현황_조사_보고서_대외용.pdf,
202410,업종,건설업,25,371,6.74,25.0,-7.41,24.67,원문확인,2._2024년_10월중_부산지역_신설법인_현황_조사_보고서_대외용.pdf,
202410,업종,유통업,110,371,29.65,39.24,25.0,92.0,원문확인,2._2024년_10월중_부산지역_신설법인_현황_조사_보고서_대외용.pdf,
202410,업종,운수업,15,371,4.04,50.0,15.38,11.67,원문확인,2._2024년_10월중_부산지역_신설법인_현황_조사_보고서_대외용.pdf,
202410,업종,정보통신업,23,371,6.2,43.75,9.52,18.33,원문확인,2._2024년_10월중_부산지역_신설법인_현황_조사_보고서_대외용.pdf,
202410,업종,부동산 및 장비임대업,59,371,15.9,63.89,34.09,44.33,원문확인,2._2024년_10월중_부산지역_신설법인_현황_조사_보고서_대외용.pdf,
202410,업종,서비스업,82,371,22.1,13.89,-14.58,78.67,원문확인,2._2024년_10월중_부산지역_신설법인_현황_조사_보고서_대외용.pdf,
202410,업종,기타,6,371,1.62,-33.33,50.0,7.0,원문확인,2._2024년_10월중_부산지역_신설법인_현황_조사_보고서_대외용.pdf,
202411,업종,제조업,65,369,17.62,27.45,16.07,54.33,원문확인,2._2024년_11월중_부산지역_신설법인_현황_조사_보고서_대외용.pdf,
202411,업종,건설업,36,369,9.76,44.0,33.33,27.0,원문확인,2._2024년_11월중_부산지역_신설법인_현황_조사_보고서_대외용.pdf,
202411,업종,유통업,94,369,25.47,-14.55,8.05,94.33,원문확인,2._2024년_11월중_부산지역_신설법인_현황_조사_보고서_대외용.pdf,
202411,업종,운수업,16,369,4.34,6.67,6.67,13.67,원문확인,2._2024년_11월중_부산지역_신설법인_현황_조사_보고서_대외용.pdf,
202411,업종,정보통신업,20,369,5.42,-13.04,-9.09,19.67,원문확인,2._2024년_11월중_부산지역_신설법인_현황_조사_보고서_대외용.pdf,
202411,업종,부동산 및 장비임대업,40,369,10.84,-32.2,-25.93,45.0,원문확인,2._2024년_11월중_부산지역_신설법인_현황_조사_보고서_대외용.pdf,
202411,업종,서비스업,90,369,24.39,9.76,-9.09,81.33,원문확인,2._2024년_11월중_부산지역_신설법인_현황_조사_보고서_대외용.pdf,
202411,업종,기타,8,369,2.17,33.33,60.0,7.67,원문확인,2._2024년_11월중_부산지역_신설법인_현황_조사_보고서_대외용.pdf,
202412,업종,제조업,61,364,16.76,-6.15,-14.08,59.0,원문확인,2._2024년_12월_및_2024년도_부산지역_신설법인_현황_조사_보고서.pdf,
202412,업종,건설업,24,364,6.59,-33.33,-4.0,28.33,원문확인,2._2024년_12월_및_2024년도_부산지역_신설법인_현황_조사_보고서.pdf,
202412,업종,유통업,93,364,25.55,-1.06,16.25,99.0,원문확인,2._2024년_12월_및_2024년도_부산지역_신설법인_현황_조사_보고서.pdf,
202412,업종,운수업,25,364,6.87,56.25,78.57,18.67,원문확인,2._2024년_12월_및_2024년도_부산지역_신설법인_현황_조사_보고서.pdf,
202412,업종,정보통신업,17,364,4.67,-15.0,-5.56,20.0,원문확인,2._2024년_12월_및_2024년도_부산지역_신설법인_현황_조사_보고서.pdf,
202412,업종,부동산 및 장비임대업,35,364,9.62,-12.5,0.0,44.67,원문확인,2._2024년_12월_및_2024년도_부산지역_신설법인_현황_조사_보고서.pdf,
202412,업종,서비스업,105,364,28.85,16.67,10.53,92.33,원문확인,2._2024년_12월_및_2024년도_부산지역_신설법인_현황_조사_보고서.pdf,
202412,업종,기타,4,364,1.1,-50.0,-42.86,6.0,원문확인,2._2024년_12월_및_2024년도_부산지역_신설법인_현황_조사_보고서.pdf,
202501,업종,제조업,55,354,15.54,-9.84,-28.57,60.33,원문확인,2._2025년_1월중_부산지역_신설법인_현황_조사_보고서.pdf,
202501,업종,건설업,24,354,6.78,0.0,-31.43,28.0,원문확인,2._2025년_1월중_부산지역_신설법인_현황_조사_보고서.pdf,
202501,업종,유통업,114,354,32.2,22.58,6.54,100.33,원문확인,2._2025년_1월중_부산지역_신설법인_현황_조사_보고서.pdf,
202501,업종,운수업,16,354,4.52,-36.0,-5.88,19.0,원문확인,2._2025년_1월중_부산지역_신설법인_현황_조사_보고서.pdf,
202501,업종,정보통신업,23,354,6.5,35.29,-4.17,20.0,원문확인,2._2025년_1월중_부산지역_신설법인_현황_조사_보고서.pdf,
202501,업종,부동산 및 장비임대업,28,354,7.91,-20.0,-50.88,34.33,원문확인,2._2025년_1월중_부산지역_신설법인_현황_조사_보고서.pdf,
202501,업종,서비스업,91,354,25.71,-13.33,-30.53,95.33,원문확인,2._2025년_1월중_부산지역_신설법인_현황_조사_보고서.pdf,
202501,업종,기타,3,354,0.85,-25.0,-40.0,5.0,원문확인,2._2025년_1월중_부산지역_신설법인_현황_조사_보고서.pdf,
202502,업종,제조업,66,371,17.79,20.0,46.67,60.67,원문확인,2._2025년_2월중_부산지역_신설법인_현황_조사_보고서.pdf,
202502,업종,건설업,33,371,8.89,37.5,-8.33,27.0,원문확인,2._2025년_2월중_부산지역_신설법인_현황_조사_보고서.pdf,
202502,업종,유통업,96,371,25.88,-15.79,47.69,101.0,원문확인,2._2025년_2월중_부산지역_신설법인_현황_조사_보고서.pdf,
202502,업종,운수업,13,371,3.5,-18.75,85.71,18.0,원문확인,2._2025년_2월중_부산지역_신설법인_현황_조사_보고서.pdf,
202502,업종,정보통신업,20,371,5.39,-13.04,-13.04,20.0,원문확인,2._2025년_2월중_부산지역_신설법인_현황_조사_보고서.pdf,
202502,업종,부동산 및 장비임대업,33,371,8.89,17.86,-32.65,32.0,원문확인,2._2025년_2월중_부산지역_신설법인_현황_조사_보고서.pdf,
202502,업종,서비스업,98,371,26.42,7.69,2.08,98.0,원문확인,2._2025년_2월중_부산지역_신설법인_현황_조사_보고서.pdf,
202502,업종,기타,12,371,3.23,300.0,100.0,6.33,원문확인,2._2025년_2월중_부산지역_신설법인_현황_조사_보고서.pdf,
202503,업종,제조업,38,328,11.59,-42.42,-2.56,53.0,원문확인,2._2025년_3월중_부산지역_신설법인_현황_조사_보고서.pdf,
202503,업종,건설업,30,328,9.15,-9.09,20.0,29.0,원문확인,2._2025년_3월중_부산지역_신설법인_현황_조사_보고서.pdf,
202503,업종,유통업,119,328,36.28,23.96,21.43,109.67,원문확인,2._2025년_3월중_부산지역_신설법인_현황_조사_보고서.pdf,
202503,업종,운수업,11,328,3.35,-15.38,-15.38,13.33,원문확인,2._2025년_3월중_부산지역_신설법인_현황_조사_보고서.pdf,
202503,업종,정보통신업,15,328,4.57,-25.0,-34.78,19.33,원문확인,2._2025년_3월중_부산지역_신설법인_현황_조사_보고서.pdf,
202503,업종,부동산 및 장비임대업,37,328,11.28,12.12,-24.49,32.67,원문확인,2._2025년_3월중_부산지역_신설법인_현황_조사_보고서.pdf,
202503,업종,서비스업,75,328,22.87,-23.47,-34.21,88.0,원문확인,2._2025년_3월중_부산지역_신설법인_현황_조사_보고서.pdf,
202503,업종,기타,3,328,0.91,-75.0,-40.0,6.0,원문확인,2._2025년_3월중_부산지역_신설법인_현황_조사_보고서.pdf,
202504,업종,제조업,47,335,14.03,23.68,9.3,50.33,원문확인,2._2025년_4월중_부산지역_신설법인_현황_조사_보고서.pdf,
202504,업종,건설업,30,335,8.96,0.0,-6.25,31.0,원문확인,2._2025년_4월중_부산지역_신설법인_현황_조사_보고서.pdf,
202504,업종,유통업,76,335,22.69,-36.13,-21.65,97.0,원문확인,2._2025년_4월중_부산지역_신설법인_현황_조사_보고서.pdf,
202504,업종,운수업,13,335,3.88,18.18,-35.0,12.33,원문확인,2._2025년_4월중_부산지역_신설법인_현황_조사_보고서.pdf,
202504,업종,정보통신업,34,335,10.15,126.67,70.0,23.0,원문확인,2._2025년_4월중_부산지역_신설법인_현황_조사_보고서.pdf,
202504,업종,부동산 및 장비임대업,34,335,10.15,-8.11,-29.17,34.67,원문확인,2._2025년_4월중_부산지역_신설법인_현황_조사_보고서.pdf,
202504,업종,서비스업,96,335,28.66,28.0,-4.95,89.67,원문확인,2._2025년_4월중_부산지역_신설법인_현황_조사_보고서.pdf,
202504,업종,기타,5,335,1.49,66.67,-54.55,6.67,원문확인,2._2025년_4월중_부산지역_신설법인_현황_조사_보고서.pdf,
202505,업종,제조업,51,367,13.9,8.51,-7.27,45.33,원문확인,2._2025년_5월중_부산지역_신설법인_현황_조사_보고서.pdf,
202505,업종,건설업,24,367,6.54,-20.0,-29.41,28.0,원문확인,2._2025년_5월중_부산지역_신설법인_현황_조사_보고서.pdf,
202505,업종,유통업,118,367,32.15,55.26,19.19,104.33,원문확인,2._2025년_5월중_부산지역_신설법인_현황_조사_보고서.pdf,
202505,업종,운수업,15,367,4.09,15.38,50.0,13.0,원문확인,2._2025년_5월중_부산지역_신설법인_현황_조사_보고서.pdf,
202505,업종,정보통신업,28,367,7.63,-17.65,33.33,25.67,원문확인,2._2025년_5월중_부산지역_신설법인_현황_조사_보고서.pdf,
202505,업종,부동산 및 장비임대업,27,367,7.36,-20.59,-30.77,32.67,원문확인,2._2025년_5월중_부산지역_신설법인_현황_조사_보고서.pdf,
202505,업종,서비스업,100,367,27.25,4.17,9.89,90.33,원문확인,2._2025년_5월중_부산지역_신설법인_현황_조사_보고서.pdf,
202505,업종,기타,4,367,1.09,-20.0,-63.64,4.0,원문확인,2._2025년_5월중_부산지역_신설법인_현황_조사_보고서.pdf,
202506,업종,제조업,36,367,9.81,-29.41,-43.75,44.67,원문확인,2._2025년_상반기_및_6월_부산지역_신설법인_현황_조사_보고서.pdf,
202506,업종,건설업,22,367,5.99,-8.33,22.22,25.33,원문확인,2._2025년_상반기_및_6월_부산지역_신설법인_현황_조사_보고서.pdf,
202506,업종,유통업,125,367,34.06,5.93,47.06,106.33,원문확인,2._2025년_상반기_및_6월_부산지역_신설법인_현황_조사_보고서.pdf,
202506,업종,운수업,15,367,4.09,0.0,-25.0,14.33,원문확인,2._2025년_상반기_및_6월_부산지역_신설법인_현황_조사_보고서.pdf,
202506,업종,정보통신업,20,367,5.45,-28.57,66.67,27.33,원문확인,2._2025년_상반기_및_6월_부산지역_신설법인_현황_조사_보고서.pdf,
202506,업종,부동산 및 장비임대업,54,367,14.71,100.0,31.71,38.33,원문확인,2._2025년_상반기_및_6월_부산지역_신설법인_현황_조사_보고서.pdf,
202506,업종,서비스업,86,367,23.43,-14.0,19.44,94.0,원문확인,2._2025년_상반기_및_6월_부산지역_신설법인_현황_조사_보고서.pdf,
202506,업종,기타,9,367,2.45,125.0,80.0,6.0,원문확인,2._2025년_상반기_및_6월_부산지역_신설법인_현황_조사_보고서.pdf,
202507,업종,제조업,69,453,15.23,91.67,4.55,52.0,원문확인,2._2025년_7월중_부산지역_신설법인_현황_조사_보고서.pdf,
202507,업종,건설업,30,453,6.62,36.36,-11.76,25.33,원문확인,2._2025년_7월중_부산지역_신설법인_현황_조사_보고서.pdf,
202507,업종,유통업,127,453,28.04,1.6,25.74,123.33,원문확인,2._2025년_7월중_부산지역_신설법인_현황_조사_보고서.pdf,
202507,업종,운수업,23,453,5.08,53.33,91.67,17.67,원문확인,2._2025년_7월중_부산지역_신설법인_현황_조사_보고서.pdf,
202507,업종,정보통신업,30,453,6.62,50.0,3.45,26.0,원문확인,2._2025년_7월중_부산지역_신설법인_현황_조사_보고서.pdf,
202507,업종,부동산 및 장비임대업,50,453,11.04,-7.41,8.7,43.67,원문확인,2._2025년_7월중_부산지역_신설법인_현황_조사_보고서.pdf,
202507,업종,서비스업,118,453,26.05,37.21,14.56,101.33,원문확인,2._2025년_7월중_부산지역_신설법인_현황_조사_보고서.pdf,
202507,업종,기타,6,453,1.32,-33.33,0.0,6.33,원문확인,2._2025년_7월중_부산지역_신설법인_현황_조사_보고서.pdf,
202508,업종,제조업,57,363,15.7,-17.39,35.71,54.0,원문확인,2._2025년_8월중_부산지역_신설법인_현황_조사_보고서.pdf,
202508,업종,건설업,18,363,4.96,-40.0,-37.93,23.33,원문확인,2._2025년_8월중_부산지역_신설법인_현황_조사_보고서.pdf,
202508,업종,유통업,114,363,31.4,-10.24,31.03,122.0,원문확인,2._2025년_8월중_부산지역_신설법인_현황_조사_보고서.pdf,
202508,업종,운수업,10,363,2.75,-56.52,0.0,16.0,원문확인,2._2025년_8월중_부산지역_신설법인_현황_조사_보고서.pdf,
202508,업종,정보통신업,22,363,6.06,-26.67,37.5,24.0,원문확인,2._2025년_8월중_부산지역_신설법인_현황_조사_보고서.pdf,
202508,업종,부동산 및 장비임대업,42,363,11.57,-16.0,10.53,48.67,원문확인,2._2025년_8월중_부산지역_신설법인_현황_조사_보고서.pdf,
202508,업종,서비스업,91,363,25.07,-22.88,10.98,98.33,원문확인,2._2025년_8월중_부산지역_신설법인_현황_조사_보고서.pdf,
202508,업종,기타,9,363,2.48,50.0,50.0,8.0,원문확인,2._2025년_8월중_부산지역_신설법인_현황_조사_보고서.pdf,
202509,업종,제조업,57,392,14.54,0.0,21.28,61.0,원문확인,2._2025년_9월중_부산지역_신설법인_현황_조사_보고서.pdf,
202509,업종,건설업,28,392,7.14,55.56,40.0,25.33,원문확인,2._2025년_9월중_부산지역_신설법인_현황_조사_보고서.pdf,
202509,업종,유통업,117,392,29.85,2.63,48.1,119.33,원문확인,2._2025년_9월중_부산지역_신설법인_현황_조사_보고서.pdf,
202509,업종,운수업,13,392,3.32,30.0,30.0,15.33,원문확인,2._2025년_9월중_부산지역_신설법인_현황_조사_보고서.pdf,
202509,업종,정보통신업,18,392,4.59,-18.18,12.5,23.33,원문확인,2._2025년_9월중_부산지역_신설법인_현황_조사_보고서.pdf,
202509,업종,부동산 및 장비임대업,35,392,8.93,-16.67,-2.78,42.33,원문확인,2._2025년_9월중_부산지역_신설법인_현황_조사_보고서.pdf,
202509,업종,서비스업,110,392,28.06,20.88,52.78,106.33,원문확인,2._2025년_9월중_부산지역_신설법인_현황_조사_보고서.pdf,
202509,업종,기타,14,392,3.57,55.56,55.56,9.67,원문확인,2._2025년_9월중_부산지역_신설법인_현황_조사_보고서.pdf,
202510,업종,제조업,42,315,13.33,-26.32,-17.65,52.0,원문확인,2._2025년_10월중_부산지역_신설법인_현황_조사_보고서.pdf,
202510,업종,건설업,25,315,7.94,-10.71,0.0,23.67,원문확인,2._2025년_10월중_부산지역_신설법인_현황_조사_보고서.pdf,
202510,업종,유통업,91,315,28.89,-22.22,-17.27,107.33,원문확인,2._2025년_10월중_부산지역_신설법인_현황_조사_보고서.pdf,
202510,업종,운수업,12,315,3.81,-7.69,-20.0,11.67,원문확인,2._2025년_10월중_부산지역_신설법인_현황_조사_보고서.pdf,
202510,업종,정보통신업,16,315,5.08,-11.11,-30.43,18.67,원문확인,2._2025년_10월중_부산지역_신설법인_현황_조사_보고서.pdf,
202510,업종,부동산 및 장비임대업,26,315,8.25,-25.71,-55.93,34.33,원문확인,2._2025년_10월중_부산지역_신설법인_현황_조사_보고서.pdf,
202510,업종,서비스업,94,315,29.84,-14.55,14.63,98.33,원문확인,2._2025년_10월중_부산지역_신설법인_현황_조사_보고서.pdf,
202510,업종,기타,9,315,2.86,-35.71,50.0,10.67,원문확인,2._2025년_10월중_부산지역_신설법인_현황_조사_보고서.pdf,
202511,업종,제조업,59,346,17.05,40.48,-9.23,52.67,원문확인,2._2025년_11월중_부산지역_신설법인_현황_조사_보고서_F.pdf,
202511,업종,건설업,21,346,6.07,-16.0,-41.67,24.67,원문확인,2._2025년_11월중_부산지역_신설법인_현황_조사_보고서_F.pdf,
202511,업종,유통업,102,346,29.48,12.09,8.51,103.33,원문확인,2._2025년_11월중_부산지역_신설법인_현황_조사_보고서_F.pdf,
202511,업종,운수업,15,346,4.34,25.0,-6.25,13.33,원문확인,2._2025년_11월중_부산지역_신설법인_현황_조사_보고서_F.pdf,
202511,업종,정보통신업,26,346,7.51,62.5,30.0,20.0,원문확인,2._2025년_11월중_부산지역_신설법인_현황_조사_보고서_F.pdf,
202511,업종,부동산 및 장비임대업,41,346,11.85,57.69,2.5,34.0,원문확인,2._2025년_11월중_부산지역_신설법인_현황_조사_보고서_F.pdf,
202511,업종,서비스업,75,346,21.68,-20.21,-16.67,93.0,원문확인,2._2025년_11월중_부산지역_신설법인_현황_조사_보고서_F.pdf,
202511,업종,기타,7,346,2.02,-22.22,-12.5,10.0,원문확인,2._2025년_11월중_부산지역_신설법인_현황_조사_보고서_F.pdf,
202512,업종,제조업,62,392,15.82,5.08,1.64,54.33,원문확인,2._2025년도_부산지역_신설법인_현황_조사_보고서.pdf,
202512,업종,건설업,19,392,4.85,-9.52,-20.83,21.67,원문확인,2._2025년도_부산지역_신설법인_현황_조사_보고서.pdf,
202512,업종,유통업,102,392,26.02,0.0,9.68,98.33,원문확인,2._2025년도_부산지역_신설법인_현황_조사_보고서.pdf,
202512,업종,운수업,18,392,4.59,20.0,-28.0,15.0,원문확인,2._2025년도_부산지역_신설법인_현황_조사_보고서.pdf,
202512,업종,정보통신업,31,392,7.91,19.23,82.35,24.33,원문확인,2._2025년도_부산지역_신설법인_현황_조사_보고서.pdf,
202512,업종,부동산 및 장비임대업,47,392,11.99,14.63,34.29,38.0,원문확인,2._2025년도_부산지역_신설법인_현황_조사_보고서.pdf,
202512,업종,서비스업,109,392,27.81,45.33,3.81,92.67,원문확인,2._2025년도_부산지역_신설법인_현황_조사_보고서.pdf,
202512,업종,기타,4,392,1.02,-42.86,0.0,6.67,원문확인,2._2025년도_부산지역_신설법인_현황_조사_보고서.pdf,
202601,업종,제조업,73,452,16.15,17.74,32.73,64.67,원문확인,2._2026년_1월중_부산지역_신설법인_현황_조사_보고서.pdf,
202601,업종,건설업,41,452,9.07,115.79,70.83,27.0,원문확인,2._2026년_1월중_부산지역_신설법인_현황_조사_보고서.pdf,
202601,업종,유통업,114,452,25.22,11.76,0.0,106.0,원문확인,2._2026년_1월중_부산지역_신설법인_현황_조사_보고서.pdf,
202601,업종,운수업,19,452,4.2,5.56,18.75,17.33,원문확인,2._2026년_1월중_부산지역_신설법인_현황_조사_보고서.pdf,
202601,업종,정보통신업,40,452,8.85,29.03,73.91,32.33,원문확인,2._2026년_1월중_부산지역_신설법인_현황_조사_보고서.pdf,
202601,업종,부동산 및 장비임대업,44,452,9.73,-6.38,57.14,44.0,원문확인,2._2026년_1월중_부산지역_신설법인_현황_조사_보고서.pdf,
202601,업종,서비스업,112,452,24.78,2.75,23.08,98.67,원문확인,2._2026년_1월중_부산지역_신설법인_현황_조사_보고서.pdf,
202601,업종,기타,9,452,1.99,125.0,200.0,6.67,원문확인,2._2026년_1월중_부산지역_신설법인_현황_조사_보고서.pdf,
202401,행정구,강서구,69,453,15.23,,,,원문그래프직접,2._2024년_1월중_부산지역_신설법인_현황_조사_보고서_대외용.pdf,
202401,행정구,해운대구,66,453,14.57,,,,원문그래프직접,2._2024년_1월중_부산지역_신설법인_현황_조사_보고서_대외용.pdf,
202401,행정구,부산진구,42,453,9.27,,,,원문그래프직접,2._2024년_1월중_부산지역_신설법인_현황_조사_보고서_대외용.pdf,
202401,행정구,기장군,35,453,7.73,,,,원문그래프직접,2._2024년_1월중_부산지역_신설법인_현황_조사_보고서_대외용.pdf,
202401,행정구,남구,28,453,6.18,,,,원문그래프직접,2._2024년_1월중_부산지역_신설법인_현황_조사_보고서_대외용.pdf,
202401,행정구,동래구,28,453,6.18,,,,원문그래프직접,2._2024년_1월중_부산지역_신설법인_현황_조사_보고서_대외용.pdf,
202401,행정구,수영구,28,453,6.18,,,,원문그래프직접,2._2024년_1월중_부산지역_신설법인_현황_조사_보고서_대외용.pdf,
202401,행정구,연제구,24,453,5.3,,,,원문그래프직접,2._2024년_1월중_부산지역_신설법인_현황_조사_보고서_대외용.pdf,
202401,행정구,사상구,23,453,5.08,,,,원문그래프직접,2._2024년_1월중_부산지역_신설법인_현황_조사_보고서_대외용.pdf,
202401,행정구,금정구,22,453,4.86,,,,원문그래프직접,2._2024년_1월중_부산지역_신설법인_현황_조사_보고서_대외용.pdf,
202401,행정구,동구,22,453,4.86,,,,원문그래프직접,2._2024년_1월중_부산지역_신설법인_현황_조사_보고서_대외용.pdf,
202401,행정구,사하구,20,453,4.42,,,,원문그래프직접,2._2024년_1월중_부산지역_신설법인_현황_조사_보고서_대외용.pdf,
202401,행정구,북구,15,453,3.31,,,,원문그래프직접,2._2024년_1월중_부산지역_신설법인_현황_조사_보고서_대외용.pdf,
202401,행정구,중구,15,453,3.31,,,,원문그래프직접,2._2024년_1월중_부산지역_신설법인_현황_조사_보고서_대외용.pdf,
202401,행정구,서구,10,453,2.21,,,,원문그래프직접,2._2024년_1월중_부산지역_신설법인_현황_조사_보고서_대외용.pdf,
202401,행정구,영도구,6,453,1.32,,,,원문그래프직접,2._2024년_1월중_부산지역_신설법인_현황_조사_보고서_대외용.pdf,
202402,행정구,강서구,45,327,13.76,-34.78,,,비중역산_합계검증,2._2024년_2월중_부산지역_신설법인_현황_조사_보고서_대외용.pdf,원문에 기재된 구군 비중을 월총계에 역산해 정수 개체수로 복원했으며 16개 구군 합계가 월총계와 일치함.
202402,행정구,해운대구,57,327,17.43,-13.64,,,비중역산_합계검증,2._2024년_2월중_부산지역_신설법인_현황_조사_보고서_대외용.pdf,원문에 기재된 구군 비중을 월총계에 역산해 정수 개체수로 복원했으며 16개 구군 합계가 월총계와 일치함.
202402,행정구,부산진구,29,327,8.87,-30.95,,,비중역산_합계검증,2._2024년_2월중_부산지역_신설법인_현황_조사_보고서_대외용.pdf,원문에 기재된 구군 비중을 월총계에 역산해 정수 개체수로 복원했으며 16개 구군 합계가 월총계와 일치함.
202402,행정구,기장군,21,327,6.42,-40.0,,,비중역산_합계검증,2._2024년_2월중_부산지역_신설법인_현황_조사_보고서_대외용.pdf,원문에 기재된 구군 비중을 월총계에 역산해 정수 개체수로 복원했으며 16개 구군 합계가 월총계와 일치함.
202402,행정구,남구,21,327,6.42,-25.0,,,비중역산_합계검증,2._2024년_2월중_부산지역_신설법인_현황_조사_보고서_대외용.pdf,원문에 기재된 구군 비중을 월총계에 역산해 정수 개체수로 복원했으며 16개 구군 합계가 월총계와 일치함.
202402,행정구,동래구,18,327,5.5,-35.71,,,비중역산_합계검증,2._2024년_2월중_부산지역_신설법인_현황_조사_보고서_대외용.pdf,원문에 기재된 구군 비중을 월총계에 역산해 정수 개체수로 복원했으며 16개 구군 합계가 월총계와 일치함.
202402,행정구,수영구,15,327,4.59,-46.43,,,비중역산_합계검증,2._2024년_2월중_부산지역_신설법인_현황_조사_보고서_대외용.pdf,원문에 기재된 구군 비중을 월총계에 역산해 정수 개체수로 복원했으며 16개 구군 합계가 월총계와 일치함.
202402,행정구,연제구,25,327,7.65,4.17,,,비중역산_합계검증,2._2024년_2월중_부산지역_신설법인_현황_조사_보고서_대외용.pdf,원문에 기재된 구군 비중을 월총계에 역산해 정수 개체수로 복원했으며 16개 구군 합계가 월총계와 일치함.
202402,행정구,사상구,14,327,4.28,-39.13,,,비중역산_합계검증,2._2024년_2월중_부산지역_신설법인_현황_조사_보고서_대외용.pdf,원문에 기재된 구군 비중을 월총계에 역산해 정수 개체수로 복원했으며 16개 구군 합계가 월총계와 일치함.
202402,행정구,금정구,18,327,5.5,-18.18,,,비중역산_합계검증,2._2024년_2월중_부산지역_신설법인_현황_조사_보고서_대외용.pdf,원문에 기재된 구군 비중을 월총계에 역산해 정수 개체수로 복원했으며 16개 구군 합계가 월총계와 일치함.
202402,행정구,동구,17,327,5.2,-22.73,,,비중역산_합계검증,2._2024년_2월중_부산지역_신설법인_현황_조사_보고서_대외용.pdf,원문에 기재된 구군 비중을 월총계에 역산해 정수 개체수로 복원했으며 16개 구군 합계가 월총계와 일치함.
202402,행정구,사하구,17,327,5.2,-15.0,,,비중역산_합계검증,2._2024년_2월중_부산지역_신설법인_현황_조사_보고서_대외용.pdf,원문에 기재된 구군 비중을 월총계에 역산해 정수 개체수로 복원했으며 16개 구군 합계가 월총계와 일치함.
202402,행정구,북구,11,327,3.36,-26.67,,,비중역산_합계검증,2._2024년_2월중_부산지역_신설법인_현황_조사_보고서_대외용.pdf,원문에 기재된 구군 비중을 월총계에 역산해 정수 개체수로 복원했으며 16개 구군 합계가 월총계와 일치함.
202402,행정구,중구,8,327,2.45,-46.67,,,비중역산_합계검증,2._2024년_2월중_부산지역_신설법인_현황_조사_보고서_대외용.pdf,원문에 기재된 구군 비중을 월총계에 역산해 정수 개체수로 복원했으며 16개 구군 합계가 월총계와 일치함.
202402,행정구,서구,4,327,1.22,-60.0,,,비중역산_합계검증,2._2024년_2월중_부산지역_신설법인_현황_조사_보고서_대외용.pdf,원문에 기재된 구군 비중을 월총계에 역산해 정수 개체수로 복원했으며 16개 구군 합계가 월총계와 일치함.
202402,행정구,영도구,7,327,2.14,16.67,,,비중역산_합계검증,2._2024년_2월중_부산지역_신설법인_현황_조사_보고서_대외용.pdf,원문에 기재된 구군 비중을 월총계에 역산해 정수 개체수로 복원했으며 16개 구군 합계가 월총계와 일치함.
202403,행정구,강서구,39,366,10.66,-13.33,,51.0,원문그래프직접,2._2024년_3월중_부산지역_신설법인_현황_조사_보고서_대외용.pdf,
202403,행정구,해운대구,75,366,20.49,31.58,,66.0,원문그래프직접,2._2024년_3월중_부산지역_신설법인_현황_조사_보고서_대외용.pdf,
202403,행정구,부산진구,39,366,10.66,34.48,,36.67,원문그래프직접,2._2024년_3월중_부산지역_신설법인_현황_조사_보고서_대외용.pdf,
202403,행정구,기장군,15,366,4.1,-28.57,,23.67,원문그래프직접,2._2024년_3월중_부산지역_신설법인_현황_조사_보고서_대외용.pdf,
202403,행정구,남구,24,366,6.56,14.29,,24.33,원문그래프직접,2._2024년_3월중_부산지역_신설법인_현황_조사_보고서_대외용.pdf,
202403,행정구,동래구,26,366,7.1,44.44,,24.0,원문그래프직접,2._2024년_3월중_부산지역_신설법인_현황_조사_보고서_대외용.pdf,
202403,행정구,수영구,14,366,3.83,-6.67,,19.0,원문그래프직접,2._2024년_3월중_부산지역_신설법인_현황_조사_보고서_대외용.pdf,
202403,행정구,연제구,19,366,5.19,-24.0,,22.67,원문그래프직접,2._2024년_3월중_부산지역_신설법인_현황_조사_보고서_대외용.pdf,
202403,행정구,사상구,16,366,4.37,14.29,,17.67,원문그래프직접,2._2024년_3월중_부산지역_신설법인_현황_조사_보고서_대외용.pdf,
202403,행정구,금정구,14,366,3.83,-22.22,,18.0,원문그래프직접,2._2024년_3월중_부산지역_신설법인_현황_조사_보고서_대외용.pdf,
202403,행정구,동구,16,366,4.37,-5.88,,18.33,원문그래프직접,2._2024년_3월중_부산지역_신설법인_현황_조사_보고서_대외용.pdf,
202403,행정구,사하구,23,366,6.28,35.29,,20.0,원문그래프직접,2._2024년_3월중_부산지역_신설법인_현황_조사_보고서_대외용.pdf,
202403,행정구,북구,14,366,3.83,27.27,,13.33,원문그래프직접,2._2024년_3월중_부산지역_신설법인_현황_조사_보고서_대외용.pdf,
202403,행정구,중구,10,366,2.73,25.0,,11.0,원문그래프직접,2._2024년_3월중_부산지역_신설법인_현황_조사_보고서_대외용.pdf,
202403,행정구,서구,13,366,3.55,225.0,,9.0,원문그래프직접,2._2024년_3월중_부산지역_신설법인_현황_조사_보고서_대외용.pdf,
202403,행정구,영도구,9,366,2.46,28.57,,7.33,원문그래프직접,2._2024년_3월중_부산지역_신설법인_현황_조사_보고서_대외용.pdf,
202404,행정구,강서구,46,372,12.37,17.95,,43.33,비중역산_합계검증,2._2024년_4월중_부산지역_신설법인_현황_조사_보고서_대외용.pdf,원문에 기재된 구군 비중을 월총계에 역산해 정수 개체수로 복원했으며 16개 구군 합계가 월총계와 일치함.
202404,행정구,해운대구,49,372,13.17,-34.67,,60.33,비중역산_합계검증,2._2024년_4월중_부산지역_신설법인_현황_조사_보고서_대외용.pdf,원문에 기재된 구군 비중을 월총계에 역산해 정수 개체수로 복원했으며 16개 구군 합계가 월총계와 일치함.
202404,행정구,부산진구,54,372,14.52,38.46,,40.67,비중역산_합계검증,2._2024년_4월중_부산지역_신설법인_현황_조사_보고서_대외용.pdf,원문에 기재된 구군 비중을 월총계에 역산해 정수 개체수로 복원했으며 16개 구군 합계가 월총계와 일치함.
202404,행정구,기장군,19,372,5.11,26.67,,18.33,비중역산_합계검증,2._2024년_4월중_부산지역_신설법인_현황_조사_보고서_대외용.pdf,원문에 기재된 구군 비중을 월총계에 역산해 정수 개체수로 복원했으며 16개 구군 합계가 월총계와 일치함.
202404,행정구,남구,25,372,6.72,4.17,,23.33,비중역산_합계검증,2._2024년_4월중_부산지역_신설법인_현황_조사_보고서_대외용.pdf,원문에 기재된 구군 비중을 월총계에 역산해 정수 개체수로 복원했으며 16개 구군 합계가 월총계와 일치함.
202404,행정구,동래구,9,372,2.42,-65.38,,17.67,비중역산_합계검증,2._2024년_4월중_부산지역_신설법인_현황_조사_보고서_대외용.pdf,원문에 기재된 구군 비중을 월총계에 역산해 정수 개체수로 복원했으며 16개 구군 합계가 월총계와 일치함.
202404,행정구,수영구,23,372,6.18,64.29,,17.33,비중역산_합계검증,2._2024년_4월중_부산지역_신설법인_현황_조사_보고서_대외용.pdf,원문에 기재된 구군 비중을 월총계에 역산해 정수 개체수로 복원했으며 16개 구군 합계가 월총계와 일치함.
202404,행정구,연제구,19,372,5.11,0.0,,21.0,비중역산_합계검증,2._2024년_4월중_부산지역_신설법인_현황_조사_보고서_대외용.pdf,원문에 기재된 구군 비중을 월총계에 역산해 정수 개체수로 복원했으며 16개 구군 합계가 월총계와 일치함.
202404,행정구,사상구,19,372,5.11,18.75,,16.33,비중역산_합계검증,2._2024년_4월중_부산지역_신설법인_현황_조사_보고서_대외용.pdf,원문에 기재된 구군 비중을 월총계에 역산해 정수 개체수로 복원했으며 16개 구군 합계가 월총계와 일치함.
202404,행정구,금정구,25,372,6.72,78.57,,19.0,비중역산_합계검증,2._2024년_4월중_부산지역_신설법인_현황_조사_보고서_대외용.pdf,원문에 기재된 구군 비중을 월총계에 역산해 정수 개체수로 복원했으며 16개 구군 합계가 월총계와 일치함.
202404,행정구,동구,26,372,6.99,62.5,,19.67,비중역산_합계검증,2._2024년_4월중_부산지역_신설법인_현황_조사_보고서_대외용.pdf,원문에 기재된 구군 비중을 월총계에 역산해 정수 개체수로 복원했으며 16개 구군 합계가 월총계와 일치함.
202404,행정구,사하구,17,372,4.57,-26.09,,19.0,비중역산_합계검증,2._2024년_4월중_부산지역_신설법인_현황_조사_보고서_대외용.pdf,원문에 기재된 구군 비중을 월총계에 역산해 정수 개체수로 복원했으며 16개 구군 합계가 월총계와 일치함.
202404,행정구,북구,14,372,3.76,0.0,,13.0,비중역산_합계검증,2._2024년_4월중_부산지역_신설법인_현황_조사_보고서_대외용.pdf,원문에 기재된 구군 비중을 월총계에 역산해 정수 개체수로 복원했으며 16개 구군 합계가 월총계와 일치함.
202404,행정구,중구,16,372,4.3,60.0,,11.33,비중역산_합계검증,2._2024년_4월중_부산지역_신설법인_현황_조사_보고서_대외용.pdf,원문에 기재된 구군 비중을 월총계에 역산해 정수 개체수로 복원했으며 16개 구군 합계가 월총계와 일치함.
202404,행정구,서구,2,372,0.54,-84.62,,6.33,비중역산_합계검증,2._2024년_4월중_부산지역_신설법인_현황_조사_보고서_대외용.pdf,원문에 기재된 구군 비중을 월총계에 역산해 정수 개체수로 복원했으며 16개 구군 합계가 월총계와 일치함.
202404,행정구,영도구,9,372,2.42,0.0,,8.33,비중역산_합계검증,2._2024년_4월중_부산지역_신설법인_현황_조사_보고서_대외용.pdf,원문에 기재된 구군 비중을 월총계에 역산해 정수 개체수로 복원했으며 16개 구군 합계가 월총계와 일치함.
202405,행정구,강서구,47,360,13.06,2.17,,44.0,비중역산_합계검증,2._2024년_5월중_부산지역_신설법인_현황_조사_보고서_대외용.pdf,원문에 기재된 구군 비중을 월총계에 역산해 정수 개체수로 복원했으며 16개 구군 합계가 월총계와 일치함.
202405,행정구,해운대구,69,360,19.17,40.82,,64.33,비중역산_합계검증,2._2024년_5월중_부산지역_신설법인_현황_조사_보고서_대외용.pdf,원문에 기재된 구군 비중을 월총계에 역산해 정수 개체수로 복원했으며 16개 구군 합계가 월총계와 일치함.
202405,행정구,부산진구,34,360,9.44,-37.04,,42.33,비중역산_합계검증,2._2024년_5월중_부산지역_신설법인_현황_조사_보고서_대외용.pdf,원문에 기재된 구군 비중을 월총계에 역산해 정수 개체수로 복원했으며 16개 구군 합계가 월총계와 일치함.
202405,행정구,기장군,15,360,4.17,-21.05,,16.33,비중역산_합계검증,2._2024년_5월중_부산지역_신설법인_현황_조사_보고서_대외용.pdf,원문에 기재된 구군 비중을 월총계에 역산해 정수 개체수로 복원했으며 16개 구군 합계가 월총계와 일치함.
202405,행정구,남구,21,360,5.83,-16.0,,23.33,비중역산_합계검증,2._2024년_5월중_부산지역_신설법인_현황_조사_보고서_대외용.pdf,원문에 기재된 구군 비중을 월총계에 역산해 정수 개체수로 복원했으며 16개 구군 합계가 월총계와 일치함.
202405,행정구,동래구,22,360,6.11,144.44,,19.0,비중역산_합계검증,2._2024년_5월중_부산지역_신설법인_현황_조사_보고서_대외용.pdf,원문에 기재된 구군 비중을 월총계에 역산해 정수 개체수로 복원했으며 16개 구군 합계가 월총계와 일치함.
202405,행정구,수영구,18,360,5.0,-21.74,,18.33,비중역산_합계검증,2._2024년_5월중_부산지역_신설법인_현황_조사_보고서_대외용.pdf,원문에 기재된 구군 비중을 월총계에 역산해 정수 개체수로 복원했으며 16개 구군 합계가 월총계와 일치함.
202405,행정구,연제구,23,360,6.39,21.05,,20.33,비중역산_합계검증,2._2024년_5월중_부산지역_신설법인_현황_조사_보고서_대외용.pdf,원문에 기재된 구군 비중을 월총계에 역산해 정수 개체수로 복원했으며 16개 구군 합계가 월총계와 일치함.
202405,행정구,사상구,16,360,4.44,-15.79,,17.0,비중역산_합계검증,2._2024년_5월중_부산지역_신설법인_현황_조사_보고서_대외용.pdf,원문에 기재된 구군 비중을 월총계에 역산해 정수 개체수로 복원했으며 16개 구군 합계가 월총계와 일치함.
202405,행정구,금정구,25,360,6.94,0.0,,21.33,비중역산_합계검증,2._2024년_5월중_부산지역_신설법인_현황_조사_보고서_대외용.pdf,원문에 기재된 구군 비중을 월총계에 역산해 정수 개체수로 복원했으며 16개 구군 합계가 월총계와 일치함.
202405,행정구,동구,22,360,6.11,-15.38,,21.33,비중역산_합계검증,2._2024년_5월중_부산지역_신설법인_현황_조사_보고서_대외용.pdf,원문에 기재된 구군 비중을 월총계에 역산해 정수 개체수로 복원했으며 16개 구군 합계가 월총계와 일치함.
202405,행정구,사하구,16,360,4.44,-5.88,,18.67,비중역산_합계검증,2._2024년_5월중_부산지역_신설법인_현황_조사_보고서_대외용.pdf,원문에 기재된 구군 비중을 월총계에 역산해 정수 개체수로 복원했으며 16개 구군 합계가 월총계와 일치함.
202405,행정구,북구,11,360,3.06,-21.43,,13.0,비중역산_합계검증,2._2024년_5월중_부산지역_신설법인_현황_조사_보고서_대외용.pdf,원문에 기재된 구군 비중을 월총계에 역산해 정수 개체수로 복원했으며 16개 구군 합계가 월총계와 일치함.
202405,행정구,중구,10,360,2.78,-37.5,,12.0,비중역산_합계검증,2._2024년_5월중_부산지역_신설법인_현황_조사_보고서_대외용.pdf,원문에 기재된 구군 비중을 월총계에 역산해 정수 개체수로 복원했으며 16개 구군 합계가 월총계와 일치함.
202405,행정구,서구,6,360,1.67,200.0,,7.0,비중역산_합계검증,2._2024년_5월중_부산지역_신설법인_현황_조사_보고서_대외용.pdf,원문에 기재된 구군 비중을 월총계에 역산해 정수 개체수로 복원했으며 16개 구군 합계가 월총계와 일치함.
202405,행정구,영도구,5,360,1.39,-44.44,,7.67,비중역산_합계검증,2._2024년_5월중_부산지역_신설법인_현황_조사_보고서_대외용.pdf,원문에 기재된 구군 비중을 월총계에 역산해 정수 개체수로 복원했으며 16개 구군 합계가 월총계와 일치함.
202406,행정구,강서구,36,317,11.36,-23.4,,43.0,원문그래프직접,2._2024년_6월중_부산지역_신설법인_현황_조사_보고서_대외용.pdf,
202406,행정구,해운대구,61,317,19.24,-11.59,,59.67,원문그래프직접,2._2024년_6월중_부산지역_신설법인_현황_조사_보고서_대외용.pdf,
202406,행정구,부산진구,27,317,8.52,-20.59,,38.33,원문그래프직접,2._2024년_6월중_부산지역_신설법인_현황_조사_보고서_대외용.pdf,
202406,행정구,기장군,23,317,7.26,53.33,,19.0,원문그래프직접,2._2024년_6월중_부산지역_신설법인_현황_조사_보고서_대외용.pdf,
202406,행정구,남구,31,317,9.78,47.62,,25.67,원문그래프직접,2._2024년_6월중_부산지역_신설법인_현황_조사_보고서_대외용.pdf,
202406,행정구,동래구,22,317,6.94,0.0,,17.67,원문그래프직접,2._2024년_6월중_부산지역_신설법인_현황_조사_보고서_대외용.pdf,
202406,행정구,수영구,12,317,3.79,-33.33,,17.67,원문그래프직접,2._2024년_6월중_부산지역_신설법인_현황_조사_보고서_대외용.pdf,
202406,행정구,연제구,19,317,5.99,-17.39,,20.33,원문그래프직접,2._2024년_6월중_부산지역_신설법인_현황_조사_보고서_대외용.pdf,
202406,행정구,사상구,15,317,4.73,-6.25,,16.67,원문그래프직접,2._2024년_6월중_부산지역_신설법인_현황_조사_보고서_대외용.pdf,
202406,행정구,금정구,15,317,4.73,-40.0,,21.67,원문그래프직접,2._2024년_6월중_부산지역_신설법인_현황_조사_보고서_대외용.pdf,
202406,행정구,동구,14,317,4.42,-36.36,,20.67,원문그래프직접,2._2024년_6월중_부산지역_신설법인_현황_조사_보고서_대외용.pdf,
202406,행정구,사하구,10,317,3.15,-37.5,,14.33,원문그래프직접,2._2024년_6월중_부산지역_신설법인_현황_조사_보고서_대외용.pdf,
202406,행정구,북구,7,317,2.21,-36.36,,10.67,원문그래프직접,2._2024년_6월중_부산지역_신설법인_현황_조사_보고서_대외용.pdf,
202406,행정구,중구,13,317,4.1,30.0,,13.0,원문그래프직접,2._2024년_6월중_부산지역_신설법인_현황_조사_보고서_대외용.pdf,
202406,행정구,서구,1,317,0.32,-83.33,,3.0,원문그래프직접,2._2024년_6월중_부산지역_신설법인_현황_조사_보고서_대외용.pdf,
202406,행정구,영도구,11,317,3.47,120.0,,8.33,원문그래프직접,2._2024년_6월중_부산지역_신설법인_현황_조사_보고서_대외용.pdf,
202407,행정구,강서구,56,397,14.11,55.56,,46.33,비중역산_합계검증,2._2024년_7월중_부산지역_신설법인_현황_조사_보고서_대외용.pdf,원문에 기재된 구군 비중을 월총계에 역산해 정수 개체수로 복원했으며 16개 구군 합계가 월총계와 일치함.
202407,행정구,해운대구,68,397,17.13,11.48,,66.0,비중역산_합계검증,2._2024년_7월중_부산지역_신설법인_현황_조사_보고서_대외용.pdf,원문에 기재된 구군 비중을 월총계에 역산해 정수 개체수로 복원했으며 16개 구군 합계가 월총계와 일치함.
202407,행정구,부산진구,37,397,9.32,37.04,,32.67,비중역산_합계검증,2._2024년_7월중_부산지역_신설법인_현황_조사_보고서_대외용.pdf,원문에 기재된 구군 비중을 월총계에 역산해 정수 개체수로 복원했으며 16개 구군 합계가 월총계와 일치함.
202407,행정구,기장군,27,397,6.8,17.39,,21.67,비중역산_합계검증,2._2024년_7월중_부산지역_신설법인_현황_조사_보고서_대외용.pdf,원문에 기재된 구군 비중을 월총계에 역산해 정수 개체수로 복원했으며 16개 구군 합계가 월총계와 일치함.
202407,행정구,남구,20,397,5.04,-35.48,,24.0,비중역산_합계검증,2._2024년_7월중_부산지역_신설법인_현황_조사_보고서_대외용.pdf,원문에 기재된 구군 비중을 월총계에 역산해 정수 개체수로 복원했으며 16개 구군 합계가 월총계와 일치함.
202407,행정구,동래구,32,397,8.06,45.45,,25.33,비중역산_합계검증,2._2024년_7월중_부산지역_신설법인_현황_조사_보고서_대외용.pdf,원문에 기재된 구군 비중을 월총계에 역산해 정수 개체수로 복원했으며 16개 구군 합계가 월총계와 일치함.
202407,행정구,수영구,24,397,6.05,100.0,,18.0,비중역산_합계검증,2._2024년_7월중_부산지역_신설법인_현황_조사_보고서_대외용.pdf,원문에 기재된 구군 비중을 월총계에 역산해 정수 개체수로 복원했으며 16개 구군 합계가 월총계와 일치함.
202407,행정구,연제구,21,397,5.29,10.53,,21.0,비중역산_합계검증,2._2024년_7월중_부산지역_신설법인_현황_조사_보고서_대외용.pdf,원문에 기재된 구군 비중을 월총계에 역산해 정수 개체수로 복원했으며 16개 구군 합계가 월총계와 일치함.
202407,행정구,사상구,9,397,2.27,-40.0,,13.33,비중역산_합계검증,2._2024년_7월중_부산지역_신설법인_현황_조사_보고서_대외용.pdf,원문에 기재된 구군 비중을 월총계에 역산해 정수 개체수로 복원했으며 16개 구군 합계가 월총계와 일치함.
202407,행정구,금정구,23,397,5.79,53.33,,21.0,비중역산_합계검증,2._2024년_7월중_부산지역_신설법인_현황_조사_보고서_대외용.pdf,원문에 기재된 구군 비중을 월총계에 역산해 정수 개체수로 복원했으며 16개 구군 합계가 월총계와 일치함.
202407,행정구,동구,21,397,5.29,50.0,,19.0,비중역산_합계검증,2._2024년_7월중_부산지역_신설법인_현황_조사_보고서_대외용.pdf,원문에 기재된 구군 비중을 월총계에 역산해 정수 개체수로 복원했으며 16개 구군 합계가 월총계와 일치함.
202407,행정구,사하구,23,397,5.79,130.0,,16.33,비중역산_합계검증,2._2024년_7월중_부산지역_신설법인_현황_조사_보고서_대외용.pdf,원문에 기재된 구군 비중을 월총계에 역산해 정수 개체수로 복원했으며 16개 구군 합계가 월총계와 일치함.
202407,행정구,북구,13,397,3.27,85.71,,10.33,비중역산_합계검증,2._2024년_7월중_부산지역_신설법인_현황_조사_보고서_대외용.pdf,원문에 기재된 구군 비중을 월총계에 역산해 정수 개체수로 복원했으며 16개 구군 합계가 월총계와 일치함.
202407,행정구,중구,14,397,3.53,7.69,,12.33,비중역산_합계검증,2._2024년_7월중_부산지역_신설법인_현황_조사_보고서_대외용.pdf,원문에 기재된 구군 비중을 월총계에 역산해 정수 개체수로 복원했으며 16개 구군 합계가 월총계와 일치함.
202407,행정구,서구,4,397,1.01,300.0,,3.67,비중역산_합계검증,2._2024년_7월중_부산지역_신설법인_현황_조사_보고서_대외용.pdf,원문에 기재된 구군 비중을 월총계에 역산해 정수 개체수로 복원했으며 16개 구군 합계가 월총계와 일치함.
202407,행정구,영도구,5,397,1.26,-54.55,,7.0,비중역산_합계검증,2._2024년_7월중_부산지역_신설법인_현황_조사_보고서_대외용.pdf,원문에 기재된 구군 비중을 월총계에 역산해 정수 개체수로 복원했으며 16개 구군 합계가 월총계와 일치함.
202408,행정구,강서구,32,310,10.32,-42.86,,41.33,비중역산_합계검증,2._2024년_8월중_부산지역_신설법인_현황_조사_보고서_대외용.pdf,원문에 기재된 구군 비중을 월총계에 역산해 정수 개체수로 복원했으며 16개 구군 합계가 월총계와 일치함.
202408,행정구,해운대구,52,310,16.77,-23.53,,60.33,비중역산_합계검증,2._2024년_8월중_부산지역_신설법인_현황_조사_보고서_대외용.pdf,원문에 기재된 구군 비중을 월총계에 역산해 정수 개체수로 복원했으며 16개 구군 합계가 월총계와 일치함.
202408,행정구,부산진구,33,310,10.65,-10.81,,32.33,비중역산_합계검증,2._2024년_8월중_부산지역_신설법인_현황_조사_보고서_대외용.pdf,원문에 기재된 구군 비중을 월총계에 역산해 정수 개체수로 복원했으며 16개 구군 합계가 월총계와 일치함.
202408,행정구,기장군,17,310,5.48,-37.04,,22.33,비중역산_합계검증,2._2024년_8월중_부산지역_신설법인_현황_조사_보고서_대외용.pdf,원문에 기재된 구군 비중을 월총계에 역산해 정수 개체수로 복원했으며 16개 구군 합계가 월총계와 일치함.
202408,행정구,남구,21,310,6.77,5.0,,24.0,비중역산_합계검증,2._2024년_8월중_부산지역_신설법인_현황_조사_보고서_대외용.pdf,원문에 기재된 구군 비중을 월총계에 역산해 정수 개체수로 복원했으며 16개 구군 합계가 월총계와 일치함.
202408,행정구,동래구,18,310,5.81,-43.75,,24.0,비중역산_합계검증,2._2024년_8월중_부산지역_신설법인_현황_조사_보고서_대외용.pdf,원문에 기재된 구군 비중을 월총계에 역산해 정수 개체수로 복원했으며 16개 구군 합계가 월총계와 일치함.
202408,행정구,수영구,14,310,4.52,-41.67,,16.67,비중역산_합계검증,2._2024년_8월중_부산지역_신설법인_현황_조사_보고서_대외용.pdf,원문에 기재된 구군 비중을 월총계에 역산해 정수 개체수로 복원했으며 16개 구군 합계가 월총계와 일치함.
202408,행정구,연제구,15,310,4.84,-28.57,,18.33,비중역산_합계검증,2._2024년_8월중_부산지역_신설법인_현황_조사_보고서_대외용.pdf,원문에 기재된 구군 비중을 월총계에 역산해 정수 개체수로 복원했으며 16개 구군 합계가 월총계와 일치함.
202408,행정구,사상구,15,310,4.84,66.67,,13.0,비중역산_합계검증,2._2024년_8월중_부산지역_신설법인_현황_조사_보고서_대외용.pdf,원문에 기재된 구군 비중을 월총계에 역산해 정수 개체수로 복원했으며 16개 구군 합계가 월총계와 일치함.
202408,행정구,금정구,20,310,6.45,-13.04,,19.33,비중역산_합계검증,2._2024년_8월중_부산지역_신설법인_현황_조사_보고서_대외용.pdf,원문에 기재된 구군 비중을 월총계에 역산해 정수 개체수로 복원했으며 16개 구군 합계가 월총계와 일치함.
202408,행정구,동구,17,310,5.48,-19.05,,17.33,비중역산_합계검증,2._2024년_8월중_부산지역_신설법인_현황_조사_보고서_대외용.pdf,원문에 기재된 구군 비중을 월총계에 역산해 정수 개체수로 복원했으며 16개 구군 합계가 월총계와 일치함.
202408,행정구,사하구,19,310,6.13,-17.39,,17.33,비중역산_합계검증,2._2024년_8월중_부산지역_신설법인_현황_조사_보고서_대외용.pdf,원문에 기재된 구군 비중을 월총계에 역산해 정수 개체수로 복원했으며 16개 구군 합계가 월총계와 일치함.
202408,행정구,북구,11,310,3.55,-15.38,,10.33,비중역산_합계검증,2._2024년_8월중_부산지역_신설법인_현황_조사_보고서_대외용.pdf,원문에 기재된 구군 비중을 월총계에 역산해 정수 개체수로 복원했으며 16개 구군 합계가 월총계와 일치함.
202408,행정구,중구,13,310,4.19,-7.14,,13.33,비중역산_합계검증,2._2024년_8월중_부산지역_신설법인_현황_조사_보고서_대외용.pdf,원문에 기재된 구군 비중을 월총계에 역산해 정수 개체수로 복원했으며 16개 구군 합계가 월총계와 일치함.
202408,행정구,서구,6,310,1.94,50.0,,3.67,비중역산_합계검증,2._2024년_8월중_부산지역_신설법인_현황_조사_보고서_대외용.pdf,원문에 기재된 구군 비중을 월총계에 역산해 정수 개체수로 복원했으며 16개 구군 합계가 월총계와 일치함.
202408,행정구,영도구,7,310,2.26,40.0,,7.67,비중역산_합계검증,2._2024년_8월중_부산지역_신설법인_현황_조사_보고서_대외용.pdf,원문에 기재된 구군 비중을 월총계에 역산해 정수 개체수로 복원했으며 16개 구군 합계가 월총계와 일치함.
202409,행정구,강서구,32,289,11.07,0.0,,40.0,원문그래프직접,2._2024년_9월중_부산지역_신설법인_현황_조사_보고서_대외용.pdf,본문 서술 비중 일부와 그래프 개체수가 불일치하여 그래프 개체수와 월총계를 우선 사용.
202409,행정구,해운대구,48,289,16.61,-7.69,,56.0,원문그래프직접,2._2024년_9월중_부산지역_신설법인_현황_조사_보고서_대외용.pdf,본문 서술 비중 일부와 그래프 개체수가 불일치하여 그래프 개체수와 월총계를 우선 사용.
202409,행정구,부산진구,16,289,5.54,-51.52,,28.67,원문그래프직접,2._2024년_9월중_부산지역_신설법인_현황_조사_보고서_대외용.pdf,본문 서술 비중 일부와 그래프 개체수가 불일치하여 그래프 개체수와 월총계를 우선 사용.
202409,행정구,기장군,17,289,5.88,0.0,,20.33,원문그래프직접,2._2024년_9월중_부산지역_신설법인_현황_조사_보고서_대외용.pdf,본문 서술 비중 일부와 그래프 개체수가 불일치하여 그래프 개체수와 월총계를 우선 사용.
202409,행정구,남구,30,289,10.38,42.86,,23.67,원문그래프직접,2._2024년_9월중_부산지역_신설법인_현황_조사_보고서_대외용.pdf,본문 서술 비중 일부와 그래프 개체수가 불일치하여 그래프 개체수와 월총계를 우선 사용.
202409,행정구,동래구,23,289,7.96,27.78,,24.33,원문그래프직접,2._2024년_9월중_부산지역_신설법인_현황_조사_보고서_대외용.pdf,본문 서술 비중 일부와 그래프 개체수가 불일치하여 그래프 개체수와 월총계를 우선 사용.
202409,행정구,수영구,17,289,5.88,21.43,,18.33,원문그래프직접,2._2024년_9월중_부산지역_신설법인_현황_조사_보고서_대외용.pdf,본문 서술 비중 일부와 그래프 개체수가 불일치하여 그래프 개체수와 월총계를 우선 사용.
202409,행정구,연제구,16,289,5.54,6.67,,17.33,원문그래프직접,2._2024년_9월중_부산지역_신설법인_현황_조사_보고서_대외용.pdf,본문 서술 비중 일부와 그래프 개체수가 불일치하여 그래프 개체수와 월총계를 우선 사용.
202409,행정구,사상구,21,289,7.27,40.0,,15.0,원문그래프직접,2._2024년_9월중_부산지역_신설법인_현황_조사_보고서_대외용.pdf,본문 서술 비중 일부와 그래프 개체수가 불일치하여 그래프 개체수와 월총계를 우선 사용.
202409,행정구,금정구,8,289,2.77,-60.0,,17.0,원문그래프직접,2._2024년_9월중_부산지역_신설법인_현황_조사_보고서_대외용.pdf,본문 서술 비중 일부와 그래프 개체수가 불일치하여 그래프 개체수와 월총계를 우선 사용.
202409,행정구,동구,7,289,2.42,-58.82,,15.0,원문그래프직접,2._2024년_9월중_부산지역_신설법인_현황_조사_보고서_대외용.pdf,본문 서술 비중 일부와 그래프 개체수가 불일치하여 그래프 개체수와 월총계를 우선 사용.
202409,행정구,사하구,23,289,7.96,21.05,,21.67,원문그래프직접,2._2024년_9월중_부산지역_신설법인_현황_조사_보고서_대외용.pdf,본문 서술 비중 일부와 그래프 개체수가 불일치하여 그래프 개체수와 월총계를 우선 사용.
202409,행정구,북구,11,289,3.81,0.0,,11.67,원문그래프직접,2._2024년_9월중_부산지역_신설법인_현황_조사_보고서_대외용.pdf,본문 서술 비중 일부와 그래프 개체수가 불일치하여 그래프 개체수와 월총계를 우선 사용.
202409,행정구,중구,5,289,1.73,-61.54,,10.67,원문그래프직접,2._2024년_9월중_부산지역_신설법인_현황_조사_보고서_대외용.pdf,본문 서술 비중 일부와 그래프 개체수가 불일치하여 그래프 개체수와 월총계를 우선 사용.
202409,행정구,서구,4,289,1.38,-33.33,,4.67,원문그래프직접,2._2024년_9월중_부산지역_신설법인_현황_조사_보고서_대외용.pdf,본문 서술 비중 일부와 그래프 개체수가 불일치하여 그래프 개체수와 월총계를 우선 사용.
202409,행정구,영도구,11,289,3.81,57.14,,7.67,원문그래프직접,2._2024년_9월중_부산지역_신설법인_현황_조사_보고서_대외용.pdf,본문 서술 비중 일부와 그래프 개체수가 불일치하여 그래프 개체수와 월총계를 우선 사용.
202410,행정구,강서구,40,371,10.78,25.0,,34.67,비중역산_합계검증,2._2024년_10월중_부산지역_신설법인_현황_조사_보고서_대외용.pdf,원문에 기재된 구군 비중을 월총계에 역산해 정수 개체수로 복원했으며 16개 구군 합계가 월총계와 일치함.
202410,행정구,해운대구,51,371,13.75,6.25,,50.33,비중역산_합계검증,2._2024년_10월중_부산지역_신설법인_현황_조사_보고서_대외용.pdf,원문에 기재된 구군 비중을 월총계에 역산해 정수 개체수로 복원했으며 16개 구군 합계가 월총계와 일치함.
202410,행정구,부산진구,34,371,9.16,112.5,,27.67,비중역산_합계검증,2._2024년_10월중_부산지역_신설법인_현황_조사_보고서_대외용.pdf,원문에 기재된 구군 비중을 월총계에 역산해 정수 개체수로 복원했으며 16개 구군 합계가 월총계와 일치함.
202410,행정구,기장군,32,371,8.63,88.24,,22.0,비중역산_합계검증,2._2024년_10월중_부산지역_신설법인_현황_조사_보고서_대외용.pdf,원문에 기재된 구군 비중을 월총계에 역산해 정수 개체수로 복원했으며 16개 구군 합계가 월총계와 일치함.
202410,행정구,남구,32,371,8.63,6.67,,27.67,비중역산_합계검증,2._2024년_10월중_부산지역_신설법인_현황_조사_보고서_대외용.pdf,원문에 기재된 구군 비중을 월총계에 역산해 정수 개체수로 복원했으며 16개 구군 합계가 월총계와 일치함.
202410,행정구,동래구,26,371,7.01,13.04,,22.33,비중역산_합계검증,2._2024년_10월중_부산지역_신설법인_현황_조사_보고서_대외용.pdf,원문에 기재된 구군 비중을 월총계에 역산해 정수 개체수로 복원했으며 16개 구군 합계가 월총계와 일치함.
202410,행정구,수영구,25,371,6.74,47.06,,18.67,비중역산_합계검증,2._2024년_10월중_부산지역_신설법인_현황_조사_보고서_대외용.pdf,원문에 기재된 구군 비중을 월총계에 역산해 정수 개체수로 복원했으며 16개 구군 합계가 월총계와 일치함.
202410,행정구,연제구,26,371,7.01,62.5,,19.0,비중역산_합계검증,2._2024년_10월중_부산지역_신설법인_현황_조사_보고서_대외용.pdf,원문에 기재된 구군 비중을 월총계에 역산해 정수 개체수로 복원했으며 16개 구군 합계가 월총계와 일치함.
202410,행정구,사상구,17,371,4.58,-19.05,,17.67,비중역산_합계검증,2._2024년_10월중_부산지역_신설법인_현황_조사_보고서_대외용.pdf,원문에 기재된 구군 비중을 월총계에 역산해 정수 개체수로 복원했으며 16개 구군 합계가 월총계와 일치함.
202410,행정구,금정구,15,371,4.04,87.5,,14.33,비중역산_합계검증,2._2024년_10월중_부산지역_신설법인_현황_조사_보고서_대외용.pdf,원문에 기재된 구군 비중을 월총계에 역산해 정수 개체수로 복원했으며 16개 구군 합계가 월총계와 일치함.
202410,행정구,동구,18,371,4.85,157.14,,14.0,비중역산_합계검증,2._2024년_10월중_부산지역_신설법인_현황_조사_보고서_대외용.pdf,원문에 기재된 구군 비중을 월총계에 역산해 정수 개체수로 복원했으며 16개 구군 합계가 월총계와 일치함.
202410,행정구,사하구,17,371,4.58,-26.09,,19.67,비중역산_합계검증,2._2024년_10월중_부산지역_신설법인_현황_조사_보고서_대외용.pdf,원문에 기재된 구군 비중을 월총계에 역산해 정수 개체수로 복원했으며 16개 구군 합계가 월총계와 일치함.
202410,행정구,북구,10,371,2.7,-9.09,,10.67,비중역산_합계검증,2._2024년_10월중_부산지역_신설법인_현황_조사_보고서_대외용.pdf,원문에 기재된 구군 비중을 월총계에 역산해 정수 개체수로 복원했으며 16개 구군 합계가 월총계와 일치함.
202410,행정구,중구,10,371,2.7,100.0,,9.33,비중역산_합계검증,2._2024년_10월중_부산지역_신설법인_현황_조사_보고서_대외용.pdf,원문에 기재된 구군 비중을 월총계에 역산해 정수 개체수로 복원했으며 16개 구군 합계가 월총계와 일치함.
202410,행정구,서구,11,371,2.96,175.0,,7.0,비중역산_합계검증,2._2024년_10월중_부산지역_신설법인_현황_조사_보고서_대외용.pdf,원문에 기재된 구군 비중을 월총계에 역산해 정수 개체수로 복원했으며 16개 구군 합계가 월총계와 일치함.
202410,행정구,영도구,7,371,1.89,-36.36,,8.33,비중역산_합계검증,2._2024년_10월중_부산지역_신설법인_현황_조사_보고서_대외용.pdf,원문에 기재된 구군 비중을 월총계에 역산해 정수 개체수로 복원했으며 16개 구군 합계가 월총계와 일치함.
202411,행정구,강서구,37,369,10.03,-7.5,,36.33,비중역산_합계검증,2._2024년_11월중_부산지역_신설법인_현황_조사_보고서_대외용.pdf,원문에 기재된 구군 비중을 월총계에 역산해 정수 개체수로 복원했으며 16개 구군 합계가 월총계와 일치함.
202411,행정구,해운대구,55,369,14.91,7.84,,51.33,비중역산_합계검증,2._2024년_11월중_부산지역_신설법인_현황_조사_보고서_대외용.pdf,원문에 기재된 구군 비중을 월총계에 역산해 정수 개체수로 복원했으며 16개 구군 합계가 월총계와 일치함.
202411,행정구,부산진구,34,369,9.21,0.0,,28.0,비중역산_합계검증,2._2024년_11월중_부산지역_신설법인_현황_조사_보고서_대외용.pdf,원문에 기재된 구군 비중을 월총계에 역산해 정수 개체수로 복원했으며 16개 구군 합계가 월총계와 일치함.
202411,행정구,기장군,18,369,4.88,-43.75,,22.33,비중역산_합계검증,2._2024년_11월중_부산지역_신설법인_현황_조사_보고서_대외용.pdf,원문에 기재된 구군 비중을 월총계에 역산해 정수 개체수로 복원했으며 16개 구군 합계가 월총계와 일치함.
202411,행정구,남구,28,369,7.59,-12.5,,30.0,비중역산_합계검증,2._2024년_11월중_부산지역_신설법인_현황_조사_보고서_대외용.pdf,원문에 기재된 구군 비중을 월총계에 역산해 정수 개체수로 복원했으며 16개 구군 합계가 월총계와 일치함.
202411,행정구,동래구,19,369,5.15,-26.92,,22.67,비중역산_합계검증,2._2024년_11월중_부산지역_신설법인_현황_조사_보고서_대외용.pdf,원문에 기재된 구군 비중을 월총계에 역산해 정수 개체수로 복원했으며 16개 구군 합계가 월총계와 일치함.
202411,행정구,수영구,14,369,3.79,-44.0,,18.67,비중역산_합계검증,2._2024년_11월중_부산지역_신설법인_현황_조사_보고서_대외용.pdf,원문에 기재된 구군 비중을 월총계에 역산해 정수 개체수로 복원했으며 16개 구군 합계가 월총계와 일치함.
202411,행정구,연제구,24,369,6.5,-7.69,,22.0,비중역산_합계검증,2._2024년_11월중_부산지역_신설법인_현황_조사_보고서_대외용.pdf,원문에 기재된 구군 비중을 월총계에 역산해 정수 개체수로 복원했으며 16개 구군 합계가 월총계와 일치함.
202411,행정구,사상구,29,369,7.86,70.59,,22.33,비중역산_합계검증,2._2024년_11월중_부산지역_신설법인_현황_조사_보고서_대외용.pdf,원문에 기재된 구군 비중을 월총계에 역산해 정수 개체수로 복원했으며 16개 구군 합계가 월총계와 일치함.
202411,행정구,금정구,14,369,3.79,-6.67,,12.33,비중역산_합계검증,2._2024년_11월중_부산지역_신설법인_현황_조사_보고서_대외용.pdf,원문에 기재된 구군 비중을 월총계에 역산해 정수 개체수로 복원했으며 16개 구군 합계가 월총계와 일치함.
202411,행정구,동구,27,369,7.32,50.0,,17.33,비중역산_합계검증,2._2024년_11월중_부산지역_신설법인_현황_조사_보고서_대외용.pdf,원문에 기재된 구군 비중을 월총계에 역산해 정수 개체수로 복원했으며 16개 구군 합계가 월총계와 일치함.
202411,행정구,사하구,33,369,8.94,94.12,,24.33,비중역산_합계검증,2._2024년_11월중_부산지역_신설법인_현황_조사_보고서_대외용.pdf,원문에 기재된 구군 비중을 월총계에 역산해 정수 개체수로 복원했으며 16개 구군 합계가 월총계와 일치함.
202411,행정구,북구,8,369,2.17,-20.0,,9.67,비중역산_합계검증,2._2024년_11월중_부산지역_신설법인_현황_조사_보고서_대외용.pdf,원문에 기재된 구군 비중을 월총계에 역산해 정수 개체수로 복원했으며 16개 구군 합계가 월총계와 일치함.
202411,행정구,중구,17,369,4.61,70.0,,10.67,비중역산_합계검증,2._2024년_11월중_부산지역_신설법인_현황_조사_보고서_대외용.pdf,원문에 기재된 구군 비중을 월총계에 역산해 정수 개체수로 복원했으며 16개 구군 합계가 월총계와 일치함.
202411,행정구,서구,3,369,0.81,-72.73,,6.0,비중역산_합계검증,2._2024년_11월중_부산지역_신설법인_현황_조사_보고서_대외용.pdf,원문에 기재된 구군 비중을 월총계에 역산해 정수 개체수로 복원했으며 16개 구군 합계가 월총계와 일치함.
202411,행정구,영도구,9,369,2.44,28.57,,9.0,비중역산_합계검증,2._2024년_11월중_부산지역_신설법인_현황_조사_보고서_대외용.pdf,원문에 기재된 구군 비중을 월총계에 역산해 정수 개체수로 복원했으며 16개 구군 합계가 월총계와 일치함.
202412,행정구,강서구,58,364,15.93,56.76,,45.0,비중역산_합계검증,2._2024년_12월_및_2024년도_부산지역_신설법인_현황_조사_보고서.pdf,원문에 기재된 구군 비중을 월총계에 역산해 정수 개체수로 복원했으며 16개 구군 합계가 월총계와 일치함.
202412,행정구,해운대구,52,364,14.29,-5.45,,52.67,비중역산_합계검증,2._2024년_12월_및_2024년도_부산지역_신설법인_현황_조사_보고서.pdf,원문에 기재된 구군 비중을 월총계에 역산해 정수 개체수로 복원했으며 16개 구군 합계가 월총계와 일치함.
202412,행정구,부산진구,35,364,9.62,2.94,,34.33,비중역산_합계검증,2._2024년_12월_및_2024년도_부산지역_신설법인_현황_조사_보고서.pdf,원문에 기재된 구군 비중을 월총계에 역산해 정수 개체수로 복원했으며 16개 구군 합계가 월총계와 일치함.
202412,행정구,기장군,20,364,5.49,11.11,,23.33,비중역산_합계검증,2._2024년_12월_및_2024년도_부산지역_신설법인_현황_조사_보고서.pdf,원문에 기재된 구군 비중을 월총계에 역산해 정수 개체수로 복원했으며 16개 구군 합계가 월총계와 일치함.
202412,행정구,남구,28,364,7.69,0.0,,29.33,비중역산_합계검증,2._2024년_12월_및_2024년도_부산지역_신설법인_현황_조사_보고서.pdf,원문에 기재된 구군 비중을 월총계에 역산해 정수 개체수로 복원했으며 16개 구군 합계가 월총계와 일치함.
202412,행정구,동래구,24,364,6.59,26.32,,23.0,비중역산_합계검증,2._2024년_12월_및_2024년도_부산지역_신설법인_현황_조사_보고서.pdf,원문에 기재된 구군 비중을 월총계에 역산해 정수 개체수로 복원했으며 16개 구군 합계가 월총계와 일치함.
202412,행정구,수영구,14,364,3.85,0.0,,17.67,비중역산_합계검증,2._2024년_12월_및_2024년도_부산지역_신설법인_현황_조사_보고서.pdf,원문에 기재된 구군 비중을 월총계에 역산해 정수 개체수로 복원했으며 16개 구군 합계가 월총계와 일치함.
202412,행정구,연제구,14,364,3.85,-41.67,,21.33,비중역산_합계검증,2._2024년_12월_및_2024년도_부산지역_신설법인_현황_조사_보고서.pdf,원문에 기재된 구군 비중을 월총계에 역산해 정수 개체수로 복원했으며 16개 구군 합계가 월총계와 일치함.
202412,행정구,사상구,26,364,7.14,-10.34,,24.0,비중역산_합계검증,2._2024년_12월_및_2024년도_부산지역_신설법인_현황_조사_보고서.pdf,원문에 기재된 구군 비중을 월총계에 역산해 정수 개체수로 복원했으며 16개 구군 합계가 월총계와 일치함.
202412,행정구,금정구,20,364,5.49,42.86,,16.33,비중역산_합계검증,2._2024년_12월_및_2024년도_부산지역_신설법인_현황_조사_보고서.pdf,원문에 기재된 구군 비중을 월총계에 역산해 정수 개체수로 복원했으며 16개 구군 합계가 월총계와 일치함.
202412,행정구,동구,10,364,2.75,-62.96,,18.33,비중역산_합계검증,2._2024년_12월_및_2024년도_부산지역_신설법인_현황_조사_보고서.pdf,원문에 기재된 구군 비중을 월총계에 역산해 정수 개체수로 복원했으며 16개 구군 합계가 월총계와 일치함.
202412,행정구,사하구,23,364,6.32,-30.3,,24.33,비중역산_합계검증,2._2024년_12월_및_2024년도_부산지역_신설법인_현황_조사_보고서.pdf,원문에 기재된 구군 비중을 월총계에 역산해 정수 개체수로 복원했으며 16개 구군 합계가 월총계와 일치함.
202412,행정구,북구,11,364,3.02,37.5,,9.67,비중역산_합계검증,2._2024년_12월_및_2024년도_부산지역_신설법인_현황_조사_보고서.pdf,원문에 기재된 구군 비중을 월총계에 역산해 정수 개체수로 복원했으며 16개 구군 합계가 월총계와 일치함.
202412,행정구,중구,13,364,3.57,-23.53,,13.33,비중역산_합계검증,2._2024년_12월_및_2024년도_부산지역_신설법인_현황_조사_보고서.pdf,원문에 기재된 구군 비중을 월총계에 역산해 정수 개체수로 복원했으며 16개 구군 합계가 월총계와 일치함.
202412,행정구,서구,8,364,2.2,166.67,,7.33,비중역산_합계검증,2._2024년_12월_및_2024년도_부산지역_신설법인_현황_조사_보고서.pdf,원문에 기재된 구군 비중을 월총계에 역산해 정수 개체수로 복원했으며 16개 구군 합계가 월총계와 일치함.
202412,행정구,영도구,8,364,2.2,-11.11,,8.0,비중역산_합계검증,2._2024년_12월_및_2024년도_부산지역_신설법인_현황_조사_보고서.pdf,원문에 기재된 구군 비중을 월총계에 역산해 정수 개체수로 복원했으며 16개 구군 합계가 월총계와 일치함.
202501,행정구,강서구,51,354,14.41,-12.07,-26.09,48.67,원문그래프직접,2._2025년_1월중_부산지역_신설법인_현황_조사_보고서.pdf,본문 서술 비중 일부와 그래프 개체수가 불일치하여 그래프 개체수와 월총계를 우선 사용.
202501,행정구,해운대구,45,354,12.71,-13.46,-31.82,50.67,원문그래프직접,2._2025년_1월중_부산지역_신설법인_현황_조사_보고서.pdf,본문 서술 비중 일부와 그래프 개체수가 불일치하여 그래프 개체수와 월총계를 우선 사용.
202501,행정구,부산진구,27,354,7.63,-22.86,-35.71,32.0,원문그래프직접,2._2025년_1월중_부산지역_신설법인_현황_조사_보고서.pdf,본문 서술 비중 일부와 그래프 개체수가 불일치하여 그래프 개체수와 월총계를 우선 사용.
202501,행정구,기장군,29,354,8.19,45.0,-17.14,22.33,원문그래프직접,2._2025년_1월중_부산지역_신설법인_현황_조사_보고서.pdf,본문 서술 비중 일부와 그래프 개체수가 불일치하여 그래프 개체수와 월총계를 우선 사용.
202501,행정구,남구,26,354,7.34,-7.14,-7.14,27.33,원문그래프직접,2._2025년_1월중_부산지역_신설법인_현황_조사_보고서.pdf,본문 서술 비중 일부와 그래프 개체수가 불일치하여 그래프 개체수와 월총계를 우선 사용.
202501,행정구,동래구,19,354,5.37,-20.83,-32.14,20.67,원문그래프직접,2._2025년_1월중_부산지역_신설법인_현황_조사_보고서.pdf,본문 서술 비중 일부와 그래프 개체수가 불일치하여 그래프 개체수와 월총계를 우선 사용.
202501,행정구,수영구,55,354,15.54,292.86,96.43,27.67,원문그래프직접,2._2025년_1월중_부산지역_신설법인_현황_조사_보고서.pdf,본문 서술 비중 일부와 그래프 개체수가 불일치하여 그래프 개체수와 월총계를 우선 사용.
202501,행정구,연제구,11,354,3.11,-21.43,-54.17,16.33,원문그래프직접,2._2025년_1월중_부산지역_신설법인_현황_조사_보고서.pdf,본문 서술 비중 일부와 그래프 개체수가 불일치하여 그래프 개체수와 월총계를 우선 사용.
202501,행정구,사상구,19,354,5.37,-26.92,-17.39,24.67,원문그래프직접,2._2025년_1월중_부산지역_신설법인_현황_조사_보고서.pdf,본문 서술 비중 일부와 그래프 개체수가 불일치하여 그래프 개체수와 월총계를 우선 사용.
202501,행정구,금정구,13,354,3.67,-35.0,-40.91,15.67,원문그래프직접,2._2025년_1월중_부산지역_신설법인_현황_조사_보고서.pdf,본문 서술 비중 일부와 그래프 개체수가 불일치하여 그래프 개체수와 월총계를 우선 사용.
202501,행정구,동구,14,354,3.95,40.0,-36.36,17.0,원문그래프직접,2._2025년_1월중_부산지역_신설법인_현황_조사_보고서.pdf,본문 서술 비중 일부와 그래프 개체수가 불일치하여 그래프 개체수와 월총계를 우선 사용.
202501,행정구,사하구,10,354,2.82,-56.52,-50.0,22.0,원문그래프직접,2._2025년_1월중_부산지역_신설법인_현황_조사_보고서.pdf,본문 서술 비중 일부와 그래프 개체수가 불일치하여 그래프 개체수와 월총계를 우선 사용.
202501,행정구,북구,15,354,4.24,36.36,0.0,11.33,원문그래프직접,2._2025년_1월중_부산지역_신설법인_현황_조사_보고서.pdf,본문 서술 비중 일부와 그래프 개체수가 불일치하여 그래프 개체수와 월총계를 우선 사용.
202501,행정구,중구,11,354,3.11,-15.38,-26.67,13.67,원문그래프직접,2._2025년_1월중_부산지역_신설법인_현황_조사_보고서.pdf,본문 서술 비중 일부와 그래프 개체수가 불일치하여 그래프 개체수와 월총계를 우선 사용.
202501,행정구,서구,3,354,0.85,-62.5,-70.0,4.67,원문그래프직접,2._2025년_1월중_부산지역_신설법인_현황_조사_보고서.pdf,본문 서술 비중 일부와 그래프 개체수가 불일치하여 그래프 개체수와 월총계를 우선 사용.
202501,행정구,영도구,6,354,1.69,-25.0,0.0,7.67,원문그래프직접,2._2025년_1월중_부산지역_신설법인_현황_조사_보고서.pdf,본문 서술 비중 일부와 그래프 개체수가 불일치하여 그래프 개체수와 월총계를 우선 사용.
202502,행정구,강서구,45,371,12.13,-11.76,0.0,51.33,비중역산_합계검증,2._2025년_2월중_부산지역_신설법인_현황_조사_보고서.pdf,원문에 기재된 구군 비중을 월총계에 역산해 정수 개체수로 복원했으며 16개 구군 합계가 월총계와 일치함.
202502,행정구,해운대구,57,371,15.36,26.67,0.0,51.33,비중역산_합계검증,2._2025년_2월중_부산지역_신설법인_현황_조사_보고서.pdf,원문에 기재된 구군 비중을 월총계에 역산해 정수 개체수로 복원했으며 16개 구군 합계가 월총계와 일치함.
202502,행정구,부산진구,30,371,8.09,11.11,3.45,30.67,비중역산_합계검증,2._2025년_2월중_부산지역_신설법인_현황_조사_보고서.pdf,원문에 기재된 구군 비중을 월총계에 역산해 정수 개체수로 복원했으며 16개 구군 합계가 월총계와 일치함.
202502,행정구,기장군,27,371,7.28,-6.9,28.57,25.33,비중역산_합계검증,2._2025년_2월중_부산지역_신설법인_현황_조사_보고서.pdf,원문에 기재된 구군 비중을 월총계에 역산해 정수 개체수로 복원했으며 16개 구군 합계가 월총계와 일치함.
202502,행정구,남구,19,371,5.12,-26.92,-9.52,24.33,비중역산_합계검증,2._2025년_2월중_부산지역_신설법인_현황_조사_보고서.pdf,원문에 기재된 구군 비중을 월총계에 역산해 정수 개체수로 복원했으며 16개 구군 합계가 월총계와 일치함.
202502,행정구,동래구,19,371,5.12,0.0,5.56,20.67,비중역산_합계검증,2._2025년_2월중_부산지역_신설법인_현황_조사_보고서.pdf,원문에 기재된 구군 비중을 월총계에 역산해 정수 개체수로 복원했으며 16개 구군 합계가 월총계와 일치함.
202502,행정구,수영구,41,371,11.05,-25.45,173.33,36.67,비중역산_합계검증,2._2025년_2월중_부산지역_신설법인_현황_조사_보고서.pdf,원문에 기재된 구군 비중을 월총계에 역산해 정수 개체수로 복원했으며 16개 구군 합계가 월총계와 일치함.
202502,행정구,연제구,17,371,4.58,54.55,-32.0,14.0,비중역산_합계검증,2._2025년_2월중_부산지역_신설법인_현황_조사_보고서.pdf,원문에 기재된 구군 비중을 월총계에 역산해 정수 개체수로 복원했으며 16개 구군 합계가 월총계와 일치함.
202502,행정구,사상구,19,371,5.12,0.0,35.71,21.33,비중역산_합계검증,2._2025년_2월중_부산지역_신설법인_현황_조사_보고서.pdf,원문에 기재된 구군 비중을 월총계에 역산해 정수 개체수로 복원했으며 16개 구군 합계가 월총계와 일치함.
202502,행정구,금정구,21,371,5.66,61.54,16.67,18.0,비중역산_합계검증,2._2025년_2월중_부산지역_신설법인_현황_조사_보고서.pdf,원문에 기재된 구군 비중을 월총계에 역산해 정수 개체수로 복원했으며 16개 구군 합계가 월총계와 일치함.
202502,행정구,동구,15,371,4.04,7.14,-11.76,13.0,비중역산_합계검증,2._2025년_2월중_부산지역_신설법인_현황_조사_보고서.pdf,원문에 기재된 구군 비중을 월총계에 역산해 정수 개체수로 복원했으며 16개 구군 합계가 월총계와 일치함.
202502,행정구,사하구,22,371,5.93,120.0,29.41,18.33,비중역산_합계검증,2._2025년_2월중_부산지역_신설법인_현황_조사_보고서.pdf,원문에 기재된 구군 비중을 월총계에 역산해 정수 개체수로 복원했으며 16개 구군 합계가 월총계와 일치함.
202502,행정구,북구,18,371,4.85,20.0,63.64,14.67,비중역산_합계검증,2._2025년_2월중_부산지역_신설법인_현황_조사_보고서.pdf,원문에 기재된 구군 비중을 월총계에 역산해 정수 개체수로 복원했으며 16개 구군 합계가 월총계와 일치함.
202502,행정구,중구,10,371,2.7,-9.09,25.0,11.33,비중역산_합계검증,2._2025년_2월중_부산지역_신설법인_현황_조사_보고서.pdf,원문에 기재된 구군 비중을 월총계에 역산해 정수 개체수로 복원했으며 16개 구군 합계가 월총계와 일치함.
202502,행정구,서구,8,371,2.16,166.67,100.0,6.33,비중역산_합계검증,2._2025년_2월중_부산지역_신설법인_현황_조사_보고서.pdf,원문에 기재된 구군 비중을 월총계에 역산해 정수 개체수로 복원했으며 16개 구군 합계가 월총계와 일치함.
202502,행정구,영도구,3,371,0.81,-50.0,-57.14,5.67,비중역산_합계검증,2._2025년_2월중_부산지역_신설법인_현황_조사_보고서.pdf,원문에 기재된 구군 비중을 월총계에 역산해 정수 개체수로 복원했으며 16개 구군 합계가 월총계와 일치함.
202503,행정구,강서구,30,328,9.15,-33.33,-23.08,42.0,비중역산_합계검증,2._2025년_3월중_부산지역_신설법인_현황_조사_보고서.pdf,원문에 기재된 구군 비중을 월총계에 역산해 정수 개체수로 복원했으며 16개 구군 합계가 월총계와 일치함.
202503,행정구,해운대구,41,328,12.5,-28.07,-45.33,47.67,비중역산_합계검증,2._2025년_3월중_부산지역_신설법인_현황_조사_보고서.pdf,원문에 기재된 구군 비중을 월총계에 역산해 정수 개체수로 복원했으며 16개 구군 합계가 월총계와 일치함.
202503,행정구,부산진구,23,328,7.01,-23.33,-41.03,26.67,비중역산_합계검증,2._2025년_3월중_부산지역_신설법인_현황_조사_보고서.pdf,원문에 기재된 구군 비중을 월총계에 역산해 정수 개체수로 복원했으며 16개 구군 합계가 월총계와 일치함.
202503,행정구,기장군,13,328,3.96,-51.85,-13.33,23.0,비중역산_합계검증,2._2025년_3월중_부산지역_신설법인_현황_조사_보고서.pdf,원문에 기재된 구군 비중을 월총계에 역산해 정수 개체수로 복원했으며 16개 구군 합계가 월총계와 일치함.
202503,행정구,남구,24,328,7.32,26.32,0.0,23.0,비중역산_합계검증,2._2025년_3월중_부산지역_신설법인_현황_조사_보고서.pdf,원문에 기재된 구군 비중을 월총계에 역산해 정수 개체수로 복원했으며 16개 구군 합계가 월총계와 일치함.
202503,행정구,동래구,17,328,5.18,-10.53,-34.62,18.33,비중역산_합계검증,2._2025년_3월중_부산지역_신설법인_현황_조사_보고서.pdf,원문에 기재된 구군 비중을 월총계에 역산해 정수 개체수로 복원했으며 16개 구군 합계가 월총계와 일치함.
202503,행정구,수영구,71,328,21.65,73.17,407.14,55.67,비중역산_합계검증,2._2025년_3월중_부산지역_신설법인_현황_조사_보고서.pdf,원문에 기재된 구군 비중을 월총계에 역산해 정수 개체수로 복원했으며 16개 구군 합계가 월총계와 일치함.
202503,행정구,연제구,16,328,4.88,-5.88,-15.79,14.67,비중역산_합계검증,2._2025년_3월중_부산지역_신설법인_현황_조사_보고서.pdf,원문에 기재된 구군 비중을 월총계에 역산해 정수 개체수로 복원했으며 16개 구군 합계가 월총계와 일치함.
202503,행정구,사상구,19,328,5.79,0.0,18.75,19.0,비중역산_합계검증,2._2025년_3월중_부산지역_신설법인_현황_조사_보고서.pdf,원문에 기재된 구군 비중을 월총계에 역산해 정수 개체수로 복원했으며 16개 구군 합계가 월총계와 일치함.
202503,행정구,금정구,16,328,4.88,-23.81,14.29,16.67,비중역산_합계검증,2._2025년_3월중_부산지역_신설법인_현황_조사_보고서.pdf,원문에 기재된 구군 비중을 월총계에 역산해 정수 개체수로 복원했으며 16개 구군 합계가 월총계와 일치함.
202503,행정구,동구,12,328,3.66,-20.0,-25.0,13.67,비중역산_합계검증,2._2025년_3월중_부산지역_신설법인_현황_조사_보고서.pdf,원문에 기재된 구군 비중을 월총계에 역산해 정수 개체수로 복원했으며 16개 구군 합계가 월총계와 일치함.
202503,행정구,사하구,15,328,4.57,-31.82,-34.78,15.67,비중역산_합계검증,2._2025년_3월중_부산지역_신설법인_현황_조사_보고서.pdf,원문에 기재된 구군 비중을 월총계에 역산해 정수 개체수로 복원했으며 16개 구군 합계가 월총계와 일치함.
202503,행정구,북구,12,328,3.66,-33.33,-14.29,15.0,비중역산_합계검증,2._2025년_3월중_부산지역_신설법인_현황_조사_보고서.pdf,원문에 기재된 구군 비중을 월총계에 역산해 정수 개체수로 복원했으며 16개 구군 합계가 월총계와 일치함.
202503,행정구,중구,10,328,3.05,0.0,0.0,10.33,비중역산_합계검증,2._2025년_3월중_부산지역_신설법인_현황_조사_보고서.pdf,원문에 기재된 구군 비중을 월총계에 역산해 정수 개체수로 복원했으며 16개 구군 합계가 월총계와 일치함.
202503,행정구,서구,3,328,0.91,-62.5,-76.92,4.67,비중역산_합계검증,2._2025년_3월중_부산지역_신설법인_현황_조사_보고서.pdf,원문에 기재된 구군 비중을 월총계에 역산해 정수 개체수로 복원했으며 16개 구군 합계가 월총계와 일치함.
202503,행정구,영도구,6,328,1.83,100.0,-33.33,5.0,비중역산_합계검증,2._2025년_3월중_부산지역_신설법인_현황_조사_보고서.pdf,원문에 기재된 구군 비중을 월총계에 역산해 정수 개체수로 복원했으며 16개 구군 합계가 월총계와 일치함.
202504,행정구,강서구,35,335,10.45,16.67,-23.91,36.67,원문그래프직접,2._2025년_4월중_부산지역_신설법인_현황_조사_보고서.pdf,본문 서술 비중 일부와 그래프 개체수가 불일치하여 그래프 개체수와 월총계를 우선 사용.
202504,행정구,해운대구,58,335,17.31,41.46,18.37,52.0,원문그래프직접,2._2025년_4월중_부산지역_신설법인_현황_조사_보고서.pdf,본문 서술 비중 일부와 그래프 개체수가 불일치하여 그래프 개체수와 월총계를 우선 사용.
202504,행정구,부산진구,27,335,8.06,17.39,-50.0,26.67,원문그래프직접,2._2025년_4월중_부산지역_신설법인_현황_조사_보고서.pdf,본문 서술 비중 일부와 그래프 개체수가 불일치하여 그래프 개체수와 월총계를 우선 사용.
202504,행정구,기장군,16,335,4.78,23.08,-15.79,18.67,원문그래프직접,2._2025년_4월중_부산지역_신설법인_현황_조사_보고서.pdf,본문 서술 비중 일부와 그래프 개체수가 불일치하여 그래프 개체수와 월총계를 우선 사용.
202504,행정구,남구,25,335,7.46,4.17,0.0,22.67,원문그래프직접,2._2025년_4월중_부산지역_신설법인_현황_조사_보고서.pdf,본문 서술 비중 일부와 그래프 개체수가 불일치하여 그래프 개체수와 월총계를 우선 사용.
202504,행정구,동래구,27,335,8.06,58.82,200.0,21.0,원문그래프직접,2._2025년_4월중_부산지역_신설법인_현황_조사_보고서.pdf,본문 서술 비중 일부와 그래프 개체수가 불일치하여 그래프 개체수와 월총계를 우선 사용.
202504,행정구,수영구,19,335,5.67,-73.24,-17.39,43.67,원문그래프직접,2._2025년_4월중_부산지역_신설법인_현황_조사_보고서.pdf,본문 서술 비중 일부와 그래프 개체수가 불일치하여 그래프 개체수와 월총계를 우선 사용.
202504,행정구,연제구,15,335,4.48,-6.25,-21.05,16.0,원문그래프직접,2._2025년_4월중_부산지역_신설법인_현황_조사_보고서.pdf,본문 서술 비중 일부와 그래프 개체수가 불일치하여 그래프 개체수와 월총계를 우선 사용.
202504,행정구,사상구,14,335,4.18,-26.32,-26.32,17.33,원문그래프직접,2._2025년_4월중_부산지역_신설법인_현황_조사_보고서.pdf,본문 서술 비중 일부와 그래프 개체수가 불일치하여 그래프 개체수와 월총계를 우선 사용.
202504,행정구,금정구,18,335,5.37,12.5,-28.0,18.33,원문그래프직접,2._2025년_4월중_부산지역_신설법인_현황_조사_보고서.pdf,본문 서술 비중 일부와 그래프 개체수가 불일치하여 그래프 개체수와 월총계를 우선 사용.
202504,행정구,동구,19,335,5.67,58.33,-26.92,15.33,원문그래프직접,2._2025년_4월중_부산지역_신설법인_현황_조사_보고서.pdf,본문 서술 비중 일부와 그래프 개체수가 불일치하여 그래프 개체수와 월총계를 우선 사용.
202504,행정구,사하구,23,335,6.87,53.33,35.29,20.0,원문그래프직접,2._2025년_4월중_부산지역_신설법인_현황_조사_보고서.pdf,본문 서술 비중 일부와 그래프 개체수가 불일치하여 그래프 개체수와 월총계를 우선 사용.
202504,행정구,북구,7,335,2.09,-41.67,-50.0,12.33,원문그래프직접,2._2025년_4월중_부산지역_신설법인_현황_조사_보고서.pdf,본문 서술 비중 일부와 그래프 개체수가 불일치하여 그래프 개체수와 월총계를 우선 사용.
202504,행정구,중구,16,335,4.78,60.0,0.0,12.0,원문그래프직접,2._2025년_4월중_부산지역_신설법인_현황_조사_보고서.pdf,본문 서술 비중 일부와 그래프 개체수가 불일치하여 그래프 개체수와 월총계를 우선 사용.
202504,행정구,서구,10,335,2.99,233.33,400.0,7.0,원문그래프직접,2._2025년_4월중_부산지역_신설법인_현황_조사_보고서.pdf,본문 서술 비중 일부와 그래프 개체수가 불일치하여 그래프 개체수와 월총계를 우선 사용.
202504,행정구,영도구,6,335,1.79,0.0,-33.33,5.0,원문그래프직접,2._2025년_4월중_부산지역_신설법인_현황_조사_보고서.pdf,본문 서술 비중 일부와 그래프 개체수가 불일치하여 그래프 개체수와 월총계를 우선 사용.
202505,행정구,강서구,45,367,12.26,28.57,-4.26,36.67,비중역산_합계검증,2._2025년_5월중_부산지역_신설법인_현황_조사_보고서.pdf,원문에 기재된 구군 비중을 월총계에 역산해 정수 개체수로 복원했으며 16개 구군 합계가 월총계와 일치함.
202505,행정구,해운대구,47,367,12.81,-18.97,-31.88,48.67,비중역산_합계검증,2._2025년_5월중_부산지역_신설법인_현황_조사_보고서.pdf,원문에 기재된 구군 비중을 월총계에 역산해 정수 개체수로 복원했으며 16개 구군 합계가 월총계와 일치함.
202505,행정구,부산진구,45,367,12.26,66.67,32.35,31.67,비중역산_합계검증,2._2025년_5월중_부산지역_신설법인_현황_조사_보고서.pdf,원문에 기재된 구군 비중을 월총계에 역산해 정수 개체수로 복원했으며 16개 구군 합계가 월총계와 일치함.
202505,행정구,기장군,14,367,3.81,-12.5,-6.67,14.33,비중역산_합계검증,2._2025년_5월중_부산지역_신설법인_현황_조사_보고서.pdf,원문에 기재된 구군 비중을 월총계에 역산해 정수 개체수로 복원했으며 16개 구군 합계가 월총계와 일치함.
202505,행정구,남구,39,367,10.63,56.0,85.71,29.33,비중역산_합계검증,2._2025년_5월중_부산지역_신설법인_현황_조사_보고서.pdf,원문에 기재된 구군 비중을 월총계에 역산해 정수 개체수로 복원했으며 16개 구군 합계가 월총계와 일치함.
202505,행정구,동래구,29,367,7.9,7.41,31.82,24.33,비중역산_합계검증,2._2025년_5월중_부산지역_신설법인_현황_조사_보고서.pdf,원문에 기재된 구군 비중을 월총계에 역산해 정수 개체수로 복원했으며 16개 구군 합계가 월총계와 일치함.
202505,행정구,수영구,32,367,8.72,68.42,77.78,40.67,비중역산_합계검증,2._2025년_5월중_부산지역_신설법인_현황_조사_보고서.pdf,원문에 기재된 구군 비중을 월총계에 역산해 정수 개체수로 복원했으며 16개 구군 합계가 월총계와 일치함.
202505,행정구,연제구,20,367,5.45,33.33,-13.04,17.0,비중역산_합계검증,2._2025년_5월중_부산지역_신설법인_현황_조사_보고서.pdf,원문에 기재된 구군 비중을 월총계에 역산해 정수 개체수로 복원했으며 16개 구군 합계가 월총계와 일치함.
202505,행정구,사상구,18,367,4.9,28.57,12.5,17.0,비중역산_합계검증,2._2025년_5월중_부산지역_신설법인_현황_조사_보고서.pdf,원문에 기재된 구군 비중을 월총계에 역산해 정수 개체수로 복원했으며 16개 구군 합계가 월총계와 일치함.
202505,행정구,금정구,20,367,5.45,11.11,-20.0,18.0,비중역산_합계검증,2._2025년_5월중_부산지역_신설법인_현황_조사_보고서.pdf,원문에 기재된 구군 비중을 월총계에 역산해 정수 개체수로 복원했으며 16개 구군 합계가 월총계와 일치함.
202505,행정구,동구,11,367,3.0,-42.11,-50.0,14.0,비중역산_합계검증,2._2025년_5월중_부산지역_신설법인_현황_조사_보고서.pdf,원문에 기재된 구군 비중을 월총계에 역산해 정수 개체수로 복원했으며 16개 구군 합계가 월총계와 일치함.
202505,행정구,사하구,17,367,4.63,-26.09,6.25,18.33,비중역산_합계검증,2._2025년_5월중_부산지역_신설법인_현황_조사_보고서.pdf,원문에 기재된 구군 비중을 월총계에 역산해 정수 개체수로 복원했으며 16개 구군 합계가 월총계와 일치함.
202505,행정구,북구,7,367,1.91,0.0,-36.36,8.67,비중역산_합계검증,2._2025년_5월중_부산지역_신설법인_현황_조사_보고서.pdf,원문에 기재된 구군 비중을 월총계에 역산해 정수 개체수로 복원했으며 16개 구군 합계가 월총계와 일치함.
202505,행정구,중구,12,367,3.27,-25.0,20.0,12.67,비중역산_합계검증,2._2025년_5월중_부산지역_신설법인_현황_조사_보고서.pdf,원문에 기재된 구군 비중을 월총계에 역산해 정수 개체수로 복원했으며 16개 구군 합계가 월총계와 일치함.
202505,행정구,서구,6,367,1.63,-40.0,0.0,6.33,비중역산_합계검증,2._2025년_5월중_부산지역_신설법인_현황_조사_보고서.pdf,원문에 기재된 구군 비중을 월총계에 역산해 정수 개체수로 복원했으며 16개 구군 합계가 월총계와 일치함.
202505,행정구,영도구,5,367,1.36,-16.67,0.0,5.67,비중역산_합계검증,2._2025년_5월중_부산지역_신설법인_현황_조사_보고서.pdf,원문에 기재된 구군 비중을 월총계에 역산해 정수 개체수로 복원했으며 16개 구군 합계가 월총계와 일치함.
202506,행정구,강서구,41,367,11.17,-8.89,13.89,40.33,원문그래프직접,2._2025년_상반기_및_6월_부산지역_신설법인_현황_조사_보고서.pdf,본문 서술 비중 일부와 그래프 개체수가 불일치하여 그래프 개체수와 월총계를 우선 사용.
202506,행정구,해운대구,48,367,13.08,2.13,-21.31,51.0,원문그래프직접,2._2025년_상반기_및_6월_부산지역_신설법인_현황_조사_보고서.pdf,본문 서술 비중 일부와 그래프 개체수가 불일치하여 그래프 개체수와 월총계를 우선 사용.
202506,행정구,부산진구,29,367,7.9,-35.56,7.41,33.67,원문그래프직접,2._2025년_상반기_및_6월_부산지역_신설법인_현황_조사_보고서.pdf,본문 서술 비중 일부와 그래프 개체수가 불일치하여 그래프 개체수와 월총계를 우선 사용.
202506,행정구,기장군,19,367,5.18,35.71,-17.39,16.33,원문그래프직접,2._2025년_상반기_및_6월_부산지역_신설법인_현황_조사_보고서.pdf,본문 서술 비중 일부와 그래프 개체수가 불일치하여 그래프 개체수와 월총계를 우선 사용.
202506,행정구,남구,21,367,5.72,-46.15,-32.26,28.33,원문그래프직접,2._2025년_상반기_및_6월_부산지역_신설법인_현황_조사_보고서.pdf,본문 서술 비중 일부와 그래프 개체수가 불일치하여 그래프 개체수와 월총계를 우선 사용.
202506,행정구,동래구,22,367,5.99,-24.14,0.0,26.0,원문그래프직접,2._2025년_상반기_및_6월_부산지역_신설법인_현황_조사_보고서.pdf,본문 서술 비중 일부와 그래프 개체수가 불일치하여 그래프 개체수와 월총계를 우선 사용.
202506,행정구,수영구,47,367,12.81,46.88,291.67,32.67,원문그래프직접,2._2025년_상반기_및_6월_부산지역_신설법인_현황_조사_보고서.pdf,본문 서술 비중 일부와 그래프 개체수가 불일치하여 그래프 개체수와 월총계를 우선 사용.
202506,행정구,연제구,34,367,9.26,70.0,78.95,23.0,원문그래프직접,2._2025년_상반기_및_6월_부산지역_신설법인_현황_조사_보고서.pdf,본문 서술 비중 일부와 그래프 개체수가 불일치하여 그래프 개체수와 월총계를 우선 사용.
202506,행정구,사상구,15,367,4.09,-16.67,0.0,15.67,원문그래프직접,2._2025년_상반기_및_6월_부산지역_신설법인_현황_조사_보고서.pdf,본문 서술 비중 일부와 그래프 개체수가 불일치하여 그래프 개체수와 월총계를 우선 사용.
202506,행정구,금정구,15,367,4.09,-25.0,0.0,17.67,원문그래프직접,2._2025년_상반기_및_6월_부산지역_신설법인_현황_조사_보고서.pdf,본문 서술 비중 일부와 그래프 개체수가 불일치하여 그래프 개체수와 월총계를 우선 사용.
202506,행정구,동구,19,367,5.18,72.73,35.71,16.33,원문그래프직접,2._2025년_상반기_및_6월_부산지역_신설법인_현황_조사_보고서.pdf,본문 서술 비중 일부와 그래프 개체수가 불일치하여 그래프 개체수와 월총계를 우선 사용.
202506,행정구,사하구,8,367,2.18,-52.94,-20.0,16.0,원문그래프직접,2._2025년_상반기_및_6월_부산지역_신설법인_현황_조사_보고서.pdf,본문 서술 비중 일부와 그래프 개체수가 불일치하여 그래프 개체수와 월총계를 우선 사용.
202506,행정구,북구,19,367,5.18,171.43,171.43,11.0,원문그래프직접,2._2025년_상반기_및_6월_부산지역_신설법인_현황_조사_보고서.pdf,본문 서술 비중 일부와 그래프 개체수가 불일치하여 그래프 개체수와 월총계를 우선 사용.
202506,행정구,중구,17,367,4.63,41.67,30.77,15.0,원문그래프직접,2._2025년_상반기_및_6월_부산지역_신설법인_현황_조사_보고서.pdf,본문 서술 비중 일부와 그래프 개체수가 불일치하여 그래프 개체수와 월총계를 우선 사용.
202506,행정구,서구,9,367,2.45,50.0,800.0,8.33,원문그래프직접,2._2025년_상반기_및_6월_부산지역_신설법인_현황_조사_보고서.pdf,본문 서술 비중 일부와 그래프 개체수가 불일치하여 그래프 개체수와 월총계를 우선 사용.
202506,행정구,영도구,4,367,1.09,-20.0,-63.64,5.0,원문그래프직접,2._2025년_상반기_및_6월_부산지역_신설법인_현황_조사_보고서.pdf,본문 서술 비중 일부와 그래프 개체수가 불일치하여 그래프 개체수와 월총계를 우선 사용.
202507,행정구,강서구,47,453,10.38,14.63,-16.07,44.33,비중역산_합계검증,2._2025년_7월중_부산지역_신설법인_현황_조사_보고서.pdf,원문에 기재된 구군 비중을 월총계에 역산해 정수 개체수로 복원했으며 16개 구군 합계가 월총계와 일치함.
202507,행정구,해운대구,73,453,16.11,52.08,7.35,56.0,비중역산_합계검증,2._2025년_7월중_부산지역_신설법인_현황_조사_보고서.pdf,원문에 기재된 구군 비중을 월총계에 역산해 정수 개체수로 복원했으며 16개 구군 합계가 월총계와 일치함.
202507,행정구,부산진구,36,453,7.95,24.14,-2.7,36.67,비중역산_합계검증,2._2025년_7월중_부산지역_신설법인_현황_조사_보고서.pdf,원문에 기재된 구군 비중을 월총계에 역산해 정수 개체수로 복원했으며 16개 구군 합계가 월총계와 일치함.
202507,행정구,기장군,23,453,5.08,21.05,-14.81,18.67,비중역산_합계검증,2._2025년_7월중_부산지역_신설법인_현황_조사_보고서.pdf,원문에 기재된 구군 비중을 월총계에 역산해 정수 개체수로 복원했으며 16개 구군 합계가 월총계와 일치함.
202507,행정구,남구,22,453,4.86,4.76,10.0,27.33,비중역산_합계검증,2._2025년_7월중_부산지역_신설법인_현황_조사_보고서.pdf,원문에 기재된 구군 비중을 월총계에 역산해 정수 개체수로 복원했으며 16개 구군 합계가 월총계와 일치함.
202507,행정구,동래구,21,453,4.64,-4.55,-34.38,24.0,비중역산_합계검증,2._2025년_7월중_부산지역_신설법인_현황_조사_보고서.pdf,원문에 기재된 구군 비중을 월총계에 역산해 정수 개체수로 복원했으며 16개 구군 합계가 월총계와 일치함.
202507,행정구,수영구,37,453,8.17,-21.28,54.17,38.67,비중역산_합계검증,2._2025년_7월중_부산지역_신설법인_현황_조사_보고서.pdf,원문에 기재된 구군 비중을 월총계에 역산해 정수 개체수로 복원했으며 16개 구군 합계가 월총계와 일치함.
202507,행정구,연제구,23,453,5.08,-32.35,9.52,25.67,비중역산_합계검증,2._2025년_7월중_부산지역_신설법인_현황_조사_보고서.pdf,원문에 기재된 구군 비중을 월총계에 역산해 정수 개체수로 복원했으며 16개 구군 합계가 월총계와 일치함.
202507,행정구,사상구,24,453,5.3,60.0,166.67,19.0,비중역산_합계검증,2._2025년_7월중_부산지역_신설법인_현황_조사_보고서.pdf,원문에 기재된 구군 비중을 월총계에 역산해 정수 개체수로 복원했으며 16개 구군 합계가 월총계와 일치함.
202507,행정구,금정구,28,453,6.18,86.67,21.74,21.0,비중역산_합계검증,2._2025년_7월중_부산지역_신설법인_현황_조사_보고서.pdf,원문에 기재된 구군 비중을 월총계에 역산해 정수 개체수로 복원했으며 16개 구군 합계가 월총계와 일치함.
202507,행정구,동구,15,453,3.31,-21.05,-28.57,15.0,비중역산_합계검증,2._2025년_7월중_부산지역_신설법인_현황_조사_보고서.pdf,원문에 기재된 구군 비중을 월총계에 역산해 정수 개체수로 복원했으며 16개 구군 합계가 월총계와 일치함.
202507,행정구,사하구,21,453,4.64,162.5,-8.7,15.33,비중역산_합계검증,2._2025년_7월중_부산지역_신설법인_현황_조사_보고서.pdf,원문에 기재된 구군 비중을 월총계에 역산해 정수 개체수로 복원했으며 16개 구군 합계가 월총계와 일치함.
202507,행정구,북구,51,453,11.26,168.42,292.31,25.67,비중역산_합계검증,2._2025년_7월중_부산지역_신설법인_현황_조사_보고서.pdf,원문에 기재된 구군 비중을 월총계에 역산해 정수 개체수로 복원했으며 16개 구군 합계가 월총계와 일치함.
202507,행정구,중구,15,453,3.31,-11.76,7.14,14.67,비중역산_합계검증,2._2025년_7월중_부산지역_신설법인_현황_조사_보고서.pdf,원문에 기재된 구군 비중을 월총계에 역산해 정수 개체수로 복원했으며 16개 구군 합계가 월총계와 일치함.
202507,행정구,서구,9,453,1.99,0.0,125.0,8.0,비중역산_합계검증,2._2025년_7월중_부산지역_신설법인_현황_조사_보고서.pdf,원문에 기재된 구군 비중을 월총계에 역산해 정수 개체수로 복원했으며 16개 구군 합계가 월총계와 일치함.
202507,행정구,영도구,8,453,1.77,100.0,60.0,5.67,비중역산_합계검증,2._2025년_7월중_부산지역_신설법인_현황_조사_보고서.pdf,원문에 기재된 구군 비중을 월총계에 역산해 정수 개체수로 복원했으며 16개 구군 합계가 월총계와 일치함.
202508,행정구,강서구,44,363,12.12,-6.38,37.5,44.0,비중역산_합계검증,2._2025년_8월중_부산지역_신설법인_현황_조사_보고서.pdf,원문에 기재된 구군 비중을 월총계에 역산해 정수 개체수로 복원했으며 16개 구군 합계가 월총계와 일치함.
202508,행정구,해운대구,48,363,13.22,-34.25,-7.69,56.33,비중역산_합계검증,2._2025년_8월중_부산지역_신설법인_현황_조사_보고서.pdf,원문에 기재된 구군 비중을 월총계에 역산해 정수 개체수로 복원했으며 16개 구군 합계가 월총계와 일치함.
202508,행정구,부산진구,25,363,6.89,-30.56,-24.24,30.0,비중역산_합계검증,2._2025년_8월중_부산지역_신설법인_현황_조사_보고서.pdf,원문에 기재된 구군 비중을 월총계에 역산해 정수 개체수로 복원했으며 16개 구군 합계가 월총계와 일치함.
202508,행정구,기장군,21,363,5.79,-8.7,23.53,21.0,비중역산_합계검증,2._2025년_8월중_부산지역_신설법인_현황_조사_보고서.pdf,원문에 기재된 구군 비중을 월총계에 역산해 정수 개체수로 복원했으며 16개 구군 합계가 월총계와 일치함.
202508,행정구,남구,17,363,4.68,-22.73,-19.05,20.0,비중역산_합계검증,2._2025년_8월중_부산지역_신설법인_현황_조사_보고서.pdf,원문에 기재된 구군 비중을 월총계에 역산해 정수 개체수로 복원했으며 16개 구군 합계가 월총계와 일치함.
202508,행정구,동래구,30,363,8.26,42.86,66.67,24.33,비중역산_합계검증,2._2025년_8월중_부산지역_신설법인_현황_조사_보고서.pdf,원문에 기재된 구군 비중을 월총계에 역산해 정수 개체수로 복원했으며 16개 구군 합계가 월총계와 일치함.
202508,행정구,수영구,28,363,7.71,-24.32,100.0,37.33,비중역산_합계검증,2._2025년_8월중_부산지역_신설법인_현황_조사_보고서.pdf,원문에 기재된 구군 비중을 월총계에 역산해 정수 개체수로 복원했으며 16개 구군 합계가 월총계와 일치함.
202508,행정구,연제구,23,363,6.34,0.0,53.33,26.67,비중역산_합계검증,2._2025년_8월중_부산지역_신설법인_현황_조사_보고서.pdf,원문에 기재된 구군 비중을 월총계에 역산해 정수 개체수로 복원했으며 16개 구군 합계가 월총계와 일치함.
202508,행정구,사상구,20,363,5.51,-16.67,33.33,19.67,비중역산_합계검증,2._2025년_8월중_부산지역_신설법인_현황_조사_보고서.pdf,원문에 기재된 구군 비중을 월총계에 역산해 정수 개체수로 복원했으며 16개 구군 합계가 월총계와 일치함.
202508,행정구,금정구,17,363,4.68,-39.29,-15.0,20.0,비중역산_합계검증,2._2025년_8월중_부산지역_신설법인_현황_조사_보고서.pdf,원문에 기재된 구군 비중을 월총계에 역산해 정수 개체수로 복원했으며 16개 구군 합계가 월총계와 일치함.
202508,행정구,동구,9,363,2.48,-40.0,-47.06,14.33,비중역산_합계검증,2._2025년_8월중_부산지역_신설법인_현황_조사_보고서.pdf,원문에 기재된 구군 비중을 월총계에 역산해 정수 개체수로 복원했으며 16개 구군 합계가 월총계와 일치함.
202508,행정구,사하구,17,363,4.68,-19.05,-10.53,15.33,비중역산_합계검증,2._2025년_8월중_부산지역_신설법인_현황_조사_보고서.pdf,원문에 기재된 구군 비중을 월총계에 역산해 정수 개체수로 복원했으며 16개 구군 합계가 월총계와 일치함.
202508,행정구,북구,37,363,10.19,-27.45,236.36,35.67,비중역산_합계검증,2._2025년_8월중_부산지역_신설법인_현황_조사_보고서.pdf,원문에 기재된 구군 비중을 월총계에 역산해 정수 개체수로 복원했으며 16개 구군 합계가 월총계와 일치함.
202508,행정구,중구,15,363,4.13,0.0,15.38,15.67,비중역산_합계검증,2._2025년_8월중_부산지역_신설법인_현황_조사_보고서.pdf,원문에 기재된 구군 비중을 월총계에 역산해 정수 개체수로 복원했으며 16개 구군 합계가 월총계와 일치함.
202508,행정구,서구,7,363,1.93,-22.22,16.67,8.33,비중역산_합계검증,2._2025년_8월중_부산지역_신설법인_현황_조사_보고서.pdf,원문에 기재된 구군 비중을 월총계에 역산해 정수 개체수로 복원했으며 16개 구군 합계가 월총계와 일치함.
202508,행정구,영도구,5,363,1.38,-37.5,-28.57,5.67,비중역산_합계검증,2._2025년_8월중_부산지역_신설법인_현황_조사_보고서.pdf,원문에 기재된 구군 비중을 월총계에 역산해 정수 개체수로 복원했으며 16개 구군 합계가 월총계와 일치함.
202509,행정구,강서구,62,392,15.82,40.91,93.75,51.0,비중역산_합계검증,2._2025년_9월중_부산지역_신설법인_현황_조사_보고서.pdf,원문에 기재된 구군 비중을 월총계에 역산해 정수 개체수로 복원했으며 16개 구군 합계가 월총계와 일치함.
202509,행정구,해운대구,55,392,14.03,14.58,14.58,58.67,비중역산_합계검증,2._2025년_9월중_부산지역_신설법인_현황_조사_보고서.pdf,원문에 기재된 구군 비중을 월총계에 역산해 정수 개체수로 복원했으며 16개 구군 합계가 월총계와 일치함.
202509,행정구,부산진구,40,392,10.2,60.0,150.0,33.67,비중역산_합계검증,2._2025년_9월중_부산지역_신설법인_현황_조사_보고서.pdf,원문에 기재된 구군 비중을 월총계에 역산해 정수 개체수로 복원했으며 16개 구군 합계가 월총계와 일치함.
202509,행정구,기장군,12,392,3.06,-42.86,-29.41,18.67,비중역산_합계검증,2._2025년_9월중_부산지역_신설법인_현황_조사_보고서.pdf,원문에 기재된 구군 비중을 월총계에 역산해 정수 개체수로 복원했으며 16개 구군 합계가 월총계와 일치함.
202509,행정구,남구,23,392,5.87,35.29,-23.33,20.67,비중역산_합계검증,2._2025년_9월중_부산지역_신설법인_현황_조사_보고서.pdf,원문에 기재된 구군 비중을 월총계에 역산해 정수 개체수로 복원했으며 16개 구군 합계가 월총계와 일치함.
202509,행정구,동래구,22,392,5.61,-26.67,-4.35,24.33,비중역산_합계검증,2._2025년_9월중_부산지역_신설법인_현황_조사_보고서.pdf,원문에 기재된 구군 비중을 월총계에 역산해 정수 개체수로 복원했으며 16개 구군 합계가 월총계와 일치함.
202509,행정구,수영구,28,392,7.14,0.0,64.71,31.0,비중역산_합계검증,2._2025년_9월중_부산지역_신설법인_현황_조사_보고서.pdf,원문에 기재된 구군 비중을 월총계에 역산해 정수 개체수로 복원했으며 16개 구군 합계가 월총계와 일치함.
202509,행정구,연제구,19,392,4.85,-17.39,18.75,21.67,비중역산_합계검증,2._2025년_9월중_부산지역_신설법인_현황_조사_보고서.pdf,원문에 기재된 구군 비중을 월총계에 역산해 정수 개체수로 복원했으며 16개 구군 합계가 월총계와 일치함.
202509,행정구,사상구,22,392,5.61,10.0,4.76,22.0,비중역산_합계검증,2._2025년_9월중_부산지역_신설법인_현황_조사_보고서.pdf,원문에 기재된 구군 비중을 월총계에 역산해 정수 개체수로 복원했으며 16개 구군 합계가 월총계와 일치함.
202509,행정구,금정구,21,392,5.36,23.53,162.5,22.0,비중역산_합계검증,2._2025년_9월중_부산지역_신설법인_현황_조사_보고서.pdf,원문에 기재된 구군 비중을 월총계에 역산해 정수 개체수로 복원했으며 16개 구군 합계가 월총계와 일치함.
202509,행정구,동구,18,392,4.59,100.0,157.14,14.0,비중역산_합계검증,2._2025년_9월중_부산지역_신설법인_현황_조사_보고서.pdf,원문에 기재된 구군 비중을 월총계에 역산해 정수 개체수로 복원했으며 16개 구군 합계가 월총계와 일치함.
202509,행정구,사하구,25,392,6.38,47.06,8.7,21.0,비중역산_합계검증,2._2025년_9월중_부산지역_신설법인_현황_조사_보고서.pdf,원문에 기재된 구군 비중을 월총계에 역산해 정수 개체수로 복원했으며 16개 구군 합계가 월총계와 일치함.
202509,행정구,북구,18,392,4.59,-51.35,63.64,35.33,비중역산_합계검증,2._2025년_9월중_부산지역_신설법인_현황_조사_보고서.pdf,원문에 기재된 구군 비중을 월총계에 역산해 정수 개체수로 복원했으며 16개 구군 합계가 월총계와 일치함.
202509,행정구,중구,16,392,4.08,6.67,220.0,15.33,비중역산_합계검증,2._2025년_9월중_부산지역_신설법인_현황_조사_보고서.pdf,원문에 기재된 구군 비중을 월총계에 역산해 정수 개체수로 복원했으며 16개 구군 합계가 월총계와 일치함.
202509,행정구,서구,3,392,0.77,-57.14,-25.0,6.33,비중역산_합계검증,2._2025년_9월중_부산지역_신설법인_현황_조사_보고서.pdf,원문에 기재된 구군 비중을 월총계에 역산해 정수 개체수로 복원했으며 16개 구군 합계가 월총계와 일치함.
202509,행정구,영도구,8,392,2.04,60.0,-27.27,7.0,비중역산_합계검증,2._2025년_9월중_부산지역_신설법인_현황_조사_보고서.pdf,원문에 기재된 구군 비중을 월총계에 역산해 정수 개체수로 복원했으며 16개 구군 합계가 월총계와 일치함.
202510,행정구,강서구,61,315,19.37,-1.61,52.5,55.67,비중역산_합계검증,2._2025년_10월중_부산지역_신설법인_현황_조사_보고서.pdf,원문에 기재된 구군 비중을 월총계에 역산해 정수 개체수로 복원했으며 16개 구군 합계가 월총계와 일치함.
202510,행정구,해운대구,34,315,10.79,-38.18,-33.33,45.67,비중역산_합계검증,2._2025년_10월중_부산지역_신설법인_현황_조사_보고서.pdf,원문에 기재된 구군 비중을 월총계에 역산해 정수 개체수로 복원했으며 16개 구군 합계가 월총계와 일치함.
202510,행정구,부산진구,35,315,11.11,-12.5,2.94,33.33,비중역산_합계검증,2._2025년_10월중_부산지역_신설법인_현황_조사_보고서.pdf,원문에 기재된 구군 비중을 월총계에 역산해 정수 개체수로 복원했으며 16개 구군 합계가 월총계와 일치함.
202510,행정구,기장군,15,315,4.76,25.0,-53.12,16.0,비중역산_합계검증,2._2025년_10월중_부산지역_신설법인_현황_조사_보고서.pdf,원문에 기재된 구군 비중을 월총계에 역산해 정수 개체수로 복원했으며 16개 구군 합계가 월총계와 일치함.
202510,행정구,남구,22,315,6.98,-4.35,-31.25,20.67,비중역산_합계검증,2._2025년_10월중_부산지역_신설법인_현황_조사_보고서.pdf,원문에 기재된 구군 비중을 월총계에 역산해 정수 개체수로 복원했으며 16개 구군 합계가 월총계와 일치함.
202510,행정구,동래구,12,315,3.81,-45.45,-53.85,21.33,비중역산_합계검증,2._2025년_10월중_부산지역_신설법인_현황_조사_보고서.pdf,원문에 기재된 구군 비중을 월총계에 역산해 정수 개체수로 복원했으며 16개 구군 합계가 월총계와 일치함.
202510,행정구,수영구,16,315,5.08,-42.86,-36.0,24.0,비중역산_합계검증,2._2025년_10월중_부산지역_신설법인_현황_조사_보고서.pdf,원문에 기재된 구군 비중을 월총계에 역산해 정수 개체수로 복원했으며 16개 구군 합계가 월총계와 일치함.
202510,행정구,연제구,16,315,5.08,-15.79,-38.46,19.33,비중역산_합계검증,2._2025년_10월중_부산지역_신설법인_현황_조사_보고서.pdf,원문에 기재된 구군 비중을 월총계에 역산해 정수 개체수로 복원했으며 16개 구군 합계가 월총계와 일치함.
202510,행정구,사상구,20,315,6.35,-9.09,17.65,20.67,비중역산_합계검증,2._2025년_10월중_부산지역_신설법인_현황_조사_보고서.pdf,원문에 기재된 구군 비중을 월총계에 역산해 정수 개체수로 복원했으며 16개 구군 합계가 월총계와 일치함.
202510,행정구,금정구,13,315,4.13,-38.1,-13.33,17.0,비중역산_합계검증,2._2025년_10월중_부산지역_신설법인_현황_조사_보고서.pdf,원문에 기재된 구군 비중을 월총계에 역산해 정수 개체수로 복원했으며 16개 구군 합계가 월총계와 일치함.
202510,행정구,동구,13,315,4.13,-27.78,-27.78,13.33,비중역산_합계검증,2._2025년_10월중_부산지역_신설법인_현황_조사_보고서.pdf,원문에 기재된 구군 비중을 월총계에 역산해 정수 개체수로 복원했으며 16개 구군 합계가 월총계와 일치함.
202510,행정구,사하구,18,315,5.71,-28.0,5.88,20.0,비중역산_합계검증,2._2025년_10월중_부산지역_신설법인_현황_조사_보고서.pdf,원문에 기재된 구군 비중을 월총계에 역산해 정수 개체수로 복원했으며 16개 구군 합계가 월총계와 일치함.
202510,행정구,북구,15,315,4.76,-16.67,50.0,23.33,비중역산_합계검증,2._2025년_10월중_부산지역_신설법인_현황_조사_보고서.pdf,원문에 기재된 구군 비중을 월총계에 역산해 정수 개체수로 복원했으며 16개 구군 합계가 월총계와 일치함.
202510,행정구,중구,11,315,3.49,-31.25,10.0,14.0,비중역산_합계검증,2._2025년_10월중_부산지역_신설법인_현황_조사_보고서.pdf,원문에 기재된 구군 비중을 월총계에 역산해 정수 개체수로 복원했으며 16개 구군 합계가 월총계와 일치함.
202510,행정구,서구,8,315,2.54,166.67,-27.27,6.0,비중역산_합계검증,2._2025년_10월중_부산지역_신설법인_현황_조사_보고서.pdf,원문에 기재된 구군 비중을 월총계에 역산해 정수 개체수로 복원했으며 16개 구군 합계가 월총계와 일치함.
202510,행정구,영도구,6,315,1.9,-25.0,-14.29,6.33,비중역산_합계검증,2._2025년_10월중_부산지역_신설법인_현황_조사_보고서.pdf,원문에 기재된 구군 비중을 월총계에 역산해 정수 개체수로 복원했으며 16개 구군 합계가 월총계와 일치함.
202511,행정구,강서구,31,346,8.96,-49.18,-16.22,51.33,비중역산_합계검증,2._2025년_11월중_부산지역_신설법인_현황_조사_보고서_F.pdf,원문에 기재된 구군 비중을 월총계에 역산해 정수 개체수로 복원했으며 16개 구군 합계가 월총계와 일치함.
202511,행정구,해운대구,46,346,13.29,35.29,-16.36,45.0,비중역산_합계검증,2._2025년_11월중_부산지역_신설법인_현황_조사_보고서_F.pdf,원문에 기재된 구군 비중을 월총계에 역산해 정수 개체수로 복원했으며 16개 구군 합계가 월총계와 일치함.
202511,행정구,부산진구,29,346,8.38,-17.14,-14.71,34.67,비중역산_합계검증,2._2025년_11월중_부산지역_신설법인_현황_조사_보고서_F.pdf,원문에 기재된 구군 비중을 월총계에 역산해 정수 개체수로 복원했으며 16개 구군 합계가 월총계와 일치함.
202511,행정구,기장군,26,346,7.51,73.33,44.44,17.67,비중역산_합계검증,2._2025년_11월중_부산지역_신설법인_현황_조사_보고서_F.pdf,원문에 기재된 구군 비중을 월총계에 역산해 정수 개체수로 복원했으며 16개 구군 합계가 월총계와 일치함.
202511,행정구,남구,20,346,5.78,-9.09,-28.57,21.67,비중역산_합계검증,2._2025년_11월중_부산지역_신설법인_현황_조사_보고서_F.pdf,원문에 기재된 구군 비중을 월총계에 역산해 정수 개체수로 복원했으며 16개 구군 합계가 월총계와 일치함.
202511,행정구,동래구,20,346,5.78,66.67,5.26,18.0,비중역산_합계검증,2._2025년_11월중_부산지역_신설법인_현황_조사_보고서_F.pdf,원문에 기재된 구군 비중을 월총계에 역산해 정수 개체수로 복원했으며 16개 구군 합계가 월총계와 일치함.
202511,행정구,수영구,31,346,8.96,93.75,121.43,25.0,비중역산_합계검증,2._2025년_11월중_부산지역_신설법인_현황_조사_보고서_F.pdf,원문에 기재된 구군 비중을 월총계에 역산해 정수 개체수로 복원했으며 16개 구군 합계가 월총계와 일치함.
202511,행정구,연제구,21,346,6.07,31.25,-12.5,18.67,비중역산_합계검증,2._2025년_11월중_부산지역_신설법인_현황_조사_보고서_F.pdf,원문에 기재된 구군 비중을 월총계에 역산해 정수 개체수로 복원했으며 16개 구군 합계가 월총계와 일치함.
202511,행정구,사상구,18,346,5.2,-10.0,-37.93,20.0,비중역산_합계검증,2._2025년_11월중_부산지역_신설법인_현황_조사_보고서_F.pdf,원문에 기재된 구군 비중을 월총계에 역산해 정수 개체수로 복원했으며 16개 구군 합계가 월총계와 일치함.
202511,행정구,금정구,22,346,6.36,69.23,57.14,18.67,비중역산_합계검증,2._2025년_11월중_부산지역_신설법인_현황_조사_보고서_F.pdf,원문에 기재된 구군 비중을 월총계에 역산해 정수 개체수로 복원했으며 16개 구군 합계가 월총계와 일치함.
202511,행정구,동구,14,346,4.05,7.69,-48.15,15.0,비중역산_합계검증,2._2025년_11월중_부산지역_신설법인_현황_조사_보고서_F.pdf,원문에 기재된 구군 비중을 월총계에 역산해 정수 개체수로 복원했으며 16개 구군 합계가 월총계와 일치함.
202511,행정구,사하구,25,346,7.23,38.89,-24.24,22.67,비중역산_합계검증,2._2025년_11월중_부산지역_신설법인_현황_조사_보고서_F.pdf,원문에 기재된 구군 비중을 월총계에 역산해 정수 개체수로 복원했으며 16개 구군 합계가 월총계와 일치함.
202511,행정구,북구,24,346,6.94,60.0,200.0,19.0,비중역산_합계검증,2._2025년_11월중_부산지역_신설법인_현황_조사_보고서_F.pdf,원문에 기재된 구군 비중을 월총계에 역산해 정수 개체수로 복원했으며 16개 구군 합계가 월총계와 일치함.
202511,행정구,중구,12,346,3.47,9.09,-29.41,13.0,비중역산_합계검증,2._2025년_11월중_부산지역_신설법인_현황_조사_보고서_F.pdf,원문에 기재된 구군 비중을 월총계에 역산해 정수 개체수로 복원했으며 16개 구군 합계가 월총계와 일치함.
202511,행정구,서구,3,346,0.87,-62.5,0.0,4.67,비중역산_합계검증,2._2025년_11월중_부산지역_신설법인_현황_조사_보고서_F.pdf,원문에 기재된 구군 비중을 월총계에 역산해 정수 개체수로 복원했으며 16개 구군 합계가 월총계와 일치함.
202511,행정구,영도구,4,346,1.16,-33.33,-55.56,6.0,비중역산_합계검증,2._2025년_11월중_부산지역_신설법인_현황_조사_보고서_F.pdf,원문에 기재된 구군 비중을 월총계에 역산해 정수 개체수로 복원했으며 16개 구군 합계가 월총계와 일치함.
202512,행정구,강서구,,392,,,,,결측_원문미제공,2._2025년도_부산지역_신설법인_현황_조사_보고서.pdf,임의 추정하지 않고 결측으로 유지. 2026년 1월 전월비도 이에 따라 공란.
202512,행정구,해운대구,,392,,,,,결측_원문미제공,2._2025년도_부산지역_신설법인_현황_조사_보고서.pdf,임의 추정하지 않고 결측으로 유지. 2026년 1월 전월비도 이에 따라 공란.
202512,행정구,부산진구,,392,,,,,결측_원문미제공,2._2025년도_부산지역_신설법인_현황_조사_보고서.pdf,임의 추정하지 않고 결측으로 유지. 2026년 1월 전월비도 이에 따라 공란.
202512,행정구,기장군,,392,,,,,결측_원문미제공,2._2025년도_부산지역_신설법인_현황_조사_보고서.pdf,임의 추정하지 않고 결측으로 유지. 2026년 1월 전월비도 이에 따라 공란.
202512,행정구,남구,,392,,,,,결측_원문미제공,2._2025년도_부산지역_신설법인_현황_조사_보고서.pdf,임의 추정하지 않고 결측으로 유지. 2026년 1월 전월비도 이에 따라 공란.
202512,행정구,동래구,,392,,,,,결측_원문미제공,2._2025년도_부산지역_신설법인_현황_조사_보고서.pdf,임의 추정하지 않고 결측으로 유지. 2026년 1월 전월비도 이에 따라 공란.
202512,행정구,수영구,,392,,,,,결측_원문미제공,2._2025년도_부산지역_신설법인_현황_조사_보고서.pdf,임의 추정하지 않고 결측으로 유지. 2026년 1월 전월비도 이에 따라 공란.
202512,행정구,연제구,,392,,,,,결측_원문미제공,2._2025년도_부산지역_신설법인_현황_조사_보고서.pdf,임의 추정하지 않고 결측으로 유지. 2026년 1월 전월비도 이에 따라 공란.
202512,행정구,사상구,,392,,,,,결측_원문미제공,2._2025년도_부산지역_신설법인_현황_조사_보고서.pdf,임의 추정하지 않고 결측으로 유지. 2026년 1월 전월비도 이에 따라 공란.
202512,행정구,금정구,,392,,,,,결측_원문미제공,2._2025년도_부산지역_신설법인_현황_조사_보고서.pdf,임의 추정하지 않고 결측으로 유지. 2026년 1월 전월비도 이에 따라 공란.
202512,행정구,동구,,392,,,,,결측_원문미제공,2._2025년도_부산지역_신설법인_현황_조사_보고서.pdf,임의 추정하지 않고 결측으로 유지. 2026년 1월 전월비도 이에 따라 공란.
202512,행정구,사하구,,392,,,,,결측_원문미제공,2._2025년도_부산지역_신설법인_현황_조사_보고서.pdf,임의 추정하지 않고 결측으로 유지. 2026년 1월 전월비도 이에 따라 공란.
202512,행정구,북구,,392,,,,,결측_원문미제공,2._2025년도_부산지역_신설법인_현황_조사_보고서.pdf,임의 추정하지 않고 결측으로 유지. 2026년 1월 전월비도 이에 따라 공란.
202512,행정구,중구,,392,,,,,결측_원문미제공,2._2025년도_부산지역_신설법인_현황_조사_보고서.pdf,임의 추정하지 않고 결측으로 유지. 2026년 1월 전월비도 이에 따라 공란.
202512,행정구,서구,,392,,,,,결측_원문미제공,2._2025년도_부산지역_신설법인_현황_조사_보고서.pdf,임의 추정하지 않고 결측으로 유지. 2026년 1월 전월비도 이에 따라 공란.
202512,행정구,영도구,,392,,,,,결측_원문미제공,2._2025년도_부산지역_신설법인_현황_조사_보고서.pdf,임의 추정하지 않고 결측으로 유지. 2026년 1월 전월비도 이에 따라 공란.
202601,행정구,강서구,51,452,11.28,,0.0,,비중역산_합계검증,2._2026년_1월중_부산지역_신설법인_현황_조사_보고서.pdf,원문에 기재된 구군 비중을 월총계에 역산해 정수 개체수로 복원했으며 16개 구군 합계가 월총계와 일치함.
202601,행정구,해운대구,64,452,14.16,,42.22,,비중역산_합계검증,2._2026년_1월중_부산지역_신설법인_현황_조사_보고서.pdf,원문에 기재된 구군 비중을 월총계에 역산해 정수 개체수로 복원했으며 16개 구군 합계가 월총계와 일치함.
202601,행정구,부산진구,76,452,16.81,,181.48,,비중역산_합계검증,2._2026년_1월중_부산지역_신설법인_현황_조사_보고서.pdf,원문에 기재된 구군 비중을 월총계에 역산해 정수 개체수로 복원했으며 16개 구군 합계가 월총계와 일치함.
202601,행정구,기장군,20,452,4.42,,-31.03,,비중역산_합계검증,2._2026년_1월중_부산지역_신설법인_현황_조사_보고서.pdf,원문에 기재된 구군 비중을 월총계에 역산해 정수 개체수로 복원했으며 16개 구군 합계가 월총계와 일치함.
202601,행정구,남구,26,452,5.75,,0.0,,비중역산_합계검증,2._2026년_1월중_부산지역_신설법인_현황_조사_보고서.pdf,원문에 기재된 구군 비중을 월총계에 역산해 정수 개체수로 복원했으며 16개 구군 합계가 월총계와 일치함.
202601,행정구,동래구,16,452,3.54,,-15.79,,비중역산_합계검증,2._2026년_1월중_부산지역_신설법인_현황_조사_보고서.pdf,원문에 기재된 구군 비중을 월총계에 역산해 정수 개체수로 복원했으며 16개 구군 합계가 월총계와 일치함.
202601,행정구,수영구,35,452,7.74,,-36.36,,비중역산_합계검증,2._2026년_1월중_부산지역_신설법인_현황_조사_보고서.pdf,원문에 기재된 구군 비중을 월총계에 역산해 정수 개체수로 복원했으며 16개 구군 합계가 월총계와 일치함.
202601,행정구,연제구,20,452,4.42,,81.82,,비중역산_합계검증,2._2026년_1월중_부산지역_신설법인_현황_조사_보고서.pdf,원문에 기재된 구군 비중을 월총계에 역산해 정수 개체수로 복원했으며 16개 구군 합계가 월총계와 일치함.
202601,행정구,사상구,23,452,5.09,,21.05,,비중역산_합계검증,2._2026년_1월중_부산지역_신설법인_현황_조사_보고서.pdf,원문에 기재된 구군 비중을 월총계에 역산해 정수 개체수로 복원했으며 16개 구군 합계가 월총계와 일치함.
202601,행정구,금정구,20,452,4.42,,53.85,,비중역산_합계검증,2._2026년_1월중_부산지역_신설법인_현황_조사_보고서.pdf,원문에 기재된 구군 비중을 월총계에 역산해 정수 개체수로 복원했으며 16개 구군 합계가 월총계와 일치함.
202601,행정구,동구,16,452,3.54,,14.29,,비중역산_합계검증,2._2026년_1월중_부산지역_신설법인_현황_조사_보고서.pdf,원문에 기재된 구군 비중을 월총계에 역산해 정수 개체수로 복원했으며 16개 구군 합계가 월총계와 일치함.
202601,행정구,사하구,26,452,5.75,,160.0,,비중역산_합계검증,2._2026년_1월중_부산지역_신설법인_현황_조사_보고서.pdf,원문에 기재된 구군 비중을 월총계에 역산해 정수 개체수로 복원했으며 16개 구군 합계가 월총계와 일치함.
202601,행정구,북구,17,452,3.76,,13.33,,비중역산_합계검증,2._2026년_1월중_부산지역_신설법인_현황_조사_보고서.pdf,원문에 기재된 구군 비중을 월총계에 역산해 정수 개체수로 복원했으며 16개 구군 합계가 월총계와 일치함.
202601,행정구,중구,25,452,5.53,,127.27,,비중역산_합계검증,2._2026년_1월중_부산지역_신설법인_현황_조사_보고서.pdf,원문에 기재된 구군 비중을 월총계에 역산해 정수 개체수로 복원했으며 16개 구군 합계가 월총계와 일치함.
202601,행정구,서구,6,452,1.33,,100.0,,비중역산_합계검증,2._2026년_1월중_부산지역_신설법인_현황_조사_보고서.pdf,원문에 기재된 구군 비중을 월총계에 역산해 정수 개체수로 복원했으며 16개 구군 합계가 월총계와 일치함.
202601,행정구,영도구,11,452,2.43,,83.33,,비중역산_합계검증,2._2026년_1월중_부산지역_신설법인_현황_조사_보고서.pdf,원문에 기재된 구군 비중을 월총계에 역산해 정수 개체수로 복원했으며 16개 구군 합계가 월총계와 일치함.
202201,자본금규모,5천만원 이하,429,548,78.28,,,,원문확인,202201 원문 통계표,
202201,자본금규모,5천만원 초과~1억원 미만,4,548,0.73,,,,원문확인,202201 원문 통계표,
202201,자본금규모,1억원 이상~2억원 미만,72,548,13.14,,,,원문확인,202201 원문 통계표,
202201,자본금규모,2억원 이상~3억원 미만,9,548,1.64,,,,원문확인,202201 원문 통계표,
202201,자본금규모,3억원 이상,34,548,6.2,,,,원문확인,202201 원문 통계표,
202202,자본금규모,5천만원 이하,359,466,77.04,-16.32,,,원문확인,202202 원문 통계표,
202202,자본금규모,5천만원 초과~1억원 미만,6,466,1.29,50.0,,,원문확인,202202 원문 통계표,
202202,자본금규모,1억원 이상~2억원 미만,61,466,13.09,-15.28,,,원문확인,202202 원문 통계표,
202202,자본금규모,2억원 이상~3억원 미만,9,466,1.93,0.0,,,원문확인,202202 원문 통계표,
202202,자본금규모,3억원 이상,31,466,6.65,-8.82,,,원문확인,202202 원문 통계표,
202203,자본금규모,5천만원 이하,464,572,81.12,29.25,,417.33,원문확인,202203 원문 통계표,
202203,자본금규모,5천만원 초과~1억원 미만,8,572,1.4,33.33,,6.0,원문확인,202203 원문 통계표,
202203,자본금규모,1억원 이상~2억원 미만,55,572,9.62,-9.84,,62.67,원문확인,202203 원문 통계표,
202203,자본금규모,2억원 이상~3억원 미만,15,572,2.62,66.67,,11.0,원문확인,202203 원문 통계표,
202203,자본금규모,3억원 이상,30,572,5.24,-3.23,,31.67,원문확인,202203 원문 통계표,
202204,자본금규모,5천만원 이하,509,622,81.83,9.7,,444.0,원문확인,202204 원문 통계표,
202204,자본금규모,5천만원 초과~1억원 미만,4,622,0.64,-50.0,,6.0,원문확인,202204 원문 통계표,
202204,자본금규모,1억원 이상~2억원 미만,74,622,11.9,34.55,,63.33,원문확인,202204 원문 통계표,
202204,자본금규모,2억원 이상~3억원 미만,11,622,1.77,-26.67,,11.67,원문확인,202204 원문 통계표,
202204,자본금규모,3억원 이상,24,622,3.86,-20.0,,28.33,원문확인,202204 원문 통계표,
202205,자본금규모,5천만원 이하,476,597,79.73,-6.48,,483.0,원문확인,202205 원문 통계표,
202205,자본금규모,5천만원 초과~1억원 미만,9,597,1.51,125.0,,7.0,원문확인,202205 원문 통계표,
202205,자본금규모,1억원 이상~2억원 미만,72,597,12.06,-2.7,,67.0,원문확인,202205 원문 통계표,
202205,자본금규모,2억원 이상~3억원 미만,10,597,1.68,-9.09,,12.0,원문확인,202205 원문 통계표,
202205,자본금규모,3억원 이상,30,597,5.03,25.0,,28.0,원문확인,202205 원문 통계표,
202206,자본금규모,5천만원 이하,432,516,83.72,-9.24,,472.33,원문확인,202206 원문 통계표,
202206,자본금규모,5천만원 초과~1억원 미만,7,516,1.36,-22.22,,6.67,원문확인,202206 원문 통계표,
202206,자본금규모,1억원 이상~2억원 미만,51,516,9.88,-29.17,,65.67,원문확인,202206 원문 통계표,
202206,자본금규모,2억원 이상~3억원 미만,7,516,1.36,-30.0,,9.33,원문확인,202206 원문 통계표,
202206,자본금규모,3억원 이상,19,516,3.68,-36.67,,24.33,원문확인,202206 원문 통계표,
202207,자본금규모,5천만원 이하,392,488,80.33,-9.26,,433.33,원문확인,202207 원문 통계표,
202207,자본금규모,5천만원 초과~1억원 미만,2,488,0.41,-71.43,,6.0,원문확인,202207 원문 통계표,
202207,자본금규모,1억원 이상~2억원 미만,59,488,12.09,15.69,,60.67,원문확인,202207 원문 통계표,
202207,자본금규모,2억원 이상~3억원 미만,9,488,1.84,28.57,,8.67,원문확인,202207 원문 통계표,
202207,자본금규모,3억원 이상,26,488,5.33,36.84,,25.0,원문확인,202207 원문 통계표,
202208,자본금규모,5천만원 이하,348,457,76.15,-11.22,,390.67,원문확인,202208 원문 통계표,
202208,자본금규모,5천만원 초과~1억원 미만,5,457,1.09,150.0,,4.67,원문확인,202208 원문 통계표,
202208,자본금규모,1억원 이상~2억원 미만,68,457,14.88,15.25,,59.33,원문확인,202208 원문 통계표,
202208,자본금규모,2억원 이상~3억원 미만,17,457,3.72,88.89,,11.0,원문확인,202208 원문 통계표,
202208,자본금규모,3억원 이상,19,457,4.16,-26.92,,21.33,원문확인,202208 원문 통계표,
202209,자본금규모,5천만원 이하,303,381,79.53,-12.93,,347.67,원문확인,202209 원문 통계표,
202209,자본금규모,5천만원 초과~1억원 미만,5,381,1.31,0.0,,4.0,원문확인,202209 원문 통계표,
202209,자본금규모,1억원 이상~2억원 미만,51,381,13.39,-25.0,,59.33,원문확인,202209 원문 통계표,
202209,자본금규모,2억원 이상~3억원 미만,6,381,1.57,-64.71,,10.67,원문확인,202209 원문 통계표,
202209,자본금규모,3억원 이상,16,381,4.2,-15.79,,20.33,원문확인,202209 원문 통계표,
202210,자본금규모,5천만원 이하,294,372,79.03,-2.97,,315.0,원문확인,202210 원문 통계표,
202210,자본금규모,5천만원 초과~1억원 미만,9,372,2.42,80.0,,6.33,원문확인,202210 원문 통계표,
202210,자본금규모,1억원 이상~2억원 미만,51,372,13.71,0.0,,56.67,원문확인,202210 원문 통계표,
202210,자본금규모,2억원 이상~3억원 미만,4,372,1.08,-33.33,,9.0,원문확인,202210 원문 통계표,
202210,자본금규모,3억원 이상,14,372,3.76,-12.5,,16.33,원문확인,202210 원문 통계표,
202211,자본금규모,5천만원 이하,277,346,80.06,-5.78,,291.33,원문확인,202211 원문 통계표,
202211,자본금규모,5천만원 초과~1억원 미만,4,346,1.16,-55.56,,6.0,원문확인,202211 원문 통계표,
202211,자본금규모,1억원 이상~2억원 미만,41,346,11.85,-19.61,,47.67,원문확인,202211 원문 통계표,
202211,자본금규모,2억원 이상~3억원 미만,4,346,1.16,0.0,,4.67,원문확인,202211 원문 통계표,
202211,자본금규모,3억원 이상,20,346,5.78,42.86,,16.67,원문확인,202211 원문 통계표,
202212,자본금규모,5천만원 이하,305,394,77.41,10.11,,292.0,원문확인,202212 원문 통계표,
202212,자본금규모,5천만원 초과~1억원 미만,1,394,0.25,-75.0,,4.67,원문확인,202212 원문 통계표,
202212,자본금규모,1억원 이상~2억원 미만,56,394,14.21,36.59,,49.33,원문확인,202212 원문 통계표,
202212,자본금규모,2억원 이상~3억원 미만,7,394,1.78,75.0,,5.0,원문확인,202212 원문 통계표,
202212,자본금규모,3억원 이상,25,394,6.35,25.0,,19.67,원문확인,202212 원문 통계표,
202301,자본금규모,5천만원 이하,284,374,75.94,-6.89,-33.8,288.67,원문확인,2._2023년_1월중_부산지역_신설법인_현황_조사_보고서.pdf,
202301,자본금규모,5천만원 초과~1억원 미만,4,374,1.07,300.0,0.0,3.0,원문확인,2._2023년_1월중_부산지역_신설법인_현황_조사_보고서.pdf,
202301,자본금규모,1억원 이상~2억원 미만,61,374,16.31,8.93,-15.28,52.67,원문확인,2._2023년_1월중_부산지역_신설법인_현황_조사_보고서.pdf,
202301,자본금규모,2억원 이상~3억원 미만,11,374,2.94,57.14,22.22,7.33,원문확인,2._2023년_1월중_부산지역_신설법인_현황_조사_보고서.pdf,
202301,자본금규모,3억원 이상,14,374,3.74,-44.0,-58.82,19.67,원문확인,2._2023년_1월중_부산지역_신설법인_현황_조사_보고서.pdf,
202302,자본금규모,5천만원 이하,319,399,79.95,12.32,-11.14,302.67,원문확인,2._2023년_2월중_부산지역_신설법인_현황_조사_보고서.pdf,
202302,자본금규모,5천만원 초과~1억원 미만,4,399,1.0,0.0,-33.33,3.0,원문확인,2._2023년_2월중_부산지역_신설법인_현황_조사_보고서.pdf,
202302,자본금규모,1억원 이상~2억원 미만,44,399,11.03,-27.87,-27.87,53.67,원문확인,2._2023년_2월중_부산지역_신설법인_현황_조사_보고서.pdf,
202302,자본금규모,2억원 이상~3억원 미만,11,399,2.76,0.0,22.22,9.67,원문확인,2._2023년_2월중_부산지역_신설법인_현황_조사_보고서.pdf,
202302,자본금규모,3억원 이상,21,399,5.26,50.0,-32.26,20.0,원문확인,2._2023년_2월중_부산지역_신설법인_현황_조사_보고서.pdf,
202303,자본금규모,5천만원 이하,308,403,76.43,-3.45,-33.62,303.67,원문확인,2._2023년_4월중_부산지역_신설법인_현황_조사_보고서.pdf,
202303,자본금규모,5천만원 초과~1억원 미만,6,403,1.49,50.0,-25.0,4.67,원문확인,2._2023년_4월중_부산지역_신설법인_현황_조사_보고서.pdf,
202303,자본금규모,1억원 이상~2억원 미만,61,403,15.14,38.64,10.91,55.33,원문확인,2._2023년_4월중_부산지역_신설법인_현황_조사_보고서.pdf,
202303,자본금규모,2억원 이상~3억원 미만,8,403,1.99,-27.27,-46.67,10.0,원문확인,2._2023년_4월중_부산지역_신설법인_현황_조사_보고서.pdf,
202303,자본금규모,3억원 이상,20,403,4.96,-4.76,-33.33,18.33,원문확인,2._2023년_4월중_부산지역_신설법인_현황_조사_보고서.pdf,
202304,자본금규모,5천만원 이하,297,369,80.49,-3.57,-41.65,308.0,원문확인,2._2023년_4월중_부산지역_신설법인_현황_조사_보고서.pdf,
202304,자본금규모,5천만원 초과~1억원 미만,5,369,1.36,-16.67,25.0,5.0,원문확인,2._2023년_4월중_부산지역_신설법인_현황_조사_보고서.pdf,
202304,자본금규모,1억원 이상~2억원 미만,50,369,13.55,-18.03,-32.43,51.67,원문확인,2._2023년_4월중_부산지역_신설법인_현황_조사_보고서.pdf,
202304,자본금규모,2억원 이상~3억원 미만,6,369,1.63,-25.0,-45.45,8.33,원문확인,2._2023년_4월중_부산지역_신설법인_현황_조사_보고서.pdf,
202304,자본금규모,3억원 이상,11,369,2.98,-45.0,-54.17,17.33,원문확인,2._2023년_4월중_부산지역_신설법인_현황_조사_보고서.pdf,
202305,자본금규모,5천만원 이하,300,382,78.53,1.01,-36.97,301.67,원문확인,2._2023년_5월중_부산지역_신설법인_현황_조사_보고서.pdf,
202305,자본금규모,5천만원 초과~1억원 미만,6,382,1.57,20.0,-33.33,5.67,원문확인,2._2023년_5월중_부산지역_신설법인_현황_조사_보고서.pdf,
202305,자본금규모,1억원 이상~2억원 미만,55,382,14.4,10.0,-23.61,55.33,원문확인,2._2023년_5월중_부산지역_신설법인_현황_조사_보고서.pdf,
202305,자본금규모,2억원 이상~3억원 미만,9,382,2.36,50.0,-10.0,7.67,원문확인,2._2023년_5월중_부산지역_신설법인_현황_조사_보고서.pdf,
202305,자본금규모,3억원 이상,12,382,3.14,9.09,-60.0,14.33,원문확인,2._2023년_5월중_부산지역_신설법인_현황_조사_보고서.pdf,
202306,자본금규모,5천만원 이하,297,383,77.55,-1.0,-31.25,298.0,원문확인,2._2023년_6월_및_상반기_부산지역_신설법인_현황_조사_보고서.pdf,
202306,자본금규모,5천만원 초과~1억원 미만,18,383,4.7,200.0,157.14,9.67,원문확인,2._2023년_6월_및_상반기_부산지역_신설법인_현황_조사_보고서.pdf,
202306,자본금규모,1억원 이상~2억원 미만,48,383,12.53,-12.73,-5.88,51.0,원문확인,2._2023년_6월_및_상반기_부산지역_신설법인_현황_조사_보고서.pdf,
202306,자본금규모,2억원 이상~3억원 미만,3,383,0.78,-66.67,-57.14,6.0,원문확인,2._2023년_6월_및_상반기_부산지역_신설법인_현황_조사_보고서.pdf,
202306,자본금규모,3억원 이상,17,383,4.44,41.67,-10.53,13.33,원문확인,2._2023년_6월_및_상반기_부산지역_신설법인_현황_조사_보고서.pdf,
202307,자본금규모,5천만원 이하,333,413,80.63,12.12,-15.05,310.0,원문확인,2._2024년_7월중_부산지역_신설법인_현황_조사_보고서_대외용.pdf,
202307,자본금규모,5천만원 초과~1억원 미만,4,413,0.97,-77.78,100.0,9.33,원문확인,2._2024년_7월중_부산지역_신설법인_현황_조사_보고서_대외용.pdf,
202307,자본금규모,1억원 이상~2억원 미만,43,413,10.41,-10.42,-27.12,48.67,원문확인,2._2024년_7월중_부산지역_신설법인_현황_조사_보고서_대외용.pdf,
202307,자본금규모,2억원 이상~3억원 미만,10,413,2.42,233.33,11.11,7.33,원문확인,2._2024년_7월중_부산지역_신설법인_현황_조사_보고서_대외용.pdf,
202307,자본금규모,3억원 이상,23,413,5.57,35.29,-11.54,17.33,원문확인,2._2024년_7월중_부산지역_신설법인_현황_조사_보고서_대외용.pdf,
202308,자본금규모,5천만원 이하,286,355,80.56,-14.11,-17.82,305.33,원문확인,2._2024년_8월중_부산지역_신설법인_현황_조사_보고서_대외용.pdf,
202308,자본금규모,5천만원 초과~1억원 미만,8,355,2.25,100.0,60.0,10.0,원문확인,2._2024년_8월중_부산지역_신설법인_현황_조사_보고서_대외용.pdf,
202308,자본금규모,1억원 이상~2억원 미만,40,355,11.27,-6.98,-41.18,43.67,원문확인,2._2024년_8월중_부산지역_신설법인_현황_조사_보고서_대외용.pdf,
202308,자본금규모,2억원 이상~3억원 미만,4,355,1.13,-60.0,-76.47,5.67,원문확인,2._2024년_8월중_부산지역_신설법인_현황_조사_보고서_대외용.pdf,
202308,자본금규모,3억원 이상,17,355,4.79,-26.09,-10.53,19.0,원문확인,2._2024년_8월중_부산지역_신설법인_현황_조사_보고서_대외용.pdf,
202309,자본금규모,5천만원 이하,282,368,76.63,-1.4,-6.93,300.33,원문확인,2._2024년_9월중_부산지역_신설법인_현황_조사_보고서_대외용.pdf,
202309,자본금규모,5천만원 초과~1억원 미만,14,368,3.8,75.0,180.0,8.67,원문확인,2._2024년_9월중_부산지역_신설법인_현황_조사_보고서_대외용.pdf,
202309,자본금규모,1억원 이상~2억원 미만,48,368,13.04,20.0,-5.88,43.67,원문확인,2._2024년_9월중_부산지역_신설법인_현황_조사_보고서_대외용.pdf,
202309,자본금규모,2억원 이상~3억원 미만,5,368,1.36,25.0,-16.67,6.33,원문확인,2._2024년_9월중_부산지역_신설법인_현황_조사_보고서_대외용.pdf,
202309,자본금규모,3억원 이상,19,368,5.16,11.76,18.75,19.67,원문확인,2._2024년_9월중_부산지역_신설법인_현황_조사_보고서_대외용.pdf,
202310,자본금규모,5천만원 이하,258,339,76.11,-8.51,-12.24,275.33,원문확인,2._2024년_10월중_부산지역_신설법인_현황_조사_보고서_대외용.pdf,
202310,자본금규모,5천만원 초과~1억원 미만,11,339,3.24,-21.43,22.22,11.0,원문확인,2._2024년_10월중_부산지역_신설법인_현황_조사_보고서_대외용.pdf,
202310,자본금규모,1억원 이상~2억원 미만,44,339,12.98,-8.33,-13.73,44.0,원문확인,2._2024년_10월중_부산지역_신설법인_현황_조사_보고서_대외용.pdf,
202310,자본금규모,2억원 이상~3억원 미만,7,339,2.06,40.0,75.0,5.33,원문확인,2._2024년_10월중_부산지역_신설법인_현황_조사_보고서_대외용.pdf,
202310,자본금규모,3억원 이상,19,339,5.6,0.0,35.71,18.33,원문확인,2._2024년_10월중_부산지역_신설법인_현황_조사_보고서_대외용.pdf,
202311,자본금규모,5천만원 이하,280,365,76.71,8.53,1.08,273.33,원문확인,2._2023년_12월_및_2023년_부산지역_신설법인_현황_조사_보고서(업로드용).pdf,
202311,자본금규모,5천만원 초과~1억원 미만,17,365,4.66,54.55,325.0,14.0,원문확인,2._2023년_12월_및_2023년_부산지역_신설법인_현황_조사_보고서(업로드용).pdf,
202311,자본금규모,1억원 이상~2억원 미만,46,365,12.6,4.55,12.2,46.0,원문확인,2._2023년_12월_및_2023년_부산지역_신설법인_현황_조사_보고서(업로드용).pdf,
202311,자본금규모,2억원 이상~3억원 미만,3,365,0.82,-57.14,-25.0,5.0,원문확인,2._2023년_12월_및_2023년_부산지역_신설법인_현황_조사_보고서(업로드용).pdf,
202311,자본금규모,3억원 이상,19,365,5.21,0.0,-5.0,19.0,원문확인,2._2023년_12월_및_2023년_부산지역_신설법인_현황_조사_보고서(업로드용).pdf,
202312,자본금규모,5천만원 이하,273,345,79.13,-2.5,-10.49,270.33,원문확인,2._2023년_12월_및_2023년_부산지역_신설법인_현황_조사_보고서(업로드용).pdf,
202312,자본금규모,5천만원 초과~1억원 미만,9,345,2.61,-47.06,800.0,12.33,원문확인,2._2023년_12월_및_2023년_부산지역_신설법인_현황_조사_보고서(업로드용).pdf,
202312,자본금규모,1억원 이상~2억원 미만,43,345,12.46,-6.52,-23.21,44.33,원문확인,2._2023년_12월_및_2023년_부산지역_신설법인_현황_조사_보고서(업로드용).pdf,
202312,자본금규모,2억원 이상~3억원 미만,3,345,0.87,0.0,-57.14,4.33,원문확인,2._2023년_12월_및_2023년_부산지역_신설법인_현황_조사_보고서(업로드용).pdf,
202312,자본금규모,3억원 이상,17,345,4.93,-10.53,-32.0,18.33,원문확인,2._2023년_12월_및_2023년_부산지역_신설법인_현황_조사_보고서(업로드용).pdf,
202401,자본금규모,5천만원 이하,343,453,75.72,25.64,20.77,298.67,원문확인,2._2024년_2월중_부산지역_신설법인_현황_조사_보고서_대외용.pdf,
202401,자본금규모,5천만원 초과~1억원 미만,10,453,2.21,11.11,150.0,12.0,원문확인,2._2024년_2월중_부산지역_신설법인_현황_조사_보고서_대외용.pdf,
202401,자본금규모,1억원 이상~2억원 미만,63,453,13.91,46.51,3.28,50.67,원문확인,2._2024년_2월중_부산지역_신설법인_현황_조사_보고서_대외용.pdf,
202401,자본금규모,2억원 이상~3억원 미만,15,453,3.31,400.0,36.36,7.0,원문확인,2._2024년_2월중_부산지역_신설법인_현황_조사_보고서_대외용.pdf,
202401,자본금규모,3억원 이상,22,453,4.86,29.41,57.14,19.33,원문확인,2._2024년_2월중_부산지역_신설법인_현황_조사_보고서_대외용.pdf,
202402,자본금규모,5천만원 이하,242,327,74.01,-29.45,-24.14,286.0,원문확인,2._2024년_2월중_부산지역_신설법인_현황_조사_보고서_대외용.pdf,
202402,자본금규모,5천만원 초과~1억원 미만,26,327,7.95,160.0,550.0,15.0,원문확인,2._2024년_2월중_부산지역_신설법인_현황_조사_보고서_대외용.pdf,
202402,자본금규모,1억원 이상~2억원 미만,42,327,12.84,-33.33,-4.55,49.33,원문확인,2._2024년_2월중_부산지역_신설법인_현황_조사_보고서_대외용.pdf,
202402,자본금규모,2억원 이상~3억원 미만,2,327,0.61,-86.67,-81.82,6.67,원문확인,2._2024년_2월중_부산지역_신설법인_현황_조사_보고서_대외용.pdf,
202402,자본금규모,3억원 이상,15,327,4.59,-31.82,-28.57,18.0,원문확인,2._2024년_2월중_부산지역_신설법인_현황_조사_보고서_대외용.pdf,
202403,자본금규모,5천만원 이하,300,366,81.97,23.97,-2.6,295.0,원문확인,2._2024년_4월중_부산지역_신설법인_현황_조사_보고서_대외용.pdf,
202403,자본금규모,5천만원 초과~1억원 미만,5,366,1.37,-80.77,-16.67,13.67,원문확인,2._2024년_4월중_부산지역_신설법인_현황_조사_보고서_대외용.pdf,
202403,자본금규모,1억원 이상~2억원 미만,43,366,11.75,2.38,-29.51,49.33,원문확인,2._2024년_4월중_부산지역_신설법인_현황_조사_보고서_대외용.pdf,
202403,자본금규모,2억원 이상~3억원 미만,4,366,1.09,100.0,-50.0,7.0,원문확인,2._2024년_4월중_부산지역_신설법인_현황_조사_보고서_대외용.pdf,
202403,자본금규모,3억원 이상,14,366,3.83,-6.67,-30.0,17.0,원문확인,2._2024년_4월중_부산지역_신설법인_현황_조사_보고서_대외용.pdf,
202404,자본금규모,5천만원 이하,319,372,85.75,6.33,7.41,287.0,원문확인,2._2024년_4월중_부산지역_신설법인_현황_조사_보고서_대외용.pdf,
202404,자본금규모,5천만원 초과~1억원 미만,11,372,2.96,120.0,120.0,14.0,원문확인,2._2024년_4월중_부산지역_신설법인_현황_조사_보고서_대외용.pdf,
202404,자본금규모,1억원 이상~2억원 미만,24,372,6.45,-44.19,-52.0,36.33,원문확인,2._2024년_4월중_부산지역_신설법인_현황_조사_보고서_대외용.pdf,
202404,자본금규모,2억원 이상~3억원 미만,4,372,1.08,0.0,-33.33,3.33,원문확인,2._2024년_4월중_부산지역_신설법인_현황_조사_보고서_대외용.pdf,
202404,자본금규모,3억원 이상,14,372,3.76,0.0,27.27,14.33,원문확인,2._2024년_4월중_부산지역_신설법인_현황_조사_보고서_대외용.pdf,
202405,자본금규모,5천만원 이하,284,360,78.89,-10.97,-5.33,301.0,원문확인,2._2024년_5월중_부산지역_신설법인_현황_조사_보고서_대외용.pdf,
202405,자본금규모,5천만원 초과~1억원 미만,3,360,0.83,-72.73,-50.0,6.33,원문확인,2._2024년_5월중_부산지역_신설법인_현황_조사_보고서_대외용.pdf,
202405,자본금규모,1억원 이상~2억원 미만,50,360,13.89,108.33,-9.09,39.0,원문확인,2._2024년_5월중_부산지역_신설법인_현황_조사_보고서_대외용.pdf,
202405,자본금규모,2억원 이상~3억원 미만,8,360,2.22,100.0,-11.11,5.33,원문확인,2._2024년_5월중_부산지역_신설법인_현황_조사_보고서_대외용.pdf,
202405,자본금규모,3억원 이상,15,360,4.17,7.14,25.0,14.33,원문확인,2._2024년_5월중_부산지역_신설법인_현황_조사_보고서_대외용.pdf,
202406,자본금규모,5천만원 이하,257,317,81.07,-9.51,-13.47,286.67,원문확인,2._2024년_7월중_부산지역_신설법인_현황_조사_보고서_대외용.pdf,
202406,자본금규모,5천만원 초과~1억원 미만,3,317,0.95,0.0,-83.33,5.67,원문확인,2._2024년_7월중_부산지역_신설법인_현황_조사_보고서_대외용.pdf,
202406,자본금규모,1억원 이상~2억원 미만,40,317,12.62,-20.0,-16.67,38.0,원문확인,2._2024년_7월중_부산지역_신설법인_현황_조사_보고서_대외용.pdf,
202406,자본금규모,2억원 이상~3억원 미만,6,317,1.89,-25.0,100.0,6.0,원문확인,2._2024년_7월중_부산지역_신설법인_현황_조사_보고서_대외용.pdf,
202406,자본금규모,3억원 이상,11,317,3.47,-26.67,-35.29,13.33,원문확인,2._2024년_7월중_부산지역_신설법인_현황_조사_보고서_대외용.pdf,
202407,자본금규모,5천만원 이하,339,397,85.39,31.91,1.8,293.33,원문확인,2._2024년_7월중_부산지역_신설법인_현황_조사_보고서_대외용.pdf,
202407,자본금규모,5천만원 초과~1억원 미만,4,397,1.01,33.33,0.0,3.33,원문확인,2._2024년_7월중_부산지역_신설법인_현황_조사_보고서_대외용.pdf,
202407,자본금규모,1억원 이상~2억원 미만,37,397,9.32,-7.5,-13.95,42.33,원문확인,2._2024년_7월중_부산지역_신설법인_현황_조사_보고서_대외용.pdf,
202407,자본금규모,2억원 이상~3억원 미만,7,397,1.76,16.67,-30.0,7.0,원문확인,2._2024년_7월중_부산지역_신설법인_현황_조사_보고서_대외용.pdf,
202407,자본금규모,3억원 이상,10,397,2.52,-9.09,-56.52,12.0,원문확인,2._2024년_7월중_부산지역_신설법인_현황_조사_보고서_대외용.pdf,
202408,자본금규모,5천만원 이하,254,310,81.94,-25.07,-11.19,283.33,원문확인,2._2024년_8월중_부산지역_신설법인_현황_조사_보고서_대외용.pdf,
202408,자본금규모,5천만원 초과~1억원 미만,2,310,0.65,-50.0,-75.0,3.0,원문확인,2._2024년_8월중_부산지역_신설법인_현황_조사_보고서_대외용.pdf,
202408,자본금규모,1억원 이상~2억원 미만,30,310,9.68,-18.92,-25.0,35.67,원문확인,2._2024년_8월중_부산지역_신설법인_현황_조사_보고서_대외용.pdf,
202408,자본금규모,2억원 이상~3억원 미만,8,310,2.58,14.29,100.0,7.0,원문확인,2._2024년_8월중_부산지역_신설법인_현황_조사_보고서_대외용.pdf,
202408,자본금규모,3억원 이상,16,310,5.16,60.0,-5.88,12.33,원문확인,2._2024년_8월중_부산지역_신설법인_현황_조사_보고서_대외용.pdf,
202409,자본금규모,5천만원 이하,229,289,79.24,-9.84,-18.79,274.0,원문확인,2._2024년_9월중_부산지역_신설법인_현황_조사_보고서_대외용.pdf,
202409,자본금규모,5천만원 초과~1억원 미만,3,289,1.04,50.0,-78.57,3.0,원문확인,2._2024년_9월중_부산지역_신설법인_현황_조사_보고서_대외용.pdf,
202409,자본금규모,1억원 이상~2억원 미만,40,289,13.84,33.33,-16.67,35.67,원문확인,2._2024년_9월중_부산지역_신설법인_현황_조사_보고서_대외용.pdf,
202409,자본금규모,2억원 이상~3억원 미만,3,289,1.04,-62.5,-40.0,6.0,원문확인,2._2024년_9월중_부산지역_신설법인_현황_조사_보고서_대외용.pdf,
202409,자본금규모,3억원 이상,14,289,4.84,-12.5,-26.32,13.33,원문확인,2._2024년_9월중_부산지역_신설법인_현황_조사_보고서_대외용.pdf,
202410,자본금규모,5천만원 이하,304,371,81.94,32.75,17.83,262.33,원문확인,2._2024년_10월중_부산지역_신설법인_현황_조사_보고서_대외용.pdf,
202410,자본금규모,5천만원 초과~1억원 미만,5,371,1.35,66.67,-54.55,3.33,원문확인,2._2024년_10월중_부산지역_신설법인_현황_조사_보고서_대외용.pdf,
202410,자본금규모,1억원 이상~2억원 미만,42,371,11.32,5.0,-4.55,37.33,원문확인,2._2024년_10월중_부산지역_신설법인_현황_조사_보고서_대외용.pdf,
202410,자본금규모,2억원 이상~3억원 미만,8,371,2.16,166.67,14.29,6.33,원문확인,2._2024년_10월중_부산지역_신설법인_현황_조사_보고서_대외용.pdf,
202410,자본금규모,3억원 이상,12,371,3.23,-14.29,-36.84,14.0,원문확인,2._2024년_10월중_부산지역_신설법인_현황_조사_보고서_대외용.pdf,
202411,자본금규모,5천만원 이하,271,369,73.44,-10.86,-3.21,268.0,원문확인,2._2024년_11월중_부산지역_신설법인_현황_조사_보고서_대외용.pdf,
202411,자본금규모,5천만원 초과~1억원 미만,5,369,1.36,0.0,-70.59,4.33,원문확인,2._2024년_11월중_부산지역_신설법인_현황_조사_보고서_대외용.pdf,
202411,자본금규모,1억원 이상~2억원 미만,61,369,16.53,45.24,32.61,47.67,원문확인,2._2024년_11월중_부산지역_신설법인_현황_조사_보고서_대외용.pdf,
202411,자본금규모,2억원 이상~3억원 미만,3,369,0.81,-62.5,0.0,4.67,원문확인,2._2024년_11월중_부산지역_신설법인_현황_조사_보고서_대외용.pdf,
202411,자본금규모,3억원 이상,29,369,7.86,141.67,52.63,18.33,원문확인,2._2024년_11월중_부산지역_신설법인_현황_조사_보고서_대외용.pdf,
202412,자본금규모,5천만원 이하,295,364,81.04,8.86,8.06,290.0,원문확인,2._2024년_12월_및_2024년도_부산지역_신설법인_현황_조사_보고서.pdf,
202412,자본금규모,5천만원 초과~1억원 미만,7,364,1.92,40.0,-22.22,5.67,원문확인,2._2024년_12월_및_2024년도_부산지역_신설법인_현황_조사_보고서.pdf,
202412,자본금규모,1억원 이상~2억원 미만,42,364,11.54,-31.15,-2.33,48.33,원문확인,2._2024년_12월_및_2024년도_부산지역_신설법인_현황_조사_보고서.pdf,
202412,자본금규모,2억원 이상~3억원 미만,3,364,0.82,0.0,0.0,4.67,원문확인,2._2024년_12월_및_2024년도_부산지역_신설법인_현황_조사_보고서.pdf,
202412,자본금규모,3억원 이상,17,364,4.67,-41.38,0.0,19.33,원문확인,2._2024년_12월_및_2024년도_부산지역_신설법인_현황_조사_보고서.pdf,
202501,자본금규모,5천만원 이하,286,354,80.79,-3.05,-16.62,284.0,원문확인,2._2025년_1월중_부산지역_신설법인_현황_조사_보고서.pdf,
202501,자본금규모,5천만원 초과~1억원 미만,6,354,1.69,-14.29,-40.0,6.0,원문확인,2._2025년_1월중_부산지역_신설법인_현황_조사_보고서.pdf,
202501,자본금규모,1억원 이상~2억원 미만,41,354,11.58,-2.38,-34.92,48.0,원문확인,2._2025년_1월중_부산지역_신설법인_현황_조사_보고서.pdf,
202501,자본금규모,2억원 이상~3억원 미만,8,354,2.26,166.67,-46.67,4.67,원문확인,2._2025년_1월중_부산지역_신설법인_현황_조사_보고서.pdf,
202501,자본금규모,3억원 이상,13,354,3.67,-23.53,-40.91,19.67,원문확인,2._2025년_1월중_부산지역_신설법인_현황_조사_보고서.pdf,
202502,자본금규모,5천만원 이하,311,371,83.83,8.74,28.51,297.33,원문확인,2._2025년_2월중_부산지역_신설법인_현황_조사_보고서.pdf,
202502,자본금규모,5천만원 초과~1억원 미만,2,371,0.54,-66.67,-92.31,5.0,원문확인,2._2025년_2월중_부산지역_신설법인_현황_조사_보고서.pdf,
202502,자본금규모,1억원 이상~2억원 미만,47,371,12.67,14.63,11.9,43.33,원문확인,2._2025년_2월중_부산지역_신설법인_현황_조사_보고서.pdf,
202502,자본금규모,2억원 이상~3억원 미만,4,371,1.08,-50.0,100.0,5.0,원문확인,2._2025년_2월중_부산지역_신설법인_현황_조사_보고서.pdf,
202502,자본금규모,3억원 이상,7,371,1.89,-46.15,-53.33,12.33,원문확인,2._2025년_2월중_부산지역_신설법인_현황_조사_보고서.pdf,
202503,자본금규모,5천만원 이하,264,328,80.49,-15.11,-12.0,287.0,원문오류보정,2._2025년_3월중_부산지역_신설법인_현황_조사_보고서.pdf,원문 표의 당월 개체수 셀과 비중이 상충. 비중이 월총계 328과 정확히 일치하도록 역산한 값 사용.
202503,자본금규모,5천만원 초과~1억원 미만,9,328,2.74,350.0,80.0,5.67,원문오류보정,2._2025년_3월중_부산지역_신설법인_현황_조사_보고서.pdf,원문 표의 당월 개체수 셀과 비중이 상충. 비중이 월총계 328과 정확히 일치하도록 역산한 값 사용.
202503,자본금규모,1억원 이상~2억원 미만,39,328,11.89,-17.02,-9.3,42.33,원문오류보정,2._2025년_3월중_부산지역_신설법인_현황_조사_보고서.pdf,원문 표의 당월 개체수 셀과 비중이 상충. 비중이 월총계 328과 정확히 일치하도록 역산한 값 사용.
202503,자본금규모,2억원 이상~3억원 미만,3,328,0.91,-25.0,-25.0,5.0,원문오류보정,2._2025년_3월중_부산지역_신설법인_현황_조사_보고서.pdf,원문 표의 당월 개체수 셀과 비중이 상충. 비중이 월총계 328과 정확히 일치하도록 역산한 값 사용.
202503,자본금규모,3억원 이상,13,328,3.96,85.71,-7.14,11.0,원문오류보정,2._2025년_3월중_부산지역_신설법인_현황_조사_보고서.pdf,원문 표의 당월 개체수 셀과 비중이 상충. 비중이 월총계 328과 정확히 일치하도록 역산한 값 사용.
202504,자본금규모,5천만원 이하,281,335,83.88,6.44,-11.91,285.33,원문확인,2._2025년_4월중_부산지역_신설법인_현황_조사_보고서.pdf,
202504,자본금규모,5천만원 초과~1억원 미만,11,335,3.28,22.22,0.0,7.33,원문확인,2._2025년_4월중_부산지역_신설법인_현황_조사_보고서.pdf,
202504,자본금규모,1억원 이상~2억원 미만,24,335,7.16,-38.46,0.0,36.67,원문확인,2._2025년_4월중_부산지역_신설법인_현황_조사_보고서.pdf,
202504,자본금규모,2억원 이상~3억원 미만,4,335,1.19,33.33,0.0,3.67,원문확인,2._2025년_4월중_부산지역_신설법인_현황_조사_보고서.pdf,
202504,자본금규모,3억원 이상,15,335,4.48,15.38,7.14,11.67,원문확인,2._2025년_4월중_부산지역_신설법인_현황_조사_보고서.pdf,
202505,자본금규모,5천만원 이하,296,367,80.65,5.34,4.23,280.33,원문확인,2._2025년_5월중_부산지역_신설법인_현황_조사_보고서.pdf,
202505,자본금규모,5천만원 초과~1억원 미만,6,367,1.63,-45.45,100.0,8.67,원문확인,2._2025년_5월중_부산지역_신설법인_현황_조사_보고서.pdf,
202505,자본금규모,1억원 이상~2억원 미만,42,367,11.44,75.0,-16.0,35.0,원문확인,2._2025년_5월중_부산지역_신설법인_현황_조사_보고서.pdf,
202505,자본금규모,2억원 이상~3억원 미만,8,367,2.18,100.0,0.0,5.0,원문확인,2._2025년_5월중_부산지역_신설법인_현황_조사_보고서.pdf,
202505,자본금규모,3억원 이상,15,367,4.09,0.0,0.0,14.33,원문확인,2._2025년_5월중_부산지역_신설법인_현황_조사_보고서.pdf,
202506,자본금규모,5천만원 이하,315,367,85.83,6.42,22.57,297.33,원문확인,2._2025년_상반기_및_6월_부산지역_신설법인_현황_조사_보고서.pdf,
202506,자본금규모,5천만원 초과~1억원 미만,3,367,0.82,-50.0,0.0,6.67,원문확인,2._2025년_상반기_및_6월_부산지역_신설법인_현황_조사_보고서.pdf,
202506,자본금규모,1억원 이상~2억원 미만,31,367,8.45,-26.19,-22.5,32.33,원문확인,2._2025년_상반기_및_6월_부산지역_신설법인_현황_조사_보고서.pdf,
202506,자본금규모,2억원 이상~3억원 미만,4,367,1.09,-50.0,-33.33,5.33,원문확인,2._2025년_상반기_및_6월_부산지역_신설법인_현황_조사_보고서.pdf,
202506,자본금규모,3억원 이상,14,367,3.81,-6.67,27.27,14.67,원문확인,2._2025년_상반기_및_6월_부산지역_신설법인_현황_조사_보고서.pdf,
202507,자본금규모,5천만원 이하,368,453,81.24,16.83,8.55,326.33,원문확인,2._2025년_7월중_부산지역_신설법인_현황_조사_보고서.pdf,
202507,자본금규모,5천만원 초과~1억원 미만,7,453,1.55,133.33,75.0,5.33,원문확인,2._2025년_7월중_부산지역_신설법인_현황_조사_보고서.pdf,
202507,자본금규모,1억원 이상~2억원 미만,53,453,11.7,70.97,43.24,42.0,원문확인,2._2025년_7월중_부산지역_신설법인_현황_조사_보고서.pdf,
202507,자본금규모,2억원 이상~3억원 미만,4,453,0.88,0.0,-42.86,5.33,원문확인,2._2025년_7월중_부산지역_신설법인_현황_조사_보고서.pdf,
202507,자본금규모,3억원 이상,21,453,4.64,50.0,110.0,16.67,원문확인,2._2025년_7월중_부산지역_신설법인_현황_조사_보고서.pdf,
202508,자본금규모,5천만원 이하,295,363,81.27,-19.84,16.14,326.0,원문확인,2._2025년_8월중_부산지역_신설법인_현황_조사_보고서.pdf,
202508,자본금규모,5천만원 초과~1억원 미만,3,363,0.83,-57.14,50.0,4.33,원문확인,2._2025년_8월중_부산지역_신설법인_현황_조사_보고서.pdf,
202508,자본금규모,1억원 이상~2억원 미만,42,363,11.57,-20.75,40.0,42.0,원문확인,2._2025년_8월중_부산지역_신설법인_현황_조사_보고서.pdf,
202508,자본금규모,2억원 이상~3억원 미만,7,363,1.93,75.0,-12.5,5.0,원문확인,2._2025년_8월중_부산지역_신설법인_현황_조사_보고서.pdf,
202508,자본금규모,3억원 이상,16,363,4.41,-23.81,0.0,17.0,원문확인,2._2025년_8월중_부산지역_신설법인_현황_조사_보고서.pdf,
202509,자본금규모,5천만원 이하,310,392,79.08,5.08,35.37,324.33,원문확인,2._2025년_9월중_부산지역_신설법인_현황_조사_보고서.pdf,
202509,자본금규모,5천만원 초과~1억원 미만,4,392,1.02,33.33,33.33,4.67,원문확인,2._2025년_9월중_부산지역_신설법인_현황_조사_보고서.pdf,
202509,자본금규모,1억원 이상~2억원 미만,50,392,12.76,19.05,25.0,48.33,원문확인,2._2025년_9월중_부산지역_신설법인_현황_조사_보고서.pdf,
202509,자본금규모,2억원 이상~3억원 미만,13,392,3.32,85.71,333.33,8.0,원문확인,2._2025년_9월중_부산지역_신설법인_현황_조사_보고서.pdf,
202509,자본금규모,3억원 이상,15,392,3.83,-6.25,7.14,17.33,원문확인,2._2025년_9월중_부산지역_신설법인_현황_조사_보고서.pdf,
202510,자본금규모,5천만원 이하,258,315,81.9,-16.77,-15.13,287.67,원문확인,2._2025년_10월중_부산지역_신설법인_현황_조사_보고서.pdf,
202510,자본금규모,5천만원 초과~1억원 미만,1,315,0.32,-75.0,-80.0,2.67,원문확인,2._2025년_10월중_부산지역_신설법인_현황_조사_보고서.pdf,
202510,자본금규모,1억원 이상~2억원 미만,43,315,13.65,-14.0,2.38,45.0,원문확인,2._2025년_10월중_부산지역_신설법인_현황_조사_보고서.pdf,
202510,자본금규모,2억원 이상~3억원 미만,3,315,0.95,-76.92,-62.5,7.67,원문확인,2._2025년_10월중_부산지역_신설법인_현황_조사_보고서.pdf,
202510,자본금규모,3억원 이상,10,315,3.17,-33.33,-16.67,13.67,원문확인,2._2025년_10월중_부산지역_신설법인_현황_조사_보고서.pdf,
202511,자본금규모,5천만원 이하,279,346,80.64,8.14,2.95,282.33,원문확인,2._2025년_11월중_부산지역_신설법인_현황_조사_보고서_F.pdf,
202511,자본금규모,5천만원 초과~1억원 미만,3,346,0.87,200.0,-40.0,2.67,원문확인,2._2025년_11월중_부산지역_신설법인_현황_조사_보고서_F.pdf,
202511,자본금규모,1억원 이상~2억원 미만,50,346,14.45,16.28,-18.03,47.67,원문확인,2._2025년_11월중_부산지역_신설법인_현황_조사_보고서_F.pdf,
202511,자본금규모,2억원 이상~3억원 미만,3,346,0.87,0.0,0.0,6.33,원문확인,2._2025년_11월중_부산지역_신설법인_현황_조사_보고서_F.pdf,
202511,자본금규모,3억원 이상,11,346,3.18,10.0,-62.07,12.0,원문확인,2._2025년_11월중_부산지역_신설법인_현황_조사_보고서_F.pdf,
202512,자본금규모,5천만원 이하,318,392,81.12,13.98,7.8,285.0,원문확인,2._2025년도_부산지역_신설법인_현황_조사_보고서.pdf,
202512,자본금규모,5천만원 초과~1억원 미만,13,392,3.32,333.33,85.71,5.67,원문확인,2._2025년도_부산지역_신설법인_현황_조사_보고서.pdf,
202512,자본금규모,1억원 이상~2억원 미만,39,392,9.95,-22.0,-7.14,44.0,원문확인,2._2025년도_부산지역_신설법인_현황_조사_보고서.pdf,
202512,자본금규모,2억원 이상~3억원 미만,11,392,2.81,266.67,266.67,5.67,원문확인,2._2025년도_부산지역_신설법인_현황_조사_보고서.pdf,
202512,자본금규모,3억원 이상,11,392,2.81,0.0,-35.29,10.67,원문확인,2._2025년도_부산지역_신설법인_현황_조사_보고서.pdf,
202601,자본금규모,5천만원 이하,370,452,81.86,16.35,29.37,322.33,원문확인,2._2026년_1월중_부산지역_신설법인_현황_조사_보고서.pdf,
202601,자본금규모,5천만원 초과~1억원 미만,3,452,0.66,-76.92,-50.0,6.33,원문확인,2._2026년_1월중_부산지역_신설법인_현황_조사_보고서.pdf,
202601,자본금규모,1억원 이상~2억원 미만,52,452,11.5,33.33,26.83,47.0,원문확인,2._2026년_1월중_부산지역_신설법인_현황_조사_보고서.pdf,
202601,자본금규모,2억원 이상~3억원 미만,3,452,0.66,-72.73,-62.5,5.67,원문확인,2._2026년_1월중_부산지역_신설법인_현황_조사_보고서.pdf,
202601,자본금규모,3억원 이상,24,452,5.31,118.18,84.62,15.33,원문확인,2._2026년_1월중_부산지역_신설법인_현황_조사_보고서.pdf,
